// GENERATED by stackchan/make_art.py from ui/four/four.jpg.
// Do not edit -- change her picture and run the script.
#pragma once
#include <stdint.h>
static const int FOUR_ART_W = 160, FOUR_ART_H = 240;
// RGB565, row by row, as the colour (not byte-swapped).
static const uint16_t FOUR_ART[38400] = {
  0x0000,0x0000,0x0000,0x0000,0x0000,0x0000,0x0000,0x0000,0x0000,0x0000,0x0000,0x0000,0x0000,0x0000,0x0000,0x0000,
  0x0000,0x0000,0x0000,0x0000,0x0000,0x0000,0x0000,0x0000,0x0000,0x0000,0x0000,0x0000,0x0000,0x0000,0x0000,0x0000,
  0x0000,0x0000,0x0000,0x0000,0x0000,0x0000,0x0000,0x0000,0x0000,0x0000,0x0000,0x0000,0x0000,0x0000,0x0000,0x0000,
  0x0000,0x0000,0x0000,0x0000,0x0000,0x0000,0x0000,0x0000,0x0021,0x0021,0x0041,0x0041,0x0021,0x0062,0x00c3,0x0186,
  0x02c9,0x03cd,0x044e,0x04af,0x04f0,0x04f0,0x0510,0x0551,0x0572,0x05b2,0x05d2,0x05d3,0x05f3,0x0613,0x0633,0x0654,
  0x0674,0x0694,0x06b4,0x06b5,0x06d5,0x06f5,0x0716,0x0736,0x0736,0x0716,0x05d1,0x04ce,0x04ee,0x048d,0x0247,0x00c1,
  0x00c1,0x00c2,0x0123,0x0163,0x0183,0x01e4,0x02a7,0x0285,0x0184,0x00c2,0x0061,0x0040,0x0040,0x0040,0x0040,0x0040,
  0x0040,0x0040,0x0020,0x0021,0x0021,0x0021,0x0021,0x0020,0x0020,0x0020,0x0020,0x0020,0x0020,0x0020,0x0020,0x0020,
  0x0020,0x0020,0x0020,0x0020,0x0020,0x0020,0x0020,0x0020,0x0020,0x0020,0x0020,0x0020,0x0020,0x0020,0x0020,0x0020,
  0x0020,0x0020,0x0000,0x0000,0x0000,0x0000,0x0000,0x0000,0x0000,0x0000,0x0000,0x0000,0x0000,0x0000,0x0000,0x0000,
  0x0000,0x0000,0x0000,0x0000,0x0000,0x0000,0x0000,0x0000,0x0000,0x0000,0x0000,0x0000,0x0000,0x0000,0x0000,0x0000,
  0x0000,0x0000,0x0000,0x0000,0x0000,0x0000,0x0000,0x0000,0x0000,0x0000,0x0000,0x0000,0x0000,0x0000,0x0000,0x0000,
  0x0000,0x0000,0x0000,0x0000,0x0000,0x0000,0x0000,0x0000,0x0000,0x0000,0x0000,0x0000,0x0000,0x0000,0x0000,0x0000,
  0x0000,0x0000,0x0000,0x0020,0x0021,0x0041,0x0021,0x0021,0x0041,0x0061,0x0082,0x0124,0x0165,0x01e6,0x02c9,0x038c,
  0x040e,0x046f,0x044f,0x03cd,0x0b6b,0x032b,0x040d,0x0531,0x0572,0x0592,0x05b2,0x05d3,0x05f3,0x0613,0x0633,0x0654,
  0x0674,0x0674,0x0694,0x06b5,0x06d5,0x06f6,0x0716,0x0737,0x0757,0x0777,0x0777,0x0756,0x0777,0x0797,0x0d90,0x01c4,
  0x0162,0x0162,0x0182,0x01c3,0x02e7,0x0570,0x16d4,0x0ba9,0x01e4,0x00c2,0x0061,0x0040,0x0040,0x0040,0x0040,0x0040,
  0x0040,0x0040,0x0020,0x0021,0x0021,0x0021,0x0021,0x0020,0x0020,0x0020,0x0020,0x0020,0x0020,0x0020,0x0020,0x0020,
  0x0020,0x0020,0x0020,0x0020,0x0020,0x0020,0x0020,0x0020,0x0020,0x0020,0x0020,0x0020,0x0020,0x0020,0x0020,0x0020,
  0x0020,0x0020,0x0020,0x0020,0x0000,0x0000,0x0000,0x0000,0x0000,0x0000,0x0000,0x0000,0x0000,0x0000,0x0000,0x0000,
  0x0000,0x0000,0x0000,0x0000,0x0000,0x0000,0x0000,0x0000,0x0000,0x0000,0x0000,0x0000,0x0000,0x0000,0x0000,0x0000,
  0x0000,0x0000,0x0000,0x0000,0x0000,0x0000,0x0000,0x0000,0x0000,0x0000,0x0000,0x0000,0x0000,0x0000,0x0000,0x0000,
  0x0000,0x0000,0x0000,0x0000,0x0000,0x0000,0x0000,0x0000,0x0000,0x0000,0x0000,0x0000,0x0000,0x0000,0x0000,0x0000,
  0x0000,0x0021,0x0041,0x00c3,0x00a2,0x0041,0x0041,0x0062,0x0124,0x01a6,0x01a5,0x02c9,0x032b,0x038c,0x03ed,0x040e,
  0x040e,0x0bad,0x0a8a,0x0186,0x0145,0x01c7,0x038c,0x0cf0,0x04d0,0x0d31,0x0592,0x0572,0x0572,0x05d3,0x0613,0x0634,
  0x0674,0x0674,0x0654,0x0653,0x0e33,0x0674,0x06f5,0x0736,0x0756,0x0797,0x0797,0x0797,0x07d8,0x07f9,0x0f97,0x0dd0,
  0x0d0d,0x02c6,0x01e3,0x02e7,0x0e32,0x07fa,0x0ff9,0x0cad,0x02a6,0x0183,0x00e1,0x0060,0x0040,0x0040,0x0040,0x0040,
  0x0040,0x0040,0x0040,0x0040,0x0040,0x0040,0x0040,0x0041,0x0020,0x0020,0x0020,0x0020,0x0020,0x0020,0x0020,0x0020,
  0x0020,0x0020,0x0020,0x0020,0x0020,0x0020,0x0020,0x0020,0x0020,0x0020,0x0020,0x0020,0x0020,0x0020,0x0020,0x0021,
  0x0021,0x0021,0x0020,0x0020,0x0000,0x0000,0x0000,0x0000,0x0000,0x0000,0x0000,0x0000,0x0000,0x0000,0x0000,0x0000,
  0x0000,0x0000,0x0000,0x0000,0x0000,0x0000,0x0000,0x0000,0x0000,0x0000,0x0000,0x0000,0x0000,0x0000,0x0000,0x0000,
  0x0000,0x0000,0x0000,0x0000,0x0000,0x0000,0x0000,0x0000,0x0000,0x0000,0x0000,0x0000,0x0000,0x0000,0x0000,0x0000,
  0x0000,0x0000,0x0000,0x0000,0x0000,0x0000,0x0000,0x0000,0x0000,0x0000,0x0000,0x0000,0x0000,0x0000,0x0000,0x0000,
  0x0000,0x00a2,0x01a5,0x01e6,0x0185,0x0104,0x0145,0x01a6,0x0248,0x02c9,0x02ea,0x036c,0x03ac,0x03ac,0x03ac,0x036b,
  0x02c9,0x01c7,0x0166,0x01a7,0x01a7,0x0166,0x0208,0x02a9,0x0268,0x02eb,0x0bee,0x03cd,0x0c2e,0x048f,0x1511,0x0d31,
  0x0551,0x0551,0x0d11,0x0bcc,0x03ab,0x044d,0x0590,0x0715,0x0756,0x0735,0x0735,0x0796,0x07d7,0x07f8,0x07f8,0x07f8,
  0x0ff8,0x0df1,0x03ca,0x0db0,0x07f9,0x07f9,0x17da,0x0dd0,0x03c9,0x02e7,0x01a3,0x00c1,0x0061,0x0040,0x0040,0x0040,
  0x0040,0x0040,0x0040,0x0040,0x0040,0x0040,0x0040,0x0020,0x0020,0x0020,0x0020,0x0020,0x0020,0x0020,0x0020,0x0020,
  0x0020,0x0020,0x0020,0x0020,0x0020,0x0020,0x0020,0x0020,0x0020,0x0020,0x0020,0x0020,0x0020,0x0020,0x0020,0x0021,
  0x0021,0x0021,0x0020,0x0020,0x0000,0x0000,0x0020,0x0020,0x0000,0x0000,0x0000,0x0000,0x0000,0x0000,0x0000,0x0000,
  0x0000,0x0000,0x0000,0x0000,0x0000,0x0000,0x0000,0x0000,0x0000,0x0000,0x0000,0x0000,0x0000,0x0000,0x0000,0x0000,
  0x0000,0x0000,0x0000,0x0000,0x0000,0x0000,0x0000,0x0000,0x0000,0x0000,0x0000,0x0000,0x0000,0x0000,0x0000,0x0000,
  0x0000,0x0000,0x0000,0x0000,0x0000,0x0000,0x0000,0x0000,0x0000,0x0000,0x0000,0x0000,0x0000,0x0000,0x0021,0x0041,
  0x00a3,0x0124,0x01e7,0x0228,0x0248,0x0248,0x0289,0x02ca,0x02ea,0x032b,0x036c,0x03ac,0x03cc,0x038c,0x0289,0x0207,
  0x0165,0x0104,0x00c4,0x0104,0x00e3,0x00a3,0x00c3,0x0124,0x0186,0x09e7,0x0a28,0x0a07,0x0ac9,0x0b0a,0x0aea,0x0a48,
  0x0aca,0x036a,0x030a,0x0227,0x02c8,0x0b2a,0x040c,0x0dd2,0x06b4,0x0632,0x0e12,0x0632,0x0693,0x0735,0x0fb7,0x07d8,
  0x07d8,0x07f8,0x07b7,0x07f8,0x07f9,0x07d9,0x07fa,0x0e52,0x044a,0x042a,0x0327,0x01e4,0x00c2,0x0061,0x0061,0x0041,
  0x0040,0x0040,0x0040,0x0040,0x0040,0x0040,0x0040,0x0040,0x0040,0x0040,0x0040,0x0020,0x0020,0x0020,0x0020,0x0020,
  0x0020,0x0020,0x0020,0x0020,0x0020,0x0020,0x0020,0x0020,0x0020,0x0020,0x0020,0x0020,0x0020,0x0020,0x0020,0x0021,
  0x0021,0x0021,0x0021,0x0021,0x0021,0x0020,0x0020,0x0020,0x0000,0x0000,0x0000,0x0000,0x0000,0x0000,0x0000,0x0000,
  0x0000,0x0000,0x0000,0x0000,0x0000,0x0000,0x0000,0x0000,0x0000,0x0000,0x0000,0x0000,0x0000,0x0000,0x0000,0x0000,
  0x0000,0x0000,0x0000,0x0000,0x0000,0x0000,0x0000,0x0000,0x0000,0x0000,0x0000,0x0000,0x0000,0x0000,0x0000,0x0000,
  0x0000,0x0000,0x0000,0x0000,0x0000,0x0000,0x0000,0x0000,0x0000,0x0000,0x0000,0x0020,0x0021,0x0082,0x00c3,0x0125,
  0x01a6,0x01a7,0x01e7,0x0228,0x0248,0x0228,0x0249,0x0269,0x0a69,0x0289,0x036c,0x03ad,0x03cc,0x0a68,0x0124,0x00a3,
  0x00a3,0x0083,0x00a4,0x00c4,0x00e5,0x0125,0x0146,0x0187,0x01c7,0x09a6,0x0945,0x0924,0x0144,0x0185,0x01e6,0x0185,
  0x0a07,0x0ae9,0x02a9,0x0268,0x0ae9,0x02e9,0x02a8,0x036a,0x0d2f,0x050e,0x050e,0x056f,0x05f1,0x0631,0x0672,0x07f8,
  0x07f8,0x07d9,0x07f9,0x07f9,0x0fd9,0x07da,0x07fa,0x0ef5,0x046a,0x044a,0x044b,0x02c7,0x0123,0x0081,0x0081,0x0061,
  0x0061,0x0040,0x0040,0x0040,0x0040,0x0040,0x0040,0x0040,0x0040,0x0040,0x0040,0x0020,0x0020,0x0020,0x0020,0x0020,
  0x0020,0x0020,0x0020,0x0020,0x0020,0x0020,0x0020,0x0020,0x0020,0x0020,0x0020,0x0020,0x0020,0x0020,0x0020,0x0021,
  0x0021,0x0021,0x0021,0x0021,0x0021,0x0020,0x0020,0x0020,0x0020,0x0000,0x0000,0x0000,0x0000,0x0000,0x0000,0x0000,
  0x0000,0x0000,0x0000,0x0000,0x0000,0x0000,0x0000,0x0000,0x0000,0x0000,0x0000,0x0000,0x0000,0x0000,0x0000,0x0000,
  0x0000,0x0000,0x0000,0x0000,0x0000,0x0000,0x0000,0x0000,0x0000,0x0000,0x0000,0x0000,0x0000,0x0000,0x0000,0x0000,
  0x0000,0x0000,0x0000,0x0000,0x0000,0x0000,0x0000,0x0000,0x0000,0x0000,0x0021,0x0062,0x00c4,0x0125,0x0145,0x0186,
  0x01e7,0x01c7,0x01c7,0x0248,0x0248,0x01a6,0x0165,0x0965,0x08e4,0x0104,0x0268,0x038c,0x034c,0x0145,0x0124,0x0104,
  0x0945,0x0925,0x0125,0x0105,0x00c4,0x00a3,0x00a3,0x0083,0x00c3,0x00c4,0x0166,0x0986,0x0986,0x0a27,0x0aa9,0x0a07,
  0x09c6,0x0247,0x01c6,0x0185,0x01c6,0x0227,0x0a06,0x0a67,0x0c0d,0x0d2f,0x0dd0,0x0dd0,0x05b0,0x054e,0x04ec,0x0e92,
  0x0f55,0x0fd8,0x07f9,0x0fd9,0x07fa,0x07fa,0x07fa,0x07d9,0x0e54,0x0695,0x0f37,0x0c8e,0x01e5,0x0123,0x00e2,0x00a1,
  0x0061,0x0061,0x0040,0x0040,0x0040,0x0040,0x0040,0x0040,0x0040,0x0040,0x0040,0x0040,0x0040,0x0041,0x0041,0x0041,
  0x0041,0x0041,0x0041,0x0041,0x0020,0x0020,0x0020,0x0020,0x0020,0x0020,0x0020,0x0020,0x0020,0x0020,0x0020,0x0021,
  0x0021,0x0021,0x0021,0x0021,0x0021,0x0020,0x0020,0x0020,0x0020,0x0000,0x0000,0x0000,0x0000,0x0000,0x0000,0x0000,
  0x0000,0x0000,0x0000,0x0000,0x0000,0x0000,0x0000,0x0000,0x0000,0x0000,0x0000,0x0000,0x0000,0x0000,0x0000,0x0000,
  0x0000,0x0000,0x0000,0x0000,0x0000,0x0000,0x0000,0x0000,0x0000,0x0000,0x0000,0x0000,0x0000,0x0000,0x0000,0x0000,
  0x0000,0x0000,0x0020,0x0000,0x0000,0x0000,0x0000,0x0000,0x0021,0x0021,0x0062,0x00c3,0x0125,0x0166,0x0145,0x0166,
  0x0186,0x09a6,0x0145,0x0985,0x0945,0x00a3,0x0062,0x0061,0x0061,0x00a2,0x0124,0x0a48,0x0aea,0x01c7,0x0965,0x00c3,
  0x00c3,0x00a3,0x0082,0x00a2,0x00c3,0x0124,0x0186,0x09a7,0x0986,0x0945,0x09c7,0x09a6,0x0165,0x01a6,0x01c6,0x01a5,
  0x0164,0x0227,0x0a67,0x01a6,0x0a47,0x0ae9,0x0a68,0x0a27,0x0b09,0x03ec,0x0c6c,0x048c,0x052d,0x0d6e,0x0c6b,0x0ced,
  0x0daf,0x1693,0x0f75,0x0f35,0x07d8,0x07d9,0x07fa,0x07fa,0x07fb,0x07fb,0x0ffc,0x1634,0x0327,0x0286,0x0245,0x0183,
  0x00c1,0x0081,0x0061,0x0061,0x0061,0x0061,0x0040,0x0040,0x0061,0x0041,0x0041,0x0041,0x0041,0x0040,0x0040,0x0040,
  0x0040,0x0040,0x0020,0x0020,0x0020,0x0020,0x0020,0x0020,0x0020,0x0020,0x0020,0x0020,0x0020,0x0020,0x0020,0x0020,
  0x0020,0x0020,0x0020,0x0020,0x0020,0x0020,0x0020,0x0000,0x0000,0x0000,0x0000,0x0000,0x0000,0x0000,0x0000,0x0020,
  0x0000,0x0000,0x0000,0x0000,0x0000,0x0000,0x0000,0x0000,0x0000,0x0000,0x0000,0x0000,0x0000,0x0000,0x0000,0x0000,
  0x0000,0x0000,0x0000,0x0000,0x0000,0x0000,0x0000,0x0000,0x0000,0x0000,0x0000,0x0000,0x0000,0x0000,0x0000,0x0000,
  0x0000,0x0000,0x0021,0x0000,0x0000,0x0000,0x0000,0x0021,0x0041,0x0082,0x00a3,0x00e4,0x00e4,0x0104,0x00c3,0x0083,
  0x0062,0x0062,0x0041,0x0041,0x0042,0x0062,0x0862,0x00a2,0x08c3,0x08e3,0x00a2,0x08e3,0x01e7,0x01c6,0x0061,0x0082,
  0x00c3,0x0945,0x0966,0x0986,0x09a7,0x01a7,0x0166,0x0125,0x00c3,0x00a2,0x00e3,0x00e4,0x0104,0x09c6,0x0a89,0x0a48,
  0x01a5,0x0a68,0x0aa9,0x01a6,0x09a5,0x01e6,0x01a5,0x01c5,0x0247,0x02a8,0x02a8,0x0d0e,0x0db0,0x0d4f,0x0c4b,0x03c9,
  0x144a,0x0c2a,0x0d2c,0x0eb1,0x0775,0x07b7,0x07fb,0x07fb,0x07fa,0x07fa,0x07fc,0x0f37,0x042a,0x0cec,0x152e,0x02a7,
  0x0163,0x00c1,0x0081,0x0081,0x0081,0x0061,0x0040,0x0040,0x0061,0x0061,0x0041,0x0040,0x0041,0x0040,0x0040,0x0040,
  0x0040,0x0040,0x0040,0x0040,0x0040,0x0040,0x0040,0x0040,0x0020,0x0020,0x0020,0x0020,0x0020,0x0020,0x0020,0x0020,
  0x0020,0x0020,0x0020,0x0020,0x0020,0x0020,0x0020,0x0020,0x0000,0x0000,0x0000,0x0000,0x0000,0x0000,0x0000,0x0020,
  0x0000,0x0000,0x0000,0x0000,0x0000,0x0000,0x0000,0x0000,0x0000,0x0000,0x0000,0x0000,0x0000,0x0000,0x0000,0x0000,
  0x0000,0x0000,0x0000,0x0000,0x0000,0x0000,0x0000,0x0000,0x0000,0x0000,0x0000,0x0000,0x0000,0x0000,0x0000,0x0000,
  0x0000,0x0000,0x0021,0x0000,0x0000,0x0021,0x0041,0x0062,0x0082,0x00a3,0x0083,0x0062,0x0083,0x0083,0x0062,0x0062,
  0x0083,0x0083,0x08a3,0x0882,0x00a2,0x0082,0x0062,0x0062,0x0061,0x0062,0x0062,0x00e3,0x0165,0x0a48,0x00e4,0x0945,
  0x0965,0x0945,0x0104,0x00c3,0x0083,0x00a3,0x00e4,0x0125,0x0165,0x01e7,0x0a07,0x0966,0x0986,0x0a07,0x0227,0x01e6,
  0x0943,0x0144,0x0247,0x0207,0x01c6,0x0a07,0x1268,0x1247,0x0a67,0x0a88,0x01e6,0x0b29,0x03cb,0x040b,0x03ea,0x0389,
  0x0c4a,0x0c2a,0x0d4e,0x0f94,0x0f33,0x0f33,0x07b6,0x07fa,0x07fb,0x07fa,0x07fb,0x07fb,0x0e94,0x058f,0x0cec,0x0348,
  0x01e4,0x0122,0x00c1,0x00c1,0x00a1,0x00a1,0x0061,0x0061,0x0081,0x0081,0x00a1,0x0081,0x0060,0x0040,0x0040,0x0040,
  0x0040,0x0040,0x0040,0x0040,0x0040,0x0040,0x0040,0x0040,0x0041,0x0020,0x0020,0x0020,0x0020,0x0020,0x0020,0x0020,
  0x0020,0x0020,0x0020,0x0020,0x0020,0x0020,0x0020,0x0020,0x0020,0x0000,0x0000,0x0000,0x0000,0x0000,0x0000,0x0020,
  0x0000,0x0000,0x0000,0x0000,0x0000,0x0000,0x0000,0x0000,0x0000,0x0000,0x0000,0x0000,0x0000,0x0000,0x0000,0x0000,
  0x0000,0x0000,0x0000,0x0000,0x0000,0x0000,0x0000,0x0000,0x0000,0x0000,0x0000,0x0000,0x0000,0x0000,0x0000,0x0000,
  0x0000,0x0000,0x0041,0x0021,0x0000,0x0021,0x0062,0x0082,0x0063,0x0063,0x0083,0x00a3,0x00a3,0x00a3,0x08a3,0x0883,
  0x0062,0x0062,0x0082,0x0041,0x0041,0x0061,0x0062,0x00a3,0x08c3,0x0904,0x08e3,0x0945,0x0945,0x01c7,0x0083,0x0062,
  0x00a3,0x00c3,0x0105,0x0986,0x0945,0x09c7,0x0a28,0x09e7,0x01a6,0x0165,0x0144,0x0104,0x0125,0x0145,0x01e6,0x02a8,
  0x0206,0x0a27,0x0b4b,0x0aa9,0x09e6,0x0207,0x09e7,0x09c6,0x01c5,0x0a27,0x0267,0x0246,0x0b89,0x0d0e,0x044c,0x042b,
  0x0cac,0x14ac,0x0d0c,0x0ef2,0x0e50,0x05ad,0x0f32,0x07b6,0x07fa,0x07fa,0x07fb,0x07fb,0x0ffc,0x0eb5,0x04ac,0x0367,
  0x0224,0x0163,0x0122,0x0102,0x00e2,0x00c1,0x00a1,0x00a1,0x00c1,0x0143,0x01c4,0x0163,0x00a1,0x0061,0x0040,0x0061,
  0x0040,0x0040,0x0040,0x0040,0x0040,0x0040,0x0040,0x0040,0x0040,0x0040,0x0020,0x0020,0x0020,0x0020,0x0020,0x0020,
  0x0020,0x0020,0x0020,0x0020,0x0020,0x0020,0x0020,0x0020,0x0020,0x0020,0x0000,0x0000,0x0000,0x0000,0x0000,0x0000,
  0x0000,0x0000,0x0000,0x0000,0x0000,0x0000,0x0000,0x0000,0x0000,0x0000,0x0000,0x0000,0x0000,0x0000,0x0000,0x0000,
  0x0000,0x0000,0x0000,0x0000,0x0000,0x0000,0x0000,0x0000,0x0000,0x0000,0x0000,0x0000,0x0000,0x0000,0x0000,0x0000,
  0x0000,0x0000,0x0041,0x0041,0x0041,0x0062,0x00a3,0x00a2,0x00a2,0x00a3,0x0082,0x00a3,0x0082,0x0042,0x0041,0x0021,
  0x0041,0x0062,0x00a3,0x0882,0x08a2,0x08c3,0x08e4,0x08c3,0x0882,0x0082,0x0062,0x0083,0x00e4,0x0945,0x00a2,0x0903,
  0x09a6,0x09e8,0x09c7,0x09c6,0x0104,0x00e4,0x00e4,0x00e4,0x00e4,0x0146,0x09a7,0x0228,0x0a28,0x09c7,0x0a28,0x0aca,
  0x0227,0x0184,0x01e6,0x01c6,0x0185,0x01e6,0x01c5,0x0a06,0x0a47,0x0287,0x0b2a,0x0ae8,0x0ac8,0x0baa,0x0bcb,0x0bea,
  0x0c4b,0x0d2d,0x060f,0x0f13,0x0ed1,0x05ee,0x0ef2,0x0ef1,0x0f13,0x0fda,0x07fb,0x07fb,0x07fb,0x07fb,0x0f57,0x0590,
  0x0d4f,0x02a7,0x01e4,0x0163,0x0123,0x0122,0x0102,0x0163,0x0aa6,0x0204,0x0b89,0x0b89,0x0183,0x00c1,0x0040,0x0061,
  0x0040,0x0040,0x0040,0x0040,0x0040,0x0040,0x0040,0x0040,0x0040,0x0040,0x0040,0x0020,0x0020,0x0020,0x0020,0x0020,
  0x0020,0x0020,0x0020,0x0020,0x0020,0x0020,0x0020,0x0020,0x0020,0x0020,0x0000,0x0000,0x0000,0x0000,0x0000,0x0000,
  0x0000,0x0000,0x0000,0x0000,0x0000,0x0000,0x0000,0x0000,0x0000,0x0000,0x0000,0x0000,0x0000,0x0000,0x0000,0x0000,
  0x0000,0x0000,0x0000,0x0000,0x0000,0x0000,0x0000,0x0000,0x0000,0x0000,0x0000,0x0000,0x0000,0x0000,0x0000,0x0000,
  0x0021,0x0041,0x0082,0x00a3,0x0061,0x0082,0x0082,0x0081,0x0061,0x0082,0x0062,0x0062,0x0042,0x0062,0x0082,0x0082,
  0x08a2,0x08a3,0x08a4,0x0062,0x0061,0x0041,0x0061,0x0081,0x0081,0x00a2,0x08e3,0x0905,0x0925,0x09e7,0x0103,0x0061,
  0x00a2,0x00a2,0x0082,0x00e3,0x0104,0x0986,0x01c7,0x01e8,0x0a29,0x01e8,0x09c6,0x01a6,0x0185,0x0164,0x0144,0x01a5,
  0x01a5,0x0123,0x0a06,0x0ae9,0x0b0a,0x0ac9,0x0a47,0x0a88,0x0288,0x0288,0x0267,0x0a26,0x0a05,0x0b09,0x0c2b,0x044b,
  0x0dcf,0x0ed2,0x0eb1,0x0670,0x0e91,0x0e90,0x06d1,0x0e90,0x0e6f,0x0f98,0x07fc,0x07fb,0x07fb,0x07fc,0x07fc,0x0ffc,
  0x0fda,0x0e94,0x0c2b,0x01e3,0x01c3,0x01c2,0x01c2,0x0244,0x1c6b,0x02a6,0x0388,0x042a,0x02e7,0x0184,0x0081,0x0040,
  0x0040,0x0040,0x0040,0x0040,0x0040,0x0040,0x0040,0x0040,0x0040,0x0040,0x0040,0x0040,0x0020,0x0020,0x0020,0x0020,
  0x0020,0x0020,0x0020,0x0020,0x0020,0x0020,0x0020,0x0020,0x0020,0x0020,0x0020,0x0000,0x0000,0x0000,0x0000,0x0000,
  0x0000,0x0000,0x0000,0x0000,0x0000,0x0000,0x0000,0x0000,0x0000,0x0000,0x0000,0x0000,0x0000,0x0000,0x0000,0x0000,
  0x0000,0x0000,0x0000,0x0000,0x0000,0x0000,0x0000,0x0000,0x0000,0x0000,0x0000,0x0000,0x0000,0x0000,0x0000,0x0000,
  0x0041,0x0041,0x0062,0x0062,0x0021,0x0041,0x0042,0x0042,0x0041,0x0062,0x0061,0x0062,0x0062,0x0062,0x0062,0x0041,
  0x0041,0x0041,0x0082,0x0082,0x00a3,0x00a3,0x08a3,0x0904,0x0904,0x0082,0x0082,0x00a2,0x0082,0x00e3,0x00e3,0x0104,
  0x0124,0x0924,0x09e7,0x0a48,0x01a6,0x01a6,0x0986,0x0144,0x0124,0x00e4,0x0104,0x0185,0x09e7,0x01e7,0x09e7,0x0a27,
  0x0a27,0x0965,0x09e6,0x0227,0x0247,0x02e9,0x0309,0x032a,0x0b2a,0x0b8b,0x0b6a,0x0ae8,0x1246,0x0ae8,0x0b8a,0x0b49,
  0x0d0d,0x05f0,0x0670,0x0670,0x0e90,0x0ed1,0x0f95,0x0fb5,0x0f12,0x0f36,0x07fc,0x07fc,0x07fc,0x07fb,0x07fb,0x07fb,
  0x07db,0x0ffc,0x0ef7,0x04ae,0x052f,0x0c8c,0x142a,0x02a5,0x0224,0x02a5,0x0367,0x040a,0x03c9,0x0266,0x00c2,0x0040,
  0x0040,0x0040,0x0060,0x0040,0x0060,0x0040,0x0061,0x0061,0x0040,0x0040,0x0040,0x0041,0x0041,0x0041,0x0041,0x0020,
  0x0020,0x0020,0x0020,0x0020,0x0020,0x0020,0x0020,0x0020,0x0020,0x0020,0x0020,0x0000,0x0000,0x0000,0x0000,0x0000,
  0x0000,0x0000,0x0000,0x0000,0x0000,0x0000,0x0000,0x0000,0x0000,0x0000,0x0000,0x0000,0x0000,0x0000,0x0000,0x0000,
  0x0000,0x0000,0x0000,0x0000,0x0000,0x0000,0x0000,0x0000,0x0000,0x0000,0x0000,0x0000,0x0000,0x0000,0x0020,0x0000,
  0x0000,0x0021,0x0042,0x0083,0x0062,0x00a3,0x00a3,0x0083,0x0041,0x0041,0x0020,0x0021,0x0021,0x0042,0x0042,0x0082,
  0x08a2,0x0082,0x1124,0x0904,0x08e4,0x08a3,0x0062,0x0062,0x0082,0x00c2,0x00a2,0x08c2,0x0965,0x0925,0x0965,0x0a48,
  0x01c6,0x0145,0x0944,0x0103,0x00c3,0x00c3,0x0145,0x01c6,0x09c6,0x1248,0x0a8a,0x0aaa,0x0a69,0x01c6,0x09a5,0x01c6,
  0x01c6,0x0123,0x0164,0x0247,0x0288,0x0b6b,0x0c6f,0x0bed,0x0bab,0x0b4a,0x02a7,0x0a05,0x0163,0x0205,0x02e9,0x0328,
  0x0d4e,0x0eb2,0x0f13,0x0ed2,0x0ef1,0x0ed1,0x0ef1,0x0752,0x068f,0x06b3,0x0ffb,0x07db,0x07fb,0x07fb,0x07fb,0x07fb,
  0x07fb,0x07fb,0x07fc,0x0ffc,0x07fc,0x17b9,0x0d4f,0x0306,0x0244,0x02c5,0x03c8,0x042a,0x0cac,0x02e6,0x00c2,0x0040,
  0x0060,0x0060,0x0081,0x0061,0x0061,0x0081,0x00c2,0x00a2,0x0081,0x0061,0x0041,0x0041,0x0041,0x0041,0x0041,0x0041,
  0x0020,0x0020,0x0020,0x0020,0x0020,0x0020,0x0020,0x0020,0x0020,0x0020,0x0020,0x0020,0x0020,0x0000,0x0000,0x0000,
  0x0000,0x0000,0x0000,0x0000,0x0000,0x0000,0x0000,0x0000,0x0000,0x0000,0x0000,0x0000,0x0000,0x0000,0x0000,0x0000,
  0x0000,0x0000,0x0000,0x0000,0x0000,0x0000,0x0000,0x0000,0x0000,0x0000,0x0000,0x0000,0x0001,0x0041,0x0061,0x0021,
  0x0042,0x0042,0x0062,0x0083,0x0062,0x0042,0x0042,0x0021,0x0020,0x0041,0x0883,0x0062,0x0062,0x08c3,0x08c3,0x0082,
  0x0882,0x0041,0x0081,0x0061,0x0041,0x0041,0x0062,0x08a2,0x0985,0x0a47,0x0964,0x0882,0x0944,0x0944,0x0082,0x00a2,
  0x00c2,0x0103,0x0165,0x01c7,0x0a28,0x0a69,0x0aaa,0x12a9,0x09e7,0x0144,0x0925,0x0124,0x0143,0x0184,0x01a5,0x0a27,
  0x0aa9,0x0a07,0x09c6,0x1288,0x0aa8,0x0287,0x0b09,0x03ab,0x03eb,0x0bec,0x0c0b,0x0329,0x0a26,0x0ac7,0x134a,0x0c0b,
  0x054e,0x0e51,0x0670,0x0650,0x0690,0x0ed1,0x0690,0x0f11,0x0ed0,0x06b1,0x0ff9,0x07fb,0x07fb,0x07fb,0x07fc,0x07fc,
  0x07fb,0x07fb,0x07fb,0x07fb,0x07db,0x07fb,0x06f6,0x0d70,0x0d2f,0x1612,0x0429,0x03e9,0x03ca,0x0b28,0x0123,0x0040,
  0x00c1,0x0143,0x00c2,0x01c4,0x0aa7,0x0103,0x0184,0x0184,0x0103,0x0081,0x0041,0x0041,0x0041,0x0041,0x0041,0x0041,
  0x0020,0x0020,0x0020,0x0020,0x0020,0x0020,0x0020,0x0020,0x0020,0x0020,0x0020,0x0020,0x0020,0x0000,0x0000,0x0000,
  0x0000,0x0000,0x0000,0x0000,0x0000,0x0000,0x0000,0x0000,0x0000,0x0000,0x0000,0x0000,0x0000,0x0000,0x0000,0x0000,
  0x0000,0x0000,0x0000,0x0000,0x0000,0x0000,0x0000,0x0000,0x0000,0x0000,0x0020,0x0041,0x0041,0x0062,0x0041,0x0021,
  0x0021,0x0021,0x0021,0x0021,0x0063,0x0083,0x08a3,0x0082,0x0041,0x0061,0x08a3,0x0082,0x0041,0x0041,0x0041,0x0020,
  0x0041,0x00a2,0x0903,0x08e3,0x1125,0x08e3,0x1104,0x0082,0x00c2,0x0923,0x0082,0x0062,0x0903,0x0964,0x0a28,0x0a49,
  0x0a07,0x0a69,0x0a29,0x09e8,0x0185,0x0103,0x00a2,0x00a2,0x0903,0x0965,0x0a28,0x0aea,0x132b,0x0a89,0x0a27,0x0a07,
  0x0a48,0x01a5,0x0103,0x01a5,0x0268,0x0aea,0x0b2a,0x0bcc,0x13cc,0x0d50,0x0e11,0x0d91,0x0bab,0x0245,0x0a25,0x0349,
  0x0bea,0x05ae,0x0eb2,0x0ef2,0x0f53,0x0f33,0x0ef2,0x0eb0,0x068f,0x064e,0x0775,0x07fa,0x07fa,0x07fb,0x07fb,0x07fb,
  0x07fc,0x07fb,0x07fb,0x07fc,0x07fc,0x07fc,0x07fc,0x0ffc,0x07fb,0x0ffb,0x04ed,0x0388,0x02c7,0x0245,0x00e2,0x0061,
  0x0122,0x1349,0x0183,0x0205,0x1369,0x0245,0x0307,0x0266,0x0183,0x00c1,0x0061,0x0041,0x0041,0x0041,0x0041,0x0041,
  0x0041,0x0020,0x0020,0x0020,0x0020,0x0020,0x0020,0x0020,0x0020,0x0020,0x0020,0x0020,0x0020,0x0020,0x0000,0x0000,
  0x0000,0x0000,0x0000,0x0000,0x0000,0x0000,0x0000,0x0000,0x0000,0x0000,0x0000,0x0000,0x0000,0x0000,0x0000,0x0000,
  0x0000,0x0000,0x0000,0x0000,0x0000,0x0000,0x0000,0x0000,0x0000,0x0000,0x0020,0x0062,0x0041,0x0062,0x0021,0x0021,
  0x0062,0x0062,0x00a3,0x00a3,0x00a4,0x00a4,0x0083,0x0862,0x0021,0x0021,0x0041,0x0041,0x0041,0x0041,0x00a2,0x00a2,
  0x0082,0x08e3,0x0904,0x00a2,0x08c4,0x0062,0x0062,0x00c3,0x00c2,0x00c2,0x09e6,0x09e7,0x11c7,0x0a07,0x0aaa,0x0207,
  0x00e2,0x0103,0x00c3,0x00e4,0x09a5,0x1227,0x11c6,0x1228,0x11c6,0x0a06,0x0ac9,0x0a28,0x0a07,0x01a5,0x0964,0x0185,
  0x01e6,0x1268,0x0a27,0x0b0a,0x132b,0x134b,0x0b2a,0x0b09,0x0aa8,0x0c8e,0x0e53,0x0736,0x0f56,0x0c2b,0x0aa7,0x0b69,
  0x13ca,0x052d,0x0eb1,0x0e70,0x0691,0x064f,0x062e,0x0e8f,0x0ed0,0x0eb0,0x0f75,0x07fa,0x07f7,0x07d6,0x07f6,0x07f8,
  0x07fb,0x07fc,0x07fc,0x07fc,0x07fc,0x07fc,0x07fc,0x07fc,0x07fc,0x07fc,0x0674,0x04cc,0x042b,0x02a6,0x0102,0x0081,
  0x00e2,0x1309,0x0984,0x00c1,0x0183,0x0beb,0x158f,0x0308,0x0225,0x00e2,0x0060,0x0041,0x0041,0x0040,0x0040,0x0040,
  0x0040,0x0020,0x0020,0x0020,0x0020,0x0020,0x0020,0x0020,0x0020,0x0020,0x0020,0x0020,0x0020,0x0020,0x0000,0x0000,
  0x0000,0x0000,0x0000,0x0000,0x0000,0x0000,0x0000,0x0000,0x0000,0x0000,0x0000,0x0000,0x0000,0x0000,0x0000,0x0000,
  0x0000,0x0000,0x0000,0x0000,0x0000,0x0000,0x0000,0x0000,0x0000,0x0021,0x0041,0x0041,0x0021,0x0021,0x0062,0x0082,
  0x0082,0x0062,0x0062,0x0021,0x0000,0x0000,0x0021,0x0021,0x0041,0x0061,0x0082,0x0062,0x0062,0x0041,0x0081,0x0061,
  0x0000,0x0021,0x0041,0x0082,0x0903,0x0103,0x0124,0x09e6,0x0944,0x08a2,0x0944,0x00c2,0x0081,0x0081,0x0144,0x0a88,
  0x01a5,0x0a69,0x0a89,0x0a69,0x1289,0x0a69,0x0986,0x09a6,0x08e2,0x0081,0x0123,0x0985,0x0aa9,0x0b6c,0x12a9,0x0aa8,
  0x0aa8,0x0a68,0x09c6,0x01c6,0x0a06,0x0287,0x0aa7,0x0b6b,0x03aa,0x0cae,0x0652,0x06d4,0x0f96,0x1714,0x0d6f,0x0beb,
  0x0baa,0x0bca,0x054d,0x0650,0x0ed3,0x0eb1,0x0e6f,0x0ed1,0x0ed0,0x0ed1,0x0734,0x07fa,0x07d7,0x07d3,0x07f5,0x07f6,
  0x07fa,0x07fc,0x07fc,0x07fc,0x07fc,0x07fc,0x07fb,0x07fc,0x07fc,0x07fc,0x07fb,0x07ba,0x0f98,0x048c,0x01a4,0x0081,
  0x0081,0x00c2,0x0081,0x0080,0x01e4,0x03ca,0x1652,0x03ca,0x02e8,0x0184,0x0041,0x0040,0x0040,0x0040,0x0040,0x0040,
  0x0040,0x0020,0x0020,0x0020,0x0020,0x0020,0x0020,0x0020,0x0020,0x0020,0x0020,0x0020,0x0020,0x0020,0x0000,0x0000,
  0x0000,0x0000,0x0000,0x0000,0x0000,0x0000,0x0000,0x0000,0x0000,0x0000,0x0000,0x0000,0x0000,0x0000,0x0000,0x0000,
  0x0000,0x0000,0x0000,0x0000,0x0000,0x0000,0x0020,0x0020,0x0041,0x0041,0x0041,0x0020,0x0000,0x0000,0x0021,0x0021,
  0x0000,0x0000,0x0020,0x0041,0x0061,0x0041,0x0041,0x0041,0x0041,0x0041,0x0021,0x0021,0x0021,0x0061,0x0081,0x00a2,
  0x0904,0x08c3,0x08e3,0x0903,0x08e3,0x08e3,0x0062,0x0042,0x0062,0x00c3,0x0903,0x0923,0x1124,0x1124,0x0985,0x132a,
  0x09e7,0x09c7,0x0904,0x00a2,0x00e3,0x0164,0x00e1,0x09c5,0x12a9,0x0984,0x1248,0x12aa,0x12eb,0x0ac9,0x0a26,0x09e5,
  0x01c5,0x01a5,0x01c5,0x0a06,0x13cc,0x146e,0x0c4e,0x0c8e,0x0bab,0x0c0c,0x0611,0x0631,0x0632,0x0652,0x0734,0x0f95,
  0x16f3,0x0cac,0x0d8e,0x0ef2,0x16d3,0x0e71,0x0e0e,0x0e4f,0x06b0,0x06af,0x0f34,0x07fa,0x07f8,0x07f4,0x07f5,0x07f6,
  0x07fb,0x07fc,0x07fc,0x07fc,0x07fc,0x07fc,0x07fc,0x07fc,0x07fb,0x07fb,0x07fb,0x07fd,0x0ffb,0x054e,0x0265,0x00e2,
  0x0060,0x0040,0x0040,0x0040,0x0163,0x02e7,0x14ed,0x0b89,0x13cb,0x232a,0x0020,0x0061,0x0040,0x0040,0x0040,0x0040,
  0x0040,0x0040,0x0020,0x0020,0x0020,0x0020,0x0020,0x0020,0x0020,0x0020,0x0020,0x0020,0x0020,0x0020,0x0020,0x0020,
  0x0000,0x0000,0x0000,0x0000,0x0000,0x0000,0x0000,0x0000,0x0000,0x0000,0x0000,0x0000,0x0000,0x0000,0x0000,0x0000,
  0x0000,0x0000,0x0000,0x0000,0x0000,0x0000,0x0041,0x0061,0x0041,0x0021,0x0000,0x0021,0x0021,0x0042,0x0042,0x0883,
  0x0021,0x0021,0x0020,0x0041,0x0041,0x0021,0x0021,0x0021,0x0020,0x0041,0x0062,0x0082,0x00a2,0x00a2,0x10e3,0x08a3,
  0x08c4,0x0061,0x0082,0x0082,0x0082,0x08e3,0x00a2,0x0944,0x0945,0x1208,0x11c7,0x0944,0x08a2,0x0081,0x0061,0x0944,
  0x0164,0x00e3,0x0986,0x1289,0x134b,0x13ee,0x1268,0x01c4,0x1288,0x0903,0x08c2,0x00a1,0x0184,0x0247,0x0aa8,0x0aea,
  0x0b6b,0x134b,0x0ac9,0x0a88,0x0b4a,0x0309,0x0309,0x03ab,0x03cb,0x046d,0x0e33,0x06f4,0x0672,0x06b3,0x06d3,0x0775,
  0x0f96,0x0d0d,0x0c8a,0x060f,0x0630,0x0e71,0x0e70,0x0e4f,0x0f32,0x0f52,0x0f53,0x07d9,0x07f8,0x07f7,0x07f6,0x07f7,
  0x07fc,0x07fc,0x07fb,0x07fc,0x07fc,0x07fc,0x07fc,0x07fc,0x07fb,0x07f9,0x07fc,0x07fc,0x07fc,0x0e31,0x046a,0x0307,
  0x0162,0x00e2,0x00c1,0x0080,0x0081,0x0183,0x01e5,0x0205,0x09e5,0x0963,0x0040,0x0040,0x0040,0x0040,0x0040,0x0040,
  0x0040,0x0020,0x0020,0x0020,0x0020,0x0020,0x0020,0x0020,0x0020,0x0020,0x0020,0x0020,0x0020,0x0020,0x0020,0x0020,
  0x0000,0x0000,0x0000,0x0000,0x0000,0x0000,0x0000,0x0000,0x0000,0x0000,0x0000,0x0000,0x0000,0x0000,0x0000,0x0000,
  0x0000,0x0000,0x0000,0x0000,0x0021,0x0021,0x0062,0x0041,0x0000,0x0000,0x0020,0x0041,0x0042,0x0042,0x0042,0x0062,
  0x0021,0x0000,0x0000,0x0020,0x0021,0x0062,0x0062,0x08c3,0x0062,0x0082,0x0082,0x0061,0x0041,0x0021,0x0041,0x0925,
  0x0208,0x01c7,0x0207,0x0a47,0x0965,0x0965,0x0082,0x0903,0x00c2,0x00c2,0x00a2,0x0144,0x0924,0x0904,0x0984,0x12e9,
  0x134b,0x1268,0x09e6,0x1227,0x11a5,0x0144,0x00e2,0x00c2,0x01e6,0x02c9,0x0a67,0x0ae9,0x13ed,0x13ed,0x0b8c,0x0a88,
  0x1227,0x09e6,0x0185,0x01a5,0x0267,0x0bab,0x1510,0x0d71,0x0d50,0x044d,0x04ef,0x1694,0x0eb4,0x0e93,0x058f,0x0672,
  0x07b6,0x0e0f,0x044a,0x16d2,0x16b2,0x16d2,0x0e6f,0x0e2e,0x06b0,0x0732,0x06f1,0x07b7,0x07f9,0x07f8,0x07f8,0x07f9,
  0x07fc,0x07fb,0x07fc,0x07fc,0x07fc,0x07fc,0x07fc,0x07fc,0x07da,0x0e92,0x0f58,0x0fdb,0x07fc,0x0738,0x0f57,0x16f7,
  0x0388,0x02a5,0x02e7,0x02a6,0x0266,0x0121,0x00c2,0x00c2,0x00a1,0x0060,0x0061,0x0041,0x0060,0x0040,0x0020,0x0040,
  0x0041,0x0021,0x0020,0x0020,0x0020,0x0020,0x0020,0x0020,0x0020,0x0020,0x0020,0x0020,0x0020,0x0020,0x0020,0x0020,
  0x0000,0x0000,0x0000,0x0000,0x0000,0x0000,0x0000,0x0000,0x0000,0x0000,0x0000,0x0000,0x0000,0x0000,0x0000,0x0000,
  0x0000,0x0000,0x0000,0x0000,0x0021,0x0061,0x0041,0x0021,0x0000,0x0000,0x0020,0x0021,0x0021,0x0021,0x0021,0x0041,
  0x0082,0x0082,0x0082,0x0021,0x0061,0x0062,0x0041,0x0041,0x0021,0x0041,0x0082,0x0082,0x08a2,0x00c3,0x08a3,0x0965,
  0x0b8c,0x03ee,0x0bed,0x1289,0x00a2,0x0985,0x0082,0x00c3,0x09c6,0x0a06,0x1206,0x132b,0x12ea,0x11c6,0x0903,0x0943,
  0x0944,0x00e2,0x00a1,0x0124,0x09e6,0x0aa9,0x1b0a,0x11e7,0x134b,0x13ac,0x0ae9,0x0a47,0x0206,0x0247,0x0ac9,0x0288,
  0x0267,0x0b09,0x0c0d,0x0c6e,0x0cef,0x0d50,0x0d30,0x0cae,0x03ca,0x0328,0x0b6a,0x0beb,0x0c0b,0x0d0e,0x0d6f,0x0df0,
  0x0f96,0x0732,0x044a,0x0e2f,0x066f,0x0690,0x066f,0x0e70,0x0e90,0x0731,0x0f94,0x0797,0x07fa,0x07f9,0x07f8,0x07f9,
  0x07fc,0x07fb,0x07fc,0x07fc,0x07fc,0x07fc,0x07fc,0x07fc,0x07fc,0x0ef4,0x056c,0x062f,0x0797,0x0fdb,0x0ffb,0x0ffd,
  0x0f59,0x058f,0x056d,0x054d,0x1e12,0x02a6,0x00e2,0x0061,0x0061,0x0061,0x0061,0x0081,0x00a2,0x00c2,0x00a2,0x0061,
  0x0041,0x0041,0x0041,0x0041,0x0020,0x0020,0x0020,0x0020,0x0020,0x0020,0x0020,0x0020,0x0020,0x0020,0x0020,0x0020,
  0x0000,0x0000,0x0000,0x0000,0x0000,0x0000,0x0000,0x0000,0x0000,0x0000,0x0000,0x0000,0x0000,0x0000,0x0000,0x0000,
  0x0000,0x0000,0x0021,0x0021,0x0021,0x0041,0x0000,0x0000,0x0000,0x0020,0x0020,0x0041,0x0062,0x0063,0x0083,0x0083,
  0x0083,0x0063,0x0041,0x0020,0x0021,0x0041,0x0062,0x0062,0x0021,0x0882,0x0124,0x08e3,0x08a3,0x0082,0x0061,0x0061,
  0x0a27,0x03cd,0x04b0,0x042e,0x0b0b,0x0ac9,0x0984,0x0964,0x09e6,0x0964,0x0923,0x0984,0x0963,0x00e2,0x08c2,0x0964,
  0x09e5,0x138c,0x0b0a,0x12aa,0x12eb,0x1269,0x09c6,0x00c2,0x0103,0x0164,0x0184,0x0287,0x0bab,0x146e,0x1531,0x0d0f,
  0x14cf,0x0c2d,0x0c4d,0x0d0f,0x056f,0x0d0e,0x0baa,0x140c,0x13cb,0x0b69,0x13ec,0x13aa,0x0aa6,0x0b49,0x0c8c,0x056f,
  0x0eb3,0x0ef3,0x0e51,0x0ef3,0x0ef3,0x0f33,0x0ef1,0x0ef2,0x0ef1,0x06d0,0x0753,0x0774,0x07fa,0x07f9,0x07f8,0x07fa,
  0x07fc,0x07fb,0x07fc,0x07fc,0x07fc,0x07fc,0x07fc,0x07fc,0x07fd,0x0ffb,0x05f0,0x0e2f,0x0f33,0x05ce,0x0ccc,0x0e13,
  0x0ffe,0x0ffc,0x0716,0x0692,0x1694,0x0b28,0x0184,0x0081,0x0061,0x0061,0x0081,0x0081,0x0a26,0x13ab,0x0a67,0x00e2,
  0x0021,0x0041,0x0041,0x0041,0x0020,0x0020,0x0020,0x0020,0x0020,0x0020,0x0020,0x0020,0x0020,0x0020,0x0020,0x0020,
  0x0000,0x0000,0x0000,0x0000,0x0000,0x0000,0x0000,0x0000,0x0000,0x0000,0x0000,0x0000,0x0000,0x0000,0x0000,0x0000,
  0x0000,0x0000,0x0021,0x0021,0x0021,0x0020,0x0000,0x0000,0x0001,0x0021,0x0020,0x0041,0x0041,0x0041,0x0021,0x0021,
  0x0021,0x0061,0x00a3,0x00e5,0x0083,0x0083,0x08a3,0x0062,0x0021,0x0041,0x0062,0x0061,0x0062,0x0062,0x08a3,0x0985,
  0x0985,0x0289,0x0c6f,0x0532,0x0d52,0x046f,0x01a5,0x00e2,0x0103,0x0964,0x09c5,0x0a47,0x130a,0x1268,0x09e6,0x11e6,
  0x09a5,0x130b,0x0a27,0x00e2,0x00c1,0x00e2,0x09c5,0x0aa8,0x0a68,0x0b2a,0x0ac9,0x0b6a,0x0c4d,0x0ccf,0x0c8e,0x0cae,
  0x0d91,0x0beb,0x0308,0x146d,0x0d2f,0x15f1,0x0c4c,0x0b8a,0x0b28,0x0266,0x0ae8,0x0b49,0x0286,0x02a7,0x0d90,0x1693,
  0x0e11,0x0e10,0x0ed2,0x0ed3,0x0f13,0x0ef2,0x068f,0x0e6f,0x0712,0x06f1,0x0733,0x0795,0x07fa,0x07fb,0x07fa,0x07fb,
  0x07fc,0x07fc,0x07fc,0x07fc,0x07fc,0x07fc,0x07fc,0x07fc,0x07fc,0x07fc,0x0f58,0x05ef,0x0dee,0x050b,0x0448,0x0469,
  0x054e,0x16d7,0x0ffe,0x07fc,0x17ba,0x050e,0x0307,0x0123,0x0080,0x0040,0x0040,0x0060,0x0266,0x1cef,0x0a46,0x00e2,
  0x0040,0x0041,0x0040,0x0020,0x0020,0x0020,0x0020,0x0020,0x0020,0x0020,0x0020,0x0020,0x0020,0x0020,0x0020,0x0020,
  0x0000,0x0000,0x0000,0x0000,0x0000,0x0000,0x0000,0x0000,0x0000,0x0000,0x0000,0x0000,0x0000,0x0000,0x0000,0x0000,
  0x0000,0x0021,0x0021,0x0021,0x0000,0x0000,0x0000,0x0000,0x0000,0x0001,0x0021,0x0021,0x0001,0x0041,0x00a3,0x00c4,
  0x00c3,0x00c3,0x00a4,0x00a3,0x0062,0x0021,0x0041,0x0061,0x00a2,0x0125,0x0105,0x0883,0x08c3,0x0904,0x00c3,0x0924,
  0x00c3,0x00e3,0x01a6,0x0c4e,0x0572,0x0d31,0x0c4e,0x0aa9,0x0a47,0x1247,0x0aa8,0x0c2c,0x0d30,0x0287,0x0081,0x00a2,
  0x09c6,0x0b0a,0x136c,0x1248,0x0944,0x09e5,0x0a67,0x0a88,0x0a87,0x030a,0x0267,0x0a26,0x134b,0x0d10,0x0c6d,0x0c6d,
  0x1591,0x0baa,0x0aa7,0x0b29,0x0c6c,0x04ee,0x0d90,0x0ccd,0x0bca,0x0ae7,0x0beb,0x146d,0x0b08,0x0ae7,0x0ced,0x0f35,
  0x0e11,0x054c,0x058d,0x05ee,0x0753,0x0798,0x0f97,0x06f1,0x0f94,0x0f74,0x0754,0x0795,0x07b7,0x07da,0x07fb,0x07fc,
  0x07fb,0x07fb,0x07fb,0x07fc,0x07fc,0x07fc,0x07fc,0x07fc,0x07fb,0x07fc,0x0ffd,0x0e73,0x0449,0x0d4e,0x16b2,0x1610,
  0x03a8,0x0306,0x15b2,0x0f39,0x0ffb,0x0ffc,0x0f9a,0x0e35,0x0c8e,0x036a,0x02e8,0x0286,0x01a3,0x0a25,0x0163,0x00a1,
  0x0061,0x0040,0x0040,0x0040,0x0040,0x0040,0x0020,0x0020,0x0020,0x0020,0x0020,0x0020,0x0020,0x0020,0x0020,0x0020,
  0x0000,0x0000,0x0000,0x0000,0x0000,0x0000,0x0000,0x0000,0x0000,0x0000,0x0000,0x0000,0x0000,0x0000,0x0000,0x0000,
  0x0021,0x0041,0x0021,0x0000,0x0000,0x0000,0x0020,0x0021,0x0021,0x0041,0x0042,0x0062,0x0082,0x0061,0x0042,0x0042,
  0x0041,0x0021,0x0021,0x0062,0x0041,0x0062,0x0926,0x0946,0x0904,0x0905,0x00c3,0x0082,0x0082,0x0061,0x0082,0x0145,
  0x0986,0x0a49,0x0a28,0x0b0b,0x0d32,0x04f1,0x0511,0x0c90,0x044e,0x0b0a,0x02e9,0x0df4,0x0e34,0x0db2,0x0d10,0x0c2d,
  0x0b6b,0x13cd,0x0ac9,0x01c5,0x0123,0x09c5,0x0b09,0x132a,0x0c0c,0x0b6b,0x1287,0x09a5,0x0226,0x0c0c,0x0bab,0x0349,
  0x0c6d,0x03ab,0x0308,0x0b69,0x0c8c,0x152f,0x0e72,0x0f75,0x0cee,0x0b08,0x0b08,0x0b48,0x0aa6,0x01e3,0x0be9,0x16b4,
  0x0ef4,0x0c8b,0x15cf,0x160f,0x0733,0x07fa,0x0ffb,0x0f53,0x0731,0x0753,0x0732,0x0795,0x0775,0x0796,0x07fa,0x07f9,
  0x07fb,0x07fc,0x07fc,0x07fc,0x07fc,0x07fc,0x07fc,0x07fc,0x07fb,0x07fc,0x07dc,0x0ffd,0x0db0,0x0ba8,0x0ccc,0x046a,
  0x02c7,0x01a2,0x01e2,0x0347,0x0d2e,0x0f16,0x17dc,0x17dc,0x17fc,0x1ffc,0x1ffb,0x2779,0x02a7,0x01c4,0x0204,0x0163,
  0x00e2,0x0061,0x0040,0x0040,0x0040,0x0041,0x0041,0x0040,0x0040,0x0020,0x0020,0x0020,0x0020,0x0020,0x0020,0x0020,
  0x0000,0x0000,0x0000,0x0000,0x0000,0x0000,0x0000,0x0000,0x0000,0x0000,0x0000,0x0000,0x0000,0x0000,0x0000,0x0000,
  0x0021,0x0020,0x0000,0x0000,0x0000,0x0000,0x0020,0x0021,0x0041,0x0041,0x0041,0x0041,0x0021,0x0020,0x0041,0x0042,
  0x0083,0x08c4,0x08e5,0x08e4,0x0062,0x0061,0x0082,0x0062,0x0041,0x0041,0x0041,0x0062,0x0124,0x0945,0x0924,0x09a6,
  0x0986,0x09a6,0x0124,0x01c6,0x0cb0,0x0511,0x04d0,0x0552,0x0df4,0x0572,0x0551,0x0633,0x0634,0x0674,0x0675,0x0e13,
  0x0d30,0x0ccf,0x0ccf,0x142d,0x1b2a,0x0ac8,0x148d,0x140d,0x144e,0x0aa8,0x01e5,0x01a4,0x01c4,0x0286,0x1349,0x0beb,
  0x15b1,0x1530,0x0b6b,0x13aa,0x0beb,0x0c8c,0x04ed,0x0f74,0x0db0,0x0bc9,0x0b89,0x14ce,0x14ad,0x0b08,0x13c9,0x0d4e,
  0x0fb7,0x1652,0x0daf,0x0dcf,0x0ef2,0x07f9,0x07fa,0x07d7,0x0753,0x07b5,0x07b5,0x07f9,0x0f96,0x0753,0x07d6,0x0793,
  0x07d7,0x07fb,0x07fc,0x07fc,0x07fc,0x07fc,0x07fc,0x07fc,0x07fb,0x07fc,0x07db,0x07fd,0x16b6,0x0285,0x01e4,0x0245,
  0x0204,0x01c4,0x01a3,0x0183,0x0205,0x0307,0x0b49,0x0348,0x0bca,0x0c0b,0x0bec,0x1caf,0x0aa6,0x146c,0x148d,0x0225,
  0x0183,0x00a2,0x0061,0x0041,0x0060,0x0061,0x0041,0x0040,0x0040,0x0020,0x0020,0x0020,0x0020,0x0020,0x0020,0x0020,
  0x0000,0x0000,0x0000,0x0000,0x0000,0x0000,0x0000,0x0000,0x0000,0x0000,0x0000,0x0000,0x0000,0x0000,0x0000,0x0000,
  0x0021,0x0000,0x0000,0x0000,0x0000,0x0000,0x0000,0x0020,0x0021,0x0021,0x0021,0x0062,0x0062,0x0042,0x08a3,0x0063,
  0x0083,0x0062,0x0022,0x0042,0x0021,0x0041,0x0041,0x0061,0x0082,0x0082,0x08a3,0x0863,0x0083,0x0103,0x0021,0x0082,
  0x00a2,0x00a2,0x0965,0x0145,0x0b4b,0x0c6f,0x0cd0,0x04d0,0x0531,0x0592,0x05f3,0x0634,0x0654,0x0674,0x05b2,0x04ef,
  0x0530,0x0653,0x0fd9,0x1571,0x09e5,0x0163,0x0aa7,0x0b29,0x144d,0x132a,0x140d,0x0bec,0x1c2d,0x136a,0x1349,0x0b28,
  0x0c2c,0x048d,0x02e7,0x0348,0x0beb,0x0d0e,0x152e,0x0f13,0x0f76,0x158f,0x0c0a,0x0c8c,0x03a9,0x02a5,0x0aa5,0x03e9,
  0x0e51,0x0fd7,0x0f76,0x0f95,0x0f94,0x0773,0x0795,0x07f7,0x0793,0x0794,0x07b6,0x07d7,0x0f55,0x0712,0x0f95,0x07b6,
  0x07b5,0x07d9,0x07fc,0x07fc,0x07fc,0x07fc,0x07fc,0x07fb,0x07fb,0x07fb,0x07dc,0x07fc,0x17db,0x0c0b,0x0203,0x02e7,
  0x0327,0x0307,0x0265,0x0183,0x0102,0x00e2,0x00e2,0x0102,0x0102,0x00e1,0x00e1,0x00c1,0x0121,0x0ced,0x15b0,0x0c2c,
  0x1511,0x0163,0x0060,0x0060,0x0061,0x0061,0x0061,0x0040,0x0040,0x0020,0x0020,0x0020,0x0020,0x0020,0x0020,0x0020,
  0x0000,0x0000,0x0000,0x0000,0x0000,0x0000,0x0000,0x0000,0x0000,0x0000,0x0000,0x0000,0x0000,0x0000,0x0000,0x0000,
  0x0020,0x0000,0x0000,0x0000,0x0000,0x0001,0x0021,0x0062,0x0041,0x0042,0x0042,0x0062,0x0041,0x0021,0x0021,0x0021,
  0x0041,0x0062,0x0063,0x08a5,0x0083,0x0842,0x0082,0x0042,0x0041,0x0020,0x0041,0x0082,0x0041,0x0945,0x08e4,0x08c3,
  0x1186,0x09c7,0x0985,0x08e3,0x0185,0x0267,0x0bac,0x040e,0x048f,0x04d0,0x0551,0x0634,0x0654,0x0634,0x0675,0x0df3,
  0x0c0c,0x044c,0x06f5,0x1654,0x0a25,0x0aa7,0x0b09,0x14ce,0x14ee,0x1b6a,0x13cb,0x02a7,0x0ae8,0x02a7,0x02a6,0x0328,
  0x0c8d,0x0d50,0x1c2c,0x140b,0x148d,0x0d0d,0x0cec,0x0610,0x0ff7,0x0d8f,0x0b27,0x0bea,0x0bea,0x146b,0x144b,0x0c4b,
  0x05af,0x0795,0x07f8,0x07f9,0x07f7,0x0794,0x0793,0x07f7,0x07b5,0x07b4,0x07d6,0x07f6,0x0f95,0x0f96,0x07b5,0x07d5,
  0x07d5,0x07d6,0x07fb,0x07fc,0x07fc,0x07fc,0x07fc,0x07fb,0x07fb,0x07fb,0x07fb,0x07dc,0x07fc,0x0e95,0x046a,0x04ca,
  0x04aa,0x048b,0x03c9,0x0286,0x01a3,0x00e2,0x00a1,0x00a1,0x0081,0x0081,0x0081,0x00a1,0x0101,0x0bca,0x1ccd,0x03ab,
  0x1ffc,0x1697,0x03cb,0x0267,0x00e2,0x0060,0x0041,0x0040,0x0020,0x0020,0x0020,0x0020,0x0020,0x0020,0x0020,0x0020,
  0x0000,0x0000,0x0000,0x0000,0x0000,0x0000,0x0000,0x0000,0x0000,0x0000,0x0000,0x0000,0x0000,0x0000,0x0000,0x0000,
  0x0000,0x0000,0x0000,0x0000,0x0000,0x0000,0x0021,0x0041,0x0020,0x0020,0x0020,0x0021,0x0022,0x0062,0x0041,0x0062,
  0x00a3,0x0083,0x0062,0x0082,0x0042,0x0021,0x0021,0x0041,0x0062,0x0082,0x0082,0x0945,0x0082,0x0924,0x0104,0x0000,
  0x00a2,0x0903,0x00c2,0x0061,0x0984,0x0a68,0x02c9,0x0b6b,0x0c6f,0x046e,0x048f,0x05d2,0x0654,0x05f3,0x06f6,0x0f16,
  0x05d1,0x0db1,0x06d5,0x0f78,0x142b,0x1266,0x0a87,0x0b29,0x0bcb,0x0a67,0x0b08,0x13ca,0x0c4c,0x144d,0x13aa,0x0bca,
  0x1571,0x0db1,0x0bca,0x0327,0x0388,0x044a,0x04cc,0x0df0,0x0f96,0x0f76,0x154e,0x1d0e,0x146d,0x14cd,0x03e9,0x0c6b,
  0x054d,0x0e92,0x0797,0x07d9,0x07f8,0x07f8,0x07d8,0x07f8,0x07d6,0x07d6,0x07d6,0x07f7,0x07b5,0x07b4,0x07b4,0x07d4,
  0x07b5,0x07d4,0x07fb,0x07fc,0x07fc,0x07fc,0x07fc,0x07fb,0x07fb,0x07fc,0x07fc,0x07fc,0x07fc,0x07fc,0x0f59,0x06b4,
  0x056d,0x058e,0x0e11,0x03ca,0x0286,0x01a3,0x00c2,0x00a1,0x00a1,0x00a1,0x0081,0x00a1,0x0122,0x0183,0x0184,0x0183,
  0x0bea,0x1758,0x0ffe,0x0fbb,0x0d31,0x0286,0x0122,0x0041,0x0040,0x0040,0x0020,0x0020,0x0020,0x0020,0x0020,0x0020,
  0x0000,0x0000,0x0000,0x0000,0x0000,0x0000,0x0000,0x0000,0x0000,0x0000,0x0000,0x0000,0x0000,0x0000,0x0000,0x0000,
  0x0000,0x0000,0x0000,0x0000,0x0000,0x0000,0x0000,0x0000,0x0042,0x0083,0x00a3,0x0083,0x0083,0x0082,0x0041,0x0021,
  0x0021,0x0020,0x0020,0x0021,0x0041,0x0082,0x0082,0x08a3,0x08e4,0x0082,0x0041,0x0082,0x0041,0x0041,0x0061,0x08a2,
  0x0945,0x0924,0x0904,0x08e3,0x0964,0x09a5,0x0985,0x0a88,0x0bed,0x0b2b,0x040d,0x0571,0x0613,0x0e14,0x06f6,0x06f6,
  0x0736,0x0797,0x0757,0x0798,0x15b1,0x0184,0x0a45,0x0b29,0x0cee,0x140b,0x0beb,0x0cae,0x0c0b,0x0b49,0x0b08,0x0348,
  0x03a9,0x0ced,0x0c6b,0x0c2b,0x0cad,0x152f,0x154f,0x15f0,0x0ef4,0x07f8,0x15d0,0x0367,0x0367,0x14ed,0x0c4a,0x0c6a,
  0x0ced,0x0d8e,0x0714,0x07b8,0x07d7,0x07f7,0x07fa,0x07f7,0x07d4,0x07d6,0x07f7,0x07f7,0x07f7,0x07d5,0x07f6,0x07f6,
  0x07d7,0x07d4,0x07fa,0x07fc,0x07fc,0x07fc,0x07fc,0x07fb,0x07fb,0x07fc,0x07fc,0x07fc,0x07fc,0x07fc,0x07fc,0x07fd,
  0x0757,0x05ce,0x1672,0x1632,0x0c2c,0x01c4,0x0903,0x00a1,0x00a1,0x00a1,0x0081,0x00a1,0x00c1,0x00c1,0x00a1,0x00e1,
  0x0183,0x042a,0x1f58,0x07dc,0x0ffc,0x17ba,0x0d50,0x00e3,0x0020,0x0040,0x0020,0x0020,0x0020,0x0020,0x0020,0x0020,
  0x0000,0x0000,0x0000,0x0000,0x0000,0x0000,0x0000,0x0000,0x0000,0x0000,0x0000,0x0000,0x0000,0x0000,0x0000,0x0000,
  0x0000,0x0020,0x0000,0x0021,0x0021,0x0021,0x0021,0x0021,0x0021,0x0041,0x0041,0x0021,0x0021,0x0021,0x0041,0x0082,
  0x0001,0x0882,0x0062,0x0062,0x0042,0x0021,0x0020,0x0000,0x0041,0x0062,0x0063,0x0082,0x0924,0x0103,0x0903,0x08a3,
  0x08e4,0x08a1,0x0061,0x0081,0x0061,0x0081,0x09a5,0x12e9,0x12a9,0x0ac8,0x034a,0x0d50,0x0db3,0x0d92,0x0e33,0x0f37,
  0x0716,0x0777,0x0797,0x0798,0x0777,0x1570,0x0cad,0x0d0e,0x0e12,0x146d,0x0b48,0x13ec,0x0245,0x0aa6,0x144c,0x0bea,
  0x0c2a,0x14ed,0x150d,0x0c2b,0x0cab,0x0c8b,0x0c4a,0x054d,0x0e91,0x0ff7,0x1756,0x14ed,0x0c4b,0x1611,0x14cc,0x142a,
  0x0c0a,0x0d0c,0x0671,0x0f55,0x0734,0x0795,0x07f8,0x07f8,0x07d7,0x07d8,0x07f8,0x07f8,0x07f7,0x07d5,0x07f4,0x07f5,
  0x07d5,0x07d3,0x07d7,0x07fc,0x07fc,0x07fc,0x07fc,0x07fc,0x07fc,0x07fc,0x07fc,0x07fc,0x07fc,0x07fc,0x07fc,0x07fc,
  0x07fc,0x0778,0x056d,0x0e53,0x15d3,0x0224,0x0184,0x0102,0x00c1,0x00a1,0x00a1,0x00a1,0x0080,0x00a1,0x0080,0x0080,
  0x00e2,0x0204,0x042a,0x0ed5,0x0fb9,0x07ba,0x1799,0x0266,0x0020,0x0041,0x0020,0x0020,0x0020,0x0020,0x0020,0x0020,
  0x0000,0x0000,0x0000,0x0000,0x0000,0x0000,0x0000,0x0000,0x0000,0x0000,0x0000,0x0020,0x0020,0x0020,0x0041,0x0000,
  0x0000,0x0020,0x0020,0x0021,0x0021,0x0021,0x0021,0x0021,0x0021,0x0062,0x0083,0x00a4,0x00c4,0x00a3,0x0083,0x0082,
  0x0000,0x0041,0x0041,0x0021,0x0021,0x0041,0x08a3,0x0062,0x08e4,0x0925,0x0904,0x08a3,0x08a2,0x0060,0x0060,0x0061,
  0x00e2,0x0985,0x11a6,0x1186,0x09a5,0x0103,0x1248,0x09c5,0x0903,0x01a4,0x0a46,0x0b6b,0x0bcc,0x0bab,0x0bec,0x0613,
  0x0f16,0x0757,0x07b7,0x0798,0x0f78,0x0fb7,0x07b7,0x07d8,0x0ff9,0x0db1,0x02c6,0x140b,0x1328,0x0b68,0x14cd,0x03ca,
  0x0b89,0x0be9,0x0c2a,0x0bc9,0x0c8b,0x0d6e,0x0d6e,0x0df0,0x15f0,0x0f35,0x0ff9,0x0e10,0x0387,0x14ed,0x0c6b,0x0be8,
  0x0c6a,0x0d2c,0x05cf,0x0ed2,0x0f13,0x0f13,0x0f76,0x07d9,0x07fa,0x07f8,0x07f7,0x07f7,0x07f5,0x07d4,0x07d5,0x07f6,
  0x07d5,0x07b4,0x07b6,0x07fb,0x07fc,0x07fc,0x07fc,0x07fc,0x07fc,0x07fc,0x07fc,0x07fc,0x07fc,0x07fc,0x07fc,0x07fc,
  0x07fb,0x07fc,0x0fba,0x0f15,0x1696,0x02a6,0x0205,0x0183,0x00e1,0x00a1,0x00a1,0x00a1,0x00a1,0x0081,0x0081,0x0080,
  0x0080,0x0102,0x0307,0x050e,0x0f16,0x0779,0x0ffc,0x0cad,0x00c1,0x0021,0x0041,0x0020,0x0020,0x0020,0x0020,0x0020,
  0x0000,0x0000,0x0000,0x0000,0x0000,0x0000,0x0000,0x0000,0x0000,0x0000,0x0000,0x0020,0x0020,0x0041,0x0041,0x0000,
  0x0000,0x0000,0x0020,0x0000,0x0021,0x0021,0x0041,0x0041,0x0041,0x0082,0x0083,0x0083,0x0062,0x0041,0x0040,0x0041,
  0x0021,0x0062,0x0062,0x0062,0x0882,0x0062,0x00a3,0x0042,0x0041,0x0062,0x0041,0x0021,0x00e3,0x0124,0x11e7,0x1166,
  0x0965,0x09e6,0x0965,0x08c3,0x00c2,0x0081,0x00a1,0x0081,0x0965,0x1226,0x12a7,0x0a06,0x1ae9,0x12c8,0x0a67,0x0cae,
  0x0e33,0x0674,0x0736,0x0777,0x0797,0x0796,0x07d7,0x07d7,0x07f8,0x0f35,0x0389,0x0bc9,0x0225,0x02a5,0x046a,0x0c6b,
  0x0c2b,0x0ccc,0x15d0,0x0c8b,0x0ccc,0x15b0,0x0d2e,0x0dae,0x050c,0x0d8e,0x0ff8,0x0f76,0x0dcf,0x0df0,0x1611,0x1cec,
  0x148c,0x1ccc,0x0ccc,0x1651,0x0e31,0x0eb3,0x0f13,0x07b8,0x07fb,0x07f9,0x07d7,0x07f8,0x07f7,0x07d5,0x07d4,0x07f5,
  0x07f5,0x07b3,0x0793,0x07fa,0x07fc,0x07fc,0x07fc,0x07fc,0x07fc,0x07fc,0x07fc,0x07fc,0x07fc,0x07fc,0x07fc,0x07fc,
  0x07fc,0x0fda,0x07fc,0x0f57,0x1ef8,0x0b68,0x0245,0x01c4,0x0122,0x00c1,0x00c1,0x00a1,0x0081,0x0080,0x0080,0x0080,
  0x0060,0x00e2,0x0245,0x0369,0x0dd1,0x1757,0x07fc,0x16d7,0x0225,0x0081,0x0061,0x0041,0x0020,0x0020,0x0020,0x0020,
  0x0000,0x0000,0x0000,0x0000,0x0000,0x0000,0x0000,0x0000,0x0000,0x0000,0x0000,0x0020,0x0041,0x00a3,0x0020,0x0000,
  0x0000,0x0000,0x0041,0x0020,0x0020,0x0021,0x0021,0x0021,0x0020,0x0021,0x0021,0x0021,0x0063,0x00c4,0x08e4,0x08a3,
  0x0042,0x0862,0x0021,0x0021,0x0041,0x0021,0x0021,0x0041,0x0062,0x00e3,0x0903,0x0082,0x0945,0x0986,0x0965,0x08a2,
  0x0040,0x00c2,0x0103,0x08e3,0x0945,0x1207,0x0985,0x0944,0x11a5,0x1a06,0x0943,0x08a2,0x0903,0x0183,0x09e5,0x0b8a,
  0x0c8d,0x0d71,0x0715,0x0715,0x07d8,0x07d8,0x07d8,0x07d7,0x07f8,0x07f8,0x0f55,0x16b3,0x0bca,0x0ae6,0x14ed,0x14ed,
  0x0c4a,0x0d2d,0x0d4e,0x0449,0x046a,0x052c,0x054c,0x0e72,0x1652,0x1651,0x0f55,0x07f8,0x0ff7,0x0df0,0x14ed,0x0387,
  0x0bc8,0x142b,0x0c8b,0x0e51,0x058d,0x1610,0x0f13,0x0fb7,0x07fb,0x07fa,0x07d9,0x07f7,0x07f5,0x07d5,0x07d4,0x07d5,
  0x07f5,0x07d5,0x0773,0x07fa,0x07fc,0x07fc,0x07fc,0x07fc,0x07fc,0x07fc,0x07fc,0x07fc,0x07fc,0x07fc,0x07fc,0x07fc,
  0x07fc,0x07fa,0x0ffb,0x0ef6,0x1eb7,0x0c2b,0x0225,0x01c4,0x0183,0x0143,0x0122,0x00a1,0x00a0,0x00a1,0x0061,0x0061,
  0x0081,0x00a1,0x0163,0x02a7,0x040a,0x0d0f,0x0f9a,0x0ffc,0x0c6c,0x01e4,0x00e3,0x0061,0x0020,0x0020,0x0020,0x0020,
  0x0000,0x0000,0x0000,0x0000,0x0000,0x0000,0x0000,0x0000,0x0000,0x0000,0x0000,0x0041,0x0082,0x0062,0x0000,0x0000,
  0x0000,0x0000,0x0020,0x0020,0x0020,0x0020,0x0021,0x0021,0x0082,0x00a3,0x00c3,0x0082,0x0082,0x0082,0x0062,0x0041,
  0x0041,0x0042,0x0041,0x0041,0x0082,0x0882,0x08a2,0x08a2,0x0862,0x00a3,0x0082,0x0041,0x0041,0x0061,0x00a2,0x0964,
  0x0903,0x1248,0x0aeb,0x1185,0x0943,0x0985,0x08e3,0x00e2,0x09c5,0x0163,0x1206,0x12a8,0x1227,0x1267,0x1267,0x0aa7,
  0x0b49,0x0c2c,0x0ed5,0x0eb5,0x07b8,0x07d8,0x07d8,0x07d7,0x07f8,0x07f8,0x07f7,0x07b5,0x0e92,0x03e9,0x0c2a,0x050c,
  0x0be8,0x0d2c,0x048b,0x0caa,0x0d4d,0x0e0f,0x0dce,0x1692,0x0e51,0x0d8d,0x0e50,0x0f55,0x0ff9,0x0eb3,0x15d0,0x0d4d,
  0x15d0,0x1d6f,0x154d,0x1651,0x0d2c,0x0d8d,0x0e50,0x0755,0x07fb,0x07fb,0x07fa,0x07f9,0x07d7,0x07d6,0x07d5,0x07d6,
  0x07f5,0x07d5,0x07b4,0x07d8,0x07fc,0x07fc,0x07fc,0x07fc,0x07fc,0x07fc,0x07fc,0x07fc,0x07fc,0x07fc,0x07fc,0x07fc,
  0x07fc,0x07fb,0x07fb,0x16f6,0x15f2,0x0ccd,0x0225,0x0245,0x01e4,0x0a67,0x138a,0x13cb,0x0163,0x0080,0x0081,0x0081,
  0x0081,0x0081,0x00e2,0x0225,0x02c7,0x0b69,0x0f79,0x07fe,0x1716,0x0368,0x0102,0x0040,0x0040,0x0041,0x0020,0x0020,
  0x0000,0x0000,0x0000,0x0000,0x0000,0x0000,0x0000,0x0000,0x0000,0x0000,0x0020,0x0082,0x00a2,0x0020,0x0000,0x0000,
  0x0000,0x0000,0x0020,0x0020,0x0020,0x0041,0x0021,0x0021,0x0062,0x0042,0x0041,0x0041,0x0041,0x0000,0x0061,0x08a3,
  0x0904,0x08e4,0x0062,0x0041,0x0041,0x0041,0x0041,0x0041,0x0062,0x00c3,0x08e4,0x08c3,0x08c3,0x08e3,0x08e4,0x09c6,
  0x08e2,0x00e2,0x00c3,0x0082,0x00a1,0x0903,0x0903,0x09c6,0x148f,0x0a67,0x11c5,0x1a88,0x11a5,0x08e2,0x0143,0x0a66,
  0x1328,0x0b49,0x144d,0x0df2,0x06d4,0x0777,0x07f8,0x07b6,0x07d8,0x0ff8,0x07d7,0x0754,0x0f95,0x05ef,0x0daf,0x1754,
  0x0def,0x0e91,0x1631,0x0d0c,0x0dcf,0x0e10,0x0d2c,0x0d8e,0x0def,0x15ef,0x1651,0x0e11,0x0796,0x0ff8,0x16d4,0x150d,
  0x0d0d,0x0ccc,0x0cab,0x0d4e,0x0d2c,0x0dce,0x0e2f,0x0f96,0x07fa,0x07fb,0x07fb,0x07fa,0x07d8,0x07d6,0x07d4,0x07f5,
  0x07f4,0x07d6,0x07d5,0x07d6,0x07fb,0x07fb,0x07fc,0x07fc,0x07fc,0x07fc,0x07fc,0x07fc,0x07fc,0x07fc,0x07fc,0x07fc,
  0x07fc,0x07fb,0x07fb,0x1736,0x1590,0x1d50,0x0306,0x0b07,0x0245,0x0225,0x0ae8,0x244d,0x09a4,0x0060,0x00a1,0x00a1,
  0x0081,0x0061,0x0081,0x0102,0x0183,0x01e4,0x0ccf,0x17ba,0x0ffb,0x044c,0x0102,0x0040,0x0041,0x0041,0x0020,0x0020,
  0x0000,0x0000,0x0000,0x0000,0x0000,0x0000,0x0000,0x0000,0x0000,0x0000,0x0041,0x0082,0x0041,0x0000,0x0000,0x0000,
  0x0000,0x0000,0x0020,0x0020,0x0020,0x0021,0x0000,0x0000,0x0021,0x0041,0x00a3,0x00c5,0x08e4,0x0042,0x0061,0x0082,
  0x0041,0x0041,0x0021,0x0041,0x0041,0x0062,0x0883,0x08e4,0x08e3,0x0945,0x0945,0x08c3,0x0041,0x0081,0x0061,0x08e3,
  0x0904,0x0985,0x0a48,0x0a07,0x0965,0x19e7,0x0924,0x00c2,0x134a,0x09c5,0x0081,0x0944,0x0943,0x1144,0x12a8,0x0a46,
  0x0b08,0x0ac7,0x0a67,0x0cae,0x0652,0x0f15,0x07f8,0x07d8,0x07d8,0x07f8,0x0fd7,0x0775,0x0714,0x0dcf,0x060f,0x07f6,
  0x0795,0x07f5,0x0f74,0x0ed3,0x0ff7,0x0f75,0x0e91,0x0dce,0x0e30,0x1650,0x15cf,0x0d2c,0x0650,0x07f9,0x0735,0x054d,
  0x0df0,0x1611,0x158e,0x1610,0x15cf,0x15cf,0x0e0f,0x06d2,0x07f9,0x07fa,0x07fb,0x07fb,0x07d7,0x07b7,0x07d8,0x07f6,
  0x07f5,0x07f6,0x07d6,0x07b3,0x07f8,0x07fb,0x07fb,0x07fc,0x07fc,0x07fc,0x07fc,0x07fc,0x07fc,0x07fc,0x07fc,0x07fc,
  0x07fc,0x07fb,0x0ffc,0x1675,0x02a6,0x0b08,0x03ea,0x14ed,0x02a6,0x01a4,0x0183,0x0143,0x0205,0x0a26,0x00a1,0x00a1,
  0x0081,0x0061,0x0060,0x0060,0x0080,0x0142,0x0285,0x0570,0x0ffd,0x0d51,0x0101,0x0041,0x0041,0x0041,0x0021,0x0021,
  0x0000,0x0000,0x0000,0x0000,0x0000,0x0000,0x0000,0x0000,0x0000,0x0000,0x0862,0x0061,0x0000,0x0000,0x0000,0x0000,
  0x0000,0x0000,0x0000,0x0021,0x0020,0x0021,0x0061,0x0062,0x0841,0x0041,0x0042,0x0042,0x0042,0x0021,0x0021,0x0082,
  0x0061,0x0041,0x0882,0x08c4,0x0062,0x0082,0x0082,0x0082,0x0041,0x0021,0x0061,0x0082,0x0945,0x00a3,0x0904,0x1185,
  0x1207,0x0a08,0x09c6,0x00a1,0x0060,0x00c2,0x0082,0x1103,0x1226,0x11c6,0x1207,0x1b2a,0x19e7,0x1165,0x19e6,0x0922,
  0x01a4,0x1349,0x0a87,0x0baa,0x0cce,0x0d2f,0x0f36,0x07f9,0x07f8,0x07b6,0x0714,0x0692,0x0610,0x0630,0x056e,0x06f4,
  0x07f7,0x07f7,0x07d6,0x07d6,0x07f8,0x07f8,0x0f96,0x0f75,0x0796,0x0e51,0x0d4d,0x152c,0x0def,0x07b7,0x07f9,0x1672,
  0x16b2,0x1610,0x0d2d,0x0d2c,0x0d4c,0x052d,0x0e2f,0x0e0f,0x0f36,0x07fb,0x07fb,0x07fb,0x07f9,0x07d6,0x07f8,0x07f5,
  0x07d4,0x07d4,0x07d5,0x07b3,0x07d7,0x07fb,0x07fb,0x07fc,0x07fc,0x07fc,0x07fc,0x07fd,0x07fc,0x07fc,0x07fc,0x07fc,
  0x07fc,0x07fb,0x07fc,0x1758,0x0347,0x0326,0x044b,0x1d2e,0x02e6,0x0baa,0x0b6a,0x01e4,0x0b29,0x2cce,0x00a1,0x0081,
  0x0081,0x0061,0x0060,0x0060,0x0080,0x0122,0x0265,0x046c,0x0fdb,0x1759,0x0b6a,0x0103,0x0061,0x0041,0x0021,0x0021,
  0x0000,0x0000,0x0000,0x0000,0x0000,0x0000,0x0000,0x0000,0x0000,0x0000,0x0020,0x0000,0x0000,0x0000,0x0000,0x0000,
  0x0000,0x0000,0x0000,0x0041,0x0021,0x0021,0x0041,0x0041,0x0021,0x0041,0x0062,0x0042,0x0082,0x00a3,0x00e3,0x00e4,
  0x00a2,0x0041,0x0041,0x0021,0x0020,0x0000,0x0041,0x00a2,0x0103,0x0924,0x08a2,0x08c3,0x0986,0x00e2,0x0081,0x0081,
  0x00a1,0x0061,0x0185,0x0a07,0x0944,0x1a28,0x11a6,0x11e7,0x1248,0x11e6,0x0a05,0x0143,0x0060,0x00c2,0x0964,0x11e5,
  0x12a8,0x144c,0x12c6,0x0b48,0x042c,0x040b,0x0e52,0x07f9,0x07f9,0x07d8,0x0714,0x0e92,0x0d8f,0x16d2,0x1630,0x0e10,
  0x07f7,0x07f7,0x07f7,0x07f7,0x07f8,0x07f9,0x07f9,0x07f9,0x07fa,0x0f76,0x1651,0x158d,0x0d8d,0x0ef4,0x0ff9,0x0eb3,
  0x0def,0x0d6c,0x158e,0x15af,0x16d4,0x1692,0x0eb2,0x16b2,0x0630,0x0f98,0x07fb,0x07fa,0x07fb,0x07d8,0x07f8,0x07f7,
  0x07d5,0x07d5,0x07f7,0x07d5,0x07d6,0x07fa,0x07fb,0x07fb,0x07fb,0x07fc,0x07fc,0x07fd,0x07fd,0x07fc,0x07fc,0x07fc,
  0x07fc,0x07fb,0x07fc,0x07fa,0x0db0,0x046b,0x04cc,0x044b,0x0367,0x1675,0x15d3,0x0265,0x0b49,0x0b09,0x00c1,0x0081,
  0x0081,0x0061,0x0061,0x0060,0x0080,0x0122,0x0205,0x0367,0x0f17,0x07fc,0x17db,0x0c6d,0x00c1,0x0040,0x0040,0x0020,
  0x0000,0x0000,0x0000,0x0000,0x0000,0x0000,0x0000,0x0000,0x0000,0x0000,0x0000,0x0000,0x0000,0x0000,0x0000,0x0000,
  0x0000,0x0000,0x0000,0x0021,0x0001,0x0001,0x0021,0x0021,0x08a3,0x00e4,0x0905,0x00a4,0x0041,0x0062,0x0061,0x0042,
  0x0061,0x0021,0x0061,0x0882,0x08c3,0x0082,0x08a2,0x08c3,0x00a3,0x08a3,0x0041,0x0041,0x0061,0x0082,0x0904,0x0a27,
  0x12a8,0x1207,0x130a,0x12ea,0x0923,0x0903,0x0082,0x0061,0x08e2,0x0267,0x134b,0x1a89,0x11c5,0x11c6,0x1aea,0x11a4,
  0x09a5,0x0ac7,0x0a04,0x0b28,0x0d0f,0x14ed,0x0d90,0x0f77,0x07f9,0x07fa,0x0fb8,0x0f76,0x0ced,0x0cab,0x0dcf,0x0d6e,
  0x07b6,0x07d6,0x0fb6,0x07f8,0x07f9,0x07f9,0x07f9,0x07f9,0x07f9,0x07f8,0x0ed2,0x056c,0x05ce,0x0755,0x07f9,0x07f9,
  0x0ff8,0x1735,0x15f0,0x1d8e,0x0def,0x0def,0x0dee,0x060f,0x0dcd,0x0e51,0x0f99,0x07fb,0x07fb,0x07fb,0x07f9,0x07f7,
  0x07d5,0x07d4,0x07f6,0x07f5,0x07d6,0x07fa,0x07fb,0x07fb,0x07fb,0x07fc,0x07fc,0x07fd,0x07fd,0x07fc,0x07fc,0x07fc,
  0x07fc,0x07fb,0x07dc,0x07fb,0x17b8,0x052e,0x056e,0x058f,0x0409,0x06d6,0x16b6,0x0347,0x138a,0x0164,0x00c1,0x00a1,
  0x0081,0x0061,0x0061,0x0060,0x0080,0x0122,0x01e5,0x0327,0x0ef7,0x07fc,0x17bb,0x0c4c,0x00e2,0x0020,0x0040,0x0020,
  0x0000,0x0000,0x0000,0x0000,0x0000,0x0000,0x0000,0x0000,0x0000,0x0000,0x0000,0x0000,0x0000,0x0000,0x0000,0x0000,
  0x0000,0x0000,0x0000,0x0041,0x0062,0x0021,0x0062,0x0021,0x0061,0x0041,0x0040,0x0061,0x0062,0x0021,0x00a2,0x08e4,
  0x0924,0x0821,0x0062,0x0841,0x0041,0x0041,0x0021,0x0062,0x00a2,0x0062,0x0985,0x1185,0x1124,0x0924,0x0944,0x09e6,
  0x0964,0x08a2,0x00c2,0x0944,0x00e3,0x0903,0x1144,0x0964,0x1aa8,0x1bec,0x1b8c,0x12c9,0x0984,0x0060,0x0923,0x00a1,
  0x0a46,0x12c8,0x1b49,0x244c,0x1570,0x0c4b,0x04cd,0x0632,0x0797,0x07fa,0x07f8,0x0ff9,0x0d2d,0x03c9,0x1672,0x0eb3,
  0x0ed3,0x0f96,0x0775,0x07b5,0x07f8,0x07f9,0x07f9,0x07f8,0x07f9,0x07d8,0x0ef3,0x0f94,0x0ef3,0x0f34,0x07d7,0x07f9,
  0x07d8,0x0f75,0x0d4d,0x0d0c,0x0dcf,0x0eb2,0x0f13,0x1691,0x1650,0x160f,0x0e93,0x0f99,0x07fb,0x07db,0x07f9,0x07f6,
  0x07d5,0x07d5,0x07d6,0x07f6,0x07f6,0x07fa,0x07fc,0x07fb,0x07fb,0x07fc,0x07fc,0x07fc,0x07fd,0x07fc,0x07fc,0x07fc,
  0x07fc,0x07fc,0x07fc,0x07fc,0x0fda,0x0e11,0x0dae,0x1650,0x050a,0x0674,0x17bc,0x042b,0x01c4,0x0102,0x00a1,0x00a1,
  0x00a1,0x0081,0x0081,0x0061,0x0060,0x00c2,0x01c3,0x0348,0x0f79,0x07fd,0x1ef7,0x02a6,0x0081,0x0040,0x0021,0x0021,
  0x0000,0x0000,0x0000,0x0000,0x0000,0x0000,0x0000,0x0000,0x0000,0x0000,0x0000,0x0000,0x0000,0x0000,0x0000,0x0000,
  0x0000,0x0000,0x0000,0x0041,0x0041,0x0000,0x0021,0x0041,0x0020,0x0020,0x00a2,0x0104,0x08e4,0x0082,0x0082,0x0882,
  0x0062,0x0021,0x0041,0x0041,0x0082,0x08c3,0x08c3,0x0904,0x1104,0x08a3,0x08c3,0x08c3,0x0061,0x00a2,0x00a2,0x0041,
  0x0164,0x0a07,0x0a69,0x1b4c,0x1268,0x0923,0x1103,0x0081,0x00c2,0x1185,0x1248,0x01a4,0x0903,0x0922,0x1b29,0x0924,
  0x1b4a,0x1b4a,0x1287,0x0a05,0x13ab,0x0c4b,0x054e,0x0d6f,0x0ed5,0x07fa,0x07f9,0x07f9,0x1651,0x0be8,0x0d4e,0x0daf,
  0x050d,0x0eb2,0x0775,0x0796,0x07d7,0x07f8,0x07f9,0x07f9,0x07f9,0x07f8,0x0fd7,0x07d6,0x06b2,0x0650,0x0f75,0x07f9,
  0x07d9,0x0fd8,0x1672,0x15ef,0x1e72,0x1692,0x16b2,0x0e50,0x0dee,0x0d6d,0x0dae,0x0650,0x07da,0x07fb,0x07fa,0x07f8,
  0x07f7,0x07f5,0x07d5,0x07f5,0x07d3,0x07d7,0x07fc,0x07fc,0x07fc,0x07fc,0x07fc,0x07fc,0x07fd,0x07fc,0x07fc,0x07fc,
  0x07fc,0x07fc,0x07fc,0x07fc,0x07fa,0x0ffb,0x06f7,0x06b4,0x0f16,0x077a,0x1ffe,0x14ad,0x0163,0x00c1,0x00a1,0x00a1,
  0x00a1,0x0081,0x0081,0x0081,0x0061,0x0081,0x00e1,0x0328,0x079a,0x07fe,0x0d72,0x01a3,0x0040,0x0041,0x0021,0x0021,
  0x0000,0x0000,0x0000,0x0000,0x0000,0x0000,0x0000,0x0000,0x0000,0x0000,0x0000,0x0000,0x0000,0x0000,0x0000,0x0000,
  0x0000,0x0000,0x0000,0x0021,0x0061,0x0020,0x0000,0x0062,0x0082,0x0062,0x0041,0x0061,0x0021,0x0041,0x0000,0x0062,
  0x0882,0x00a2,0x00c2,0x08c3,0x0882,0x08c3,0x0061,0x0082,0x0082,0x0062,0x0082,0x0945,0x09a6,0x0a49,0x0aea,0x0924,
  0x0964,0x1248,0x09a5,0x09a5,0x00c2,0x0040,0x00a2,0x1207,0x09c6,0x1aca,0x1b2a,0x12e9,0x22c9,0x0902,0x11a5,0x00e2,
  0x0061,0x0a05,0x0a66,0x0a86,0x1caf,0x15f2,0x25f1,0x154f,0x05f1,0x0fb9,0x07fa,0x07fa,0x0734,0x04ec,0x0d2c,0x0e10,
  0x1631,0x0df0,0x0f34,0x0f96,0x0f55,0x0754,0x0795,0x07f9,0x07f9,0x07f9,0x07f8,0x07f8,0x0fb6,0x0eb1,0x0f75,0x07f9,
  0x07f9,0x0ff8,0x0e10,0x0d2c,0x0d6d,0x0dae,0x0e30,0x0e90,0x0ef4,0x1735,0x1692,0x0e2f,0x0f77,0x07fb,0x07fb,0x07fa,
  0x07f9,0x07b5,0x07d4,0x07d4,0x07d4,0x07d5,0x07fa,0x07f9,0x07f9,0x07fa,0x07fc,0x07fc,0x07fd,0x07fd,0x07fc,0x07fc,
  0x07fc,0x07fc,0x07fc,0x07fc,0x07fb,0x07fb,0x07fd,0x07fe,0x07fe,0x0f9b,0x14ce,0x02e7,0x0183,0x00c1,0x00a1,0x00a1,
  0x00a1,0x0081,0x0081,0x0081,0x0061,0x0061,0x0060,0x0329,0x0fbc,0x17fe,0x1d92,0x0142,0x0041,0x0040,0x0021,0x0021,
  0x0000,0x0000,0x0000,0x0000,0x0000,0x0000,0x0000,0x0000,0x0000,0x0000,0x0000,0x0000,0x0000,0x0000,0x0000,0x0000,
  0x0000,0x0000,0x0000,0x0020,0x0041,0x0020,0x0020,0x0020,0x0041,0x0062,0x0000,0x0000,0x0041,0x0882,0x0021,0x0082,
  0x0882,0x0041,0x0041,0x0041,0x0041,0x0062,0x0861,0x0904,0x0966,0x09e8,0x0986,0x0965,0x0985,0x0966,0x0124,0x0861,
  0x0081,0x0143,0x0a06,0x0206,0x11a6,0x1165,0x0964,0x1288,0x11c5,0x09c5,0x1206,0x0102,0x0040,0x0184,0x13cc,0x1b0a,
  0x1aa8,0x246d,0x140b,0x1b49,0x13aa,0x13ca,0x1328,0x0b27,0x0d6e,0x0f37,0x07fb,0x07d9,0x07f9,0x0f96,0x1631,0x1650,
  0x160f,0x0d4d,0x05cf,0x06d2,0x0691,0x06d2,0x0753,0x07d8,0x07f9,0x07f8,0x07f9,0x07f8,0x07f7,0x0f54,0x0f14,0x07d9,
  0x07d8,0x07b5,0x0ef3,0x0e30,0x1692,0x1692,0x16d3,0x0ed2,0x0776,0x0ffa,0x0e50,0x0e30,0x0ef4,0x07d9,0x07fb,0x07fa,
  0x07f9,0x07f6,0x07d5,0x07d5,0x07b5,0x0f74,0x0774,0x0773,0x0773,0x0795,0x07fc,0x07fc,0x07fc,0x07fd,0x07fc,0x07fc,
  0x07fc,0x07fc,0x07fc,0x07fc,0x07fb,0x07fa,0x07fb,0x07db,0x07fd,0x0f16,0x0c8c,0x148e,0x01c4,0x00e2,0x00a1,0x00a1,
  0x00a1,0x00a1,0x0081,0x0081,0x0061,0x00a1,0x00c0,0x0b8b,0x17fd,0x15b3,0x0a46,0x0081,0x0021,0x0041,0x0020,0x0020,
  0x0000,0x0000,0x0000,0x0000,0x0000,0x0000,0x0000,0x0000,0x0000,0x0000,0x0000,0x0000,0x0000,0x0000,0x0000,0x0000,
  0x0000,0x0000,0x0020,0x0020,0x0000,0x0020,0x0020,0x0020,0x0041,0x08e3,0x0021,0x0000,0x0041,0x0041,0x0021,0x0021,
  0x0041,0x0041,0x08a2,0x0882,0x08e4,0x0945,0x08c3,0x00c2,0x08c3,0x00a2,0x0062,0x0041,0x08e2,0x0904,0x0985,0x11c6,
  0x11c6,0x1289,0x12ea,0x12a9,0x1164,0x00c2,0x0041,0x0861,0x08a2,0x0984,0x1246,0x1a68,0x0821,0x12a8,0x1c0d,0x11e6,
  0x0963,0x1286,0x01a3,0x09e4,0x0a25,0x09c3,0x0a45,0x1bab,0x1dd0,0x0e51,0x07fb,0x07fa,0x07f9,0x0fd8,0x0d4e,0x052d,
  0x05af,0x0d8e,0x0e30,0x0ed2,0x0e30,0x0ef3,0x0754,0x07d7,0x07f9,0x07f8,0x07f9,0x07f9,0x07f8,0x07f7,0x0796,0x07f9,
  0x07d9,0x0795,0x0f74,0x0def,0x0dcf,0x0dcf,0x0dce,0x062f,0x0715,0x0ffb,0x0e10,0x0ed2,0x0f76,0x07b9,0x07fb,0x07fb,
  0x07fa,0x07b5,0x0773,0x07b4,0x0794,0x0f73,0x0775,0x0fb6,0x0f95,0x0f95,0x0f96,0x07da,0x07fd,0x07fc,0x07fc,0x07fc,
  0x07fc,0x07fc,0x07fc,0x07fc,0x07fc,0x07fc,0x07f9,0x07f7,0x07fb,0x07fb,0x17fb,0x1ed7,0x0265,0x00e2,0x00c1,0x00a1,
  0x0081,0x00a1,0x00a1,0x0081,0x0061,0x00e1,0x0be9,0x0e55,0x17ff,0x14ef,0x0040,0x0021,0x0041,0x0041,0x0020,0x0020,
  0x0000,0x0000,0x0000,0x0000,0x0000,0x0000,0x0000,0x0000,0x0000,0x0000,0x0000,0x0000,0x0000,0x0000,0x0000,0x0000,
  0x0000,0x0000,0x0020,0x0020,0x0020,0x0020,0x0020,0x0020,0x0021,0x0061,0x0021,0x0000,0x0020,0x0000,0x0001,0x0041,
  0x0882,0x0062,0x00a2,0x0081,0x0041,0x0062,0x0061,0x0061,0x0103,0x08c2,0x0924,0x0904,0x1166,0x1186,0x09a5,0x0924,
  0x08c2,0x0922,0x0123,0x0164,0x09a6,0x09c5,0x1185,0x1207,0x1185,0x1a27,0x1207,0x1164,0x0040,0x0081,0x0123,0x09e4,
  0x0a88,0x1caf,0x1ae9,0x1a67,0x1b4a,0x1b29,0x1245,0x1287,0x0ba9,0x0d6e,0x0777,0x07d9,0x07d9,0x0ffa,0x0dcf,0x0e51,
  0x1713,0x15ae,0x0dae,0x0d8d,0x0cab,0x0d4c,0x0e50,0x0f75,0x07f8,0x0796,0x0797,0x07f8,0x07f8,0x07f8,0x07b6,0x0796,
  0x07fb,0x0ef4,0x0690,0x058d,0x0650,0x0ed2,0x16f2,0x16f3,0x0f54,0x0ff9,0x1672,0x0f14,0x07f9,0x07b9,0x07fb,0x07fb,
  0x07fb,0x07d6,0x0f93,0x07b6,0x07b5,0x0f95,0x0794,0x07b5,0x0773,0x0f52,0x0712,0x0776,0x07fc,0x07fc,0x07fc,0x07fc,
  0x07fc,0x07fc,0x07fc,0x07fc,0x07fb,0x07fd,0x07fc,0x07fb,0x07fc,0x07dc,0x07b9,0x1717,0x02c7,0x0122,0x0102,0x00e1,
  0x00a1,0x00a1,0x00a1,0x0081,0x0061,0x00e0,0x0dd1,0x0ffb,0x1fba,0x1c2d,0x00a1,0x0041,0x0041,0x0041,0x0020,0x0020,
  0x0000,0x0020,0x0000,0x0000,0x0000,0x0000,0x0000,0x0000,0x0000,0x0000,0x0000,0x0000,0x0000,0x0000,0x0000,0x0000,
  0x0000,0x0000,0x0000,0x0020,0x0020,0x0020,0x0020,0x0020,0x0041,0x00a2,0x0041,0x0000,0x0020,0x0000,0x0021,0x0021,
  0x0041,0x0021,0x0041,0x0042,0x0062,0x0965,0x09a5,0x0903,0x1186,0x08e3,0x08a2,0x0861,0x0081,0x00a3,0x00e3,0x0903,
  0x0944,0x1228,0x132c,0x13ad,0x13ee,0x1288,0x08a1,0x00c1,0x0040,0x0081,0x0943,0x0a47,0x11e7,0x11e6,0x1cf0,0x2572,
  0x1bed,0x242e,0x0984,0x0922,0x0902,0x0122,0x0101,0x11e4,0x1b8a,0x1e32,0x0f55,0x0755,0x0fb8,0x0ffa,0x0611,0x056e,
  0x0d6d,0x0c8a,0x0d6e,0x0e31,0x158e,0x154d,0x158e,0x0671,0x0fb6,0x0f13,0x0733,0x07f7,0x07f7,0x07f8,0x0fb5,0x0754,
  0x07fa,0x0f34,0x16b1,0x1e30,0x1671,0x0eb1,0x0eb1,0x0e0e,0x0671,0x07da,0x07d9,0x07da,0x07fb,0x07db,0x07fb,0x07fb,
  0x07fc,0x07d8,0x0793,0x0794,0x07b4,0x0793,0x0794,0x0794,0x0774,0x0753,0x0f75,0x0f55,0x07b8,0x07fc,0x07fc,0x07fc,
  0x07fc,0x07fc,0x07fc,0x07fc,0x07fc,0x07fc,0x07fc,0x07fc,0x07fc,0x07fd,0x0778,0x1738,0x0d0f,0x0308,0x0225,0x0a46,
  0x00c2,0x0081,0x00a1,0x00a1,0x0143,0x0224,0x05b3,0x17fb,0x154f,0x0102,0x0040,0x0041,0x0041,0x0041,0x0041,0x0020,
  0x0000,0x0020,0x0000,0x0000,0x0000,0x0000,0x0000,0x0000,0x0000,0x0000,0x0000,0x0000,0x0000,0x0000,0x0000,0x0000,
  0x0000,0x0000,0x0000,0x0020,0x0020,0x0020,0x0020,0x0020,0x0040,0x0021,0x0020,0x0000,0x0021,0x0021,0x0021,0x0020,
  0x0020,0x0020,0x0861,0x0882,0x08a3,0x0104,0x08c3,0x0041,0x0081,0x0082,0x0882,0x1144,0x1248,0x12a9,0x1268,0x1207,
  0x09c6,0x0985,0x01a5,0x0144,0x0144,0x0143,0x0964,0x1247,0x1165,0x1a27,0x1289,0x1bab,0x1ae9,0x1163,0x1267,0x09a4,
  0x0102,0x01a4,0x1267,0x1206,0x1ae9,0x236a,0x1a66,0x1aa7,0x12e9,0x140a,0x0d4e,0x16f4,0x07b7,0x07f9,0x0f35,0x0e92,
  0x0f34,0x1672,0x1671,0x1e92,0x154e,0x0ccb,0x0d6c,0x0dae,0x06d2,0x0753,0x0712,0x0795,0x07f6,0x07f7,0x07d7,0x07b7,
  0x0ffa,0x0797,0x06d2,0x0ed2,0x0e51,0x0def,0x0eb2,0x0e70,0x0715,0x07fc,0x07fb,0x07fa,0x07fb,0x07fb,0x07fb,0x07fa,
  0x07fc,0x07d8,0x0773,0x0795,0x07d6,0x07b6,0x07d7,0x07b5,0x0794,0x0753,0x0752,0x0eb1,0x0713,0x07d8,0x07f9,0x07fb,
  0x07da,0x07fb,0x07fc,0x07fc,0x07fc,0x07fc,0x07fc,0x07fc,0x07fc,0x07fc,0x07da,0x07ba,0x07fc,0x179a,0x0d4f,0x0ac7,
  0x0102,0x00a1,0x00a1,0x00c0,0x0ae8,0x1d0e,0x0654,0x17fc,0x0c6c,0x00e2,0x0041,0x0041,0x0041,0x11a5,0x00a2,0x0020,
  0x0000,0x0000,0x0000,0x0000,0x0000,0x0000,0x0000,0x0000,0x0000,0x0000,0x0000,0x0000,0x0000,0x0000,0x0000,0x0000,
  0x0000,0x0000,0x0000,0x0020,0x0020,0x0020,0x0020,0x0020,0x0041,0x0082,0x0082,0x0062,0x0041,0x0021,0x0021,0x0020,
  0x0020,0x0020,0x0020,0x0020,0x0021,0x0000,0x0905,0x09a7,0x11c7,0x1145,0x1103,0x0903,0x0965,0x0965,0x0903,0x08e2,
  0x08e2,0x0924,0x1165,0x0a89,0x134b,0x1b8c,0x12c9,0x1b0a,0x1185,0x0943,0x0923,0x08a1,0x0922,0x0923,0x11a5,0x1247,
  0x1c2d,0x1d50,0x2d30,0x2267,0x1226,0x09a4,0x08c2,0x0983,0x0a45,0x138a,0x1347,0x14cc,0x0ed4,0x07f8,0x07f7,0x0ef3,
  0x0e10,0x14cc,0x0c29,0x04ab,0x0cec,0x0d8e,0x162f,0x1650,0x0f13,0x0f33,0x0f13,0x0ef3,0x0f94,0x07d7,0x07f9,0x07f9,
  0x07fa,0x07d9,0x07f8,0x0ff7,0x0f14,0x1692,0x0f34,0x16b2,0x0f57,0x07fc,0x07fb,0x07fa,0x07f9,0x07f9,0x07f9,0x07f9,
  0x07fb,0x07f9,0x07b6,0x0f94,0x07d5,0x0794,0x0795,0x0794,0x0794,0x0773,0x0793,0x0f13,0x0712,0x0fd8,0x0796,0x0f96,
  0x0f75,0x0775,0x07db,0x07fc,0x07fc,0x07fc,0x07fc,0x07fc,0x07fc,0x07fc,0x07fc,0x07fc,0x07dc,0x07fe,0x16d6,0x0244,
  0x00e1,0x0881,0x00a1,0x00c1,0x02a6,0x1e31,0x0799,0x1778,0x03ca,0x0103,0x0041,0x0041,0x0041,0x08e3,0x0061,0x0020,
  0x0000,0x0020,0x0000,0x0000,0x0000,0x0000,0x0000,0x0000,0x0000,0x0000,0x0000,0x0000,0x0000,0x0000,0x0000,0x0000,
  0x0000,0x0000,0x0000,0x0020,0x0020,0x0020,0x0020,0x0040,0x0882,0x08a3,0x08c3,0x08c3,0x0061,0x0041,0x0041,0x0020,
  0x0020,0x0020,0x0020,0x0040,0x0041,0x0020,0x0924,0x0945,0x00e3,0x0041,0x0081,0x0081,0x0904,0x0944,0x11e6,0x12a9,
  0x11c6,0x1227,0x11a6,0x11e7,0x09c6,0x0964,0x0124,0x01e5,0x0164,0x08e2,0x1246,0x1288,0x1226,0x1a27,0x1246,0x0a26,
  0x1267,0x0a67,0x0a46,0x0942,0x0984,0x1205,0x1287,0x238b,0x1c8c,0x1c8d,0x23ea,0x0b67,0x054d,0x0714,0x07d8,0x0f76,
  0x0630,0x0d0c,0x14ed,0x1daf,0x156e,0x0e0f,0x160f,0x060e,0x0e70,0x0691,0x0ef2,0x0e30,0x0e71,0x0eb3,0x07f9,0x07fa,
  0x07fa,0x07fa,0x07f9,0x0ff9,0x0776,0x0650,0x05ce,0x05cf,0x0f56,0x07f8,0x07da,0x07fa,0x07f9,0x07f9,0x07f9,0x07f9,
  0x07fb,0x07fa,0x07d8,0x0753,0x0794,0x0795,0x0f74,0x0796,0x07b5,0x0795,0x0fb5,0x0f96,0x0753,0x07b7,0x0774,0x0ef3,
  0x0ed2,0x0ef3,0x07db,0x07fd,0x07fc,0x07fc,0x07fc,0x07fc,0x07fc,0x07fc,0x07fc,0x07fc,0x07fc,0x07fd,0x0fbb,0x0cef,
  0x01e4,0x0101,0x0102,0x0142,0x0224,0x052e,0x0ffd,0x1655,0x0286,0x00a1,0x0041,0x0041,0x0041,0x0020,0x0020,0x0020,
  0x0000,0x0000,0x0000,0x0000,0x0000,0x0000,0x0020,0x0020,0x0000,0x0000,0x0000,0x0000,0x0000,0x0000,0x0000,0x0000,
  0x0000,0x0000,0x0000,0x0020,0x0020,0x0020,0x0020,0x0020,0x0041,0x0041,0x0041,0x0062,0x0882,0x08c3,0x0903,0x0000,
  0x0020,0x0020,0x0021,0x0041,0x0041,0x0041,0x0021,0x0041,0x0964,0x08e3,0x0903,0x1144,0x09a6,0x0964,0x0923,0x0923,
  0x00a2,0x00c2,0x0923,0x0984,0x0943,0x12c9,0x13ad,0x148f,0x1bac,0x1103,0x0964,0x1184,0x08e3,0x08e2,0x00e1,0x0a26,
  0x0b2a,0x0c4d,0x1db2,0x1c8e,0x1227,0x1a26,0x09c5,0x0943,0x1ae8,0x09a2,0x0a45,0x144c,0x0d90,0x0ef3,0x07f7,0x07f9,
  0x0fb6,0x1610,0x0c0a,0x142a,0x0b87,0x056c,0x0e30,0x0e91,0x0f12,0x0f54,0x0fb5,0x1650,0x1630,0x056e,0x07d8,0x07fa,
  0x07fa,0x07fa,0x07f9,0x07f9,0x07fa,0x0756,0x1671,0x0eb3,0x07b8,0x07f9,0x07f9,0x07f9,0x07f9,0x07f9,0x07f9,0x07fa,
  0x07fb,0x07fb,0x07fb,0x07f9,0x07d8,0x0fb7,0x0774,0x0f54,0x0754,0x0754,0x0753,0x0f95,0x0f75,0x0f95,0x07b6,0x0f97,
  0x0f35,0x0f13,0x0f77,0x07fb,0x07fb,0x07fc,0x07fc,0x07fa,0x07fb,0x07fc,0x07fc,0x07fc,0x07fd,0x07fd,0x07fd,0x0ffd,
  0x1591,0x148c,0x01a4,0x01a4,0x0b48,0x1737,0x27db,0x148e,0x0122,0x0041,0x0041,0x0041,0x0041,0x0041,0x0041,0x0040,
  0x0000,0x0000,0x0000,0x0000,0x0000,0x0000,0x0020,0x0000,0x0000,0x0000,0x0000,0x0000,0x0000,0x0000,0x0000,0x0000,
  0x0000,0x0000,0x0000,0x0020,0x0020,0x0020,0x0020,0x0000,0x0082,0x00a2,0x08c3,0x08c3,0x0882,0x0882,0x00a1,0x0020,
  0x0020,0x0020,0x0021,0x0041,0x0041,0x0041,0x0041,0x0061,0x11c6,0x08c3,0x00a1,0x0081,0x08a2,0x0944,0x00e3,0x0903,
  0x1165,0x1228,0x12a9,0x12ea,0x09e6,0x1ac9,0x0a07,0x09e6,0x0964,0x0081,0x1143,0x0a25,0x13ab,0x232b,0x1267,0x1b8b,
  0x142d,0x138b,0x136a,0x0a04,0x0943,0x0142,0x0984,0x11c5,0x234a,0x23cb,0x1c6e,0x1e13,0x14cd,0x0d4d,0x0e32,0x0ff9,
  0x0715,0x0e92,0x0d2e,0x15af,0x1d6e,0x1691,0x0f95,0x0f33,0x0f53,0x0733,0x0f54,0x0e4f,0x0dce,0x052c,0x0796,0x07fa,
  0x07fa,0x07fa,0x07fa,0x07f9,0x07fa,0x07d9,0x0f76,0x0797,0x07f9,0x07f9,0x07f9,0x07f9,0x07f9,0x07f9,0x07f9,0x07fa,
  0x07fb,0x07fb,0x07fb,0x07fb,0x07fb,0x07d9,0x07d6,0x0f54,0x0f95,0x0f55,0x0f13,0x0f55,0x0f15,0x0f54,0x0f74,0x0775,
  0x0ef3,0x0650,0x06d2,0x0f15,0x07fb,0x07fc,0x07fb,0x07b7,0x07b7,0x07fa,0x07fc,0x07fc,0x07fc,0x07fd,0x07fc,0x07fd,
  0x0f98,0x1eb4,0x0226,0x0163,0x146d,0x2551,0x0a86,0x0183,0x0060,0x0041,0x0041,0x0021,0x0021,0x0041,0x0041,0x0020,
  0x0000,0x0000,0x0000,0x0000,0x0000,0x0000,0x0000,0x0020,0x0000,0x0000,0x0000,0x0000,0x0000,0x0000,0x0000,0x0000,
  0x0000,0x0000,0x0020,0x0020,0x0020,0x0020,0x0000,0x0000,0x0041,0x0041,0x0041,0x0041,0x0061,0x00a3,0x08e3,0x1125,
  0x08c3,0x0040,0x0041,0x0021,0x0040,0x0040,0x0020,0x0041,0x0061,0x0062,0x0905,0x09a6,0x09c6,0x12ea,0x0a07,0x0925,
  0x0904,0x0943,0x0943,0x0123,0x00e2,0x00e1,0x09c4,0x0a06,0x1b0a,0x11e6,0x1a27,0x1ac8,0x0aa7,0x1184,0x00c1,0x0902,
  0x0183,0x01a3,0x140b,0x1b49,0x1aa8,0x1ac8,0x1ac7,0x1246,0x1246,0x1265,0x09e4,0x0a44,0x09e3,0x0c0a,0x150d,0x0fb9,
  0x0798,0x0f96,0x16d3,0x15f0,0x14cc,0x0d0c,0x0eb1,0x06b1,0x0f13,0x0ef2,0x0775,0x0fb5,0x1ef3,0x0dae,0x06f4,0x07fc,
  0x0f16,0x0f56,0x07fa,0x07f9,0x07f9,0x07fa,0x07fa,0x07fa,0x07f9,0x07f9,0x07f9,0x07f9,0x07fa,0x07fa,0x07f9,0x07fa,
  0x07fb,0x07fb,0x07fb,0x07fc,0x07fb,0x07fa,0x0ff8,0x0f75,0x0f74,0x16d2,0x0e4f,0x0ed2,0x0e50,0x0ed1,0x0f53,0x0f75,
  0x0f34,0x0ed3,0x1714,0x1651,0x0f59,0x07fd,0x07fb,0x07d8,0x07b6,0x07f8,0x07fb,0x07fc,0x07fc,0x07fc,0x07fc,0x07fc,
  0x07db,0x179a,0x0c2c,0x01e3,0x0224,0x0121,0x00a0,0x00a1,0x0081,0x0081,0x0061,0x0040,0x0020,0x0041,0x0041,0x0020,
  0x0000,0x0000,0x0000,0x0000,0x0000,0x0000,0x0000,0x0020,0x0000,0x0000,0x0000,0x0000,0x0000,0x0000,0x0000,0x0000,
  0x0000,0x0000,0x0020,0x0020,0x0020,0x0020,0x0020,0x0020,0x0020,0x0082,0x08e3,0x0020,0x00c2,0x0965,0x0924,0x0904,
  0x0882,0x0021,0x0021,0x0041,0x0061,0x08c3,0x0082,0x0924,0x00c3,0x0082,0x08e3,0x0903,0x00e2,0x0964,0x00e2,0x0040,
  0x08e2,0x0944,0x0924,0x1309,0x13ad,0x130a,0x12a8,0x0143,0x0204,0x08c1,0x00a1,0x09a4,0x01a5,0x0ae9,0x1bcd,0x1c8f,
  0x1d30,0x1c4d,0x24ae,0x1286,0x0142,0x0922,0x0943,0x0142,0x0121,0x1226,0x1c4c,0x23eb,0x1286,0x254f,0x1cec,0x0dd2,
  0x0ffa,0x0f35,0x0e51,0x0d6e,0x0c8c,0x0d4e,0x0f35,0x0f34,0x0f75,0x0f33,0x0f34,0x0f33,0x0e0f,0x052b,0x0e92,0x0ffc,
  0x1633,0x0daf,0x0f77,0x0fb7,0x07f8,0x07f9,0x07f9,0x07f9,0x07f9,0x07f9,0x07f9,0x07f9,0x07fa,0x07fa,0x07fa,0x07f9,
  0x07fa,0x07fb,0x07fa,0x07fb,0x07fa,0x07d7,0x07b7,0x0fb7,0x0776,0x06f4,0x0e71,0x0f13,0x0f14,0x0ed2,0x0f33,0x0f34,
  0x0f13,0x0eb2,0x0e70,0x154d,0x0e75,0x07fd,0x07fc,0x07fa,0x07d7,0x07b6,0x07fa,0x07fc,0x07fc,0x07fc,0x07fc,0x07fc,
  0x07dc,0x07fd,0x0e95,0x0347,0x0306,0x0264,0x0204,0x0183,0x0143,0x0102,0x00e2,0x0081,0x0040,0x0041,0x0041,0x0020,
  0x0000,0x0000,0x0000,0x0000,0x0000,0x0000,0x0000,0x0000,0x0000,0x0000,0x0000,0x0000,0x0000,0x0000,0x0000,0x0000,
  0x0000,0x0000,0x0020,0x0020,0x0020,0x0020,0x08a3,0x0861,0x0040,0x08e3,0x0904,0x0041,0x0041,0x0061,0x0082,0x08a3,
  0x0904,0x0924,0x0924,0x09c6,0x11a6,0x0965,0x00a2,0x00c2,0x00a2,0x0000,0x0061,0x08e3,0x09e8,0x0aeb,0x12ea,0x19e7,
  0x09e6,0x1206,0x1164,0x1206,0x09a5,0x0923,0x0183,0x09a4,0x12a8,0x140c,0x0b4a,0x1bec,0x1c2d,0x13eb,0x13ab,0x1349,
  0x09e5,0x09a3,0x0204,0x0ae7,0x1266,0x12e8,0x240c,0x2c2c,0x1246,0x1266,0x1b49,0x1a46,0x0101,0x0a45,0x0ae6,0x0c8c,
  0x0ff8,0x0f35,0x0f14,0x17f8,0x16b3,0x1daf,0x0e6f,0x0eb2,0x0f13,0x0712,0x06f2,0x0f13,0x0eb3,0x0e71,0x0ed3,0x07da,
  0x16b5,0x0d2c,0x1671,0x0dae,0x0651,0x0fb9,0x07fa,0x07f9,0x07fa,0x07f9,0x07fa,0x07fa,0x07fa,0x07fa,0x07f9,0x07f7,
  0x07f9,0x07fc,0x07fb,0x07fb,0x07fa,0x07d6,0x07f9,0x07fc,0x07fb,0x07fc,0x1756,0x0eb1,0x0ed1,0x0ed2,0x0eb2,0x06d2,
  0x06f3,0x06d2,0x0e91,0x1def,0x1611,0x07fc,0x07dc,0x07fb,0x07f9,0x07b5,0x07d8,0x07fa,0x07fa,0x07fb,0x07fc,0x07fc,
  0x07fc,0x07fd,0x0f59,0x048b,0x044a,0x0c0a,0x03a9,0x0307,0x0286,0x0245,0x01c5,0x0123,0x0061,0x0041,0x0041,0x0020,
  0x0000,0x0000,0x0000,0x0000,0x0020,0x0000,0x0000,0x0000,0x0000,0x0000,0x0000,0x0000,0x0000,0x0000,0x0000,0x0000,
  0x0000,0x0000,0x0020,0x0020,0x0020,0x0020,0x0061,0x0041,0x0000,0x0041,0x0082,0x0061,0x0020,0x0061,0x11a5,0x09a6,
  0x11c7,0x0924,0x08a3,0x08c3,0x00a2,0x00a2,0x00c2,0x00e3,0x0a08,0x1208,0x1186,0x11a6,0x1228,0x0a07,0x09a5,0x0923,
  0x0122,0x00a2,0x00a1,0x00c1,0x0943,0x1329,0x146e,0x1cf0,0x1bed,0x140c,0x0b49,0x09a4,0x09a4,0x0922,0x09c4,0x0ae8,
  0x142c,0x1c8d,0x14ef,0x2612,0x1b49,0x1a46,0x1246,0x11c4,0x0922,0x09a3,0x12a7,0x0a05,0x1b08,0x2570,0x1693,0x1693,
  0x15b0,0x1631,0x0dcf,0x0f55,0x0dcf,0x046a,0x0e0f,0x0f33,0x0f54,0x0f35,0x0f35,0x0f75,0x1713,0x1671,0x0f15,0x0ffb,
  0x0f58,0x0e11,0x1631,0x15f0,0x0e30,0x1714,0x07fb,0x07f9,0x07f9,0x07f9,0x07f9,0x07fa,0x07fa,0x07fa,0x07f9,0x07f6,
  0x07f8,0x07fb,0x07fb,0x07fb,0x07fb,0x07d7,0x07f8,0x07fc,0x07fb,0x07fb,0x0f36,0x0ed2,0x0ef2,0x0f14,0x0f14,0x0f34,
  0x0f14,0x0f13,0x160f,0x154d,0x0d6c,0x0799,0x07fc,0x07fc,0x07fb,0x07d8,0x07d6,0x07f8,0x07f9,0x07fb,0x07fc,0x07fc,
  0x07fc,0x07fb,0x0ffc,0x0f78,0x06b5,0x0693,0x0611,0x050e,0x046b,0x03c9,0x02c7,0x0185,0x0082,0x0040,0x0041,0x0020,
  0x0000,0x0000,0x0000,0x0000,0x0020,0x0000,0x0000,0x0000,0x0000,0x0000,0x0000,0x0000,0x0000,0x0000,0x0000,0x0000,
  0x0000,0x0000,0x0020,0x0020,0x0020,0x0020,0x0062,0x0061,0x0000,0x08a3,0x0905,0x00c3,0x0020,0x0061,0x08c2,0x0081,
  0x00a2,0x00c2,0x0882,0x0104,0x0a07,0x0a27,0x1227,0x0944,0x1247,0x09c6,0x0923,0x00c2,0x0164,0x0944,0x09a6,0x0a68,
  0x12a8,0x0123,0x0060,0x00e1,0x0963,0x12e9,0x0a67,0x09c5,0x0121,0x0901,0x09c3,0x0a65,0x1b09,0x0123,0x240d,0x1cce,
  0x140d,0x1b8a,0x09e4,0x01a3,0x09a3,0x0a06,0x1b6a,0x1b49,0x22a8,0x23ec,0x2d10,0x236a,0x1245,0x1389,0x1307,0x0a04,
  0x1369,0x0cad,0x15d0,0x0f76,0x0f35,0x16d4,0x1776,0x0754,0x0f33,0x0f33,0x0eb1,0x06d1,0x06d2,0x0e70,0x0f35,0x07fb,
  0x07fa,0x0f98,0x16d5,0x1611,0x15ef,0x1610,0x0f55,0x07d8,0x07f9,0x07f9,0x07f9,0x07f9,0x07fa,0x07fa,0x07f9,0x07f8,
  0x07f8,0x07fa,0x07fb,0x07fb,0x07fc,0x07d8,0x07d6,0x07fb,0x07fb,0x07fb,0x0f16,0x1755,0x0f55,0x0f13,0x0ed3,0x0ed3,
  0x0e30,0x060e,0x0d2c,0x150d,0x0d8e,0x1716,0x0ffb,0x07fc,0x07fc,0x07fb,0x07d9,0x0796,0x07b6,0x07f9,0x07fb,0x07fc,
  0x07fc,0x07fa,0x0e94,0x0e95,0x0ffc,0x07fa,0x07f9,0x0f99,0x0f58,0x0590,0x0389,0x0205,0x00a2,0x0040,0x0041,0x0020,
  0x0000,0x0000,0x0000,0x0000,0x0020,0x0000,0x0000,0x0000,0x0000,0x0000,0x0000,0x0000,0x0000,0x0000,0x0000,0x0000,
  0x0000,0x0000,0x0000,0x0000,0x0020,0x0041,0x0882,0x0062,0x0020,0x0041,0x0062,0x0062,0x0020,0x0020,0x0020,0x0000,
  0x0903,0x19e7,0x0945,0x0145,0x09a6,0x0104,0x0103,0x00a1,0x08a1,0x0903,0x0a27,0x0a27,0x130b,0x1248,0x12ca,0x0a69,
  0x0164,0x0102,0x0902,0x0902,0x00c1,0x00c2,0x0060,0x0122,0x1ac8,0x1aa7,0x1ae8,0x12a7,0x1226,0x0101,0x09a4,0x09a3,
  0x0aa6,0x0b07,0x0b8a,0x146d,0x1cef,0x246e,0x244d,0x1b49,0x11a4,0x0a04,0x09c4,0x0963,0x0a86,0x13ca,0x156f,0x0ced,
  0x1e53,0x1e11,0x1d90,0x1737,0x1631,0x0cab,0x0c8b,0x0eb2,0x0774,0x0f53,0x06d2,0x0f54,0x0fd7,0x0f54,0x0f55,0x07db,
  0x07fb,0x07fb,0x0dd0,0x052d,0x0daf,0x0d6e,0x16d3,0x07b7,0x0fd9,0x07f8,0x07f9,0x07fa,0x07fa,0x07fa,0x07fa,0x07f9,
  0x07f8,0x07f9,0x07fb,0x07fb,0x07fc,0x07f8,0x07d6,0x07d8,0x07fb,0x07fc,0x07b9,0x0ef3,0x06f2,0x0f12,0x0ed3,0x0f15,
  0x16b2,0x1671,0x1d8f,0x1d90,0x1d8f,0x1610,0x0757,0x07db,0x07fc,0x07fc,0x07fb,0x07b7,0x0753,0x0fd7,0x07fa,0x07fc,
  0x07fc,0x07fc,0x158f,0x0408,0x0ffb,0x07d9,0x07f9,0x07fb,0x07fc,0x0e73,0x03a9,0x0245,0x00c2,0x0040,0x0021,0x0041,
  0x0000,0x0000,0x0000,0x0000,0x0000,0x0020,0x0020,0x0000,0x0000,0x0000,0x0000,0x0000,0x0020,0x0000,0x0000,0x0000,
  0x0000,0x0000,0x0000,0x0020,0x0020,0x0000,0x0021,0x0061,0x0041,0x0021,0x0882,0x0904,0x0021,0x0020,0x0040,0x0020,
  0x0081,0x00a2,0x0061,0x0061,0x00e3,0x0145,0x1248,0x1268,0x1207,0x09c5,0x1247,0x09e6,0x0124,0x00a1,0x0103,0x0144,
  0x01a5,0x0aa8,0x1bec,0x1b0a,0x00a1,0x0081,0x00a1,0x0122,0x09c4,0x0143,0x0122,0x09e4,0x1369,0x1307,0x1b49,0x1b2a,
  0x2570,0x250f,0x146d,0x138a,0x12a6,0x0a86,0x0a24,0x09a3,0x0a04,0x1b8a,0x1c4c,0x1cee,0x2570,0x2570,0x1d70,0x140b,
  0x0b28,0x0b27,0x0305,0x0e31,0x0eb3,0x15ef,0x16b2,0x1755,0x0f96,0x0f74,0x0f13,0x0e71,0x0e91,0x06d0,0x0734,0x07fb,
  0x07fb,0x07fc,0x0ef4,0x16d3,0x1f35,0x158f,0x1692,0x0f13,0x0797,0x07f8,0x07f9,0x07f9,0x07fa,0x07fa,0x07fa,0x07fa,
  0x07fa,0x07fa,0x07fb,0x07fb,0x07fc,0x07f9,0x07b4,0x07b5,0x07d8,0x07fa,0x07fc,0x07fc,0x0fb8,0x0f54,0x0f13,0x0f34,
  0x0eb1,0x15ef,0x0c6a,0x0ccb,0x0cec,0x0dae,0x16b3,0x0f36,0x07fb,0x07dc,0x07fc,0x07fb,0x0754,0x0774,0x07d8,0x07fb,
  0x07db,0x07fd,0x1613,0x02e4,0x0e74,0x0ffb,0x0796,0x07d8,0x0ffc,0x0e11,0x0429,0x02e7,0x0103,0x0040,0x0021,0x0041,
  0x0000,0x0000,0x0000,0x0000,0x0000,0x0000,0x0020,0x0000,0x0000,0x0000,0x0000,0x0000,0x0020,0x0000,0x0000,0x0000,
  0x0000,0x0020,0x0021,0x0041,0x0041,0x0000,0x0062,0x08c3,0x0061,0x0020,0x0882,0x0082,0x0021,0x0020,0x0040,0x0040,
  0x0020,0x0020,0x0020,0x11c6,0x0aca,0x1269,0x1206,0x09a5,0x0102,0x00a1,0x08c2,0x08c2,0x0985,0x12a9,0x138c,0x0bcd,
  0x130a,0x1227,0x1288,0x09e6,0x00a1,0x0923,0x0164,0x00a1,0x00e2,0x0102,0x0101,0x1b29,0x24ae,0x1baa,0x1309,0x1226,
  0x0a05,0x0162,0x0265,0x0c4b,0x0d0f,0x1e94,0x2d2f,0x1ae8,0x23ab,0x1b6a,0x1bab,0x12c6,0x0a03,0x0a64,0x0b48,0x0b06,
  0x1bc8,0x1d2e,0x1d4f,0x1d6f,0x1797,0x1652,0x0df0,0x0e10,0x06f3,0x0733,0x0f12,0x0e6f,0x0714,0x07b6,0x07b5,0x07fb,
  0x07fc,0x07fb,0x0f13,0x0e71,0x0e30,0x14ec,0x0dae,0x0f12,0x0f76,0x07f8,0x07f9,0x07f9,0x07fa,0x07f9,0x07f9,0x07fa,
  0x07fb,0x07fb,0x07fa,0x07fb,0x07fb,0x07fa,0x07b5,0x07b5,0x07b6,0x07b6,0x07d8,0x07fc,0x07fa,0x0734,0x06d1,0x0ef2,
  0x0ed2,0x0e72,0x152d,0x1d6e,0x1611,0x1672,0x15f1,0x15ef,0x0779,0x07fd,0x07fc,0x07fc,0x07f9,0x0796,0x07b5,0x07f9,
  0x07fb,0x07fc,0x0ffc,0x148d,0x03a7,0x1716,0x0e92,0x06f4,0x0ffb,0x0e52,0x1eb2,0x0b89,0x00e3,0x0041,0x0021,0x0041,
  0x0000,0x0000,0x0000,0x0000,0x0000,0x0020,0x0000,0x0000,0x0000,0x0000,0x0000,0x0000,0x0000,0x0000,0x0000,0x0000,
  0x0000,0x0000,0x0021,0x0062,0x0041,0x0020,0x0021,0x0041,0x0041,0x0020,0x0041,0x08c3,0x0062,0x0020,0x0040,0x0040,
  0x0041,0x0041,0x0060,0x08e3,0x0104,0x0103,0x0144,0x0a27,0x1206,0x1164,0x11a5,0x11c6,0x11e7,0x0a66,0x0984,0x0103,
  0x00e2,0x00e2,0x09a5,0x12e9,0x12e9,0x138b,0x1c8e,0x0a47,0x00c1,0x00e1,0x0102,0x0963,0x0163,0x0142,0x0142,0x0143,
  0x0163,0x00e1,0x0b8a,0x2673,0x1d0f,0x14ad,0x12e7,0x09a3,0x0a25,0x12c6,0x0b48,0x1389,0x1d0f,0x1d91,0x25b1,0x244c,
  0x1ba9,0x13c8,0x13a8,0x0b06,0x1651,0x0ef3,0x0610,0x0e72,0x0fb7,0x07f7,0x0fd7,0x0ed2,0x0f75,0x07d7,0x07b6,0x07da,
  0x07fc,0x07fc,0x0f56,0x0f14,0x0f35,0x1e73,0x1e11,0x1754,0x0f34,0x0f35,0x0777,0x07d8,0x07fa,0x07f8,0x07f9,0x07fb,
  0x07fb,0x07fa,0x07fa,0x07fb,0x07fb,0x07fb,0x07b5,0x07b4,0x0794,0x0774,0x0795,0x0ffa,0x07fb,0x0fb8,0x0755,0x0f35,
  0x1734,0x16d3,0x15ad,0x14ab,0x0cab,0x0d6e,0x0d2e,0x150c,0x0ed6,0x07fe,0x07db,0x07fb,0x07fc,0x07fb,0x07d7,0x07b5,
  0x07f9,0x07fb,0x07fb,0x1e54,0x02e5,0x0c6b,0x0d4e,0x0d8f,0x0f37,0x0f76,0x152e,0x0a66,0x00e2,0x0041,0x0041,0x0041,
  0x0000,0x0000,0x0000,0x0000,0x0000,0x0020,0x0000,0x0000,0x0000,0x0000,0x0000,0x0020,0x0000,0x0000,0x0020,0x0020,
  0x0000,0x0000,0x0020,0x0021,0x0041,0x0021,0x0021,0x0882,0x0062,0x0020,0x0041,0x08e3,0x08a3,0x0020,0x0040,0x0020,
  0x0040,0x0040,0x0040,0x0000,0x09c5,0x0a88,0x12e9,0x136b,0x0985,0x00e2,0x00c1,0x0102,0x0943,0x0a47,0x0a68,0x12ea,
  0x138b,0x1b2a,0x130a,0x132a,0x0a46,0x0984,0x1226,0x0a26,0x0a66,0x1309,0x09a4,0x0122,0x0163,0x0162,0x0163,0x0163,
  0x0163,0x0163,0x09c5,0x0a05,0x09e4,0x0a65,0x1388,0x1b27,0x24ad,0x2632,0x254f,0x14ad,0x142b,0x0ac7,0x0aa6,0x0264,
  0x1368,0x150d,0x1d71,0x1cce,0x154c,0x1797,0x1755,0x1670,0x0f33,0x0f33,0x0794,0x06b0,0x0714,0x07fb,0x07fa,0x07fb,
  0x07fc,0x07fc,0x0f97,0x1713,0x0eb3,0x154e,0x0c6b,0x0d8e,0x0ed3,0x0e93,0x0e94,0x07f9,0x07fa,0x07f8,0x07f8,0x07fb,
  0x07fb,0x07fa,0x07fa,0x07fb,0x07fb,0x07fb,0x07d7,0x07b4,0x0795,0x0fb5,0x0fb7,0x0796,0x07d8,0x07b6,0x0733,0x0f13,
  0x0e2f,0x0e51,0x0dce,0x154d,0x156e,0x1672,0x1e93,0x1dcf,0x0e10,0x0fdb,0x07fb,0x07fc,0x07fc,0x07fc,0x07fb,0x0753,
  0x07b6,0x07f9,0x07fa,0x1779,0x0388,0x0327,0x03a9,0x0b88,0x050e,0x1e94,0x02e6,0x01a3,0x00a1,0x0041,0x0041,0x0041,
  0x0000,0x0000,0x0000,0x0000,0x0000,0x0000,0x0000,0x0000,0x0000,0x0000,0x0000,0x0000,0x0000,0x0000,0x0020,0x0020,
  0x0020,0x0000,0x0041,0x0041,0x0882,0x0041,0x0021,0x0062,0x0062,0x0000,0x0020,0x00a2,0x0082,0x0021,0x0040,0x0020,
  0x0040,0x0040,0x0041,0x0041,0x08c3,0x0903,0x00a1,0x0123,0x0903,0x0924,0x0945,0x12a8,0x1309,0x13ed,0x0c0d,0x12c9,
  0x0a06,0x09c5,0x0944,0x0963,0x0984,0x136a,0x12e8,0x0ae8,0x2612,0x2550,0x0984,0x00c1,0x0163,0x0163,0x0163,0x0163,
  0x0163,0x0183,0x0183,0x0122,0x1328,0x1b8a,0x1baa,0x12c7,0x0ae7,0x0ac7,0x0204,0x01c2,0x0c2b,0x158f,0x1e93,0x1d90,
  0x248d,0x2633,0x1d6f,0x1cab,0x0b05,0x0def,0x0ef1,0x064f,0x0f54,0x0775,0x07b7,0x0f76,0x0f75,0x07fa,0x07fc,0x07fc,
  0x07fc,0x07fc,0x07b8,0x0e92,0x0e0f,0x154e,0x152d,0x1eb3,0x16b4,0x1e73,0x0db1,0x07d8,0x07d9,0x07f8,0x07f8,0x07fa,
  0x07fa,0x07fa,0x07fa,0x07fb,0x07fb,0x07fb,0x07d9,0x07b6,0x0796,0x0754,0x0773,0x0f53,0x0796,0x07f9,0x07b8,0x0fda,
  0x1673,0x0ed3,0x1ef5,0x1dd0,0x1cec,0x14ed,0x0d8e,0x152c,0x0ceb,0x0ed4,0x0ffb,0x07fc,0x07fc,0x07fc,0x07fc,0x07b8,
  0x07b4,0x07f7,0x07d9,0x07fc,0x0db1,0x0306,0x02c6,0x02e5,0x04ed,0x1ef6,0x0327,0x01e5,0x00c2,0x0041,0x0041,0x0041,
  0x0000,0x0000,0x0000,0x0000,0x0000,0x0000,0x0000,0x0000,0x0000,0x0000,0x0000,0x0000,0x0000,0x0000,0x0020,0x0020,
  0x0020,0x0000,0x0021,0x0041,0x0021,0x0021,0x0001,0x0041,0x0082,0x0020,0x0041,0x1166,0x08a3,0x0020,0x0040,0x0020,
  0x0040,0x0040,0x0040,0x0041,0x0041,0x0040,0x0000,0x1206,0x1b0a,0x11c5,0x0985,0x0123,0x0984,0x09a4,0x0163,0x0184,
  0x0a87,0x1a88,0x1bcb,0x1c0c,0x0a87,0x1c6e,0x12a7,0x0162,0x0a65,0x0a05,0x0a04,0x0aa6,0x0183,0x0143,0x0163,0x0163,
  0x0183,0x0183,0x0183,0x0983,0x01e4,0x01e4,0x01a3,0x01e4,0x01c4,0x09a4,0x09e3,0x0244,0x256f,0x1d4f,0x1d6f,0x1c2b,
  0x0244,0x0b88,0x0b88,0x0c8c,0x1db0,0x0ef4,0x0ff7,0x07d6,0x07d7,0x07d7,0x07d6,0x0795,0x0731,0x07d7,0x07fc,0x07fc,
  0x07fc,0x07fc,0x07fb,0x0f56,0x1651,0x1d8f,0x1cab,0x1ccb,0x140a,0x0ccc,0x154f,0x0f55,0x0f98,0x07f8,0x07f9,0x07fa,
  0x07fa,0x07fb,0x07fa,0x07fa,0x07fb,0x07fb,0x07fa,0x07f8,0x07f9,0x0755,0x0f74,0x07b6,0x07b7,0x07d9,0x07fb,0x07fd,
  0x1694,0x156d,0x154e,0x14ab,0x13c9,0x0d4e,0x0eb2,0x1df1,0x1d90,0x16d4,0x0eb3,0x0f58,0x07fb,0x07fc,0x07fc,0x0fdb,
  0x07b7,0x07d5,0x07f7,0x07db,0x0f98,0x056d,0x050d,0x0631,0x0f98,0x1612,0x046a,0x0389,0x0184,0x00a1,0x0041,0x0041,
  0x0000,0x0000,0x0000,0x0000,0x0000,0x0000,0x0000,0x0020,0x0000,0x0000,0x0000,0x0000,0x0020,0x0020,0x0020,0x0020,
  0x0020,0x0020,0x0021,0x0041,0x0041,0x0882,0x0021,0x0041,0x0062,0x0040,0x0021,0x0083,0x0062,0x0041,0x0040,0x0040,
  0x0040,0x0040,0x0040,0x0041,0x0061,0x0061,0x0061,0x00c2,0x0103,0x0081,0x0102,0x12c8,0x1267,0x1b6b,0x1c4e,0x1b4a,
  0x1369,0x09c5,0x1246,0x1246,0x0142,0x09a3,0x0a45,0x0b89,0x1c0b,0x1d0e,0x1e32,0x2d70,0x0aa6,0x0101,0x0122,0x0163,
  0x0184,0x0184,0x01a3,0x01a4,0x01a4,0x01c4,0x01e4,0x0204,0x0204,0x0224,0x0224,0x0244,0x02a6,0x0284,0x0203,0x0bea,
  0x16b3,0x1e11,0x25f2,0x2693,0x1d6e,0x15f1,0x0ed3,0x0752,0x0795,0x07b6,0x07d6,0x07b6,0x0796,0x07d9,0x07fc,0x07fc,
  0x07fb,0x07fc,0x07fb,0x0f36,0x0e50,0x0cec,0x13e9,0x152e,0x1d2e,0x1dd0,0x1dd0,0x1652,0x0ed2,0x0f35,0x0fd9,0x07fa,
  0x07fb,0x07fb,0x07fa,0x07f9,0x07fb,0x07f8,0x07f6,0x07d7,0x07f9,0x0795,0x0733,0x0775,0x0774,0x0755,0x07fa,0x07fd,
  0x0f56,0x15ef,0x156e,0x1daf,0x1d6e,0x1651,0x0ef3,0x0dcf,0x148b,0x14cc,0x0caa,0x0df0,0x0f56,0x07fb,0x07fc,0x07fc,
  0x07fc,0x07b7,0x0ff8,0x0f99,0x0798,0x0ff8,0x07f8,0x07f9,0x0ffa,0x0d6e,0x0cec,0x1631,0x0baa,0x0122,0x0060,0x0821,
  0x0000,0x0000,0x0000,0x0020,0x0000,0x0000,0x0000,0x0020,0x0000,0x0000,0x0000,0x0000,0x0020,0x0020,0x0020,0x0020,
  0x0020,0x0000,0x0021,0x0061,0x0041,0x0041,0x0021,0x0021,0x0041,0x0061,0x0000,0x08a3,0x1124,0x00a2,0x0040,0x0040,
  0x0040,0x0040,0x0040,0x0041,0x0061,0x0061,0x0061,0x0040,0x0061,0x0061,0x0103,0x1c2d,0x1ac9,0x1247,0x0b09,0x09c5,
  0x00e2,0x0983,0x09a3,0x1225,0x1c2c,0x1d2f,0x1db1,0x1d91,0x1c2c,0x136a,0x134a,0x0a86,0x0286,0x0b69,0x0b49,0x12a7,
  0x0204,0x0183,0x01a3,0x01a3,0x01a3,0x01e4,0x01e4,0x0204,0x0204,0x0225,0x0245,0x0245,0x0265,0x0286,0x0a45,0x0bca,
  0x15b0,0x13c9,0x0b88,0x0bc8,0x0ae5,0x14ed,0x0713,0x07d7,0x07d8,0x07d8,0x07d7,0x07b6,0x07b6,0x07d7,0x07fb,0x07fc,
  0x07fb,0x07fc,0x07fc,0x07fa,0x0f96,0x1eb4,0x1d4f,0x1dd1,0x1d0d,0x1ccd,0x1d0c,0x152c,0x156d,0x0e92,0x0f55,0x0797,
  0x07fb,0x07fb,0x07f9,0x07f8,0x07f9,0x07d6,0x07d5,0x07d6,0x07f9,0x0795,0x0732,0x0f95,0x0f95,0x0fb6,0x07d8,0x07fc,
  0x07fa,0x0ef3,0x1d2c,0x1409,0x0d4d,0x0dae,0x0e51,0x0e30,0x152c,0x158e,0x1d2d,0x1d6e,0x16b2,0x1591,0x0e75,0x0f57,
  0x0f57,0x0f38,0x1570,0x1694,0x0ef5,0x0ff8,0x07d8,0x07f8,0x1735,0x1dd1,0x0306,0x0c2b,0x1f78,0x0ccf,0x0142,0x0040,
  0x0000,0x0000,0x0020,0x0020,0x0000,0x0000,0x0000,0x0000,0x0000,0x0000,0x0000,0x0000,0x0020,0x0020,0x0020,0x0020,
  0x0020,0x0020,0x0020,0x0041,0x0041,0x0061,0x0041,0x0041,0x08a2,0x0082,0x0001,0x0062,0x0082,0x0041,0x0020,0x0020,
  0x0040,0x0040,0x0040,0x0041,0x0061,0x0061,0x0061,0x0081,0x0081,0x00a1,0x0080,0x00c2,0x00a1,0x00a1,0x00c1,0x1baa,
  0x1ac8,0x1bec,0x1b6a,0x1226,0x134a,0x136a,0x0a86,0x0205,0x0205,0x0328,0x0c0b,0x14ae,0x1dd2,0x2694,0x1cad,0x0a65,
  0x01c3,0x0142,0x01c3,0x0204,0x0a24,0x0204,0x0204,0x0224,0x0224,0x0225,0x0245,0x0285,0x0285,0x02a5,0x02c6,0x0388,
  0x046a,0x0d4d,0x1611,0x1632,0x1dd0,0x1ef4,0x1755,0x0775,0x07b6,0x07f7,0x07d6,0x07d5,0x0794,0x07d6,0x07fb,0x07fc,
  0x07fb,0x07fc,0x07fc,0x07db,0x0f35,0x0eb2,0x0c49,0x0be8,0x14aa,0x1ccc,0x156f,0x15f1,0x1e10,0x1672,0x0f34,0x0f14,
  0x07fa,0x07fb,0x07fa,0x07f8,0x07f8,0x07f8,0x07d6,0x07f7,0x07f9,0x07b6,0x0773,0x0f53,0x0ed1,0x06f2,0x0754,0x0fda,
  0x07fb,0x0778,0x0eb4,0x15d0,0x16b2,0x16b3,0x16f5,0x16b3,0x1df0,0x156d,0x14aa,0x0c6b,0x0d4d,0x140a,0x1570,0x16d3,
  0x0eb1,0x2737,0x0285,0x150e,0x1672,0x0f96,0x07d7,0x07f8,0x0d0e,0x0a46,0x0141,0x00a0,0x044d,0x1ffb,0x16b5,0x0b6a,
  0x0000,0x0000,0x0020,0x0020,0x0000,0x0000,0x0000,0x0000,0x0000,0x0000,0x0000,0x0000,0x0020,0x0020,0x0020,0x0020,
  0x0020,0x0020,0x0020,0x0061,0x0061,0x0041,0x0041,0x0021,0x0061,0x0061,0x0021,0x0082,0x08e4,0x08c3,0x0041,0x0040,
  0x0040,0x0040,0x0040,0x0041,0x0061,0x0061,0x0061,0x0081,0x0081,0x0081,0x0081,0x00a1,0x00c1,0x00c1,0x00c1,0x09c5,
  0x09a5,0x09c5,0x0a05,0x0983,0x0122,0x1266,0x148e,0x15b1,0x15f1,0x15d0,0x1cce,0x1c2a,0x0b88,0x0b27,0x0285,0x0ae7,
  0x0bca,0x1ced,0x154e,0x1c6b,0x23ea,0x0245,0x0224,0x0244,0x0285,0x02c6,0x02e6,0x0285,0x0327,0x144b,0x1652,0x1755,
  0x1796,0x26b4,0x14ee,0x156f,0x0be9,0x0b48,0x0ccb,0x0f14,0x07b6,0x07f7,0x07f7,0x07f7,0x07d7,0x07d7,0x07fb,0x07fc,
  0x07fc,0x07fb,0x07fc,0x07fa,0x0776,0x0f15,0x1672,0x1dd0,0x1e52,0x1d6f,0x158f,0x1dd0,0x156d,0x154d,0x0e30,0x0e92,
  0x0fb8,0x07fb,0x07fb,0x07fa,0x07f9,0x07f9,0x07f8,0x07f8,0x07fa,0x07f8,0x0795,0x0753,0x0ef1,0x0f13,0x07d9,0x07fc,
  0x07fb,0x07fd,0x07bb,0x1673,0x1651,0x1630,0x0df0,0x0d6d,0x0e0f,0x0e92,0x0e10,0x0d6f,0x1631,0x150c,0x0ccd,0x1f35,
  0x156e,0x1c2b,0x01a2,0x14ad,0x15f1,0x0ef4,0x07f8,0x0ff7,0x0c6a,0x00a0,0x0041,0x0081,0x0142,0x03cb,0x1f37,0x2694,
  0x0000,0x0000,0x0020,0x0040,0x0000,0x0000,0x0000,0x0000,0x0000,0x0000,0x0000,0x0000,0x0020,0x0020,0x0020,0x0020,
  0x0020,0x0020,0x0020,0x0040,0x0041,0x0021,0x0041,0x0041,0x0082,0x08a2,0x0041,0x0062,0x1124,0x00c2,0x0020,0x0040,
  0x0040,0x0040,0x0040,0x0061,0x0061,0x0061,0x0061,0x0081,0x0081,0x00a1,0x0081,0x00a1,0x00c2,0x00a1,0x00c1,0x00a1,
  0x00c1,0x0102,0x2288,0x09c5,0x09a4,0x1287,0x1328,0x13aa,0x1349,0x0ae7,0x0b27,0x0c4b,0x144c,0x15f0,0x1e92,0x1db0,
  0x1d90,0x15b0,0x14ac,0x0ae6,0x0306,0x02a5,0x0b88,0x0c2a,0x15d0,0x158f,0x254e,0x02c5,0x1388,0x142a,0x1631,0x0d0d,
  0x0c0a,0x0b27,0x0264,0x0265,0x0285,0x0204,0x03ea,0x1754,0x0f13,0x0775,0x07d6,0x07d6,0x07d8,0x07f8,0x07fa,0x07fc,
  0x07fc,0x07fc,0x07fc,0x07fb,0x07d8,0x0f96,0x1630,0x0c4a,0x0c6a,0x1449,0x14ed,0x0def,0x0dcf,0x0dcf,0x1693,0x1692,
  0x0f35,0x07d9,0x07fb,0x07fb,0x07fb,0x07fa,0x07fa,0x07fb,0x07fb,0x07fb,0x07fa,0x0fd9,0x0795,0x0f75,0x07fa,0x07dc,
  0x07fb,0x07fc,0x0f79,0x0def,0x0e51,0x0daf,0x15d0,0x1daf,0x0df2,0x0ffa,0x1651,0x0d8e,0x156e,0x0caa,0x0367,0x158f,
  0x154e,0x0285,0x02a6,0x02a7,0x02a7,0x03ea,0x07d8,0x0ff7,0x0d4e,0x0142,0x0061,0x0041,0x00a2,0x08e3,0x09c5,0x0943,
  0x0000,0x0000,0x0000,0x0020,0x0000,0x0000,0x0000,0x0000,0x0000,0x0000,0x0000,0x0000,0x0000,0x0020,0x0020,0x0020,
  0x0020,0x0020,0x0020,0x0041,0x0041,0x0041,0x0061,0x0041,0x0061,0x0061,0x0041,0x0021,0x0040,0x00c2,0x0081,0x0020,
  0x0040,0x0040,0x0040,0x0040,0x0061,0x0061,0x0061,0x0081,0x0081,0x00a1,0x0081,0x00a1,0x00c2,0x00c2,0x00c2,0x00e2,
  0x00e2,0x0102,0x0122,0x0122,0x0123,0x0122,0x00e1,0x0142,0x146c,0x1d0e,0x1d70,0x1df2,0x1d0e,0x146b,0x1409,0x0284,
  0x0a44,0x0b67,0x0c6b,0x0c2a,0x154d,0x156e,0x1df0,0x0def,0x1650,0x150c,0x14cb,0x0429,0x0c2a,0x0b88,0x252e,0x0b89,
  0x0224,0x0265,0x0286,0x0286,0x02a6,0x0286,0x02e7,0x154d,0x0def,0x0733,0x07b6,0x07f7,0x07fa,0x07fa,0x07f8,0x07fb,
  0x07fc,0x07fc,0x07fc,0x07fa,0x07b8,0x0ff9,0x0e30,0x152b,0x15cf,0x15ef,0x1df1,0x16f4,0x1671,0x1630,0x15f0,0x0e0e,
  0x06b2,0x07b8,0x07fb,0x07fa,0x07fb,0x07fa,0x07fa,0x07fb,0x07fb,0x07fb,0x07fb,0x07fa,0x07b6,0x0796,0x07da,0x07fc,
  0x07fc,0x07fc,0x0f79,0x060f,0x16d2,0x156e,0x152c,0x0caa,0x0c8c,0x0fda,0x0e52,0x0e2f,0x05ce,0x15af,0x1d8e,0x0d0c,
  0x150d,0x152d,0x156f,0x0225,0x0121,0x02e7,0x1756,0x07f7,0x0f35,0x02a7,0x0040,0x0041,0x0041,0x0841,0x0040,0x0040,
  0x0000,0x0000,0x0000,0x0020,0x0020,0x0000,0x0000,0x0000,0x0000,0x0000,0x0000,0x0000,0x0020,0x0020,0x0020,0x0020,
  0x0020,0x0020,0x0041,0x0040,0x0041,0x0021,0x0041,0x0061,0x0061,0x0082,0x08a2,0x0082,0x0041,0x08c3,0x11e6,0x0944,
  0x0020,0x0061,0x0040,0x0061,0x0061,0x0061,0x0081,0x0081,0x0081,0x0081,0x0081,0x00a1,0x00c2,0x00c2,0x00c2,0x00c2,
  0x00e2,0x00e2,0x0102,0x0102,0x0102,0x0122,0x0143,0x0143,0x13ca,0x1369,0x0ae8,0x0265,0x0a04,0x0b89,0x0cac,0x0d8f,
  0x1672,0x1734,0x0f95,0x1f34,0x0dae,0x156d,0x0dae,0x0e71,0x0ed3,0x0df0,0x0e30,0x1713,0x1f14,0x144b,0x0ba9,0x0b48,
  0x0286,0x0286,0x0286,0x0286,0x0286,0x0286,0x0306,0x1e51,0x1671,0x0f74,0x0f96,0x0f75,0x0776,0x07f8,0x07f9,0x07fb,
  0x07fc,0x07fc,0x07fc,0x07fa,0x07d7,0x07fa,0x0f77,0x15ef,0x1d6e,0x150c,0x14ac,0x0e10,0x0e70,0x0e30,0x1630,0x0eb1,
  0x0714,0x07b8,0x0ffb,0x07fa,0x07fa,0x07d7,0x0795,0x0fd9,0x07fb,0x07fc,0x07fc,0x07fb,0x07fa,0x07fb,0x07fc,0x07fc,
  0x07fc,0x07fb,0x0fdb,0x0e31,0x0def,0x154d,0x0d6d,0x0dcf,0x1dd1,0x0fba,0x06f5,0x0e30,0x0f13,0x0e91,0x154d,0x0d2c,
  0x0cab,0x156e,0x150e,0x0286,0x0163,0x0246,0x154f,0x0ef3,0x0ff9,0x0e33,0x01a4,0x0080,0x0820,0x0040,0x0020,0x0021,
  0x0000,0x0000,0x0020,0x0020,0x0000,0x0000,0x0000,0x0000,0x0000,0x0000,0x0000,0x0000,0x0020,0x0020,0x0020,0x0020,
  0x0021,0x0021,0x0021,0x0021,0x0021,0x0041,0x0062,0x08a2,0x0882,0x0061,0x0061,0x0061,0x0021,0x0041,0x09a6,0x0985,
  0x0020,0x0040,0x0040,0x0061,0x0061,0x0061,0x0081,0x0081,0x0081,0x0081,0x00a1,0x00a1,0x00c2,0x00c2,0x00c2,0x00c2,
  0x00e2,0x00e2,0x0102,0x0102,0x0102,0x0122,0x0123,0x0143,0x0142,0x00e1,0x12e7,0x1b08,0x0142,0x148c,0x1e93,0x1590,
  0x0d2e,0x0cec,0x0e30,0x0daf,0x0dae,0x0e92,0x16b1,0x0f57,0x0ffa,0x1777,0x1610,0x15cf,0x0cab,0x0367,0x02a6,0x02a6,
  0x0286,0x0286,0x0286,0x0286,0x0286,0x0286,0x02a6,0x254e,0x0c2a,0x1691,0x06d2,0x06b1,0x06f2,0x07b7,0x07fb,0x07fc,
  0x07fc,0x07fc,0x07fb,0x07f7,0x07d5,0x07d8,0x0797,0x0df0,0x1631,0x156e,0x256f,0x1692,0x1754,0x1692,0x0eb2,0x0f14,
  0x07d8,0x07fa,0x07fb,0x07fa,0x07f8,0x0f95,0x06f2,0x0f14,0x07fb,0x07fc,0x07fc,0x07fc,0x07fc,0x07fc,0x07fa,0x07f9,
  0x07fb,0x07fb,0x07fc,0x07da,0x0f35,0x1e30,0x158e,0x1df0,0x156e,0x0f58,0x0f36,0x054d,0x0f35,0x1754,0x156e,0x0dcf,
  0x1651,0x15d1,0x1e11,0x02c6,0x01a4,0x01a4,0x0347,0x0e0f,0x0fd7,0x0ff9,0x14ef,0x0163,0x0082,0x0040,0x0041,0x0021,
  0x0000,0x0020,0x0020,0x0000,0x0000,0x0000,0x0000,0x0000,0x0000,0x0000,0x0000,0x0000,0x0020,0x0020,0x0020,0x0020,
  0x0021,0x0021,0x0041,0x0021,0x0021,0x0041,0x0041,0x0021,0x0041,0x0061,0x0062,0x0082,0x0041,0x0062,0x0985,0x0144,
  0x0965,0x00c2,0x0020,0x0061,0x0061,0x0061,0x0081,0x0081,0x0081,0x0081,0x00a1,0x00a1,0x00c2,0x00c2,0x00c2,0x00c2,
  0x00e2,0x00e2,0x0102,0x0102,0x0102,0x0122,0x0143,0x0143,0x0163,0x0163,0x01c4,0x0a04,0x01a3,0x0204,0x02a6,0x0264,
  0x0327,0x0c49,0x0d6d,0x0e51,0x1735,0x0f76,0x07b7,0x07db,0x07fc,0x0fb9,0x058d,0x03a7,0x0367,0x0327,0x0307,0x02e7,
  0x02a6,0x0286,0x0286,0x0286,0x0286,0x0286,0x0265,0x0c4a,0x0def,0x0e90,0x0ef2,0x16d4,0x0eb3,0x0712,0x07da,0x07fc,
  0x07fc,0x07fc,0x07fb,0x07f8,0x07d7,0x07d7,0x0ff9,0x0f56,0x0f96,0x1651,0x1d6e,0x154d,0x0e30,0x0dae,0x05ad,0x0ed3,
  0x07f9,0x07fa,0x07fb,0x07fa,0x07f7,0x0795,0x0ef2,0x0e71,0x07b8,0x07d9,0x07fb,0x07fb,0x07fb,0x07fb,0x07fa,0x07d6,
  0x07d8,0x07fb,0x07fc,0x07fc,0x0796,0x0d8c,0x13c8,0x152c,0x0c27,0x0df4,0x0ffc,0x0e31,0x0f96,0x0f96,0x15af,0x14ec,
  0x1d4e,0x150d,0x1d6e,0x02e7,0x0183,0x0162,0x0285,0x04ac,0x0fb8,0x0ffa,0x1716,0x0348,0x0163,0x0041,0x0020,0x0040,
  0x0000,0x0020,0x0020,0x0000,0x0000,0x0000,0x0000,0x0000,0x0000,0x0000,0x0000,0x0000,0x0020,0x0020,0x0020,0x0020,
  0x0020,0x0021,0x0021,0x0021,0x0021,0x0041,0x0062,0x0062,0x00a2,0x00a2,0x08c3,0x00a2,0x0040,0x0061,0x0103,0x0a28,
  0x1289,0x0924,0x0000,0x0061,0x0061,0x0061,0x0081,0x0081,0x0081,0x0081,0x00a1,0x00a1,0x00c2,0x00c2,0x00c2,0x00c2,
  0x00e2,0x00e2,0x0102,0x0102,0x0102,0x0122,0x0143,0x0143,0x0163,0x0163,0x0183,0x0163,0x01e4,0x0224,0x0265,0x02c6,
  0x0348,0x0c2a,0x054c,0x0e50,0x0f77,0x0797,0x07fc,0x07fd,0x07dd,0x07fb,0x0f76,0x04ed,0x0d0d,0x03c9,0x0327,0x0348,
  0x02c7,0x02a6,0x0286,0x0286,0x0286,0x02a6,0x0265,0x0d6e,0x1795,0x0671,0x0e70,0x0dae,0x05ad,0x0670,0x0f99,0x07fc,
  0x07fc,0x07fc,0x07fb,0x07d7,0x07b6,0x0754,0x0ef3,0x0f55,0x0e92,0x15cf,0x0d2c,0x158e,0x0ef4,0x1e72,0x0eb2,0x0774,
  0x07d8,0x07fb,0x07fb,0x07f9,0x07f7,0x07d6,0x06b1,0x0e30,0x0f56,0x0777,0x07fb,0x07fb,0x07fc,0x07fc,0x07fb,0x07d6,
  0x0733,0x07da,0x07fc,0x07fb,0x0fd8,0x1630,0x1ccc,0x1d6f,0x1ccb,0x0d50,0x0ffb,0x0e51,0x0733,0x06d3,0x15cf,0x14cc,
  0x14ed,0x0c4a,0x258f,0x13a9,0x0182,0x0183,0x0224,0x0b08,0x1d90,0x0e34,0x0fda,0x0c6d,0x01c4,0x0061,0x0020,0x0040,
  0x0000,0x0020,0x0020,0x0000,0x0000,0x0000,0x0000,0x0000,0x0000,0x0000,0x0000,0x0000,0x0020,0x0020,0x0020,0x0020,
  0x0020,0x0020,0x0020,0x0021,0x0021,0x0041,0x0082,0x0062,0x0062,0x0061,0x0062,0x0041,0x0040,0x0041,0x0944,0x09c6,
  0x0185,0x08c3,0x00a2,0x0061,0x0081,0x0061,0x0081,0x0081,0x0081,0x0081,0x00a1,0x00a1,0x00c2,0x00a2,0x00c2,0x00c2,
  0x00e2,0x00e2,0x0102,0x0102,0x0102,0x0122,0x0143,0x0143,0x0163,0x0163,0x01a4,0x01a4,0x01e5,0x0245,0x02c6,0x0327,
  0x0388,0x03c8,0x0e10,0x1757,0x07db,0x07db,0x07dd,0x07fd,0x07fd,0x0fdc,0x07fb,0x0fb9,0x1776,0x0cee,0x0347,0x0388,
  0x02e7,0x02a6,0x0286,0x0286,0x0286,0x02a6,0x0245,0x0ccb,0x0774,0x062f,0x0670,0x0e2f,0x160f,0x0eb3,0x0fda,0x07fc,
  0x07fc,0x07fc,0x07fa,0x07b6,0x0753,0x0ed2,0x0ed2,0x0f96,0x0f55,0x1eb3,0x1e52,0x1e52,0x1692,0x15ef,0x0def,0x0ff6,
  0x07d8,0x07fa,0x07fb,0x07f9,0x07d6,0x07d7,0x0f33,0x0e92,0x0f77,0x0798,0x07fa,0x07fb,0x07fc,0x07fc,0x07fc,0x0ff9,
  0x0ef2,0x0f58,0x07fc,0x0ffb,0x0f14,0x158e,0x0c2a,0x13a8,0x0c28,0x0e10,0x0f77,0x0eb3,0x0f55,0x0f76,0x1672,0x1d8f,
  0x1dd1,0x1c8d,0x1ced,0x1389,0x0223,0x136a,0x0225,0x01e3,0x0ac6,0x0cef,0x17fb,0x0d2f,0x01e5,0x0081,0x0020,0x0040,
  0x0000,0x0020,0x0020,0x0000,0x0000,0x0000,0x0000,0x0000,0x0000,0x0000,0x0000,0x0000,0x0020,0x0020,0x0020,0x0020,
  0x0020,0x0020,0x0020,0x0041,0x0882,0x0020,0x0040,0x0041,0x0061,0x0062,0x0082,0x0082,0x00a2,0x0041,0x0903,0x0145,
  0x1289,0x1289,0x1185,0x0060,0x0060,0x0060,0x0081,0x0081,0x0081,0x0081,0x0081,0x00a1,0x00c2,0x00a2,0x00c2,0x00c2,
  0x00e2,0x00e2,0x0102,0x0102,0x0102,0x0122,0x0123,0x0143,0x0163,0x0163,0x0184,0x01c5,0x0225,0x0286,0x0327,0x0389,
  0x042a,0x046a,0x0e55,0x07fe,0x17dd,0x1fdd,0x1fdd,0x0fdc,0x3fdd,0x47be,0x1fdb,0x07fa,0x0fb7,0x0d0d,0x0388,0x03a9,
  0x0307,0x02c6,0x02a6,0x0286,0x0286,0x0286,0x0245,0x0cab,0x0ff5,0x0670,0x0e71,0x0650,0x0d6d,0x054d,0x0f98,0x07fc,
  0x07fb,0x07fc,0x07fb,0x0fd7,0x0f54,0x16f3,0x0ed2,0x0f14,0x0f34,0x0dce,0x154d,0x0dae,0x15f0,0x160f,0x0e10,0x07f9,
  0x07fa,0x07fb,0x07fb,0x07f7,0x0795,0x0f95,0x0ef2,0x0e71,0x07b7,0x07f9,0x07f9,0x07fb,0x07fc,0x07fb,0x07fc,0x07fa,
  0x0f13,0x0737,0x07fc,0x07d7,0x0dce,0x152c,0x1ced,0x14ac,0x1df2,0x0f77,0x0ed3,0x16d2,0x0f33,0x0f54,0x0def,0x150d,
  0x1d2d,0x144a,0x1d4f,0x14ee,0x0264,0x1c4c,0x0224,0x0121,0x146c,0x1738,0x07fb,0x1613,0x01e5,0x0081,0x0020,0x0040,
  0x0000,0x0041,0x0020,0x0000,0x0000,0x0000,0x0000,0x0000,0x0000,0x0000,0x0000,0x0000,0x0020,0x0020,0x0020,0x0020,
  0x0020,0x0020,0x0020,0x0021,0x0061,0x0020,0x0041,0x0082,0x00c3,0x08a3,0x00a2,0x0903,0x1144,0x0061,0x08c3,0x08c3,
  0x1207,0x0985,0x00a1,0x0081,0x00e2,0x0903,0x0061,0x0081,0x0081,0x0081,0x0081,0x00a1,0x00c2,0x00a2,0x00c2,0x00c2,
  0x00e2,0x00e2,0x0102,0x0102,0x0102,0x0122,0x0123,0x0163,0x0163,0x0183,0x01a4,0x0205,0x0266,0x02e7,0x03a8,0x044a,
  0x048a,0x05d0,0x0fdb,0x27de,0x679d,0x67de,0x4fdd,0x4fdd,0x5fdd,0x57dd,0x37dc,0x07da,0x0f76,0x0daf,0x03c9,0x03c9,
  0x0327,0x02c6,0x02a6,0x0286,0x0286,0x0286,0x0245,0x0b88,0x0f13,0x066f,0x0690,0x0eb1,0x0e0f,0x0dce,0x0f15,0x07ba,
  0x07fc,0x07fc,0x07fb,0x07b6,0x0ef2,0x0e71,0x064f,0x06f3,0x0f76,0x1611,0x1652,0x16f4,0x1735,0x1e71,0x1611,0x07ba,
  0x07fc,0x07fb,0x07fa,0x07f8,0x0796,0x0f75,0x0754,0x0f34,0x07d7,0x07d7,0x07d7,0x07fa,0x07fc,0x07fc,0x07fc,0x07fa,
  0x0775,0x0777,0x07fc,0x0f54,0x15ee,0x158e,0x1cec,0x1c29,0x14ac,0x0e73,0x0f14,0x0734,0x0755,0x0775,0x16b3,0x1d70,
  0x156f,0x1651,0x1dd1,0x2590,0x0205,0x0225,0x0182,0x00e1,0x04ad,0x07fc,0x07fd,0x1635,0x0164,0x0041,0x0040,0x0020,
  0x0000,0x0061,0x0020,0x0000,0x0000,0x0000,0x0000,0x0000,0x0000,0x0000,0x0000,0x0000,0x0020,0x0020,0x0020,0x0020,
  0x0020,0x0020,0x0020,0x0000,0x08e3,0x0904,0x0904,0x08c3,0x1145,0x08c3,0x0882,0x0082,0x0082,0x0021,0x0061,0x0061,
  0x1165,0x0923,0x11c5,0x1248,0x1268,0x1a88,0x0061,0x0081,0x0081,0x0081,0x0081,0x00a1,0x00c2,0x00a2,0x00c2,0x00c2,
  0x00e2,0x00e2,0x0102,0x0102,0x0102,0x0122,0x0123,0x0163,0x0163,0x0183,0x01e5,0x0225,0x02a6,0x0327,0x03ea,0x04ec,
  0x050c,0x0736,0x27fc,0x57de,0x5fbc,0x77dd,0x67de,0x57bd,0x6fbd,0x77dd,0x57dd,0x07fa,0x0ff8,0x0f55,0x04ab,0x03a9,
  0x0348,0x02e7,0x02a6,0x0286,0x0286,0x0286,0x0348,0x0d4f,0x0f95,0x0690,0x0ed2,0x0f54,0x0f54,0x0e91,0x0778,0x07fc,
  0x07fc,0x07fc,0x07fb,0x07d9,0x07b6,0x0f55,0x1713,0x0f15,0x0fb8,0x15f0,0x15cf,0x0e92,0x06d2,0x0dcf,0x0e10,0x07b9,
  0x07fc,0x07fa,0x07f7,0x07f8,0x0796,0x0fb6,0x0f75,0x06d3,0x07d7,0x07d7,0x07f8,0x07d9,0x07fc,0x07fc,0x07fc,0x07fb,
  0x07fa,0x07db,0x07fa,0x0ed3,0x14eb,0x0c8b,0x0d4e,0x05ae,0x156e,0x1df0,0x0ef4,0x07d9,0x0fb9,0x0fb7,0x16d3,0x1ccd,
  0x0c2a,0x16d3,0x13aa,0x01c3,0x0142,0x0123,0x0163,0x0285,0x048c,0x0fba,0x07fb,0x16f7,0x0184,0x0020,0x0040,0x0020,
  0x0020,0x0020,0x0020,0x0000,0x0000,0x0000,0x0000,0x0000,0x0000,0x0000,0x0000,0x0000,0x0000,0x0020,0x0020,0x0020,
  0x0020,0x0020,0x0020,0x0020,0x08e3,0x0925,0x00a2,0x0061,0x0082,0x0082,0x0104,0x09a7,0x11e7,0x0965,0x0040,0x0040,
  0x08e3,0x0965,0x0985,0x11a6,0x0102,0x0103,0x00a1,0x00c2,0x1247,0x00c1,0x0081,0x00a1,0x00c2,0x00a2,0x00c2,0x00c2,
  0x00e2,0x00e2,0x0102,0x0102,0x0102,0x0122,0x0143,0x0163,0x0183,0x01c4,0x0205,0x0286,0x02e7,0x03ea,0x0ccd,0x05ae,
  0x0e31,0x07d9,0x27bc,0x67bd,0x679d,0x97de,0x7fbe,0x5f9d,0x77be,0x87de,0x5fdd,0x0fda,0x0e72,0x0f55,0x0d2e,0x03c9,
  0x0368,0x02e6,0x02a6,0x0286,0x0285,0x0245,0x1d2f,0x1ed4,0x0f34,0x0690,0x0670,0x06f2,0x0796,0x0f97,0x0fba,0x07fc,
  0x07fc,0x07fc,0x07fc,0x07f9,0x0fb6,0x0754,0x06b0,0x0ed3,0x07fa,0x16b4,0x0dce,0x06b3,0x0f55,0x16f3,0x0f75,0x07f9,
  0x07fc,0x07f8,0x07d6,0x07b5,0x0773,0x0774,0x0f75,0x0f56,0x07f8,0x07f7,0x07f9,0x07f8,0x07fc,0x07fb,0x07fc,0x07fb,
  0x07f9,0x07fa,0x0fb9,0x16b2,0x1dce,0x150d,0x16b3,0x1775,0x2673,0x1ccc,0x0d8e,0x07d8,0x07d9,0x0775,0x0eb1,0x152d,
  0x0ba8,0x1f78,0x1329,0x0080,0x00e2,0x0103,0x01c5,0x0b48,0x048c,0x0fb9,0x07d9,0x17fb,0x0b8a,0x0080,0x0020,0x0020,
  0x0061,0x0000,0x0020,0x0000,0x0000,0x0000,0x0000,0x0000,0x0000,0x0000,0x0000,0x0000,0x0000,0x0020,0x0020,0x0020,
  0x0020,0x0020,0x0020,0x0020,0x0021,0x0042,0x00a3,0x0945,0x00c3,0x08e3,0x09a6,0x09a6,0x09c6,0x0124,0x0041,0x0061,
  0x0020,0x00a1,0x00e3,0x0965,0x0a26,0x0a06,0x0984,0x11a5,0x22a9,0x0102,0x0081,0x00a1,0x00c2,0x00a2,0x00c2,0x00c2,
  0x00e2,0x00e2,0x0102,0x0102,0x0102,0x0122,0x0143,0x0163,0x0183,0x01e4,0x0225,0x0328,0x0368,0x048b,0x0e10,0x0eb2,
  0x0f36,0x07fb,0x1fdd,0x6fbe,0x6f9d,0x8fbe,0x77dd,0x4fbd,0x4fbd,0x67bd,0x47bd,0x0fda,0x0df0,0x16b3,0x04ed,0x03c9,
  0x0348,0x02e7,0x0286,0x0286,0x0265,0x0245,0x0ba9,0x0d6e,0x0def,0x0e90,0x0712,0x0795,0x0776,0x07f9,0x07db,0x07fc,
  0x07fc,0x07fc,0x07fb,0x07f9,0x0774,0x0733,0x0712,0x0f75,0x07fc,0x0f57,0x0ed3,0x07d9,0x0fb8,0x0f97,0x07d8,0x07f9,
  0x07fb,0x07d8,0x07d6,0x07b4,0x0f94,0x0f55,0x0ef2,0x0fb7,0x07f8,0x07f8,0x07f9,0x07f8,0x07fb,0x07fb,0x07fc,0x07fa,
  0x07f6,0x07f9,0x0fba,0x16b2,0x0dcd,0x0ceb,0x146a,0x14ec,0x0daf,0x0c6a,0x0ccb,0x0f97,0x07d9,0x0fb7,0x1734,0x1dcf,
  0x1c0a,0x1ef5,0x134a,0x0081,0x00c2,0x00e2,0x01a3,0x0224,0x046c,0x0fd9,0x0796,0x17d9,0x146d,0x00c1,0x0040,0x0020,
  0x0061,0x0000,0x0020,0x0000,0x0020,0x0000,0x0000,0x0000,0x0000,0x0000,0x0000,0x0000,0x0000,0x0020,0x0020,0x0020,
  0x0020,0x0020,0x0020,0x0020,0x0020,0x0021,0x0904,0x0945,0x08c2,0x0081,0x08e3,0x0082,0x0103,0x09c5,0x09e6,0x1268,
  0x00a2,0x0081,0x11a6,0x1227,0x1248,0x0985,0x0903,0x00c2,0x00c2,0x00c2,0x00a1,0x00a1,0x00c2,0x00c2,0x00c2,0x00c2,
  0x00e2,0x00e2,0x0102,0x0102,0x0102,0x0122,0x0143,0x0163,0x01a4,0x0205,0x0245,0x0308,0x03a9,0x04cd,0x16d4,0x1734,
  0x0778,0x07fc,0x27dd,0x67be,0x77bd,0x8fbe,0x8fde,0x679d,0x679d,0x7fbe,0x3fdd,0x07b9,0x15f0,0x0e51,0x04cc,0x03a9,
  0x0348,0x02c7,0x0286,0x0245,0x0b27,0x0b27,0x0bc9,0x1755,0x0ed2,0x0e71,0x06f2,0x0f95,0x0734,0x07fa,0x07fb,0x07fc,
  0x07fb,0x07fc,0x07fc,0x07da,0x07b6,0x0f75,0x16d2,0x0ef4,0x07fb,0x0799,0x0757,0x07fa,0x07da,0x07da,0x07f8,0x07f8,
  0x07f9,0x0f75,0x0f95,0x07d5,0x0794,0x0f34,0x058d,0x0f76,0x07f9,0x07f9,0x07fa,0x07f8,0x07fc,0x07fb,0x07fc,0x07d8,
  0x07d4,0x07f8,0x07fb,0x0f78,0x0e92,0x156d,0x1d0d,0x1d8f,0x1714,0x1e92,0x14eb,0x0ed4,0x07fa,0x0796,0x16b2,0x14ec,
  0x0b47,0x1e73,0x140c,0x00a0,0x00c2,0x00c2,0x0143,0x0bea,0x0e34,0x07da,0x07d7,0x1e13,0x01e4,0x00a1,0x0040,0x0020,
  0x0061,0x0020,0x0000,0x0000,0x0000,0x0000,0x0000,0x0000,0x0000,0x0000,0x0000,0x0000,0x0000,0x0020,0x0020,0x0020,
  0x0020,0x0020,0x0020,0x0040,0x0020,0x0021,0x0021,0x0062,0x0905,0x0966,0x09e7,0x0a88,0x12c9,0x0aa9,0x0a48,0x09e6,
  0x0082,0x0081,0x00c2,0x0061,0x0041,0x0061,0x0061,0x0061,0x00a2,0x00c2,0x00a1,0x00a1,0x00c2,0x00c2,0x00c2,0x00c2,
  0x00c2,0x00e2,0x00e2,0x0102,0x0102,0x0122,0x0143,0x0163,0x01c4,0x0205,0x0286,0x0328,0x0368,0x0daf,0x1776,0x0f56,
  0x07fa,0x27de,0x4fdd,0x6fbd,0x8fbe,0x97bd,0xb7be,0x77be,0x47dd,0x37dd,0x27fd,0x1737,0x044a,0x0dae,0x04cc,0x0389,
  0x0328,0x02a7,0x0265,0x0225,0x0b27,0x0b68,0x02e6,0x0e10,0x056d,0x0e0f,0x0ed2,0x0671,0x0691,0x07fa,0x07fc,0x07fc,
  0x07fc,0x07fb,0x07fc,0x07f9,0x07b4,0x0eb1,0x0dee,0x0691,0x07f9,0x07fb,0x07fc,0x07fb,0x07fa,0x07fb,0x07f8,0x07f7,
  0x07f8,0x0f13,0x0ef2,0x07d6,0x07b6,0x1734,0x158d,0x0ed4,0x07fa,0x07d9,0x07fa,0x07fa,0x07fc,0x07fb,0x07fc,0x07f9,
  0x07d5,0x07f9,0x07fc,0x07fc,0x0ffa,0x1610,0x0ceb,0x15cf,0x0ed2,0x0e50,0x0c48,0x0dd1,0x07fb,0x0f96,0x16d2,0x1650,
  0x1cac,0x1652,0x1cef,0x0081,0x00a2,0x00e2,0x0163,0x0cee,0x17fc,0x07dc,0x0ffc,0x1e14,0x0081,0x0020,0x0020,0x0020,
  0x0061,0x0020,0x0000,0x0000,0x0000,0x0000,0x0000,0x0000,0x0000,0x0000,0x0000,0x0000,0x0000,0x0020,0x0020,0x0020,
  0x0020,0x0020,0x0020,0x0040,0x0020,0x0020,0x0000,0x00a3,0x11c7,0x0965,0x0945,0x0144,0x0903,0x00c3,0x0144,0x01a6,
  0x0a69,0x134b,0x1247,0x0040,0x0061,0x0041,0x0061,0x0061,0x0082,0x00a2,0x00a1,0x00a1,0x00c2,0x00a1,0x00a2,0x00a2,
  0x00c2,0x00c2,0x00e2,0x0102,0x0102,0x0122,0x0143,0x0163,0x01c4,0x0205,0x136a,0x0348,0x14ac,0x1671,0x0f97,0x0fb9,
  0x0ffb,0x3fde,0x57de,0x4fbd,0x7fbe,0x7fbd,0xa7be,0x77be,0x27be,0x07dc,0x0fb9,0x0f34,0x0d6d,0x158e,0x0ccc,0x0368,
  0x0307,0x02a6,0x0265,0x0225,0x02a5,0x14cc,0x02c6,0x0d2c,0x058d,0x0eb1,0x0f54,0x0e92,0x0670,0x07b9,0x07fc,0x07fc,
  0x07fc,0x07fc,0x07fc,0x07f9,0x0fb5,0x0755,0x0f14,0x0f75,0x07f8,0x07fa,0x07fb,0x07fb,0x07fb,0x07fb,0x07f9,0x07d7,
  0x07f9,0x0f77,0x0e91,0x0f34,0x0f75,0x1e11,0x1d6e,0x0e72,0x07fb,0x07d9,0x07fa,0x07fc,0x07fc,0x07fb,0x07fc,0x07fb,
  0x07d8,0x07fb,0x0fb9,0x07fc,0x07fb,0x0e10,0x0cec,0x0e72,0x0f15,0x0f14,0x1e31,0x0e32,0x07fc,0x0f77,0x0eb1,0x1671,
  0x16d3,0x26b2,0x1328,0x0060,0x0061,0x00a1,0x01a3,0x044b,0x07db,0x0ffd,0x1e55,0x1bcc,0x0061,0x0020,0x0020,0x0020,
  0x0081,0x0020,0x0020,0x0000,0x0020,0x0000,0x0000,0x0000,0x0000,0x0000,0x0000,0x0000,0x0000,0x0020,0x0020,0x0020,
  0x0020,0x0020,0x0020,0x0020,0x0020,0x0020,0x0020,0x0041,0x0061,0x0081,0x0144,0x11e7,0x0986,0x0a07,0x0aeb,0x0aaa,
  0x0a68,0x0a68,0x09a5,0x0060,0x0061,0x0061,0x0061,0x0061,0x0082,0x0082,0x0081,0x0081,0x00a1,0x00a1,0x00a1,0x00a2,
  0x00c2,0x00c2,0x00e2,0x0102,0x0102,0x0122,0x0143,0x0163,0x01c4,0x0225,0x0b49,0x0347,0x0d0d,0x1734,0x0777,0x07f9,
  0x27bc,0x47dd,0x4fbd,0x4fbd,0x77bd,0x97be,0xaf9d,0x9fde,0x2fde,0x0f9a,0x1714,0x0e91,0x0d2d,0x052d,0x0d0d,0x0368,
  0x02e7,0x0286,0x0245,0x0225,0x01e4,0x14cc,0x0b68,0x0c29,0x052c,0x060f,0x0691,0x0e51,0x0e90,0x07d9,0x07fc,0x07fc,
  0x07fc,0x07fc,0x07fb,0x07d9,0x0ef4,0x0e50,0x0692,0x0fd8,0x07fa,0x07fb,0x07fb,0x07fb,0x07fb,0x07fb,0x07b8,0x0754,
  0x0775,0x0f55,0x0e2e,0x0e0f,0x06f1,0x0dcd,0x0d8d,0x0ed3,0x07fa,0x07f9,0x07fa,0x07fb,0x07fc,0x07fb,0x07fc,0x07fc,
  0x07fc,0x07fb,0x0f15,0x07dc,0x07ba,0x16f4,0x1672,0x1735,0x1734,0x0ed3,0x1651,0x0df0,0x0f56,0x0ed3,0x0eb0,0x0f14,
  0x1f77,0x0a45,0x0080,0x0060,0x00a0,0x0081,0x01a3,0x044b,0x079a,0x17fe,0x13ec,0x0020,0x0061,0x0041,0x0020,0x0020,
  0x0081,0x0020,0x0000,0x0020,0x0020,0x0020,0x0020,0x0000,0x0000,0x0000,0x0000,0x0000,0x0000,0x0020,0x0020,0x0020,
  0x0020,0x0020,0x0020,0x0041,0x0020,0x0020,0x0041,0x0021,0x0020,0x0103,0x1248,0x0a08,0x0924,0x08e3,0x0124,0x00c2,
  0x00a1,0x0185,0x0a89,0x1aca,0x0924,0x0041,0x0061,0x0061,0x0061,0x0081,0x0081,0x0081,0x00a1,0x00a1,0x00a1,0x00a2,
  0x00c2,0x00c2,0x00e2,0x0102,0x0102,0x0122,0x0143,0x0163,0x01c4,0x0246,0x02a7,0x0307,0x042b,0x16f3,0x0f16,0x07f9,
  0x17bc,0x57be,0x5fdd,0x6fbd,0x77be,0xa7be,0xa7bd,0x97de,0x0ffe,0x079a,0x0e91,0x0e30,0x0d6e,0x0def,0x158e,0x0348,
  0x02a6,0x0245,0x0225,0x0205,0x01c3,0x0b89,0x0ba9,0x0ba8,0x0d2d,0x0630,0x0f34,0x0f34,0x0f12,0x07d9,0x07fc,0x07fc,
  0x07fc,0x07fc,0x07fb,0x07b8,0x0e72,0x0e30,0x0735,0x07f9,0x07fa,0x07fb,0x07fb,0x07fb,0x07fb,0x07fa,0x0f14,0x0f13,
  0x0e92,0x0e30,0x0e30,0x1693,0x0f35,0x0f34,0x16b1,0x0ed3,0x07d8,0x07f9,0x07fa,0x07fb,0x07fc,0x07fc,0x07fb,0x07fc,
  0x07fb,0x0fd9,0x16d4,0x07ba,0x1778,0x0dad,0x158d,0x0dae,0x1691,0x06d3,0x0ed3,0x16b3,0x1671,0x0f34,0x0f76,0x0fd8,
  0x1dd2,0x00a0,0x0060,0x0040,0x09a5,0x0102,0x01c3,0x046b,0x07db,0x179b,0x0a67,0x0020,0x0021,0x0020,0x0020,0x0020,
  0x0081,0x0020,0x0000,0x0000,0x0000,0x0000,0x0000,0x0000,0x0000,0x0000,0x0000,0x0000,0x0000,0x0020,0x0020,0x0020,
  0x0020,0x0020,0x0020,0x0041,0x0020,0x0020,0x0041,0x0041,0x0021,0x0081,0x0882,0x00e4,0x0945,0x09c6,0x1269,0x0ac9,
  0x12ca,0x132b,0x130a,0x1267,0x0903,0x0020,0x0081,0x0061,0x0081,0x0061,0x0081,0x0081,0x00a1,0x00a1,0x00a1,0x00c2,
  0x00c2,0x00c2,0x00e2,0x00e2,0x0102,0x0102,0x0123,0x0163,0x01c4,0x0225,0x02c7,0x0308,0x03c9,0x1ed3,0x0f15,0x0fb9,
  0x17dc,0x4fbe,0x67dd,0x6fbd,0x7f9e,0x7fde,0x77de,0x4fdd,0x07fc,0x0fd9,0x0eb2,0x1650,0x04cc,0x0cec,0x03e9,0x02e7,
  0x0266,0x0225,0x01e4,0x0204,0x1388,0x146c,0x1c2b,0x13c9,0x150c,0x0dae,0x0eb2,0x0eb2,0x0650,0x0799,0x07fc,0x07fc,
  0x07fc,0x07fc,0x07fb,0x0fb8,0x0ef4,0x0f56,0x07fa,0x07fa,0x07fa,0x07fb,0x07fb,0x07fb,0x07fb,0x0f99,0x16f4,0x16d3,
  0x15f0,0x1d6f,0x1db0,0x15f0,0x0ef3,0x0f13,0x0e50,0x0ed2,0x07d9,0x07fb,0x07fa,0x07fb,0x07fc,0x07fc,0x07fb,0x07fc,
  0x0797,0x07b4,0x0eb1,0x0736,0x0ef6,0x154d,0x150d,0x254f,0x1611,0x0f97,0x0f96,0x16d3,0x0ed2,0x0f55,0x07d8,0x0ffa,
  0x1571,0x00e1,0x0080,0x0041,0x00a2,0x00c1,0x0204,0x048a,0x0ffb,0x16d8,0x0184,0x0021,0x0021,0x0021,0x0021,0x0021,
  0x00c2,0x0061,0x0000,0x0000,0x0000,0x0000,0x0000,0x0000,0x0000,0x0000,0x0000,0x0000,0x0000,0x0020,0x0020,0x0020,
  0x0020,0x0020,0x0020,0x0041,0x0020,0x0020,0x0041,0x0041,0x0041,0x0020,0x0082,0x1249,0x1249,0x12c9,0x0a28,0x09c6,
  0x0944,0x0123,0x0143,0x0163,0x12a8,0x11e6,0x0021,0x0061,0x0041,0x0081,0x0081,0x0081,0x0081,0x0081,0x00a1,0x00c2,
  0x00c2,0x00c2,0x00e2,0x00e2,0x0102,0x0102,0x0123,0x0163,0x01a4,0x0225,0x0287,0x0307,0x03c8,0x0ef4,0x0777,0x0fdb,
  0x17dc,0x47dd,0x679e,0x6f9d,0x77be,0x5fde,0x2fdd,0x17dc,0x0ff9,0x0f75,0x0610,0x04ed,0x040a,0x03a8,0x0307,0x0286,
  0x0245,0x01e4,0x01e4,0x01e4,0x148c,0x158f,0x13ea,0x0b27,0x0c2a,0x0d2c,0x05ae,0x0e50,0x064f,0x0777,0x07fc,0x07fc,
  0x07fc,0x07fc,0x07fa,0x0f96,0x0e71,0x0fd8,0x07fa,0x07fb,0x07fb,0x07fb,0x07fb,0x07fb,0x07fc,0x1694,0x15ae,0x15cf,
  0x0ccb,0x0c4a,0x146b,0x058d,0x0ef3,0x0f34,0x0754,0x0f74,0x07d9,0x07fb,0x07fb,0x07fc,0x07fc,0x07fb,0x07fc,0x07fc,
  0x07b8,0x0fd7,0x07b6,0x1692,0x16b2,0x1652,0x1610,0x1bc8,0x0be9,0x0e91,0x0f33,0x0e50,0x0ef3,0x0777,0x07da,0x07fc,
  0x1655,0x0102,0x0060,0x0041,0x0020,0x00c0,0x0b68,0x054d,0x07f9,0x1719,0x01a5,0x0020,0x0040,0x0021,0x0021,0x0021,
  0x0061,0x0061,0x0000,0x0000,0x0000,0x0000,0x0000,0x0000,0x0000,0x0000,0x0000,0x0000,0x0000,0x0020,0x0020,0x0020,
  0x0020,0x0020,0x0020,0x0041,0x0041,0x0020,0x0020,0x0020,0x0041,0x0040,0x0041,0x08e4,0x0122,0x0943,0x0102,0x09e5,
  0x12a8,0x12c9,0x138b,0x1b6b,0x1b2a,0x11e6,0x0000,0x00c2,0x0041,0x0061,0x0081,0x0081,0x0081,0x0081,0x00a1,0x00a1,
  0x00c2,0x00c2,0x00c2,0x00e2,0x0102,0x0102,0x0122,0x0163,0x01c4,0x0205,0x0266,0x02e7,0x0c2c,0x0fba,0x07fb,0x07fb,
  0x07dd,0x47de,0x57be,0x6fbe,0x3fde,0x17dd,0x07fc,0x07f8,0x0734,0x0630,0x056e,0x0c8b,0x03e9,0x0348,0x02c7,0x0266,
  0x0205,0x01e5,0x01e5,0x0183,0x0ba9,0x1611,0x142a,0x0b07,0x140a,0x160f,0x0e0f,0x0ed2,0x0e91,0x0757,0x07fc,0x07fc,
  0x07fc,0x07fb,0x07f9,0x0f54,0x0ed3,0x07d9,0x07fa,0x07fb,0x07fb,0x07fb,0x07fb,0x07fb,0x0ffb,0x0df0,0x04ac,0x1692,
  0x1d0d,0x1d4e,0x1dd0,0x1630,0x0f34,0x0ef3,0x0775,0x0f54,0x07b9,0x07fc,0x07fc,0x07fc,0x07fc,0x07fb,0x07fc,0x07d8,
  0x0fb7,0x0796,0x0f34,0x0e4f,0x0e30,0x0dcf,0x16d2,0x03e8,0x0c09,0x1e72,0x0f13,0x16d3,0x0f15,0x07b9,0x07db,0x07fc,
  0x26d7,0x0123,0x0060,0x0041,0x0020,0x0080,0x158f,0x0f55,0x0ffa,0x26d7,0x09a5,0x0020,0x0020,0x0021,0x0021,0x0021,
  0x0000,0x0041,0x0000,0x0000,0x0000,0x0000,0x0000,0x0000,0x0000,0x0000,0x0020,0x0020,0x0020,0x0020,0x0020,0x0020,
  0x0020,0x0020,0x0020,0x0041,0x0020,0x0020,0x0020,0x0020,0x0020,0x0040,0x0000,0x0062,0x1269,0x12c9,0x1269,0x1b4c,
  0x0a68,0x0944,0x0143,0x0902,0x0102,0x09e5,0x11c5,0x23ac,0x0964,0x0041,0x0081,0x0081,0x0081,0x0081,0x00a1,0x00a1,
  0x00c2,0x00c2,0x00c2,0x00c2,0x00e2,0x0102,0x0122,0x0163,0x01a4,0x0205,0x0246,0x02c7,0x0388,0x0eb6,0x07fc,0x07db,
  0x17dd,0x0ffd,0x1fdd,0x47de,0x17dd,0x07fd,0x07fa,0x06f2,0x0610,0x058f,0x04cc,0x03ea,0x0368,0x02c7,0x0246,0x0205,
  0x01e5,0x01c4,0x01c4,0x0183,0x0b67,0x15f1,0x13ea,0x0a85,0x0b27,0x0d4d,0x0def,0x0692,0x0f13,0x0f77,0x07fc,0x07fc,
  0x07fc,0x07fa,0x0f76,0x0ed2,0x0795,0x07f9,0x07fa,0x07fb,0x07fb,0x07fb,0x07fb,0x07fb,0x0f98,0x1e31,0x1d4f,0x26b4,
  0x0c4a,0x14ac,0x15f0,0x154d,0x0691,0x06b1,0x0754,0x07b7,0x07da,0x07fc,0x07fc,0x07fc,0x07fc,0x07fb,0x0ffb,0x0775,
  0x0f76,0x0f75,0x15cf,0x1670,0x0ef4,0x0ef4,0x0f33,0x0d6e,0x0be9,0x14ce,0x0ef4,0x0e92,0x0714,0x07f8,0x07fa,0x17fa,
  0x1cae,0x00e2,0x0984,0x08c2,0x00c1,0x00e1,0x0d30,0x0ffa,0x1e34,0x0a67,0x00a1,0x0021,0x0021,0x0021,0x0021,0x0021,
  0x0000,0x0020,0x0000,0x0000,0x0000,0x0000,0x0000,0x0000,0x0000,0x0000,0x0020,0x0020,0x0020,0x0020,0x0020,0x0020,
  0x0020,0x0020,0x0020,0x0041,0x0020,0x0020,0x0020,0x0020,0x0020,0x0020,0x0020,0x0061,0x0944,0x0102,0x00e3,0x00e2,
  0x0143,0x0144,0x09e6,0x1207,0x136b,0x1bec,0x1288,0x1349,0x0923,0x0000,0x0081,0x0081,0x0081,0x0081,0x00a1,0x00a1,
  0x00a1,0x00c2,0x00c2,0x00c2,0x00e2,0x00e2,0x0102,0x0143,0x0184,0x01c4,0x0225,0x02c7,0x0307,0x0e15,0x07fd,0x07fc,
  0x07fd,0x07fd,0x07fd,0x07fd,0x07fc,0x0fbb,0x0f97,0x05ef,0x054e,0x04ad,0x040b,0x0369,0x02c7,0x0266,0x0205,0x01e4,
  0x01c4,0x01a4,0x01a4,0x0163,0x02a5,0x154e,0x0aa6,0x0a64,0x0b67,0x0d2d,0x05f0,0x0ef2,0x0f53,0x0f97,0x0fda,0x07d7,
  0x0795,0x07d7,0x0ed2,0x05ad,0x0f95,0x07f9,0x07fa,0x07fb,0x07fc,0x07fb,0x07fb,0x07fb,0x16d5,0x14ab,0x146a,0x150d,
  0x154d,0x150c,0x15cf,0x16d4,0x0f14,0x0f13,0x0775,0x07fa,0x07fb,0x07fc,0x07fc,0x07fc,0x07fc,0x07fc,0x07fb,0x0f96,
  0x0796,0x1754,0x150c,0x1dae,0x0e92,0x0f33,0x0f95,0x0e93,0x0305,0x0264,0x0ed4,0x0796,0x07d7,0x07f8,0x17f9,0x1ccf,
  0x0102,0x00a1,0x0984,0x00e2,0x11e4,0x0182,0x0df2,0x2718,0x0983,0x0060,0x0020,0x0020,0x0021,0x0021,0x0021,0x0021,
  0x0000,0x0000,0x0000,0x0000,0x0000,0x0000,0x0000,0x0000,0x0000,0x0000,0x0020,0x0020,0x0020,0x0020,0x0020,0x0020,
  0x0020,0x0020,0x0020,0x0041,0x0020,0x0020,0x0020,0x0020,0x0020,0x0020,0x0021,0x0020,0x0061,0x09e6,0x0ac9,0x138d,
  0x13ad,0x1b4b,0x1b2a,0x09e5,0x0923,0x0903,0x00a2,0x09e5,0x12c8,0x1247,0x0061,0x0081,0x0081,0x0081,0x00a1,0x00a1,
  0x00a1,0x00c2,0x00c2,0x00c2,0x00c2,0x00e2,0x0102,0x0123,0x0163,0x01a4,0x0205,0x0266,0x02c7,0x0e96,0x0ffc,0x16b5,
  0x0d2f,0x16d5,0x0e12,0x0ef6,0x16f5,0x0e32,0x1ed4,0x052e,0x046b,0x03ca,0x0349,0x02c7,0x0266,0x0205,0x01c4,0x01a4,
  0x01a4,0x01a4,0x01a4,0x0183,0x0224,0x14ad,0x01c3,0x0a44,0x1367,0x0d2d,0x0671,0x0754,0x0733,0x07b7,0x07f9,0x07b5,
  0x07b6,0x0fd8,0x1714,0x16d2,0x0796,0x07f8,0x07fa,0x07fb,0x07fc,0x07fb,0x07fa,0x07b9,0x1610,0x14ed,0x1db0,0x1d6f,
  0x1e11,0x1d6e,0x1630,0x0f75,0x06d2,0x06b1,0x0753,0x0fda,0x07fc,0x07fc,0x07fc,0x07fc,0x07fc,0x07fc,0x0fd7,0x0f33,
  0x0ef2,0x0e71,0x0d4d,0x0dae,0x0691,0x0f35,0x0797,0x17f8,0x1dd0,0x02a5,0x0e54,0x0ffa,0x07b6,0x07f7,0x16d5,0x0163,
  0x00a1,0x0061,0x0041,0x0060,0x0100,0x0beb,0x0f7b,0x1636,0x0081,0x0020,0x0020,0x0021,0x0021,0x0021,0x0021,0x0021,
  0x0000,0x0000,0x0000,0x0000,0x0000,0x0000,0x0000,0x0000,0x0000,0x0000,0x0020,0x0020,0x0020,0x0020,0x0020,0x0020,
  0x0020,0x0020,0x0020,0x0021,0x0021,0x0020,0x0020,0x0020,0x0020,0x0020,0x0021,0x0020,0x0081,0x1a89,0x0a68,0x09c6,
  0x0985,0x0943,0x0123,0x09a4,0x0a46,0x136a,0x1b0a,0x240d,0x1cef,0x12a8,0x0020,0x0060,0x0081,0x0081,0x00a1,0x00a1,
  0x00a1,0x00a1,0x00c2,0x00c2,0x00c2,0x00c2,0x00e2,0x0102,0x0122,0x0183,0x01c4,0x0225,0x0285,0x1db2,0x1592,0x0348,
  0x02a5,0x1df1,0x154e,0x156f,0x1d90,0x14ed,0x042a,0x03ca,0x0369,0x02e8,0x02a7,0x0246,0x0205,0x01c5,0x0184,0x0184,
  0x0183,0x0183,0x01a3,0x01a3,0x01c3,0x14ad,0x0a45,0x01a2,0x0224,0x04ec,0x0734,0x07d6,0x07b6,0x07f9,0x07fb,0x0fb7,
  0x0f34,0x0ed3,0x0d6e,0x0e51,0x0754,0x07f8,0x07fa,0x07fb,0x07fb,0x07f9,0x07d7,0x0fb7,0x156d,0x156e,0x15ae,0x154e,
  0x150c,0x0c29,0x0e30,0x0f34,0x0775,0x0f76,0x0f74,0x0fda,0x07fc,0x07fb,0x07fc,0x07fc,0x07fc,0x07db,0x0795,0x0734,
  0x0f34,0x0f14,0x16d3,0x1691,0x1713,0x1714,0x0f14,0x156f,0x0ba9,0x0244,0x14ad,0x1f16,0x0ed2,0x07f7,0x1735,0x0902,
  0x0040,0x0040,0x0060,0x0040,0x0142,0x0e75,0x17fd,0x1e13,0x0081,0x0020,0x0020,0x0021,0x0021,0x0021,0x0021,0x0021,
  0x0000,0x0000,0x0000,0x0000,0x0000,0x0020,0x0000,0x0000,0x0000,0x0000,0x0000,0x0020,0x0020,0x0020,0x0020,0x0000,
  0x0021,0x0021,0x0042,0x00a3,0x0082,0x0020,0x0020,0x0020,0x0020,0x0020,0x0020,0x0020,0x0041,0x0021,0x0061,0x11e6,
  0x0a68,0x138c,0x13ac,0x13ac,0x1b09,0x12c8,0x1206,0x0143,0x01a4,0x0a26,0x0a47,0x1a27,0x0964,0x0060,0x00a2,0x00a1,
  0x00a1,0x00a1,0x00a1,0x00a2,0x00c2,0x00c2,0x00e2,0x0102,0x0102,0x0163,0x0184,0x01c4,0x0286,0x1349,0x02a6,0x02c6,
  0x0287,0x140c,0x1d2f,0x25d1,0x0ba9,0x0b89,0x0328,0x02e7,0x02a6,0x0265,0x0225,0x01e4,0x01a4,0x0184,0x0184,0x0184,
  0x0183,0x0183,0x0183,0x0184,0x0162,0x146c,0x1389,0x1307,0x1bca,0x0d6f,0x0734,0x07d9,0x07f9,0x07fb,0x0ffb,0x0eb2,
  0x0e2f,0x0e92,0x058d,0x0ef3,0x0f55,0x0795,0x07b6,0x07d9,0x07f9,0x07f7,0x0f95,0x0f14,0x0d6e,0x0d8d,0x15cf,0x1631,
  0x16b2,0x160f,0x0ef3,0x0f56,0x07fa,0x07fa,0x07d9,0x07db,0x07fa,0x07b8,0x07fb,0x07fc,0x07fc,0x07fb,0x0f77,0x0f54,
  0x15f0,0x1692,0x0e0e,0x15ad,0x15ce,0x0c09,0x1d2d,0x0b28,0x01a3,0x01e4,0x01e3,0x01c3,0x05ad,0x0ff7,0x152e,0x0080,
  0x0040,0x0060,0x0080,0x00e1,0x01a2,0x1675,0x1d71,0x1287,0x0081,0x0020,0x0020,0x0020,0x0020,0x0020,0x0020,0x0020,
  0x0000,0x0000,0x0000,0x0000,0x0000,0x0020,0x0000,0x0000,0x0000,0x0000,0x0000,0x0020,0x0020,0x0020,0x0020,0x0000,
  0x0041,0x0061,0x0061,0x0082,0x0082,0x0020,0x0020,0x0020,0x0020,0x0020,0x0020,0x0020,0x0021,0x0021,0x0082,0x1289,
  0x0a28,0x01c5,0x0123,0x0102,0x0943,0x09a4,0x1246,0x1288,0x23ac,0x1c8e,0x1bab,0x1a68,0x09a5,0x0020,0x00a1,0x00c2,
  0x0082,0x00a1,0x00a1,0x00a2,0x00c2,0x00c2,0x00c2,0x00e2,0x0102,0x0122,0x0143,0x0183,0x01e4,0x0205,0x0226,0x0266,
  0x0246,0x0205,0x0286,0x140b,0x02a7,0x02a7,0x0286,0x0246,0x0205,0x01c4,0x01a4,0x0183,0x0183,0x0163,0x0163,0x0163,
  0x0163,0x0163,0x0163,0x0184,0x0142,0x0b89,0x144b,0x0a24,0x0ba8,0x058e,0x06f4,0x0fd9,0x07fb,0x07f9,0x0ff9,0x0e92,
  0x16f3,0x1795,0x0f54,0x0e91,0x0e71,0x0774,0x07b6,0x07d8,0x0ff9,0x07f7,0x0f95,0x0e92,0x1756,0x16d3,0x1652,0x1651,
  0x0fd5,0x0fd4,0x0f95,0x0755,0x07fa,0x07fa,0x07fb,0x07fb,0x07d7,0x0753,0x0777,0x07fd,0x07fb,0x07b8,0x0e91,0x0e70,
  0x14ec,0x15ef,0x0e71,0x1dcf,0x1def,0x14cc,0x1389,0x0b48,0x01a4,0x01a4,0x12c7,0x0142,0x04ec,0x17f8,0x12a7,0x0060,
  0x0060,0x0163,0x0aa7,0x01e4,0x0265,0x1eb5,0x0a07,0x0000,0x0041,0x0020,0x0020,0x0020,0x0020,0x0020,0x0020,0x0020,
  0x0000,0x0000,0x0000,0x0000,0x0020,0x0020,0x0020,0x0020,0x0020,0x0020,0x0020,0x0020,0x0020,0x0020,0x0020,0x0000,
  0x0041,0x0061,0x0020,0x0020,0x0021,0x0020,0x0020,0x0020,0x0020,0x0020,0x0020,0x0020,0x0041,0x0041,0x0041,0x0020,
  0x0081,0x12a8,0x130a,0x130a,0x1c2e,0x23cc,0x1ac9,0x11e6,0x0a26,0x0183,0x01c4,0x0143,0x0984,0x1207,0x00e3,0x00a1,
  0x00a2,0x00a1,0x00a1,0x00a1,0x00c2,0x00c2,0x00c2,0x00c2,0x00e2,0x0102,0x0102,0x0142,0x0183,0x01c4,0x01e5,0x01c5,
  0x01e5,0x0205,0x0205,0x01c5,0x0225,0x0206,0x01e5,0x01c5,0x0184,0x0183,0x0163,0x0163,0x0163,0x0163,0x0163,0x0163,
  0x0163,0x0163,0x0163,0x0183,0x0122,0x0aa7,0x13aa,0x0285,0x14ed,0x0630,0x0fd9,0x0f98,0x07fa,0x07d9,0x07b6,0x1651,
  0x0c2a,0x0cab,0x0f33,0x1630,0x0630,0x0ef4,0x07b7,0x07fa,0x07f9,0x07f8,0x0775,0x0eb1,0x0e70,0x0dae,0x0d8e,0x0dae,
  0x0794,0x07f4,0x0fb5,0x0776,0x07fa,0x07fa,0x07fa,0x07fb,0x07d7,0x0f55,0x0777,0x07fb,0x0fb9,0x0f14,0x0e93,0x1e32,
  0x1daf,0x2632,0x2672,0x1ced,0x1c6c,0x142a,0x0ac6,0x0265,0x0184,0x0163,0x1b6a,0x0a04,0x0c6b,0x1f34,0x01e4,0x0122,
  0x09a4,0x0ac7,0x1e94,0x0388,0x0d8f,0x2778,0x0984,0x0020,0x0021,0x0020,0x0020,0x0020,0x0020,0x0020,0x0020,0x0020,
  0x0000,0x0000,0x0000,0x0000,0x0000,0x0020,0x0020,0x0020,0x0020,0x0020,0x0020,0x0020,0x0020,0x0000,0x0020,0x0020,
  0x0020,0x0041,0x0082,0x0040,0x0062,0x0020,0x0020,0x0020,0x0020,0x0020,0x0020,0x0020,0x0041,0x0041,0x0041,0x0041,
  0x08e3,0x1aea,0x1268,0x0984,0x0923,0x0102,0x0122,0x0a46,0x0b09,0x144e,0x1d51,0x244e,0x1ac8,0x234a,0x0903,0x0060,
  0x00a1,0x0081,0x00a1,0x00a2,0x00a2,0x00a2,0x00c2,0x00c2,0x00c2,0x00e2,0x00e2,0x0102,0x0122,0x0163,0x0184,0x0184,
  0x0184,0x0184,0x01a4,0x01a4,0x01a4,0x01a4,0x0183,0x0163,0x0143,0x0163,0x0163,0x0163,0x0163,0x0163,0x0163,0x0163,
  0x0163,0x0163,0x0163,0x0163,0x0162,0x0224,0x0b89,0x0bea,0x15ae,0x05f0,0x07fc,0x07d7,0x07f8,0x0fd9,0x0733,0x0714,
  0x0eb4,0x0ef3,0x07f6,0x0f34,0x0eb2,0x0ed2,0x0796,0x07fa,0x07da,0x07f8,0x0f34,0x0ed3,0x0eb3,0x1672,0x1672,0x1e31,
  0x0f54,0x0fd5,0x0f73,0x0ef3,0x07f9,0x07fa,0x07fb,0x07fc,0x07b8,0x0f74,0x0f76,0x07d9,0x0f35,0x1671,0x15d0,0x15af,
  0x1c6b,0x13ea,0x13a8,0x1306,0x01e4,0x0306,0x0368,0x0b07,0x0184,0x00c2,0x0102,0x0101,0x0c8c,0x16b3,0x01e3,0x01e4,
  0x23ec,0x0287,0x1df2,0x04ab,0x1e73,0x0ac8,0x0061,0x0020,0x0020,0x0020,0x0020,0x0020,0x0020,0x0020,0x0020,0x0020,
  0x0000,0x0000,0x0000,0x0000,0x0000,0x0020,0x0020,0x0000,0x0000,0x0020,0x0020,0x0020,0x0020,0x0020,0x0020,0x0020,
  0x0020,0x0041,0x0061,0x00a2,0x00c3,0x0041,0x0020,0x0020,0x0021,0x0020,0x0020,0x0020,0x0040,0x0020,0x0041,0x0021,
  0x0041,0x0040,0x00c2,0x09e7,0x12ca,0x1bac,0x138c,0x1c2e,0x0b8b,0x13cb,0x0aa7,0x0a66,0x0a67,0x0226,0x0a06,0x1287,
  0x12e9,0x00a0,0x00a1,0x0081,0x00a2,0x00a2,0x00c2,0x00c2,0x00c2,0x00c2,0x00c2,0x00e2,0x0102,0x0102,0x0143,0x0163,
  0x0143,0x0143,0x0143,0x0143,0x0143,0x0143,0x0142,0x0142,0x0142,0x0142,0x0142,0x0142,0x0142,0x0143,0x0143,0x0143,
  0x0143,0x0143,0x0143,0x0163,0x0102,0x0142,0x148c,0x0b48,0x0d8d,0x0e71,0x07da,0x07d7,0x07b6,0x0fb8,0x0f56,0x0f96,
  0x16b2,0x158e,0x0e0f,0x0eb1,0x0e71,0x06d2,0x0775,0x07f9,0x07fa,0x07f8,0x0f55,0x0eb2,0x16b3,0x1630,0x0dce,0x0dae,
  0x0f55,0x0fd7,0x0753,0x0733,0x07fa,0x07fb,0x07fb,0x07fc,0x07f9,0x0ed2,0x0e72,0x07f9,0x07b7,0x0e10,0x154f,0x1651,
  0x140a,0x0aa6,0x1d0e,0x13e9,0x02c6,0x040a,0x14ef,0x0308,0x0163,0x0081,0x00e1,0x0163,0x05d1,0x1ff9,0x140c,0x0102,
  0x0123,0x01c4,0x1611,0x0dcf,0x1d91,0x0101,0x0040,0x0040,0x0041,0x0020,0x0020,0x0020,0x0020,0x0020,0x0020,0x0020,
  0x0020,0x0000,0x0000,0x0000,0x0000,0x0020,0x0020,0x0000,0x0000,0x0020,0x0020,0x0020,0x0020,0x0020,0x0020,0x0020,
  0x0021,0x0020,0x0041,0x09a6,0x0145,0x08c3,0x0000,0x0020,0x0020,0x0020,0x0020,0x0020,0x0020,0x0020,0x0041,0x0041,
  0x0041,0x0020,0x0944,0x1b0a,0x130a,0x12a8,0x09e4,0x0a05,0x0a06,0x1247,0x1328,0x250e,0x2674,0x250f,0x1beb,0x1ae8,
  0x232a,0x0040,0x00c1,0x00e2,0x00a1,0x00a1,0x00c1,0x00c1,0x00c1,0x00c1,0x00a1,0x00e1,0x00e2,0x00e2,0x0102,0x0143,
  0x0123,0x0123,0x0123,0x0123,0x0102,0x0122,0x0122,0x0122,0x0122,0x0122,0x0122,0x0122,0x0142,0x0142,0x0142,0x0142,
  0x0142,0x0142,0x0142,0x0122,0x0b09,0x146d,0x13aa,0x0c0a,0x0ed3,0x0f56,0x07d9,0x07f8,0x07d7,0x0ed3,0x0dae,0x0e0f,
  0x0c8b,0x0cac,0x0e51,0x0f33,0x0eb3,0x1715,0x0795,0x07b7,0x07f9,0x07fa,0x0ef5,0x058e,0x0dcf,0x0df0,0x0e52,0x0ed3,
  0x07d8,0x07f9,0x0fb7,0x0775,0x07fa,0x07fb,0x07fb,0x07fc,0x07d9,0x0e91,0x0e51,0x0fb8,0x0ff9,0x16d4,0x1db0,0x1dd0,
  0x144b,0x0143,0x1349,0x03c8,0x0c2a,0x04ec,0x1652,0x0307,0x0143,0x0061,0x00a1,0x0205,0x16f4,0x1631,0x0bcb,0x00e2,
  0x0040,0x0101,0x0d4e,0x1f36,0x1d10,0x0102,0x0080,0x0081,0x0061,0x0020,0x0020,0x0020,0x0020,0x0020,0x0020,0x0020,
  0x0000,0x0000,0x0000,0x0000,0x0000,0x0000,0x0000,0x0000,0x0000,0x0020,0x0020,0x0000,0x0020,0x0020,0x0020,0x0020,
  0x0020,0x0040,0x0862,0x0966,0x0966,0x0104,0x0021,0x0020,0x0020,0x0020,0x0020,0x0020,0x0020,0x0020,0x0041,0x0021,
  0x0041,0x0041,0x0061,0x0061,0x0081,0x1a87,0x14ad,0x1673,0x1632,0x1d0e,0x2612,0x1ced,0x142c,0x1308,0x0a46,0x0a46,
  0x12c7,0x12a8,0x1c4d,0x0ac8,0x0040,0x00a1,0x00a1,0x00a1,0x00a0,0x0102,0x0184,0x00e1,0x00e2,0x00e2,0x00e2,0x00e2,
  0x0102,0x00e2,0x0102,0x0102,0x0102,0x0102,0x0102,0x0122,0x0122,0x0122,0x0122,0x0122,0x0122,0x0122,0x0122,0x0122,
  0x0122,0x0122,0x0142,0x0101,0x24ee,0x1db1,0x1388,0x0cab,0x0e91,0x0713,0x0776,0x07d9,0x07b8,0x07b7,0x0ef4,0x1755,
  0x1e52,0x1755,0x0ef3,0x0ed2,0x0e50,0x0651,0x0753,0x07b6,0x07f9,0x07fa,0x0fb8,0x1692,0x16d4,0x16d3,0x16b1,0x0e30,
  0x0f15,0x07f8,0x0795,0x0754,0x07fa,0x07fb,0x07fb,0x07fc,0x0f98,0x0e70,0x15af,0x0eb4,0x0ff9,0x0d8e,0x0327,0x0b47,
  0x1ba9,0x0162,0x0182,0x0ba9,0x0f98,0x0ef6,0x1e94,0x0308,0x0102,0x0081,0x0040,0x0329,0x1e94,0x0be9,0x1cce,0x01a5,
  0x00e2,0x0122,0x0347,0x1f78,0x148e,0x01a3,0x1349,0x09e5,0x00a2,0x0041,0x0020,0x0020,0x0020,0x0020,0x0020,0x0020,
  0x0000,0x0000,0x0000,0x0000,0x0000,0x0000,0x0000,0x0000,0x0000,0x0020,0x0020,0x0020,0x0020,0x0020,0x0020,0x0020,
  0x0020,0x0020,0x0041,0x0062,0x0904,0x0966,0x0082,0x0000,0x0020,0x0020,0x0020,0x0020,0x0020,0x0020,0x0041,0x0021,
  0x0041,0x0041,0x0041,0x0040,0x0081,0x1bab,0x150e,0x0ff8,0x0f76,0x06d3,0x0f35,0x15b0,0x14ce,0x0db1,0x15f1,0x1d70,
  0x248d,0x246e,0x1bcb,0x1246,0x0060,0x0943,0x0163,0x0983,0x1b09,0x1c4c,0x246e,0x09e5,0x00a1,0x00c2,0x00a0,0x00e1,
  0x0101,0x00e2,0x00e2,0x00c1,0x0122,0x0102,0x0102,0x0102,0x0102,0x0102,0x0102,0x0102,0x0102,0x0102,0x0102,0x0102,
  0x0102,0x0102,0x0122,0x0101,0x0a25,0x0aa6,0x0368,0x0d8e,0x0f14,0x07d7,0x0ef4,0x0797,0x0f76,0x1735,0x15b0,0x14ac,
  0x0b68,0x0cac,0x0e10,0x06b0,0x0774,0x0e72,0x0754,0x07f8,0x07fa,0x07fa,0x1735,0x0d0d,0x0cec,0x0cec,0x0d4d,0x0630,
  0x0755,0x07f9,0x0796,0x0f33,0x07fa,0x07fb,0x07fb,0x0ffc,0x0e72,0x0dee,0x0ccc,0x0d4e,0x0ff9,0x158e,0x13c9,0x1389,
  0x1327,0x02e7,0x0b08,0x02a6,0x0f79,0x0fda,0x1d6f,0x0245,0x00c1,0x00c1,0x00c1,0x152f,0x25f3,0x0224,0x0a87,0x0144,
  0x01a4,0x0307,0x044b,0x17d9,0x148e,0x0aa7,0x2530,0x12a8,0x00a1,0x0061,0x0020,0x0020,0x0020,0x0020,0x0020,0x0020,
  0x0000,0x0000,0x0000,0x0000,0x0000,0x0000,0x0000,0x0000,0x0000,0x0020,0x0020,0x0020,0x0020,0x0020,0x0020,0x0020,
  0x0020,0x0000,0x0082,0x08e3,0x0862,0x0083,0x0062,0x0000,0x0020,0x0020,0x0020,0x0020,0x0020,0x0020,0x0020,0x0021,
  0x0041,0x0041,0x0041,0x0061,0x0040,0x1226,0x1369,0x0f76,0x0ff9,0x07fa,0x07db,0x07fc,0x0ffc,0x0ffb,0x0fd9,0x1675,
  0x134b,0x0205,0x0a87,0x12e7,0x136a,0x246d,0x240c,0x1ac8,0x12c8,0x0ae8,0x12a8,0x09e5,0x0a66,0x09e4,0x12e7,0x244c,
  0x0902,0x00e1,0x09a5,0x1267,0x1ac8,0x0102,0x0102,0x0102,0x0102,0x0102,0x0102,0x0102,0x0102,0x0102,0x0102,0x0102,
  0x0102,0x0102,0x0122,0x0101,0x0a26,0x2652,0x1d90,0x1672,0x0f35,0x0fd7,0x06b1,0x0ed2,0x0671,0x0610,0x0c8b,0x0b69,
  0x0e52,0x1f15,0x0ed3,0x0eb2,0x1734,0x0e92,0x0734,0x07f8,0x07f9,0x07fa,0x0736,0x0e52,0x0e51,0x16b3,0x1735,0x0fb6,
  0x0795,0x07b7,0x0f97,0x0dee,0x0755,0x0ffb,0x07dc,0x07fb,0x1611,0x1692,0x1dd0,0x0ccc,0x07d6,0x1e51,0x0b07,0x02a6,
  0x0265,0x0b8a,0x1349,0x02a7,0x0f38,0x0ffa,0x0ced,0x01c3,0x00a1,0x0142,0x150e,0x2778,0x138a,0x0080,0x0041,0x00e1,
  0x0308,0x1777,0x0fd9,0x1778,0x0b49,0x0204,0x0984,0x0103,0x00a2,0x0041,0x0020,0x0020,0x0020,0x0020,0x0020,0x0020,
  0x0020,0x0000,0x0000,0x0000,0x0000,0x0000,0x0000,0x0000,0x0000,0x0020,0x0020,0x0020,0x0020,0x0020,0x0020,0x0020,
  0x0020,0x0020,0x0020,0x0041,0x0062,0x0062,0x0083,0x0021,0x0020,0x0020,0x0020,0x0020,0x0020,0x0020,0x0020,0x0020,
  0x0041,0x0041,0x0041,0x0061,0x0040,0x10e2,0x08e2,0x1389,0x1f14,0x07d7,0x07fa,0x0fdd,0x37be,0x27dd,0x17dd,0x1ffc,
  0x1e15,0x1cae,0x1d70,0x2c6e,0x2bec,0x134a,0x1287,0x0a46,0x12a7,0x1329,0x14ce,0x1d10,0x248d,0x1b29,0x1baa,0x23ab,
  0x0143,0x00c1,0x11c5,0x1a67,0x0a05,0x00e2,0x00e2,0x00e2,0x00e2,0x0102,0x0102,0x0102,0x0102,0x0102,0x0102,0x0102,
  0x0102,0x0102,0x0102,0x00c1,0x01a3,0x13ca,0x0b28,0x050c,0x0714,0x07b7,0x0732,0x16b2,0x0e30,0x1735,0x26d4,0x1c2c,
  0x1cae,0x0ced,0x05ef,0x0e0f,0x0def,0x0e30,0x0f15,0x07f9,0x0fda,0x07d9,0x0fb8,0x1715,0x15f1,0x0d0e,0x0d0d,0x0d8f,
  0x0def,0x0eb2,0x0ff8,0x15af,0x0e50,0x1798,0x07fb,0x07fd,0x16f5,0x0def,0x0cec,0x0bc9,0x0f56,0x1714,0x0ac6,0x0245,
  0x0266,0x0226,0x0142,0x0c4c,0x0ffb,0x17fc,0x14ae,0x0143,0x00a1,0x0163,0x1e13,0x2530,0x0183,0x0041,0x0041,0x00e1,
  0x02c6,0x0f57,0x07fc,0x1e34,0x0183,0x00c2,0x0081,0x0861,0x0021,0x0020,0x0020,0x0020,0x0020,0x0020,0x0020,0x0020,
  0x0020,0x0000,0x0000,0x0000,0x0000,0x0000,0x0000,0x0000,0x0000,0x0000,0x0000,0x0020,0x0020,0x0020,0x0020,0x0020,
  0x0020,0x0000,0x0021,0x08a2,0x00c3,0x08c3,0x00a2,0x0021,0x0020,0x0020,0x0020,0x0020,0x0020,0x0020,0x0020,0x0020,
  0x0041,0x0041,0x0041,0x0041,0x0041,0x0040,0x0040,0x00e1,0x146c,0x0f33,0x0f56,0x0ffd,0x2fde,0x3fde,0x17dd,0x37fd,
  0x26f8,0x1c4c,0x1baa,0x1267,0x0101,0x1a87,0x2309,0x234a,0x23cc,0x244d,0x23ed,0x12c8,0x0964,0x00e2,0x00a1,0x0081,
  0x00c1,0x00c1,0x00c1,0x00a1,0x00c1,0x00c2,0x00e2,0x00e2,0x00e2,0x00e2,0x00e2,0x00e2,0x00e2,0x00e2,0x00e2,0x00e2,
  0x00e1,0x00e1,0x0163,0x0a86,0x09a3,0x13cb,0x156f,0x1631,0x0ff9,0x07b7,0x0ef3,0x0eb3,0x05ee,0x0dae,0x1368,0x0a43,
  0x1388,0x0d6f,0x0ed3,0x16b2,0x1610,0x16b2,0x0f35,0x07fa,0x07da,0x0ffa,0x1632,0x0c4a,0x0c4b,0x0d6f,0x152e,0x15f1,
  0x15cf,0x0d8e,0x0fb8,0x0d90,0x154d,0x0e31,0x07db,0x0ffd,0x0ed5,0x0dcf,0x1df0,0x13e9,0x0e93,0x17b6,0x0b68,0x0204,
  0x0143,0x0142,0x0101,0x0b29,0x1e12,0x14cf,0x0a26,0x00a1,0x0060,0x0081,0x23ab,0x0964,0x0061,0x0041,0x0040,0x00c1,
  0x0182,0x04ef,0x0ffc,0x1cce,0x00e2,0x0041,0x0041,0x0020,0x0020,0x0020,0x0020,0x0020,0x0020,0x0020,0x0020,0x0020,
  0x0000,0x0000,0x0020,0x0000,0x0000,0x0000,0x0000,0x0000,0x0000,0x0000,0x0000,0x0020,0x0020,0x0020,0x0020,0x0020,
  0x0020,0x0000,0x0041,0x08a2,0x0021,0x0062,0x00a2,0x0021,0x0020,0x0020,0x0020,0x0020,0x0020,0x0020,0x0020,0x0020,
  0x0041,0x0041,0x0041,0x0041,0x0041,0x0061,0x0000,0x09c4,0x1d2f,0x14cd,0x17b6,0x0f98,0x0ffb,0x17fc,0x07dc,0x17dd,
  0x1fbc,0x1d31,0x1aa8,0x0082,0x00a1,0x00c1,0x0102,0x00c1,0x08e3,0x0902,0x00a1,0x0081,0x00a1,0x00a1,0x00e1,0x00c1,
  0x00c1,0x00c1,0x00c1,0x00c1,0x00c2,0x00c1,0x00c1,0x00c1,0x00c1,0x00c1,0x00e2,0x00e2,0x00e2,0x00e2,0x00e2,0x00c1,
  0x09e5,0x0984,0x01c3,0x2d90,0x1b29,0x146c,0x1df0,0x0daf,0x0f14,0x0f35,0x0692,0x0e72,0x0dee,0x0e71,0x1d0f,0x2329,
  0x15b0,0x1693,0x0f14,0x0e71,0x152d,0x146b,0x0e11,0x07fa,0x0fb9,0x17b9,0x1dd1,0x1d6f,0x250d,0x0e93,0x0f56,0x0daf,
  0x150c,0x0ba7,0x0e52,0x1610,0x14ed,0x0e51,0x0799,0x07fb,0x1778,0x0e71,0x1e11,0x1367,0x0d6f,0x17d7,0x0c8c,0x0245,
  0x0a05,0x0102,0x00a1,0x0123,0x0163,0x0122,0x00c2,0x0061,0x0040,0x0020,0x0881,0x0061,0x0020,0x0040,0x0041,0x00c2,
  0x0122,0x0c2c,0x1fb9,0x0ae7,0x0061,0x0020,0x0020,0x0020,0x0020,0x0020,0x0020,0x0020,0x0020,0x0020,0x0020,0x0020,
  0x0000,0x0000,0x0020,0x0000,0x0000,0x0000,0x0000,0x0000,0x0000,0x0000,0x0000,0x0020,0x0020,0x0020,0x0020,0x0020,
  0x0020,0x0020,0x0000,0x0000,0x0041,0x00c3,0x1186,0x0082,0x0020,0x0020,0x0020,0x0020,0x0020,0x0020,0x0020,0x0020,
  0x0020,0x0020,0x0041,0x0041,0x0041,0x0041,0x0021,0x08a1,0x1d2f,0x246d,0x150e,0x0f95,0x0e93,0x0f36,0x0ffa,0x07fb,
  0x0ffc,0x1c6e,0x0922,0x0080,0x00a1,0x00a1,0x0080,0x0080,0x0081,0x0061,0x00a1,0x00c1,0x00a1,0x00c1,0x00c1,0x00a1,
  0x00a1,0x00a1,0x00c1,0x00c1,0x00c1,0x00c1,0x00c1,0x00c1,0x00c1,0x00c1,0x00c1,0x00c1,0x00c1,0x00c2,0x00e2,0x0081,
  0x1aa8,0x12c8,0x0101,0x1267,0x0963,0x0245,0x0d6d,0x06d3,0x0f76,0x0f97,0x0f96,0x0f55,0x1691,0x0650,0x0dae,0x0982,
  0x02c5,0x0c2a,0x15f1,0x15f0,0x144a,0x1bca,0x0e12,0x07fa,0x17fa,0x1d4f,0x1346,0x13a8,0x1368,0x04ee,0x0ffa,0x0d4e,
  0x0def,0x250d,0x150d,0x1eb3,0x1daf,0x1631,0x16f5,0x0777,0x0f99,0x0e71,0x0dd0,0x1c0a,0x0d0d,0x0ff7,0x0eb4,0x0388,
  0x1b8a,0x0184,0x00a2,0x00a1,0x00a1,0x0081,0x0041,0x0020,0x0021,0x0041,0x0021,0x0020,0x0040,0x0020,0x0041,0x00a2,
  0x0102,0x0c6d,0x1e34,0x0143,0x0061,0x0020,0x0020,0x0020,0x0020,0x0020,0x0020,0x0020,0x0020,0x0020,0x0020,0x0020,
  0x0000,0x0000,0x0000,0x0000,0x0000,0x0000,0x0000,0x0000,0x0000,0x0000,0x0000,0x0020,0x0020,0x0020,0x0020,0x0020,
  0x0020,0x0020,0x0000,0x0020,0x0081,0x0082,0x0104,0x00a2,0x0000,0x0020,0x0020,0x0020,0x0020,0x0020,0x0020,0x0020,
  0x0020,0x0020,0x0041,0x0021,0x0021,0x0021,0x0041,0x0040,0x1206,0x0943,0x1288,0x2694,0x1e11,0x1df0,0x1e11,0x150f,
  0x1fb9,0x1c6d,0x00c0,0x0081,0x0081,0x0081,0x0081,0x0081,0x0081,0x0081,0x0081,0x0081,0x0081,0x00a1,0x00a1,0x00a1,
  0x00a1,0x00a1,0x00a1,0x00a1,0x00a1,0x00a1,0x00c1,0x00c1,0x00c1,0x00c1,0x00c1,0x00c1,0x00c1,0x00c1,0x00c1,0x00c1,
  0x00e2,0x08c2,0x00c1,0x0081,0x0080,0x0a04,0x1651,0x0f56,0x0f35,0x0eb3,0x0ef3,0x0651,0x060e,0x058d,0x0eb2,0x14ad,
  0x1ccd,0x1dd0,0x156f,0x1d2f,0x1ae8,0x09c3,0x0d0e,0x07f9,0x17b8,0x13a9,0x12a5,0x13ca,0x254e,0x1570,0x1736,0x14cc,
  0x1c8c,0x1429,0x1429,0x14ee,0x0ccc,0x0c8b,0x0e10,0x0ef3,0x0f77,0x0f36,0x1693,0x1cac,0x0c2a,0x0f55,0x0ffa,0x0c8c,
  0x0265,0x0143,0x0082,0x0041,0x0040,0x0040,0x0040,0x0041,0x0021,0x0021,0x0021,0x0020,0x0020,0x0020,0x0020,0x0081,
  0x0142,0x2613,0x24f0,0x0081,0x0041,0x0020,0x0020,0x0020,0x0020,0x0020,0x0020,0x0020,0x0020,0x0020,0x0020,0x0020,
  0x0000,0x0000,0x0000,0x0000,0x0000,0x0000,0x0000,0x0000,0x0000,0x0000,0x0020,0x0020,0x0020,0x0020,0x0020,0x0020,
  0x0020,0x0020,0x0020,0x0020,0x0040,0x00a3,0x0105,0x0986,0x0061,0x0000,0x0020,0x0020,0x0020,0x0020,0x0020,0x0020,
  0x0020,0x0020,0x0020,0x0041,0x0041,0x0041,0x0041,0x0040,0x0000,0x00e2,0x0943,0x0984,0x1b4a,0x09e5,0x1204,0x00a0,
  0x0b28,0x2c0c,0x0040,0x0061,0x0061,0x0081,0x0081,0x0081,0x0061,0x0061,0x0081,0x0081,0x0081,0x0081,0x0081,0x00a1,
  0x00a1,0x00a1,0x00a1,0x00a1,0x00a1,0x00c1,0x00c1,0x00c1,0x00c1,0x00c1,0x00c1,0x00c1,0x00c1,0x00c1,0x00c1,0x00c1,
  0x00c1,0x00c1,0x00c2,0x00e1,0x00a0,0x0181,0x058e,0x0692,0x0f13,0x0e52,0x0eb2,0x0f14,0x1734,0x0def,0x0f53,0x1db0,
  0x0aa6,0x12e6,0x0b47,0x0ac6,0x1286,0x0a65,0x0c6c,0x1798,0x1ed5,0x246b,0x1b8a,0x1329,0x1387,0x140a,0x15b0,0x0c4a,
  0x140b,0x148b,0x154e,0x1db0,0x1d2e,0x1dd0,0x1d6e,0x15f0,0x1630,0x0ed5,0x0eb4,0x0be9,0x0ba8,0x16d3,0x0ffb,0x16d7,
  0x02e7,0x0142,0x0061,0x0041,0x0040,0x0041,0x0020,0x0020,0x0020,0x0020,0x0020,0x0020,0x0020,0x0020,0x0020,0x0040,
  0x0142,0x25b1,0x09c5,0x0040,0x0020,0x0020,0x0020,0x0020,0x0020,0x0020,0x0020,0x0020,0x0020,0x0020,0x0020,0x0020,
  0x0000,0x0000,0x0000,0x0000,0x0000,0x0000,0x0000,0x0000,0x0000,0x0000,0x0020,0x0020,0x0020,0x0020,0x0000,0x0020,
  0x0020,0x0020,0x0020,0x0020,0x0040,0x0904,0x00e4,0x0945,0x0082,0x0021,0x0021,0x0020,0x0020,0x0020,0x0020,0x0020,
  0x0020,0x0020,0x0020,0x0041,0x0041,0x0041,0x0041,0x0041,0x0040,0x00c2,0x08c2,0x0020,0x0000,0x08c2,0x1b49,0x0020,
  0x08c2,0x19e6,0x0080,0x0081,0x0061,0x0061,0x0061,0x0061,0x0061,0x0061,0x0081,0x0081,0x0081,0x0081,0x0081,0x0081,
  0x0081,0x0081,0x00a1,0x00a1,0x00a1,0x00a1,0x00c1,0x00c1,0x00c1,0x00c1,0x00a1,0x00a1,0x00a1,0x00a1,0x00a1,0x00a1,
  0x00c1,0x00c1,0x00c1,0x00a1,0x0245,0x146b,0x16f3,0x0775,0x0f95,0x1692,0x160f,0x1691,0x0e91,0x06b1,0x0ef2,0x146b,
  0x1225,0x1307,0x1c2a,0x23aa,0x23aa,0x1b08,0x1389,0x1e32,0x1368,0x09e3,0x09a3,0x0a24,0x13c9,0x13eb,0x2590,0x1d8f,
  0x1df1,0x1dcf,0x15cf,0x1631,0x14ac,0x0ced,0x14ab,0x0cab,0x15f0,0x0e32,0x17d8,0x1dd0,0x1bc9,0x15af,0x0f59,0x17fe,
  0x15d2,0x01c3,0x00a1,0x0041,0x0041,0x0041,0x0020,0x0020,0x0020,0x0041,0x0041,0x0040,0x0020,0x0020,0x0020,0x0020,
  0x00a1,0x23cc,0x00a2,0x0020,0x0020,0x0020,0x0020,0x0020,0x0020,0x0020,0x0020,0x0020,0x0020,0x0020,0x0020,0x0020,
  0x0000,0x0000,0x0000,0x0000,0x0000,0x0000,0x0000,0x0000,0x0000,0x0000,0x0020,0x0021,0x0020,0x0041,0x0020,0x0020,
  0x0020,0x0020,0x0020,0x0020,0x0020,0x0020,0x0000,0x0020,0x00e3,0x0985,0x0020,0x0020,0x0020,0x0020,0x0020,0x0020,
  0x0020,0x0020,0x0020,0x0020,0x0041,0x0041,0x0021,0x0041,0x0041,0x0040,0x0040,0x0040,0x00c2,0x00c2,0x0903,0x0081,
  0x0040,0x0000,0x0061,0x0061,0x0061,0x0061,0x0061,0x0061,0x0061,0x0061,0x0061,0x0081,0x0081,0x0081,0x0081,0x0081,
  0x0081,0x0081,0x0081,0x0081,0x0081,0x0081,0x00a1,0x00a1,0x00a1,0x00a1,0x00a1,0x00a1,0x00a1,0x00a1,0x00a1,0x00a1,
  0x00a1,0x00a1,0x00a1,0x0080,0x136a,0x146b,0x15f0,0x0ef2,0x06f2,0x0e50,0x056d,0x06d2,0x0f13,0x0f74,0x1734,0x1d8f,
  0x1b08,0x1286,0x12a7,0x0a25,0x0a45,0x1308,0x0bc9,0x158f,0x1c8d,0x248d,0x23ca,0x13a9,0x250e,0x1c8c,0x1bea,0x0c0a,
  0x0d2c,0x15ae,0x0d8e,0x0e72,0x15cf,0x15cf,0x1d6e,0x1ced,0x1652,0x0d6e,0x1cad,0x1389,0x13a8,0x0c0a,0x1551,0x1e76,
  0x1ef7,0x150f,0x00c1,0x0040,0x0041,0x0041,0x0020,0x0020,0x0040,0x0020,0x0020,0x0021,0x0020,0x0020,0x0020,0x0020,
  0x0020,0x10e3,0x0041,0x0000,0x0020,0x0020,0x0020,0x0020,0x0020,0x0020,0x0020,0x0020,0x0020,0x0020,0x0020,0x0020,
  0x0000,0x0000,0x0000,0x0000,0x0000,0x0000,0x0000,0x0000,0x0000,0x0000,0x0041,0x0062,0x0021,0x0021,0x0021,0x0020,
  0x0021,0x0000,0x0000,0x0000,0x0020,0x0020,0x0000,0x0082,0x08c3,0x0945,0x00e3,0x0041,0x0020,0x0020,0x0020,0x0020,
  0x0020,0x0020,0x0020,0x0041,0x0041,0x0041,0x0041,0x0041,0x0041,0x0041,0x0041,0x0041,0x00e3,0x00c2,0x0000,0x0041,
  0x0061,0x0061,0x0061,0x0061,0x0061,0x0061,0x0061,0x0061,0x0061,0x0061,0x0061,0x0061,0x0061,0x0061,0x0081,0x0081,
  0x0081,0x0081,0x0081,0x0081,0x0081,0x0081,0x0081,0x0081,0x0081,0x0081,0x0081,0x0081,0x00a1,0x00a1,0x0081,0x00a1,
  0x00a1,0x0081,0x00a1,0x0080,0x09c4,0x0c2b,0x0df0,0x0f55,0x0fb7,0x0ef4,0x1673,0x1797,0x0f13,0x0eb1,0x0eb0,0x0b68,
  0x09c3,0x1266,0x138a,0x1bca,0x1bea,0x24ef,0x25d1,0x1d90,0x1c4d,0x1b8a,0x09e4,0x0183,0x0b07,0x146b,0x13c9,0x146b,
  0x1610,0x1692,0x0e50,0x0ef4,0x16b3,0x0d8f,0x154d,0x13e8,0x1632,0x15cf,0x0ac7,0x0161,0x1d8f,0x2570,0x1c4c,0x246e,
  0x14ad,0x2694,0x150e,0x01c3,0x0040,0x0061,0x0020,0x0021,0x0040,0x00c2,0x0103,0x00a2,0x0061,0x0020,0x0021,0x0020,
  0x0020,0x0000,0x0020,0x0020,0x0020,0x0020,0x0000,0x0000,0x0000,0x0000,0x0000,0x0000,0x0000,0x0000,0x0020,0x0020,
  0x0000,0x0000,0x0000,0x0000,0x0000,0x0000,0x0000,0x0000,0x0000,0x0020,0x0062,0x0062,0x0021,0x0041,0x0041,0x0862,
  0x0041,0x0000,0x0000,0x0000,0x0020,0x0020,0x0000,0x0021,0x0082,0x0001,0x09a6,0x0904,0x0000,0x0040,0x0020,0x0020,
  0x0021,0x0041,0x0021,0x0041,0x0041,0x0020,0x0041,0x0041,0x0041,0x0041,0x0041,0x0041,0x0061,0x0041,0x0041,0x0041,
  0x0041,0x0041,0x0041,0x0041,0x0041,0x0041,0x0041,0x0041,0x0061,0x0061,0x0061,0x0061,0x0061,0x0061,0x0061,0x0081,
  0x0081,0x0081,0x0081,0x0081,0x0081,0x0081,0x0081,0x0081,0x0081,0x0061,0x0081,0x00a1,0x0081,0x0081,0x0081,0x0061,
  0x0081,0x0081,0x00a1,0x0040,0x0a86,0x1f55,0x0ef4,0x0735,0x1734,0x1630,0x15cd,0x0dae,0x0d8c,0x0e4f,0x0ef3,0x256f,
  0x24ee,0x240b,0x242c,0x1b08,0x1286,0x1245,0x1368,0x1b69,0x09e3,0x0a85,0x12e8,0x1ae9,0x1c8c,0x2dd0,0x248e,0x1d6e,
  0x0e2f,0x0e50,0x0e0f,0x0670,0x0d8e,0x0d2d,0x0d0d,0x154e,0x16b5,0x1fb7,0x1cad,0x0100,0x1c8c,0x1cad,0x13a8,0x246d,
  0x1b47,0x1b69,0x1795,0x1ef3,0x0942,0x0000,0x0040,0x0041,0x0020,0x0bcb,0x1df2,0x0a87,0x00c1,0x0061,0x0020,0x0020,
  0x0020,0x0020,0x0000,0x0020,0x0020,0x0020,0x0000,0x0000,0x0000,0x0000,0x0000,0x0000,0x0000,0x0000,0x0000,0x0000,
  0x0000,0x0000,0x0000,0x0000,0x0000,0x0000,0x0000,0x0000,0x0000,0x0021,0x08a2,0x0041,0x0041,0x0041,0x0041,0x0041,
  0x0020,0x0020,0x0020,0x0020,0x0041,0x0903,0x08e3,0x08c3,0x0924,0x0021,0x0124,0x0965,0x0020,0x0020,0x0020,0x0040,
  0x08c2,0x0923,0x0061,0x0020,0x0020,0x0020,0x0020,0x0020,0x0041,0x0041,0x0041,0x0041,0x0041,0x0041,0x0041,0x0041,
  0x0041,0x0041,0x0041,0x0041,0x0041,0x0041,0x0041,0x0041,0x0041,0x0041,0x0041,0x0061,0x0061,0x0041,0x0061,0x0061,
  0x0061,0x0061,0x0061,0x0061,0x0061,0x0061,0x0061,0x0061,0x0061,0x0061,0x0081,0x0040,0x00e2,0x0081,0x0061,0x0061,
  0x0081,0x0081,0x0061,0x0040,0x0161,0x052d,0x05ef,0x0650,0x05ef,0x0651,0x1692,0x16d3,0x1692,0x16d3,0x0774,0x1dae,
  0x0a45,0x0983,0x0983,0x1225,0x12c7,0x1c0a,0x1c2b,0x1bca,0x2baa,0x23ca,0x23aa,0x1266,0x09e4,0x0a65,0x0aa5,0x146a,
  0x0dce,0x062f,0x0e71,0x0ef3,0x0e11,0x1651,0x15af,0x15ae,0x1692,0x1612,0x1205,0x00c0,0x140a,0x15b0,0x14ee,0x2cae,
  0x1ac7,0x1204,0x0c4b,0x1f14,0x1d2f,0x0a26,0x0143,0x0841,0x0000,0x0bca,0x1777,0x0bec,0x00e2,0x00a1,0x0020,0x0020,
  0x0020,0x0020,0x0000,0x0000,0x0000,0x0000,0x0000,0x0000,0x0000,0x0000,0x0000,0x0000,0x0000,0x0000,0x0000,0x0000,
  0x0000,0x0000,0x0000,0x0000,0x0000,0x0000,0x0020,0x0020,0x0020,0x0000,0x0041,0x0041,0x0021,0x0041,0x0061,0x0061,
  0x0061,0x00a2,0x0061,0x0020,0x0020,0x0904,0x08a3,0x0042,0x0062,0x0041,0x0061,0x08c3,0x00a2,0x0020,0x0020,0x0020,
  0x0061,0x0081,0x0041,0x0041,0x0021,0x0020,0x0020,0x0020,0x0020,0x0020,0x0041,0x0041,0x0041,0x0041,0x0041,0x0041,
  0x0041,0x0041,0x0041,0x0041,0x0041,0x0041,0x0041,0x0041,0x0041,0x0041,0x0041,0x0061,0x0061,0x0041,0x0061,0x0061,
  0x0061,0x0061,0x0061,0x0061,0x0061,0x0061,0x0061,0x0061,0x0061,0x0061,0x0040,0x0a26,0x2c0c,0x08a2,0x0041,0x0081,
  0x0061,0x0081,0x0123,0x0163,0x02e6,0x0ef4,0x0f97,0x06f3,0x0ed3,0x0eb2,0x0eb1,0x15ef,0x0be8,0x0e70,0x0f33,0x1dcf,
  0x1c0b,0x23eb,0x240b,0x2bcb,0x238a,0x1b68,0x1ae7,0x1265,0x11c3,0x1163,0x0a45,0x0ae7,0x12e8,0x1328,0x1c2b,0x1d4e,
  0x1e11,0x0e31,0x0ed2,0x0e91,0x0e30,0x0e2f,0x15ef,0x0c6a,0x0e91,0x1cef,0x0000,0x0081,0x0a87,0x0d0e,0x14ad,0x1c2b,
  0x12c6,0x12a6,0x1c0b,0x1cce,0x1d71,0x2df3,0x232a,0x0020,0x00a1,0x0ae7,0x1570,0x144d,0x0143,0x00c1,0x0020,0x0020,
  0x0020,0x0020,0x0000,0x0000,0x0000,0x0000,0x0000,0x0000,0x0000,0x0000,0x0000,0x0000,0x0000,0x0000,0x0000,0x0000,
  0x0000,0x0000,0x0000,0x0000,0x0000,0x0000,0x0020,0x0020,0x0041,0x0021,0x0061,0x0061,0x0041,0x0082,0x00c3,0x00a2,
  0x0062,0x0041,0x0021,0x0001,0x0020,0x0021,0x0041,0x00a2,0x0081,0x0062,0x0904,0x0060,0x0061,0x0020,0x0020,0x0021,
  0x0020,0x0862,0x08e3,0x08e3,0x0000,0x0021,0x0021,0x0020,0x0020,0x0021,0x0041,0x0061,0x0021,0x0041,0x0041,0x0041,
  0x0041,0x0041,0x0041,0x0041,0x0041,0x0041,0x0041,0x0041,0x0041,0x0041,0x0041,0x0041,0x0041,0x0041,0x0061,0x0061,
  0x0061,0x0061,0x0061,0x0061,0x0061,0x0061,0x0061,0x0061,0x0061,0x0020,0x09c5,0x2d70,0x11e6,0x0081,0x0061,0x0061,
  0x0040,0x00c1,0x250e,0x248c,0x0bc9,0x0fb5,0x0774,0x0691,0x0eb1,0x0691,0x0e91,0x0e4f,0x0449,0x0e90,0x0f13,0x256e,
  0x240c,0x1b08,0x09c3,0x0983,0x09c4,0x1204,0x1245,0x1224,0x1b69,0x1b89,0x1c2b,0x2cef,0x1ba9,0x0a65,0x12e6,0x13c9,
  0x146b,0x0630,0x06d2,0x0735,0x16f4,0x1671,0x1692,0x15af,0x1776,0x142c,0x0020,0x0041,0x0102,0x02c7,0x1dd1,0x1e93,
  0x13ea,0x244c,0x0a46,0x0143,0x00c2,0x00a1,0x0040,0x0923,0x1b09,0x1cce,0x144c,0x1bcb,0x0103,0x0081,0x0020,0x0020,
  0x0020,0x0020,0x0000,0x0000,0x0000,0x0000,0x0000,0x0000,0x0000,0x0000,0x0000,0x0000,0x0000,0x0000,0x0000,0x0000,
  0x0000,0x0000,0x0000,0x0000,0x0000,0x0000,0x0000,0x0000,0x0041,0x0041,0x0061,0x0041,0x0041,0x0062,0x0082,0x0082,
  0x0041,0x0042,0x00c4,0x00c3,0x0000,0x0000,0x0041,0x08c3,0x0081,0x0020,0x0061,0x0040,0x0020,0x0020,0x0041,0x0021,
  0x0021,0x0041,0x08a2,0x08a2,0x0021,0x0021,0x0021,0x0020,0x0020,0x0021,0x0021,0x0082,0x1985,0x0081,0x0020,0x0041,
  0x0041,0x0041,0x0041,0x0041,0x0041,0x0041,0x0041,0x0041,0x0041,0x0041,0x0041,0x0041,0x0041,0x0041,0x0041,0x0041,
  0x0041,0x0041,0x0041,0x0041,0x0061,0x0061,0x0061,0x0061,0x0040,0x1226,0x238a,0x11e5,0x0061,0x0041,0x0041,0x0061,
  0x0060,0x08c2,0x1225,0x0962,0x0b68,0x0f33,0x0755,0x0f96,0x0fb6,0x0fd6,0x0f54,0x1691,0x156d,0x0ef2,0x15d0,0x0982,
  0x1266,0x0ac6,0x1308,0x1beb,0x240b,0x238a,0x238a,0x1b28,0x1aa7,0x1225,0x0963,0x0962,0x0162,0x00c1,0x1307,0x1cac,
  0x146b,0x16b2,0x0714,0x0f75,0x0f13,0x0dcf,0x0f36,0x07da,0x0ffc,0x140b,0x0020,0x0020,0x0081,0x0183,0x0b8a,0x0bca,
  0x0327,0x246c,0x09a4,0x0102,0x00c2,0x0061,0x0000,0x08e3,0x1184,0x0964,0x1247,0x09a5,0x0041,0x0041,0x0020,0x0020,
  0x0000,0x0000,0x0000,0x0000,0x0000,0x0000,0x0000,0x0000,0x0000,0x0000,0x0000,0x0000,0x0000,0x0000,0x0000,0x0000,
  0x0000,0x0000,0x0000,0x0000,0x0000,0x0020,0x0020,0x0000,0x0061,0x0041,0x0020,0x0040,0x0020,0x0061,0x00c3,0x00e4,
  0x0904,0x00c3,0x00e4,0x0082,0x0020,0x0020,0x0000,0x0041,0x0082,0x0882,0x0082,0x0882,0x0081,0x0020,0x0020,0x0041,
  0x0021,0x0021,0x0082,0x0082,0x1144,0x0082,0x0020,0x0020,0x0020,0x0020,0x0041,0x0041,0x0903,0x0081,0x0020,0x0020,
  0x0041,0x0041,0x0041,0x0041,0x0041,0x0041,0x0041,0x0041,0x0041,0x0041,0x0041,0x0041,0x0041,0x0041,0x0041,0x0041,
  0x0041,0x0041,0x0041,0x0041,0x0041,0x0041,0x0041,0x0040,0x00c2,0x1226,0x0081,0x0020,0x0861,0x0061,0x0040,0x0040,
  0x0040,0x00e3,0x0183,0x0a05,0x154f,0x1755,0x0796,0x07b7,0x0f33,0x06f2,0x0f32,0x0dce,0x0d8c,0x0f33,0x2672,0x0142,
  0x2c8d,0x23eb,0x1b09,0x1a87,0x11c4,0x0122,0x0963,0x0983,0x1204,0x1ae7,0x1a86,0x1a86,0x2329,0x09a4,0x1348,0x1c2a,
  0x0b26,0x0ccc,0x06b3,0x0f34,0x054d,0x06f5,0x07fa,0x07fb,0x07fc,0x1694,0x0b89,0x01a3,0x0122,0x00a1,0x0080,0x0101,
  0x148b,0x2e53,0x134a,0x0061,0x0082,0x0021,0x0021,0x0000,0x0000,0x0000,0x0061,0x0081,0x0040,0x0021,0x0020,0x0020,
  0x0000,0x0020,0x0000,0x0000,0x0000,0x0000,0x0000,0x0000,0x0000,0x0000,0x0000,0x0000,0x0000,0x0000,0x0000,0x0000,
  0x0000,0x0000,0x0000,0x0000,0x0000,0x0000,0x0020,0x0000,0x0040,0x0041,0x0000,0x0020,0x0000,0x0000,0x0862,0x0042,
  0x0021,0x0041,0x0041,0x0062,0x0061,0x08c3,0x0040,0x00c2,0x0924,0x00a3,0x0082,0x0062,0x0061,0x0020,0x0020,0x0020,
  0x0021,0x0041,0x08e3,0x08a2,0x0903,0x0061,0x0000,0x0021,0x0021,0x0041,0x0041,0x0041,0x0985,0x00e2,0x0903,0x0923,
  0x0020,0x0041,0x0041,0x0041,0x0041,0x0041,0x0041,0x0041,0x0041,0x0041,0x0041,0x0041,0x0041,0x0041,0x0041,0x0041,
  0x0041,0x0041,0x0041,0x0041,0x0041,0x0020,0x0021,0x08e3,0x0081,0x0000,0x0041,0x0061,0x0041,0x0040,0x0040,0x0041,
  0x0020,0x00c2,0x1245,0x0b48,0x0df0,0x0e10,0x0e70,0x06f2,0x0f33,0x07d5,0x0fb5,0x0f53,0x0eb1,0x1e71,0x1c0b,0x0964,
  0x0923,0x00c2,0x0020,0x0020,0x0000,0x12e8,0x2349,0x2349,0x1b08,0x1b68,0x1a05,0x0922,0x0962,0x00c0,0x0182,0x1367,
  0x146b,0x152e,0x0eb2,0x0fb8,0x0757,0x07fa,0x07f9,0x07fa,0x07fb,0x07fc,0x1653,0x0db1,0x1c2e,0x0060,0x0061,0x0061,
  0x1bab,0x24af,0x1288,0x0020,0x0060,0x0040,0x0020,0x0021,0x0020,0x0020,0x0000,0x0020,0x0020,0x0000,0x0020,0x0000,
  0x0020,0x0000,0x0000,0x0000,0x0000,0x0000,0x0000,0x0000,0x0000,0x0000,0x0000,0x0000,0x0000,0x0000,0x0000,0x0000,
  0x0000,0x0000,0x0000,0x0000,0x0000,0x0020,0x0020,0x0020,0x0061,0x0041,0x0000,0x0000,0x0000,0x0000,0x0082,0x0124,
  0x00e4,0x0925,0x00e4,0x08e3,0x0082,0x0082,0x0040,0x0041,0x0041,0x0021,0x0062,0x00a3,0x0062,0x0041,0x0020,0x0020,
  0x0020,0x0041,0x0082,0x0042,0x00a2,0x08a2,0x0021,0x0041,0x0041,0x00a2,0x0041,0x0060,0x0903,0x0882,0x00a1,0x08e2,
  0x0000,0x0041,0x0041,0x0041,0x0041,0x0041,0x0041,0x0041,0x0041,0x0041,0x0041,0x0041,0x0041,0x0041,0x0041,0x0041,
  0x0041,0x0041,0x0041,0x0041,0x0040,0x0964,0x1164,0x0882,0x0041,0x0041,0x0041,0x0041,0x0040,0x0040,0x0040,0x0040,
  0x00c2,0x0081,0x0ae8,0x0d2e,0x0dd0,0x0e92,0x0f13,0x0f74,0x0eb1,0x0f33,0x0f13,0x0e50,0x144a,0x13a9,0x0943,0x0061,
  0x0020,0x0020,0x0041,0x0061,0x0020,0x2288,0x12c7,0x1205,0x0922,0x09a3,0x0a65,0x0a05,0x11e5,0x1aa7,0x1bca,0x248c,
  0x1ced,0x156e,0x0e2f,0x07b8,0x07fa,0x07f9,0x07fa,0x07fb,0x07fc,0x07fa,0x0d4e,0x1758,0x25d4,0x0080,0x0061,0x0020,
  0x00a2,0x0061,0x0040,0x0a66,0x01c4,0x0081,0x0061,0x0020,0x0020,0x0020,0x0020,0x0021,0x0000,0x0020,0x0021,0x0000,
  0x00c2,0x1165,0x0020,0x0020,0x0020,0x0020,0x0020,0x0000,0x0000,0x0000,0x0000,0x0000,0x0000,0x0000,0x0000,0x0000,
  0x0000,0x0000,0x0000,0x0000,0x0000,0x0020,0x0020,0x0020,0x08c2,0x0040,0x0000,0x0000,0x0000,0x0000,0x08c3,0x0986,
  0x0105,0x00c3,0x0061,0x0041,0x0040,0x08a3,0x0062,0x0021,0x08a2,0x08c3,0x00c3,0x00e3,0x0062,0x0041,0x0021,0x0020,
  0x0020,0x0021,0x08c3,0x08c3,0x08e3,0x1144,0x0021,0x0021,0x0021,0x00a2,0x0061,0x0041,0x0964,0x0144,0x1246,0x09c4,
  0x00a2,0x0020,0x0041,0x0041,0x0020,0x0020,0x0020,0x0020,0x0041,0x0041,0x0041,0x0041,0x0041,0x0041,0x0041,0x0041,
  0x0041,0x0041,0x0041,0x0041,0x0041,0x1a07,0x0924,0x0020,0x0041,0x0041,0x0041,0x0041,0x0040,0x0040,0x0040,0x0020,
  0x1bca,0x1349,0x144d,0x1631,0x0df0,0x1652,0x1631,0x0ed2,0x0e2e,0x0dcd,0x160e,0x15ae,0x13a8,0x23a9,0x22e9,0x0000,
  0x0061,0x0061,0x0040,0x0040,0x0020,0x00a1,0x1ac8,0x2329,0x1ae8,0x2b8b,0x23cb,0x1b29,0x1205,0x11e4,0x09e4,0x0aa5,
  0x0ae6,0x0c69,0x0dee,0x0fd8,0x07fa,0x07f9,0x07fa,0x07fb,0x07fb,0x07da,0x0799,0x07fc,0x1e95,0x00a1,0x0020,0x0040,
  0x0020,0x0080,0x00e1,0x1cce,0x13eb,0x0122,0x0102,0x0081,0x0020,0x0020,0x0020,0x0040,0x0040,0x0061,0x0041,0x0000,
  0x0082,0x1104,0x0000,0x0020,0x0040,0x0040,0x0020,0x0020,0x0020,0x0000,0x0000,0x0000,0x0000,0x0000,0x0000,0x0000,
  0x0000,0x0000,0x0000,0x0000,0x0000,0x0020,0x0020,0x0020,0x08c2,0x0040,0x0000,0x0000,0x0000,0x0000,0x0020,0x0001,
  0x0000,0x0061,0x00c3,0x08a3,0x08a2,0x08e3,0x0082,0x0041,0x0882,0x0082,0x0062,0x0082,0x00a2,0x0041,0x0041,0x0041,
  0x0020,0x0041,0x0061,0x0062,0x0041,0x00a2,0x0082,0x00c3,0x00a2,0x0985,0x08e3,0x0021,0x1b0a,0x1268,0x1247,0x1309,
  0x0965,0x0000,0x0041,0x0021,0x0020,0x0020,0x0020,0x0020,0x0041,0x0041,0x0041,0x0041,0x0041,0x0041,0x0041,0x0041,
  0x0041,0x0041,0x0020,0x0020,0x0061,0x0020,0x0021,0x0041,0x0041,0x0021,0x0021,0x0041,0x0040,0x0040,0x0040,0x0020,
  0x1206,0x1287,0x0ac7,0x0ccc,0x0d2d,0x0e30,0x0e91,0x0f34,0x1735,0x0def,0x15ae,0x252e,0x2308,0x0923,0x1103,0x0040,
  0x0041,0x0040,0x0040,0x0040,0x0020,0x0861,0x1985,0x0964,0x1143,0x0983,0x0983,0x00e1,0x0983,0x1348,0x14ad,0x1d90,
  0x1ccc,0x1dd0,0x0e72,0x0f96,0x07fa,0x07fa,0x07fa,0x07fb,0x07db,0x07da,0x07f9,0x0ff9,0x2551,0x00c2,0x0000,0x0061,
  0x0041,0x0081,0x0142,0x14cd,0x14ad,0x01c4,0x01a3,0x0102,0x0041,0x0020,0x0040,0x00e2,0x0ac7,0x0266,0x0163,0x00c2,
  0x0040,0x0000,0x0000,0x0020,0x0061,0x0081,0x0081,0x0061,0x0020,0x0000,0x0000,0x0000,0x0000,0x0000,0x0000,0x0000,
  0x0000,0x0000,0x0000,0x0000,0x0000,0x0020,0x0041,0x0000,0x08c2,0x0040,0x0000,0x0000,0x0000,0x0000,0x0000,0x0000,
  0x0000,0x0061,0x00a2,0x0061,0x0041,0x0021,0x0062,0x00a2,0x00a2,0x0904,0x08c3,0x0924,0x08e3,0x0021,0x0021,0x0082,
  0x0041,0x0061,0x0082,0x00c3,0x0061,0x0985,0x1165,0x0944,0x08e3,0x00c3,0x00a2,0x0020,0x0123,0x0124,0x00c2,0x0964,
  0x1bab,0x0144,0x0020,0x0021,0x0040,0x0020,0x0020,0x0020,0x0020,0x0020,0x0020,0x0020,0x0020,0x0020,0x0041,0x0041,
  0x0041,0x0020,0x0882,0x0882,0x0040,0x0041,0x0041,0x0041,0x0041,0x0020,0x0041,0x0041,0x0040,0x0040,0x0040,0x0041,
  0x0000,0x00e1,0x1348,0x158f,0x156f,0x0e30,0x0e70,0x0e50,0x0e10,0x04ea,0x144a,0x09e5,0x0041,0x0000,0x0000,0x0041,
  0x0020,0x0020,0x0020,0x0020,0x0020,0x0020,0x0020,0x0000,0x08c1,0x1266,0x240b,0x1b49,0x244c,0x248d,0x1c4d,0x1368,
  0x0aa5,0x04cc,0x0ed2,0x0755,0x07fa,0x07d9,0x07fa,0x07fa,0x07fb,0x07fb,0x0fda,0x1d2f,0x00e1,0x0061,0x0021,0x0021,
  0x0020,0x0061,0x0143,0x0c6c,0x1dd1,0x0c2b,0x13aa,0x0142,0x0081,0x0021,0x0040,0x0143,0x1dd1,0x1735,0x052f,0x02a8,
  0x00c2,0x0020,0x0020,0x0041,0x00c1,0x0123,0x0103,0x00c2,0x0061,0x0020,0x0020,0x0000,0x0000,0x0000,0x0000,0x0000,
  0x0000,0x0000,0x0000,0x0000,0x0000,0x0020,0x0061,0x0000,0x0081,0x0041,0x0000,0x0000,0x0000,0x0000,0x0000,0x0000,
  0x0000,0x0000,0x0020,0x0082,0x08c3,0x00a3,0x0945,0x0145,0x00c4,0x08e4,0x00a3,0x0103,0x00c3,0x00c3,0x00a2,0x0944,
  0x00e3,0x0882,0x08c3,0x00e3,0x0061,0x0144,0x0144,0x00a2,0x0061,0x09e6,0x0944,0x00a2,0x1aa9,0x12a9,0x132a,0x09a5,
  0x0a06,0x09c6,0x0000,0x0041,0x0040,0x0020,0x0020,0x0020,0x0020,0x0020,0x0020,0x0020,0x0020,0x0020,0x0020,0x0041,
  0x0041,0x0020,0x0882,0x0881,0x0020,0x0021,0x0040,0x0040,0x0020,0x0020,0x0021,0x0020,0x0020,0x0020,0x0020,0x0020,
  0x0881,0x1a25,0x1348,0x0c4b,0x0ced,0x0d6e,0x1650,0x0e0f,0x162f,0x1d8d,0x23a9,0x1164,0x0000,0x0040,0x0040,0x0020,
  0x0020,0x0020,0x0020,0x0020,0x0020,0x0020,0x0041,0x0000,0x09a4,0x244b,0x1a86,0x0983,0x11a4,0x0942,0x0121,0x09e4,
  0x1347,0x0def,0x0f34,0x0796,0x07f9,0x07b8,0x07fa,0x07fa,0x07fa,0x07fc,0x1779,0x0a45,0x0040,0x0000,0x0020,0x0000,
  0x0020,0x0040,0x0143,0x02c8,0x0c8c,0x1694,0x1d51,0x0183,0x0081,0x0021,0x0060,0x0142,0x0287,0x0d0f,0x1ed5,0x142d,
  0x0103,0x0040,0x0020,0x0081,0x0122,0x0286,0x1329,0x0164,0x00a2,0x0020,0x0000,0x0000,0x0000,0x0000,0x0000,0x0000,
  0x0000,0x0000,0x0000,0x0000,0x0000,0x0020,0x0081,0x0020,0x0040,0x0041,0x0000,0x0000,0x0000,0x0000,0x0000,0x0000,
  0x0000,0x0000,0x0041,0x08a2,0x0082,0x0062,0x00c3,0x0104,0x00e4,0x0124,0x00e4,0x0965,0x0165,0x0965,0x0144,0x0165,
  0x08e3,0x0061,0x00a2,0x00c3,0x00c2,0x0a68,0x0ae9,0x0a67,0x0104,0x0a88,0x09c6,0x0082,0x1207,0x0943,0x09a5,0x0103,
  0x0163,0x0a47,0x0081,0x0021,0x0021,0x0020,0x0020,0x0020,0x0020,0x0020,0x0020,0x0020,0x0020,0x0020,0x0020,0x0020,
  0x0020,0x0020,0x0020,0x0020,0x0021,0x0021,0x0020,0x0020,0x0020,0x0020,0x0020,0x0020,0x0020,0x0020,0x0040,0x0040,
  0x08e2,0x0a05,0x1307,0x146c,0x14ed,0x152d,0x1650,0x16b2,0x250d,0x0a04,0x08e2,0x08c2,0x0020,0x0040,0x0020,0x0020,
  0x0020,0x0020,0x0020,0x0020,0x0020,0x0020,0x0020,0x0020,0x0081,0x1225,0x1245,0x1a86,0x1b09,0x238a,0x1266,0x1ae8,
  0x1388,0x0def,0x0ef3,0x0733,0x07d7,0x07d8,0x07f9,0x07fb,0x07fa,0x07db,0x0ffc,0x0dd3,0x02e7,0x134a,0x0944,0x00e2,
  0x00c2,0x00a1,0x0102,0x0349,0x1d0f,0x0db0,0x1632,0x01c4,0x00a1,0x0021,0x0040,0x00c1,0x0163,0x01e5,0x0246,0x09c4,
  0x0081,0x0020,0x0020,0x0081,0x0163,0x13cb,0x1c2d,0x0164,0x00a1,0x0020,0x0000,0x0000,0x0000,0x0000,0x0000,0x0000,
  0x0000,0x0000,0x0020,0x0020,0x0000,0x0020,0x0081,0x0040,0x0040,0x0881,0x0000,0x0000,0x0000,0x0000,0x0000,0x0000,
  0x0000,0x0000,0x0021,0x0000,0x0000,0x08c3,0x0186,0x01e7,0x09c6,0x09a6,0x0965,0x09a6,0x01a5,0x0103,0x0123,0x0164,
  0x0144,0x00e3,0x00c2,0x00a2,0x0061,0x0ac8,0x0c4e,0x142e,0x0165,0x0103,0x01a5,0x00a2,0x0103,0x09e6,0x1309,0x11e6,
  0x142d,0x24cf,0x0924,0x0000,0x0020,0x0020,0x0020,0x0020,0x0020,0x0020,0x0020,0x0020,0x0020,0x0020,0x0020,0x0020,
  0x0020,0x0020,0x0041,0x0041,0x0041,0x0041,0x0020,0x0020,0x0020,0x0020,0x0020,0x0020,0x0021,0x0020,0x0020,0x1b09,
  0x1c8e,0x24af,0x1c2b,0x14ac,0x148c,0x1389,0x23ea,0x12e7,0x00c1,0x1a26,0x0061,0x0020,0x0021,0x0020,0x0020,0x0020,
  0x0020,0x0020,0x0020,0x0020,0x0020,0x0020,0x0041,0x0020,0x1a47,0x23ec,0x23cb,0x22c7,0x11e4,0x1205,0x08a1,0x0183,
  0x0bc9,0x0e0f,0x0ed1,0x0f33,0x0796,0x07d7,0x07d9,0x07fb,0x07fb,0x07fb,0x07fc,0x07fc,0x07fa,0x1ffc,0x13aa,0x1c6e,
  0x0a87,0x0143,0x0ae7,0x0baa,0x13eb,0x040a,0x1ed5,0x0a25,0x0081,0x0020,0x0020,0x0040,0x0081,0x00e2,0x00e2,0x0061,
  0x0020,0x0000,0x0020,0x0081,0x0143,0x01e5,0x01e5,0x0123,0x0081,0x0020,0x0000,0x0000,0x0000,0x0000,0x0000,0x0000,
  0x0000,0x0000,0x0020,0x0040,0x0000,0x0020,0x0061,0x0040,0x0020,0x0041,0x0000,0x0000,0x0000,0x0000,0x0000,0x0000,
  0x0000,0x0020,0x0082,0x0000,0x0000,0x0923,0x0965,0x0104,0x00a2,0x0061,0x0021,0x00a2,0x0903,0x0185,0x09a6,0x01e7,
  0x0a49,0x09a6,0x0924,0x00c3,0x0081,0x0143,0x0aa9,0x140d,0x0a48,0x01a5,0x0ac9,0x09a5,0x0944,0x11c6,0x09e5,0x08e2,
  0x0963,0x0963,0x0984,0x0944,0x09c4,0x08a1,0x0020,0x0020,0x0020,0x0020,0x0020,0x0020,0x0020,0x0020,0x0020,0x0020,
  0x0020,0x0020,0x0020,0x0020,0x0020,0x0020,0x0020,0x0020,0x0020,0x0020,0x0020,0x0020,0x0020,0x0040,0x0000,0x1205,
  0x12a7,0x0a87,0x0aa7,0x0aa6,0x0be9,0x1c4c,0x0102,0x00c1,0x0020,0x19e6,0x0882,0x0020,0x0020,0x0020,0x0020,0x0020,
  0x0020,0x0020,0x0020,0x0020,0x0020,0x0020,0x0020,0x0020,0x0943,0x12a6,0x0a25,0x09a4,0x11a4,0x1349,0x0a66,0x1590,
  0x16d3,0x16b3,0x0eb2,0x0ed2,0x0775,0x07b6,0x07d8,0x07fb,0x07fb,0x07fb,0x07fb,0x07fb,0x07fb,0x0ffc,0x148d,0x1d30,
  0x0c2c,0x0265,0x1e32,0x0c0b,0x0245,0x0205,0x2d10,0x09c4,0x0020,0x0020,0x0020,0x0020,0x0020,0x0040,0x0040,0x0020,
  0x0000,0x0000,0x0020,0x0061,0x00c2,0x0102,0x00e2,0x00a1,0x0040,0x0000,0x0000,0x0000,0x0000,0x0000,0x0000,0x0000,
  0x0020,0x0020,0x0020,0x0040,0x0000,0x0020,0x0000,0x0000,0x0000,0x0000,0x0000,0x0000,0x0000,0x0000,0x0000,0x0000,
  0x0000,0x0000,0x0082,0x0020,0x0000,0x0000,0x0000,0x0000,0x0041,0x08c2,0x0000,0x0000,0x0041,0x0944,0x0924,0x0104,
  0x00a2,0x0061,0x08e2,0x0965,0x09e7,0x00e3,0x00e3,0x0a27,0x09c6,0x09c6,0x09c6,0x0103,0x00a2,0x0040,0x00a1,0x0a26,
  0x1267,0x11a5,0x1ac9,0x1a48,0x0923,0x0841,0x0041,0x0821,0x0020,0x0020,0x0020,0x0041,0x0020,0x0020,0x0020,0x0020,
  0x0020,0x0020,0x0020,0x0020,0x0020,0x0020,0x0020,0x0020,0x0020,0x0020,0x0020,0x0020,0x0020,0x00a2,0x0903,0x0206,
  0x0c0b,0x0cee,0x15b1,0x1c8c,0x248c,0x1c8c,0x0923,0x0000,0x0040,0x0020,0x0020,0x0020,0x0020,0x0020,0x0020,0x0020,
  0x0020,0x0020,0x0020,0x0020,0x0020,0x0020,0x0020,0x0000,0x0082,0x23ab,0x242d,0x244d,0x238a,0x1b29,0x1205,0x1348,
  0x142a,0x0d4d,0x0e0f,0x0eb1,0x0f94,0x07b5,0x07d8,0x07fb,0x07fb,0x07fb,0x07fb,0x07fb,0x07fb,0x0ffd,0x1591,0x0cad,
  0x1570,0x048c,0x1799,0x0cad,0x0246,0x00c3,0x0081,0x0061,0x1a05,0x08a2,0x0000,0x0020,0x0000,0x0000,0x0000,0x0000,
  0x0000,0x0000,0x0000,0x0020,0x0040,0x0041,0x0041,0x0020,0x0000,0x0000,0x0000,0x0000,0x0000,0x0000,0x0000,0x0000,
  0x0000,0x0020,0x0000,0x0000,0x0000,0x0000,0x0000,0x0000,0x0000,0x0000,0x0000,0x0000,0x0000,0x0000,0x0000,0x0000,
  0x0000,0x0000,0x08a2,0x0041,0x0000,0x0000,0x0000,0x0000,0x0041,0x08c3,0x0000,0x0020,0x0000,0x0020,0x0000,0x11c6,
  0x08e3,0x0000,0x0000,0x0061,0x0925,0x08e3,0x00a2,0x00e3,0x0185,0x0a88,0x0a89,0x1288,0x130b,0x09c5,0x11e6,0x0b0a,
  0x1b4b,0x0943,0x08e2,0x00a1,0x0081,0x0a06,0x2bcc,0x0944,0x0000,0x0040,0x0020,0x0000,0x0020,0x0020,0x0020,0x0020,
  0x0020,0x0020,0x0020,0x0020,0x0020,0x0020,0x0020,0x0020,0x0020,0x0020,0x0020,0x0041,0x0000,0x1bac,0x1dd2,0x144e,
  0x1550,0x1caf,0x140c,0x1268,0x0943,0x09a4,0x00e2,0x0020,0x0040,0x0021,0x0020,0x0020,0x0020,0x0020,0x0000,0x0020,
  0x0020,0x0020,0x0020,0x0020,0x0020,0x0020,0x0020,0x0000,0x08a2,0x1aa7,0x1246,0x0a46,0x09a4,0x0963,0x0a25,0x1368,
  0x150d,0x1692,0x16b2,0x0ed2,0x0f95,0x0795,0x07d7,0x07fb,0x07fb,0x07fb,0x07fc,0x07fb,0x07fb,0x07fc,0x1717,0x1570,
  0x0e94,0x06f5,0x17fb,0x1590,0x0245,0x00a2,0x0020,0x0000,0x0903,0x08a2,0x0000,0x0020,0x0000,0x0000,0x0000,0x0000,
  0x0000,0x0000,0x0000,0x0000,0x0000,0x0020,0x0000,0x0040,0x0061,0x0000,0x0000,0x0000,0x0000,0x0000,0x0000,0x0000,
  0x0000,0x0041,0x0020,0x0000,0x0000,0x0000,0x0000,0x0000,0x0000,0x0000,0x0000,0x0000,0x0000,0x0000,0x0000,0x0000,
  0x0000,0x0000,0x0041,0x0040,0x0000,0x0000,0x0000,0x0020,0x0000,0x08c2,0x0061,0x0000,0x0000,0x0000,0x0000,0x1185,
  0x1144,0x0000,0x0040,0x0000,0x0000,0x0944,0x0185,0x0945,0x09e6,0x0ae9,0x1288,0x09e5,0x0144,0x0081,0x00a1,0x08e2,
  0x09c5,0x12c9,0x0964,0x1288,0x1226,0x23ac,0x230a,0x0943,0x0000,0x0040,0x0020,0x00c2,0x0061,0x0820,0x0041,0x0800,
  0x0020,0x0020,0x0020,0x0020,0x0020,0x0020,0x0020,0x0020,0x0020,0x0020,0x0020,0x0021,0x0000,0x11e6,0x1288,0x0123,
  0x0143,0x0a67,0x08c2,0x0000,0x0000,0x0000,0x0020,0x0020,0x0020,0x0020,0x0020,0x0020,0x0020,0x0000,0x0122,0x12c8,
  0x12a8,0x0923,0x0020,0x0020,0x0020,0x0020,0x0020,0x0020,0x0020,0x0000,0x11c4,0x1ae7,0x1b69,0x238a,0x2beb,0x1b48,
  0x146b,0x0dae,0x0def,0x0e50,0x0734,0x07d5,0x07d7,0x07fb,0x07fa,0x07fb,0x07fc,0x07fc,0x07fb,0x07fc,0x0ffb,0x1737,
  0x07ba,0x17ba,0x0cee,0x0388,0x0205,0x0061,0x0000,0x0000,0x0000,0x0000,0x0000,0x0000,0x0000,0x0000,0x0000,0x0000,
  0x0000,0x0000,0x0000,0x0000,0x0000,0x0000,0x0000,0x0902,0x11a5,0x0000,0x0000,0x0000,0x0000,0x0000,0x0000,0x0000,
  0x0000,0x0040,0x0020,0x0000,0x0000,0x0000,0x0000,0x0000,0x0000,0x0000,0x0000,0x0000,0x0000,0x0000,0x0000,0x0000,
  0x0000,0x0000,0x0000,0x0000,0x0000,0x0020,0x0041,0x0041,0x0000,0x08c2,0x0061,0x0000,0x0000,0x0000,0x0000,0x0082,
  0x08a2,0x0061,0x00c2,0x0040,0x0000,0x09a5,0x0a47,0x0104,0x0185,0x02c9,0x01a5,0x0903,0x0964,0x0a67,0x1247,0x19e6,
  0x0944,0x1268,0x0944,0x0964,0x08a1,0x08e2,0x0163,0x12c7,0x1bab,0x0923,0x08c2,0x2c0d,0x09a5,0x0000,0x0020,0x0021,
  0x0020,0x0020,0x0020,0x0020,0x0020,0x0020,0x0020,0x0020,0x0020,0x0020,0x0020,0x0800,0x0184,0x0a67,0x136b,0x14ae,
  0x1c6e,0x250f,0x08a2,0x0020,0x0041,0x0021,0x0020,0x0020,0x0020,0x0020,0x0020,0x0020,0x0020,0x0000,0x0144,0x148e,
  0x1b2a,0x0923,0x0000,0x0020,0x0020,0x0020,0x0020,0x0020,0x0040,0x0000,0x1a46,0x22a7,0x1a46,0x0942,0x0962,0x09c3,
  0x0ba8,0x0d6d,0x0e10,0x0f14,0x0f75,0x07d8,0x07f8,0x07f8,0x07fa,0x07fb,0x07fc,0x07fc,0x07fb,0x0fdb,0x07f9,0x07fa,
  0x07fc,0x1738,0x03a8,0x02a5,0x01a5,0x00c2,0x0061,0x0061,0x0061,0x00a1,0x00c2,0x0061,0x0020,0x0000,0x0000,0x0000,
  0x0000,0x0000,0x0000,0x0000,0x0000,0x0000,0x0040,0x0020,0x0061,0x0020,0x0000,0x0000,0x0000,0x0000,0x0000,0x0000,
  0x0020,0x0000,0x0020,0x0000,0x0000,0x0000,0x0000,0x0000,0x0000,0x0000,0x0000,0x0020,0x0000,0x0000,0x0000,0x0000,
  0x0000,0x0000,0x0000,0x0000,0x0000,0x0000,0x0020,0x0000,0x0000,0x0020,0x08a1,0x08a1,0x0000,0x0000,0x0000,0x0000,
  0x0000,0x0040,0x0061,0x0020,0x0000,0x0082,0x0a48,0x0206,0x0227,0x0b0b,0x0a89,0x1268,0x0a68,0x11e6,0x0903,0x00c2,
  0x0020,0x0000,0x0000,0x0020,0x1349,0x1c2d,0x1cee,0x1c4d,0x242c,0x0903,0x08a1,0x09a4,0x09c4,0x0984,0x0984,0x1beb,
  0x08c2,0x0000,0x0020,0x0000,0x0020,0x0000,0x0000,0x0020,0x0020,0x0800,0x0020,0x0861,0x24ce,0x2550,0x1c8e,0x1c0d,
  0x1247,0x1123,0x0000,0x0020,0x0020,0x0020,0x0020,0x0020,0x0020,0x0020,0x0020,0x0020,0x0020,0x0020,0x0020,0x144c,
  0x0348,0x1bcb,0x1985,0x0000,0x0020,0x0020,0x0020,0x0020,0x0020,0x0020,0x0020,0x0020,0x00a0,0x2307,0x1c6b,0x1d2f,
  0x1d4f,0x1d6f,0x15af,0x0e10,0x0691,0x07d8,0x07f9,0x07f8,0x07fb,0x07fc,0x07fc,0x07fc,0x07fc,0x07fb,0x07f8,0x07fa,
  0x07fb,0x0fda,0x04ac,0x03e9,0x0389,0x01c4,0x0143,0x0143,0x0122,0x12c8,0x23ab,0x0123,0x0061,0x0000,0x0000,0x0000,
  0x0000,0x0020,0x0041,0x0020,0x0000,0x0000,0x0000,0x09a4,0x0a46,0x00a1,0x0020,0x0000,0x0000,0x0000,0x0000,0x0000,
  0x0861,0x0000,0x0020,0x0000,0x0000,0x0000,0x0000,0x0000,0x0000,0x0000,0x0020,0x0881,0x0000,0x0000,0x0000,0x0000,
  0x0000,0x0000,0x0000,0x0000,0x0000,0x0020,0x0020,0x0000,0x0000,0x0041,0x08c3,0x08e3,0x0000,0x0000,0x0000,0x0000,
  0x0000,0x0000,0x0000,0x0000,0x0000,0x0000,0x0a27,0x0b0a,0x0a27,0x09a5,0x00c3,0x0061,0x08a2,0x0903,0x11c6,0x09a5,
  0x0000,0x0020,0x0020,0x0041,0x1247,0x1267,0x11c5,0x0963,0x0a26,0x0923,0x0a06,0x1cae,0x1beb,0x2c0b,0x22e8,0x1baa,
  0x0903,0x0000,0x0020,0x0081,0x0040,0x0122,0x0103,0x0040,0x0020,0x0020,0x0000,0x0000,0x0983,0x09a4,0x09a4,0x1ae9,
  0x00a1,0x0000,0x0040,0x0020,0x0020,0x0020,0x0020,0x0020,0x0020,0x0020,0x0020,0x0020,0x0020,0x0020,0x0000,0x1369,
  0x1d6f,0x1b6a,0x0903,0x0000,0x0021,0x0020,0x0020,0x0020,0x0020,0x0020,0x0020,0x0020,0x0040,0x2307,0x12e7,0x1286,
  0x0a85,0x0b47,0x156d,0x0dcf,0x0e71,0x07d8,0x07fa,0x07f9,0x07fb,0x07fc,0x07fb,0x07fb,0x07fc,0x07fc,0x07fb,0x07fb,
  0x07fb,0x0ffc,0x0e33,0x15f0,0x1633,0x02a6,0x0245,0x0225,0x0245,0x02e7,0x13eb,0x0206,0x00c1,0x0020,0x0000,0x0000,
  0x0020,0x0041,0x0881,0x0000,0x0000,0x0000,0x0040,0x0c2b,0x1f55,0x0ac7,0x0020,0x0000,0x0000,0x0000,0x0000,0x0000,
  0x0041,0x0020,0x0000,0x0000,0x0000,0x0000,0x0000,0x0000,0x0000,0x0000,0x0000,0x0061,0x0020,0x0000,0x0000,0x0000,
  0x0000,0x0000,0x0020,0x0040,0x0020,0x0020,0x0040,0x0000,0x0000,0x0020,0x0020,0x0882,0x0881,0x0861,0x0000,0x0000,
  0x0000,0x0000,0x0000,0x0000,0x0000,0x0041,0x00e3,0x1288,0x0a26,0x0103,0x1165,0x0924,0x1185,0x11e5,0x1206,0x0964,
  0x0000,0x0041,0x0020,0x0020,0x0000,0x0000,0x0000,0x1267,0x2d10,0x1a67,0x09e4,0x1beb,0x01c4,0x0943,0x00a2,0x0000,
  0x10c2,0x12a7,0x148d,0x1c6d,0x0983,0x1b49,0x1b29,0x0060,0x0040,0x0000,0x0984,0x12e8,0x1bec,0x250f,0x23ac,0x234a,
  0x0041,0x0040,0x0020,0x0020,0x0020,0x0020,0x0020,0x0020,0x0000,0x0000,0x0000,0x0000,0x0020,0x0020,0x0020,0x00a2,
  0x11e5,0x0123,0x1ae9,0x0882,0x0021,0x0020,0x0020,0x0020,0x0020,0x0020,0x0020,0x0020,0x0020,0x09a4,0x0a25,0x1225,
  0x1bea,0x152e,0x1651,0x1651,0x0e50,0x0f34,0x07fb,0x07fa,0x07fa,0x07fc,0x07fb,0x07fc,0x07fc,0x17dc,0x17fc,0x07fb,
  0x07fb,0x07fc,0x0f58,0x0e32,0x1737,0x03e9,0x0ba9,0x0307,0x0328,0x0368,0x0bca,0x0a26,0x0102,0x0040,0x0000,0x0000,
  0x0000,0x0020,0x0020,0x0000,0x0000,0x0000,0x00a1,0x14cd,0x2715,0x1308,0x0040,0x0000,0x0000,0x0000,0x0000,0x0000,
  0x0881,0x0040,0x0000,0x0000,0x0000,0x0000,0x0000,0x0000,0x0000,0x0000,0x0000,0x0061,0x0040,0x0020,0x0000,0x0000,
  0x0000,0x0000,0x0041,0x0061,0x0000,0x0000,0x0040,0x0020,0x0000,0x0000,0x0020,0x1164,0x08e2,0x0861,0x0000,0x0000,
  0x0000,0x0000,0x0000,0x0000,0x0000,0x0862,0x19a6,0x09c6,0x1248,0x00c2,0x10c2,0x00a1,0x0061,0x0881,0x0944,0x0a06,
  0x0902,0x1124,0x0000,0x0020,0x0040,0x0020,0x0020,0x0081,0x1144,0x0984,0x0a04,0x142c,0x1247,0x0000,0x0020,0x0020,
  0x0081,0x1349,0x1cee,0x1b49,0x00c2,0x00a1,0x0102,0x12c8,0x1b6a,0x0060,0x1a87,0x2cce,0x136a,0x12e9,0x0964,0x0040,
  0x0000,0x0021,0x0020,0x0020,0x0020,0x0020,0x0000,0x0000,0x0000,0x0000,0x0000,0x0000,0x0000,0x0020,0x0020,0x0020,
  0x1bab,0x1349,0x3530,0x08c2,0x0000,0x0041,0x0041,0x0041,0x0020,0x0020,0x0020,0x0000,0x08c2,0x23aa,0x23aa,0x1a26,
  0x1307,0x0b26,0x0c49,0x0d2b,0x0dcd,0x0ef4,0x07fc,0x07fb,0x07fb,0x07fb,0x07fc,0x07fc,0x07fc,0x1fdd,0x17fc,0x07fb,
  0x07fb,0x07fa,0x07fb,0x07d9,0x179a,0x0d0d,0x156e,0x052e,0x16f4,0x146c,0x0245,0x01c4,0x00e2,0x0040,0x0000,0x0000,
  0x0000,0x0000,0x0000,0x0000,0x0020,0x0060,0x00c2,0x0a66,0x01e4,0x0102,0x0060,0x0000,0x0000,0x0000,0x0020,0x0020,
  0x0040,0x0020,0x0000,0x0000,0x0000,0x0000,0x0000,0x0000,0x0000,0x0000,0x0000,0x0020,0x0020,0x0020,0x0000,0x0000,
  0x0000,0x0000,0x0020,0x00a2,0x0861,0x0000,0x0061,0x0061,0x0000,0x0000,0x0800,0x0082,0x0020,0x0041,0x0041,0x0020,
  0x0000,0x0000,0x0000,0x0000,0x0000,0x0020,0x08c2,0x0081,0x00e2,0x08e3,0x0965,0x1206,0x1206,0x11a5,0x1309,0x1b6a,
  0x19c6,0x08c2,0x0000,0x0000,0x0020,0x0000,0x0020,0x0000,0x0041,0x248e,0x1531,0x2654,0x236b,0x0000,0x0040,0x0800,
  0x0020,0x0020,0x0000,0x09c5,0x2c4d,0x00e2,0x11e5,0x230a,0x1a47,0x08a1,0x0881,0x0061,0x08e2,0x08e2,0x0000,0x0020,
  0x0020,0x0000,0x0020,0x0020,0x0020,0x0020,0x0000,0x0000,0x0000,0x0000,0x0000,0x0000,0x0000,0x0000,0x0020,0x0000,
  0x1185,0x08c2,0x08e2,0x09e4,0x138a,0x0a06,0x0040,0x0081,0x0041,0x0040,0x0020,0x0020,0x0080,0x0922,0x09a3,0x0963,
  0x0a65,0x142a,0x0e10,0x0eb3,0x0e90,0x0f56,0x07fc,0x07fc,0x07fb,0x07fb,0x07fb,0x07fc,0x07fc,0x07fc,0x07fc,0x07fc,
  0x07fb,0x07f8,0x07db,0x07fb,0x0fdb,0x0e94,0x0f14,0x0fb6,0x0f54,0x0c4b,0x02e6,0x0142,0x0081,0x0000,0x0000,0x0000,
  0x0000,0x0020,0x0000,0x0020,0x0061,0x00c1,0x00a1,0x0081,0x0060,0x0060,0x0020,0x0020,0x0020,0x0040,0x00a1,0x00c2,
  0x0000,0x0000,0x0000,0x0000,0x0000,0x0000,0x0000,0x0000,0x0000,0x0000,0x0000,0x0000,0x0020,0x08e2,0x0000,0x0000,
  0x0000,0x0000,0x0000,0x08a2,0x0081,0x0000,0x0020,0x0040,0x0020,0x0082,0x0000,0x00c2,0x0924,0x0944,0x0903,0x0020,
  0x0000,0x0000,0x0000,0x0000,0x0000,0x0000,0x0945,0x11c6,0x0a07,0x1b0b,0x12c9,0x1207,0x0923,0x0862,0x08a2,0x0903,
  0x00c2,0x0000,0x0020,0x0020,0x0000,0x0000,0x0020,0x0020,0x0020,0x11e5,0x0a26,0x0aa7,0x09a4,0x0000,0x0021,0x0020,
  0x0020,0x0020,0x0000,0x08e3,0x22e9,0x0020,0x0882,0x0020,0x0000,0x0000,0x0020,0x0000,0x1164,0x1985,0x0000,0x0020,
  0x0020,0x0020,0x0000,0x0000,0x0000,0x0000,0x0000,0x0000,0x0000,0x0000,0x0000,0x0000,0x0000,0x0000,0x0000,0x0000,
  0x0000,0x0000,0x00a1,0x24ce,0x2e53,0x1bab,0x0060,0x00c1,0x0061,0x0041,0x0041,0x0000,0x00a1,0x1b6a,0x242b,0x1bca,
  0x13a8,0x156d,0x0e0f,0x0dae,0x0dad,0x0756,0x07fc,0x07fb,0x07fb,0x07fb,0x07fc,0x07fc,0x07fc,0x07fc,0x07fc,0x07fc,
  0x07fb,0x07fa,0x07fa,0x07fb,0x07fb,0x07fc,0x0ffa,0x07d8,0x0735,0x0735,0x1692,0x02c6,0x0246,0x02e8,0x0a45,0x00e2,
  0x0081,0x0040,0x0020,0x0041,0x0060,0x01c4,0x0984,0x0040,0x0060,0x0040,0x0020,0x0040,0x00a1,0x0122,0x01e4,0x01e5,
  0x0000,0x0000,0x0000,0x0000,0x0000,0x0000,0x0000,0x0000,0x0000,0x0000,0x0000,0x0000,0x0000,0x0081,0x0020,0x0000,
  0x0000,0x0000,0x0000,0x0020,0x08a2,0x0040,0x0020,0x0903,0x0061,0x1144,0x00a2,0x0061,0x08c2,0x08a2,0x0020,0x0000,
  0x0000,0x0000,0x0000,0x0000,0x0000,0x0000,0x0923,0x1144,0x00c2,0x00e2,0x08e2,0x00a1,0x0000,0x0040,0x0000,0x11e6,
  0x1ae9,0x0000,0x0020,0x0000,0x0000,0x0000,0x0000,0x0020,0x0000,0x00c2,0x1c0c,0x1d4f,0x1b8a,0x0000,0x0040,0x0020,
  0x0020,0x0020,0x0020,0x0000,0x0020,0x1ac8,0x0041,0x0020,0x0020,0x0020,0x0020,0x0020,0x0000,0x0000,0x0040,0x0000,
  0x0000,0x0020,0x0000,0x0000,0x0000,0x0000,0x0000,0x0020,0x0041,0x0020,0x0000,0x0000,0x0020,0x0020,0x0000,0x0000,
  0x0020,0x0020,0x0020,0x0903,0x09e5,0x12a7,0x0163,0x00a1,0x0081,0x0041,0x0020,0x0000,0x0060,0x22a7,0x1204,0x1266,
  0x1366,0x166f,0x0e90,0x0e91,0x0eb1,0x0797,0x07fc,0x07fc,0x07fb,0x07fb,0x07fc,0x07fc,0x07fc,0x07fc,0x07fc,0x07fc,
  0x07fb,0x07fb,0x07fb,0x07fb,0x07fb,0x07fb,0x0f99,0x07d9,0x0ffa,0x07fa,0x07f8,0x0f96,0x1798,0x17fa,0x1d90,0x0224,
  0x01e5,0x0143,0x0040,0x0020,0x0020,0x1baa,0x1ac9,0x0040,0x00c1,0x0081,0x0060,0x0081,0x0101,0x0ccd,0x154f,0x038a,
  0x0000,0x0000,0x0000,0x0000,0x0000,0x0000,0x0000,0x0000,0x0000,0x0000,0x0000,0x0000,0x0040,0x0000,0x0000,0x0000,
  0x0000,0x0000,0x0000,0x0000,0x08e3,0x0882,0x0000,0x08c2,0x0041,0x0041,0x0841,0x0020,0x11c5,0x0800,0x0000,0x0000,
  0x0000,0x0000,0x0000,0x0000,0x0000,0x0000,0x0000,0x00e2,0x0944,0x08c2,0x1184,0x1226,0x0000,0x0020,0x0000,0x08a2,
  0x0923,0x0000,0x0020,0x0000,0x0000,0x0000,0x0020,0x0000,0x0020,0x0041,0x1268,0x13cb,0x1287,0x0040,0x0020,0x0020,
  0x0020,0x0020,0x0020,0x0020,0x0041,0x244d,0x00a2,0x0000,0x0000,0x0020,0x0020,0x0020,0x0020,0x0020,0x0020,0x0020,
  0x0020,0x0020,0x0000,0x0000,0x0000,0x0000,0x0000,0x0020,0x1944,0x0081,0x0000,0x0000,0x0020,0x0000,0x0000,0x0000,
  0x0000,0x0020,0x0040,0x0000,0x0102,0x2e32,0x12e8,0x0020,0x0081,0x0041,0x0081,0x0081,0x0000,0x0a46,0x148d,0x1e12,
  0x1d4d,0x0eb1,0x0fb5,0x0f54,0x0f74,0x0754,0x07fb,0x07fc,0x07fb,0x07fb,0x07fa,0x07fb,0x07fc,0x07fc,0x07fc,0x07fc,
  0x0ffc,0x07fc,0x07fc,0x07fc,0x07fb,0x07fb,0x0f36,0x0f36,0x0fd9,0x1611,0x07d6,0x0fd5,0x07b4,0x0fd7,0x048b,0x02e8,
  0x0b6a,0x236a,0x0041,0x0021,0x0040,0x1b48,0x0ae7,0x0142,0x0101,0x00c2,0x0081,0x00c1,0x03aa,0x0fdb,0x1716,0x148c,
  0x0000,0x0000,0x0000,0x0000,0x0000,0x0000,0x0000,0x0000,0x0000,0x0000,0x0000,0x0000,0x0861,0x0020,0x0000,0x0000,
  0x0000,0x0000,0x0020,0x0000,0x0020,0x0020,0x0000,0x0000,0x0000,0x0000,0x0000,0x0020,0x09a5,0x0841,0x0000,0x0000,
  0x0000,0x0000,0x0000,0x0000,0x0000,0x0000,0x0000,0x0923,0x1207,0x1144,0x00a1,0x08e3,0x0000,0x0000,0x0000,0x0000,
  0x0020,0x0020,0x0020,0x0020,0x0000,0x0000,0x0000,0x0000,0x0000,0x0020,0x0000,0x0000,0x1a66,0x00c1,0x0000,0x0020,
  0x0020,0x0020,0x0020,0x0020,0x0000,0x1308,0x1a68,0x0000,0x0020,0x0000,0x0000,0x0000,0x0020,0x0020,0x0000,0x0020,
  0x0000,0x0000,0x0000,0x0000,0x0000,0x0000,0x0000,0x0020,0x0041,0x0020,0x0020,0x0000,0x0000,0x1144,0x0041,0x0000,
  0x0000,0x0000,0x0020,0x0020,0x0081,0x1aa8,0x09c5,0x0081,0x0061,0x0000,0x11e6,0x1a87,0x0000,0x1b6a,0x254f,0x146b,
  0x14ab,0x16b2,0x0f34,0x0712,0x0794,0x0775,0x07da,0x07fc,0x07fb,0x07fb,0x07f8,0x07fa,0x07fc,0x07fb,0x07fc,0x07fc,
  0x0fdc,0x0fdd,0x1fdd,0x1ffd,0x07fc,0x07fc,0x0fb9,0x07d8,0x1f37,0x0243,0x0691,0x0f34,0x062f,0x17f8,0x0c6c,0x0308,
  0x02e8,0x01c5,0x0061,0x0020,0x0040,0x01e4,0x0e32,0x1e53,0x0245,0x00c1,0x0081,0x00c1,0x15d1,0x0ffd,0x0ed6,0x0348,
  0x0000,0x0000,0x0000,0x0000,0x0000,0x0000,0x0000,0x0000,0x0000,0x0000,0x0000,0x0000,0x0000,0x0000,0x0000,0x0000,
  0x0000,0x0020,0x08a2,0x0861,0x0000,0x0000,0x0000,0x0000,0x0000,0x0000,0x0000,0x0000,0x08a2,0x0061,0x0000,0x0000,
  0x0000,0x0000,0x0000,0x0000,0x0000,0x0000,0x0000,0x0020,0x0881,0x00c2,0x08c2,0x0000,0x0000,0x0000,0x0000,0x0000,
  0x0020,0x0000,0x0000,0x0000,0x0000,0x0000,0x0000,0x0000,0x0000,0x0000,0x0020,0x0000,0x11c5,0x08e2,0x0000,0x0020,
  0x0020,0x0020,0x0020,0x0020,0x0000,0x11c5,0x23ab,0x0000,0x0040,0x0000,0x0000,0x0000,0x0000,0x0000,0x0000,0x0000,
  0x0000,0x0000,0x0000,0x0000,0x0000,0x0000,0x0000,0x0000,0x0000,0x0000,0x0020,0x0000,0x0000,0x1bab,0x0a47,0x0000,
  0x0020,0x0020,0x0020,0x0020,0x0020,0x0000,0x1143,0x0081,0x0020,0x0000,0x08e2,0x1164,0x0000,0x0820,0x0a03,0x0407,
  0x0dcd,0x0f53,0x0f75,0x07f6,0x07f5,0x07b5,0x07da,0x07fc,0x07fb,0x07fb,0x07f7,0x07f9,0x07fc,0x07fb,0x0ffb,0x17dc,
  0x1fdd,0x27dd,0x27dd,0x1fdc,0x07fc,0x07fc,0x07fa,0x07fa,0x0f99,0x0dd1,0x1777,0x1715,0x04ac,0x0ff8,0x0c4b,0x0205,
  0x0183,0x00c1,0x0102,0x0984,0x0040,0x0162,0x1674,0x17fc,0x14ce,0x0101,0x0060,0x0061,0x0b8a,0x17f9,0x1694,0x0225,
  0x0000,0x0000,0x0000,0x0000,0x0000,0x0000,0x0000,0x0000,0x0000,0x0000,0x0000,0x0000,0x0000,0x0000,0x0000,0x0000,
  0x0000,0x0000,0x08c2,0x0841,0x0000,0x0000,0x0000,0x0000,0x0000,0x0000,0x0000,0x0000,0x09a5,0x09e6,0x0800,0x0020,
  0x0000,0x0000,0x0000,0x0000,0x0000,0x0000,0x00c2,0x11e6,0x0944,0x1206,0x0964,0x0020,0x0000,0x0000,0x0000,0x0000,
  0x0000,0x0000,0x0000,0x0000,0x0000,0x0000,0x0000,0x0000,0x0000,0x0020,0x0020,0x0000,0x1184,0x22c8,0x0923,0x0020,
  0x0000,0x0000,0x0000,0x0000,0x0000,0x0861,0x0943,0x0000,0x0020,0x0000,0x0000,0x0000,0x0000,0x0000,0x0000,0x0000,
  0x0000,0x0000,0x0000,0x0000,0x0000,0x0000,0x0000,0x0000,0x0000,0x0000,0x0020,0x0021,0x0000,0x134a,0x1c0c,0x0000,
  0x0020,0x0020,0x0020,0x0020,0x0020,0x0020,0x08e2,0x00e2,0x0000,0x0020,0x0000,0x0000,0x0020,0x0000,0x146c,0x17b6,
  0x0f75,0x0794,0x0f54,0x07b6,0x07d7,0x0f75,0x07b9,0x07fc,0x07fc,0x07fb,0x07f9,0x07fa,0x07fc,0x07fb,0x0ffb,0x17dc,
  0x0fdc,0x07dd,0x07dc,0x07fc,0x07fc,0x07fc,0x07fa,0x07fa,0x07fa,0x0ffb,0x0ed4,0x1630,0x0449,0x17f9,0x0c8c,0x0121,
  0x00e1,0x00c1,0x0183,0x1a87,0x0081,0x00a0,0x02a6,0x1735,0x1df2,0x0122,0x0040,0x0020,0x00c1,0x13ec,0x1b8a,0x00c1,
  0x0000,0x0000,0x0000,0x0000,0x0000,0x0000,0x0000,0x0000,0x0000,0x0000,0x0000,0x0000,0x0000,0x0000,0x0000,0x0000,
  0x0000,0x0000,0x0020,0x0000,0x0000,0x0000,0x0000,0x0000,0x0000,0x0000,0x0000,0x0000,0x0061,0x1226,0x0020,0x0000,
  0x0000,0x0000,0x0000,0x0000,0x0000,0x0000,0x00a2,0x09a5,0x00a2,0x0082,0x0000,0x0000,0x0000,0x0000,0x0000,0x0000,
  0x0000,0x0000,0x0000,0x0000,0x0000,0x0000,0x0000,0x0000,0x0000,0x0000,0x0020,0x0000,0x08a1,0x1a06,0x0923,0x0020,
  0x0000,0x0000,0x0000,0x0000,0x0000,0x0000,0x0000,0x0020,0x0000,0x0000,0x0000,0x0000,0x0000,0x0000,0x0000,0x0000,
  0x0000,0x0000,0x0000,0x0000,0x0000,0x0000,0x0000,0x0000,0x0020,0x0020,0x0000,0x0021,0x0000,0x1b09,0x1a47,0x0000,
  0x0040,0x0020,0x0020,0x0020,0x0020,0x0000,0x09a4,0x24ce,0x1a26,0x0000,0x0020,0x0040,0x0040,0x0000,0x042a,0x0fd6,
  0x0775,0x0fb5,0x0753,0x07b7,0x07f8,0x0796,0x07b9,0x07fc,0x07fc,0x07fc,0x07fb,0x07fb,0x07fc,0x07fb,0x07fb,0x07fc,
  0x07fc,0x07fc,0x07fc,0x07fc,0x07fc,0x07fc,0x07fb,0x07f9,0x07f9,0x07da,0x06d4,0x1777,0x1632,0x1f76,0x0c6b,0x01a2,
  0x0143,0x0122,0x0102,0x0102,0x0081,0x0020,0x0161,0x0b67,0x0aa7,0x00c1,0x0020,0x0000,0x0000,0x0000,0x0020,0x0000,
  0x0000,0x0000,0x0000,0x0000,0x0000,0x0000,0x0000,0x0000,0x0000,0x0000,0x0000,0x0000,0x0000,0x0000,0x0000,0x0000,
  0x0000,0x0000,0x0000,0x0000,0x0000,0x0000,0x0000,0x0000,0x0000,0x0000,0x0000,0x0000,0x0000,0x1a26,0x0841,0x0000,
  0x0000,0x0000,0x0000,0x0000,0x0000,0x0000,0x0040,0x11e5,0x11e5,0x0923,0x0000,0x0000,0x0000,0x0000,0x0000,0x0000,
  0x0000,0x0000,0x0000,0x0000,0x0000,0x0020,0x0020,0x0000,0x0000,0x0000,0x0000,0x0000,0x0000,0x0000,0x0000,0x0000,
  0x0000,0x0000,0x0000,0x0000,0x0000,0x0000,0x0000,0x0000,0x0000,0x0000,0x0000,0x0000,0x0000,0x0000,0x0000,0x0000,
  0x0000,0x0000,0x0000,0x0000,0x0000,0x0000,0x0000,0x0000,0x0000,0x0000,0x0000,0x0020,0x0000,0x11a4,0x1123,0x0000,
  0x0020,0x0000,0x0020,0x0020,0x0020,0x0800,0x0081,0x250f,0x2309,0x0020,0x0040,0x0000,0x0000,0x00a1,0x15f0,0x07b5,
  0x07d5,0x07d5,0x0f94,0x0fb7,0x07f9,0x07d9,0x07fa,0x07fc,0x07fc,0x07fb,0x07fc,0x07fc,0x07fc,0x07fb,0x07fb,0x07fb,
  0x07fb,0x07fb,0x07fb,0x07fb,0x07fb,0x07fb,0x07fb,0x07fa,0x07f9,0x07fa,0x07fb,0x07fd,0x0f16,0x0ba6,0x0305,0x0d0d,
  0x146c,0x0102,0x00e2,0x00a1,0x00e1,0x0286,0x1df0,0x1388,0x0080,0x0040,0x0000,0x0020,0x0041,0x0020,0x0020,0x0020,
  0x0000,0x0000,0x0000,0x0000,0x0000,0x0000,0x0000,0x0000,0x0000,0x0000,0x0000,0x0000,0x0000,0x0000,0x0000,0x0000,
  0x0000,0x0000,0x0000,0x0000,0x0000,0x0000,0x0000,0x0000,0x0000,0x0000,0x0000,0x0000,0x0000,0x08e3,0x0020,0x0000,
  0x0000,0x0000,0x0000,0x0000,0x0000,0x0000,0x0020,0x1266,0x09a4,0x08c2,0x0000,0x0000,0x0000,0x0000,0x0000,0x0000,
  0x0000,0x0000,0x0000,0x0000,0x0000,0x0000,0x0800,0x0020,0x0840,0x1309,0x12e8,0x0061,0x1ac8,0x11e6,0x0000,0x0020,
  0x0000,0x0000,0x0000,0x0000,0x0000,0x0000,0x0000,0x0000,0x0000,0x0000,0x0000,0x0000,0x0000,0x0000,0x0000,0x0000,
  0x0000,0x0000,0x0000,0x0000,0x0000,0x0000,0x0000,0x0000,0x0020,0x0020,0x0040,0x0081,0x0061,0x0020,0x0000,0x0000,
  0x0000,0x0000,0x0000,0x0000,0x0000,0x0000,0x0080,0x1cee,0x0b6a,0x00a0,0x0040,0x1349,0x0983,0x1a04,0x15b0,0x07d5,
  0x0753,0x0774,0x0732,0x0f34,0x07fa,0x07fb,0x07fb,0x07fc,0x07fc,0x07fb,0x07fc,0x07fc,0x07fc,0x07fb,0x07fb,0x07fb,
  0x07fb,0x07fb,0x07fb,0x07fb,0x07fb,0x07fb,0x07fc,0x07fb,0x07fa,0x07fa,0x07fb,0x07fc,0x0f99,0x056f,0x0d6e,0x0f97,
  0x1652,0x0122,0x0080,0x0040,0x0a05,0x2776,0x17f9,0x1e31,0x0080,0x0000,0x0000,0x0020,0x0061,0x0000,0x0000,0x0000,
  0x0000,0x0000,0x0000,0x0000,0x0000,0x0000,0x0000,0x0000,0x0000,0x0000,0x0000,0x0000,0x0000,0x0000,0x0000,0x0000,
  0x0000,0x0000,0x0000,0x0000,0x0000,0x0000,0x0000,0x0000,0x0000,0x0000,0x0000,0x0000,0x0000,0x0000,0x0000,0x0000,
  0x0000,0x0000,0x0000,0x0000,0x0020,0x0881,0x0000,0x1a05,0x08e2,0x0000,0x0000,0x0000,0x0000,0x0000,0x0000,0x0000,
  0x0000,0x0000,0x0000,0x0061,0x0040,0x1a67,0x1103,0x0000,0x0040,0x1cce,0x2ccf,0x0902,0x11a5,0x1164,0x0000,0x0000,
  0x0000,0x0000,0x0000,0x0000,0x0000,0x0000,0x0000,0x0000,0x0000,0x0000,0x0000,0x0000,0x0000,0x0000,0x0000,0x0000,
  0x0000,0x0000,0x0000,0x0000,0x0000,0x0000,0x0000,0x0000,0x0041,0x0081,0x00c1,0x00e2,0x00c2,0x0061,0x0020,0x0000,
  0x0000,0x0000,0x0000,0x0000,0x0000,0x0020,0x0000,0x1633,0x17fa,0x146c,0x09e3,0x1651,0x148d,0x13a9,0x1672,0x07f7,
  0x0775,0x0754,0x0f32,0x0ef3,0x07fa,0x07f9,0x07fb,0x07fc,0x07fc,0x07fb,0x07fc,0x07fc,0x07fc,0x07fb,0x07fc,0x07fc,
  0x07fc,0x07fc,0x07fc,0x07fc,0x07fc,0x0ffb,0x0ffc,0x0ffc,0x07fb,0x07fb,0x07fb,0x07fb,0x07fc,0x07fc,0x0ffb,0x0ffb,
  0x1717,0x0266,0x00a1,0x0020,0x0102,0x0aa7,0x1368,0x1307,0x0061,0x0000,0x0000,0x0020,0x0040,0x00c1,0x0ae7,0x0ced,
  0x0000,0x0000,0x0000,0x0000,0x0000,0x0000,0x0000,0x0000,0x0000,0x0000,0x0000,0x0000,0x0000,0x0000,0x0000,0x0000,
  0x0000,0x0000,0x0000,0x0000,0x0000,0x0000,0x0000,0x0000,0x0000,0x0000,0x0000,0x0000,0x0000,0x0000,0x0000,0x0000,
  0x0000,0x0000,0x0000,0x0000,0x0040,0x2bab,0x08a2,0x19a4,0x1984,0x0000,0x0020,0x0000,0x0000,0x0000,0x0000,0x0000,
  0x0000,0x0000,0x0020,0x2a68,0x1143,0x19e6,0x0903,0x0000,0x0000,0x1308,0x1143,0x0000,0x0000,0x0000,0x0000,0x0000,
  0x0000,0x0000,0x0000,0x0000,0x0000,0x0000,0x0000,0x0000,0x0000,0x0000,0x0000,0x0000,0x0000,0x0000,0x0000,0x0000,
  0x0000,0x0000,0x0000,0x0000,0x0000,0x0000,0x0020,0x0020,0x0041,0x0a46,0x0c4d,0x0b49,0x0184,0x00c2,0x0041,0x0000,
  0x0000,0x0000,0x0000,0x0000,0x0000,0x0020,0x00a1,0x0ae9,0x0fda,0x16f5,0x1285,0x0ccd,0x0f14,0x15f0,0x0f54,0x07d8,
  0x0795,0x0f74,0x0f73,0x0753,0x07fa,0x07fa,0x07fb,0x07fc,0x07fc,0x07fc,0x07fc,0x07fc,0x07fc,0x07fc,0x07fc,0x07fc,
  0x07fc,0x07fc,0x07fc,0x07fc,0x17dc,0x2fdd,0x2fdd,0x2fdd,0x0ffb,0x07fb,0x07fb,0x07fb,0x07fc,0x07fc,0x07da,0x07fa,
  0x17fa,0x1329,0x00c1,0x0020,0x0000,0x0000,0x0000,0x0000,0x0020,0x0000,0x0000,0x0000,0x0b08,0x1714,0x17d5,0x1f74,
  0x0000,0x0000,0x0000,0x0000,0x0000,0x0000,0x0000,0x0000,0x0000,0x0000,0x0000,0x0000,0x0000,0x0000,0x0000,0x0000,
  0x0000,0x0000,0x0000,0x0000,0x0000,0x0000,0x0000,0x0000,0x0000,0x0000,0x0000,0x0000,0x0000,0x0000,0x0000,0x0000,
  0x0000,0x0000,0x0000,0x0000,0x0000,0x1a26,0x08c2,0x0020,0x0020,0x0000,0x0000,0x0000,0x0000,0x0000,0x0000,0x0000,
  0x0000,0x0000,0x0000,0x0000,0x0000,0x0000,0x0000,0x0000,0x0a07,0x2f79,0x1c2d,0x0000,0x0020,0x0000,0x0000,0x0000,
  0x0000,0x0000,0x0000,0x0000,0x0000,0x0000,0x0000,0x0000,0x0000,0x0000,0x0000,0x0000,0x0000,0x0000,0x0000,0x0000,
  0x0000,0x0000,0x0000,0x0000,0x11e5,0x1144,0x0000,0x0061,0x0041,0x0b69,0x17fb,0x1f37,0x0b09,0x00c1,0x0041,0x0000,
  0x0000,0x0000,0x0000,0x0000,0x0000,0x0000,0x1d32,0x142e,0x0eb5,0x1798,0x150e,0x0d70,0x0ff9,0x1570,0x16b3,0x07d8,
  0x0754,0x0f12,0x07b6,0x07b8,0x07fb,0x07fb,0x07fb,0x07fc,0x07fc,0x07fc,0x07fc,0x07fc,0x07fc,0x07fc,0x07fc,0x07fc,
  0x07fc,0x1fdd,0x07dc,0x07fc,0x1fdd,0x1fdd,0x17fd,0x17fc,0x07fb,0x07fb,0x07fc,0x07fb,0x07fc,0x07fc,0x07fb,0x17b9,
  0x1e74,0x0ae8,0x00c1,0x0000,0x0000,0x0000,0x0020,0x0020,0x0000,0x0000,0x0020,0x0000,0x1328,0x17f7,0x1774,0x1245,
  0x0000,0x0000,0x0000,0x0000,0x0000,0x0000,0x0000,0x0000,0x0000,0x0000,0x0000,0x0000,0x0000,0x0000,0x0000,0x0000,
  0x0000,0x0000,0x0000,0x0000,0x0000,0x0000,0x0000,0x0000,0x0000,0x0000,0x0000,0x0000,0x0000,0x0000,0x0000,0x0000,
  0x0000,0x0000,0x0000,0x0061,0x1163,0x1287,0x0983,0x0000,0x0000,0x0000,0x0000,0x0000,0x0000,0x0000,0x0000,0x0000,
  0x0000,0x0000,0x0020,0x0000,0x0000,0x0000,0x0020,0x0000,0x1247,0x1bed,0x19e7,0x0000,0x0000,0x0000,0x0000,0x0000,
  0x0000,0x0000,0x0000,0x0000,0x0000,0x0000,0x0000,0x0000,0x0000,0x0000,0x0000,0x0000,0x0000,0x0000,0x0000,0x0000,
  0x0000,0x0000,0x0000,0x0020,0x1a26,0x1184,0x0020,0x0041,0x00c2,0x01e4,0x0d92,0x2716,0x12e9,0x0081,0x0061,0x0020,
  0x0000,0x0000,0x0000,0x0000,0x0000,0x0102,0x17ba,0x1573,0x154f,0x07fc,0x07fa,0x0f98,0x0ff9,0x0e53,0x06b3,0x07d9,
  0x07d9,0x07b8,0x07fb,0x07fb,0x07fb,0x07fb,0x07fb,0x07fc,0x07fc,0x07fc,0x07fb,0x07fc,0x07fc,0x07fc,0x07fc,0x07fc,
  0x07fc,0x17fd,0x0ffc,0x07fc,0x0ffd,0x17dd,0x27dd,0x27dd,0x1ffc,0x07fc,0x07fc,0x07fc,0x07fb,0x07fb,0x07fc,0x15d1,
  0x0202,0x01e4,0x00a1,0x0000,0x0000,0x0000,0x0000,0x0000,0x0000,0x0000,0x0000,0x0000,0x00a0,0x0db0,0x2776,0x0902,
  0x0000,0x0000,0x0000,0x0000,0x0000,0x0000,0x0000,0x0000,0x0000,0x0000,0x0000,0x0000,0x0000,0x0000,0x0000,0x0000,
  0x0000,0x0000,0x0000,0x0000,0x0000,0x0000,0x0000,0x0000,0x0000,0x0000,0x0000,0x0000,0x0000,0x0000,0x0000,0x0000,
  0x0000,0x0000,0x0000,0x0060,0x1a26,0x2309,0x1a27,0x0000,0x0020,0x0000,0x0000,0x0000,0x0000,0x0000,0x0000,0x0000,
  0x0000,0x0000,0x0000,0x0000,0x0000,0x0000,0x0000,0x0000,0x0040,0x0000,0x0000,0x0000,0x0000,0x0000,0x0000,0x0000,
  0x0000,0x0000,0x0000,0x0000,0x0000,0x0000,0x0000,0x0000,0x0000,0x0000,0x0000,0x0000,0x0000,0x0000,0x0000,0x0000,
  0x0000,0x0000,0x0000,0x0020,0x0000,0x0040,0x0020,0x0020,0x0060,0x0101,0x0184,0x01e5,0x00c2,0x0061,0x0081,0x0164,
  0x00c2,0x0000,0x0020,0x0021,0x0000,0x00a1,0x1655,0x1f58,0x0b49,0x1737,0x07fa,0x07fa,0x07fa,0x07fa,0x07fa,0x07f9,
  0x07fa,0x07fa,0x07fb,0x07fb,0x07fb,0x07fb,0x07fc,0x07fc,0x07fc,0x07fc,0x07fb,0x07fc,0x07fc,0x07fc,0x07fc,0x07fc,
  0x07fc,0x17dd,0x2fbd,0x27dd,0x27dd,0x27dd,0x27dd,0x1fdd,0x2fdd,0x07fc,0x07fc,0x07fc,0x07fb,0x07fb,0x07fc,0x0f17,
  0x0e11,0x1e11,0x0163,0x0020,0x0020,0x0000,0x0000,0x0000,0x0000,0x0000,0x0882,0x1082,0x0000,0x1b8b,0x2cf0,0x0000,
  0x0000,0x0000,0x0000,0x0000,0x0000,0x0000,0x0000,0x0000,0x0000,0x0000,0x0000,0x0000,0x0000,0x0000,0x0000,0x0000,
  0x0000,0x0000,0x0000,0x0000,0x0000,0x0000,0x0000,0x0000,0x0000,0x0000,0x0000,0x0000,0x0000,0x0000,0x0000,0x0000,
  0x0000,0x0000,0x0000,0x0000,0x08e2,0x0881,0x0020,0x0000,0x0000,0x0000,0x0000,0x0000,0x0000,0x0000,0x0000,0x0000,
  0x0000,0x0000,0x0000,0x0000,0x0000,0x0000,0x0000,0x0000,0x0000,0x0020,0x0020,0x0000,0x0000,0x0000,0x0000,0x0000,
  0x0000,0x0000,0x0000,0x0000,0x0000,0x0000,0x0000,0x0000,0x0000,0x0000,0x0000,0x0000,0x0000,0x0000,0x0000,0x0000,
  0x0000,0x0000,0x0000,0x0000,0x0020,0x0020,0x0020,0x0020,0x0020,0x0041,0x0061,0x0040,0x0020,0x0061,0x00e2,0x1b8b,
  0x09e5,0x0040,0x0020,0x0000,0x0040,0x0165,0x0d53,0x0ffb,0x16b6,0x0fd9,0x07fb,0x07fa,0x07fb,0x07fa,0x07fa,0x07fa,
  0x07fa,0x07fa,0x07fb,0x07fb,0x07fb,0x07fb,0x07fb,0x07fb,0x07fb,0x07fb,0x07fb,0x07fc,0x07fc,0x07fc,0x07fc,0x07fd,
  0x07fd,0x0ffd,0x2fdd,0x1fdd,0x17dd,0x0ffd,0x0fdd,0x07dc,0x37dd,0x0ffc,0x0ffc,0x0ffc,0x07fc,0x07fb,0x07fb,0x07fc,
  0x07fd,0x0fb7,0x0c29,0x01e4,0x0000,0x0020,0x0020,0x0000,0x0020,0x0000,0x0881,0x0903,0x0061,0x00a2,0x0081,0x0000,
  0x0000,0x0000,0x0000,0x0000,0x0000,0x0000,0x0000,0x0000,0x0000,0x0000,0x0000,0x0000,0x0000,0x0000,0x0000,0x0000,
  0x0000,0x0000,0x0000,0x0000,0x0000,0x0000,0x0000,0x0000,0x0000,0x0000,0x0000,0x0000,0x0000,0x0000,0x0000,0x0000,
  0x0000,0x0020,0x0000,0x11e5,0x23eb,0x0040,0x0000,0x0000,0x0000,0x0000,0x0000,0x0000,0x0000,0x0000,0x0000,0x0000,
  0x0000,0x0000,0x0000,0x0000,0x0000,0x0000,0x0000,0x0000,0x0000,0x0000,0x0000,0x0000,0x0000,0x0000,0x0000,0x0000,
  0x0000,0x0000,0x0000,0x0000,0x0000,0x0000,0x0000,0x0000,0x0000,0x0000,0x0000,0x0000,0x0000,0x0000,0x0000,0x0000,
  0x0000,0x0000,0x0000,0x0000,0x0000,0x0000,0x0000,0x0000,0x0000,0x0000,0x0000,0x0000,0x0000,0x0041,0x00e2,0x0103,
  0x00a1,0x0000,0x0040,0x0a68,0x0db3,0x0f9a,0x0ffd,0x07dc,0x07fc,0x07fc,0x07fb,0x07fa,0x07fa,0x07fa,0x07fa,0x07fa,
  0x07fa,0x07fb,0x07fb,0x07fa,0x07fb,0x07fa,0x07fa,0x07fa,0x07fa,0x07fa,0x07fb,0x07fc,0x07fc,0x07fc,0x07fc,0x07fc,
  0x0ffc,0x0fdc,0x07fc,0x07fc,0x07fd,0x07fc,0x1fdd,0x17dc,0x4fdd,0x1fdc,0x0ffc,0x0ffc,0x07fc,0x07fb,0x07fb,0x07fb,
  0x07fa,0x07d9,0x17d8,0x142c,0x0a85,0x0962,0x0081,0x140c,0x0162,0x0122,0x0162,0x00c0,0x1246,0x0081,0x0000,0x0020,
  0x0000,0x0000,0x0000,0x0000,0x0000,0x0000,0x0000,0x0000,0x0000,0x0000,0x0000,0x0000,0x0000,0x0000,0x0000,0x0000,
  0x0000,0x0000,0x0000,0x0000,0x0000,0x0000,0x0000,0x0000,0x0000,0x0000,0x0000,0x0000,0x0000,0x0000,0x0000,0x0000,
  0x0000,0x0020,0x0000,0x0923,0x1a87,0x0000,0x0020,0x0000,0x0000,0x0000,0x0000,0x0000,0x0000,0x0000,0x0000,0x0000,
  0x0000,0x0000,0x0000,0x0000,0x0000,0x0000,0x0000,0x0000,0x0000,0x0000,0x0000,0x0000,0x0000,0x0000,0x0000,0x0000,
  0x0000,0x0000,0x0000,0x0000,0x0000,0x0000,0x0000,0x0000,0x0000,0x0000,0x0000,0x0000,0x0000,0x0000,0x0000,0x0000,
  0x0000,0x0000,0x0000,0x0000,0x0000,0x0000,0x0000,0x0000,0x0000,0x0000,0x0000,0x0000,0x0000,0x0020,0x0060,0x0080,
  0x0101,0x0a05,0x15b3,0x0ffc,0x0ffd,0x17dd,0x1fde,0x07dc,0x07dc,0x07db,0x07fa,0x07f9,0x07f8,0x07f8,0x07f8,0x07f9,
  0x07f9,0x07fa,0x07f9,0x07f9,0x07f9,0x07f9,0x07f8,0x07f8,0x07f8,0x07f8,0x07fa,0x07fb,0x07fb,0x07fc,0x07fc,0x07fc,
  0x07fc,0x0ffc,0x07dd,0x0ffd,0x07fc,0x07fc,0x17dd,0x17fd,0x37fd,0x1fdc,0x07dc,0x07fc,0x07fb,0x07fa,0x07fa,0x07fa,
  0x07fa,0x07fa,0x0ffc,0x1633,0x1f55,0x0c8b,0x0389,0x1f78,0x0c6b,0x1734,0x1612,0x0cce,0x146c,0x00e2,0x0000,0x0000,
  0x0000,0x0000,0x0000,0x0000,0x0000,0x0000,0x0000,0x0000,0x0000,0x0000,0x0000,0x0000,0x0000,0x0000,0x0000,0x0000,
  0x0000,0x0000,0x0000,0x0000,0x0000,0x0000,0x0000,0x0000,0x0000,0x0000,0x0000,0x0000,0x0000,0x0000,0x0000,0x0000,
  0x0000,0x0000,0x0903,0x1164,0x0000,0x0020,0x0020,0x0000,0x0000,0x0000,0x0000,0x0000,0x0000,0x0000,0x0000,0x0000,
  0x0000,0x0000,0x0000,0x0000,0x0000,0x0000,0x0000,0x0000,0x0000,0x0000,0x0000,0x0000,0x0000,0x0000,0x0000,0x0000,
  0x0000,0x0000,0x0000,0x0000,0x0000,0x0000,0x0000,0x0000,0x0000,0x0000,0x0000,0x0000,0x0000,0x0000,0x0000,0x0000,
  0x0000,0x0000,0x0000,0x0000,0x0000,0x0000,0x0000,0x0000,0x0000,0x0000,0x0000,0x0000,0x0061,0x0061,0x0000,0x12a8,
  0x1718,0x0fba,0x0ffe,0x27de,0x2fde,0x0ffe,0x2fff,0x1ffe,0x3ffd,0x07f9,0x07f8,0x07f7,0x07f7,0x07f7,0x07f7,0x07f7,
  0x07f8,0x07f9,0x07f8,0x07f7,0x07f9,0x07f9,0x07f9,0x07f9,0x07f9,0x07f8,0x07f9,0x07fa,0x07fb,0x07fb,0x07fc,0x07fc,
  0x07fc,0x07fc,0x07fc,0x07fc,0x07fc,0x07fc,0x07fc,0x07fc,0x0ffc,0x07fc,0x07fc,0x07fc,0x07fc,0x07fb,0x07fb,0x07fb,
  0x07fa,0x07fb,0x07fb,0x07d9,0x07b8,0x0fb8,0x0ffa,0x17b9,0x15f0,0x07d8,0x07d9,0x0ffb,0x15b0,0x0101,0x0000,0x0000,
  0x0000,0x0000,0x0000,0x0000,0x0000,0x0000,0x0000,0x0000,0x0000,0x0000,0x0000,0x0000,0x0000,0x0000,0x0000,0x0000,
  0x0000,0x0000,0x0000,0x0000,0x0000,0x0000,0x0000,0x0000,0x0000,0x0000,0x0000,0x0000,0x0000,0x0000,0x0000,0x0000,
  0x0000,0x0000,0x08c2,0x1103,0x0000,0x0020,0x0020,0x0000,0x0000,0x0000,0x0000,0x0000,0x0000,0x0000,0x0000,0x0000,
  0x0000,0x0000,0x0000,0x0000,0x0000,0x0000,0x0000,0x0000,0x0000,0x0000,0x0000,0x0000,0x0000,0x0000,0x0000,0x0000,
  0x0000,0x0000,0x0000,0x0000,0x0000,0x0000,0x0000,0x0000,0x0000,0x0000,0x0000,0x0000,0x0000,0x0000,0x0000,0x0000,
  0x0000,0x0000,0x0000,0x0000,0x0000,0x0000,0x0000,0x0020,0x0000,0x11a5,0x0881,0x0000,0x19a5,0x0881,0x0000,0x038a,
  0x0ffe,0x0ffe,0x1fde,0x27de,0x273b,0x1e77,0x2ed9,0x1f3a,0x2717,0x0f56,0x0fb7,0x07d6,0x0795,0x0775,0x07f7,0x07f7,
  0x07f8,0x07f9,0x07f9,0x07f9,0x07fa,0x07fa,0x07f8,0x07f9,0x07fa,0x07f9,0x07f9,0x07fa,0x07fa,0x07fa,0x07fb,0x07fc,
  0x07fc,0x07fc,0x07fc,0x07fc,0x07fc,0x07fb,0x07fc,0x07fc,0x07fc,0x07fc,0x07fc,0x07fc,0x07fc,0x07fb,0x07fb,0x07fb,
  0x07fb,0x07fc,0x07fb,0x07fb,0x07fb,0x07fb,0x07fb,0x07fa,0x0799,0x07d9,0x07fb,0x0ffa,0x0ccc,0x0122,0x0020,0x0000,
  0x0000,0x0000,0x0000,0x0000,0x0000,0x0000,0x0000,0x0000,0x0000,0x0000,0x0000,0x0000,0x0000,0x0000,0x0000,0x0000,
  0x0000,0x0000,0x0000,0x0000,0x0000,0x0000,0x0000,0x0000,0x0000,0x0000,0x0000,0x0000,0x0000,0x0000,0x0000,0x0000,
  0x0000,0x0000,0x0000,0x0000,0x0000,0x1123,0x1123,0x0000,0x0000,0x0000,0x0000,0x0000,0x0000,0x0000,0x0000,0x0000,
  0x0000,0x0000,0x0000,0x0000,0x0000,0x0000,0x0000,0x0000,0x0000,0x0000,0x0000,0x0000,0x0000,0x0000,0x0000,0x0000,
  0x0000,0x0000,0x0000,0x0000,0x0000,0x0000,0x0000,0x0000,0x0000,0x0000,0x0000,0x0000,0x0000,0x0000,0x0000,0x0000,
  0x0000,0x0000,0x0000,0x0000,0x0000,0x0000,0x0000,0x0000,0x0000,0x11e5,0x08e3,0x0000,0x00a1,0x0020,0x0081,0x1db2,
  0x2739,0x1e16,0x2d34,0x1c8f,0x1bec,0x1286,0x0a85,0x0c6b,0x0388,0x0ccc,0x0ef3,0x0775,0x0f75,0x06f4,0x07b6,0x0ff7,
  0x0f76,0x07b6,0x07d8,0x07f8,0x07d8,0x07f9,0x07f8,0x07f9,0x07fa,0x07f9,0x07fa,0x07fa,0x07fa,0x07f9,0x07fb,0x07fc,
  0x07fc,0x07fc,0x07fc,0x07fc,0x07fb,0x07fb,0x07fb,0x07fc,0x07fc,0x07fc,0x07fc,0x07fc,0x07fc,0x07fc,0x07fc,0x07fc,
  0x07fc,0x07fc,0x07fc,0x07fd,0x0fdd,0x17dd,0x07fc,0x07fb,0x07fb,0x0ff9,0x1716,0x1ed4,0x0b27,0x00e1,0x0020,0x0000,
  0x0000,0x0000,0x0000,0x0000,0x0000,0x0000,0x0000,0x0000,0x0000,0x0000,0x0000,0x0000,0x0000,0x0000,0x0000,0x0000,
  0x0000,0x0000,0x0000,0x0000,0x0000,0x0000,0x0000,0x0000,0x0000,0x0000,0x0000,0x0000,0x0000,0x0000,0x0000,0x0000,
  0x0000,0x0000,0x0000,0x0000,0x0000,0x0041,0x0061,0x0000,0x0000,0x0000,0x0000,0x0000,0x0000,0x0000,0x0000,0x0000,
  0x0000,0x0000,0x0000,0x0000,0x0000,0x0000,0x0000,0x0000,0x0000,0x0000,0x0000,0x0000,0x0000,0x0000,0x0000,0x0000,
  0x0000,0x0000,0x0000,0x0000,0x0000,0x0000,0x0000,0x0000,0x0000,0x0000,0x0000,0x0000,0x0000,0x0000,0x0000,0x0000,
  0x0000,0x0000,0x0000,0x0000,0x0000,0x0000,0x0000,0x0000,0x0000,0x0000,0x0000,0x0000,0x0000,0x0020,0x23ec,0x236b,
  0x11a5,0x1143,0x1163,0x0983,0x0983,0x0943,0x0a04,0x0bca,0x15d2,0x16b4,0x0f54,0x0f13,0x0f33,0x0691,0x0eb3,0x0e72,
  0x0e31,0x0774,0x07f7,0x07f7,0x0fd7,0x07b6,0x0ff8,0x0797,0x07d9,0x07f9,0x07fa,0x07fa,0x07f9,0x07f9,0x07fa,0x07fb,
  0x07fc,0x07fc,0x07fc,0x07fc,0x07fb,0x07fb,0x07fc,0x07fc,0x07fc,0x07fc,0x07fc,0x07fc,0x07fc,0x07fc,0x07fc,0x07fc,
  0x07fd,0x0fdd,0x07fc,0x07fd,0x17fd,0x17fc,0x07fb,0x1799,0x16b4,0x15d0,0x0b27,0x0245,0x0142,0x0060,0x0020,0x0000,
  0x0000,0x0000,0x0000,0x0000,0x0000,0x0000,0x0000,0x0000,0x0000,0x0000,0x0000,0x0000,0x0000,0x0000,0x0000,0x0000,
  0x0000,0x0000,0x0000,0x0000,0x0000,0x0000,0x0000,0x0000,0x0000,0x0000,0x0000,0x0000,0x0000,0x0000,0x0000,0x0000,
  0x0000,0x0000,0x0000,0x0000,0x0000,0x0000,0x0000,0x0000,0x0000,0x0000,0x0000,0x0000,0x0000,0x0000,0x0000,0x0000,
  0x0000,0x0000,0x0000,0x0000,0x0000,0x0000,0x0000,0x0000,0x0000,0x0000,0x0000,0x0000,0x0000,0x0000,0x0000,0x0000,
  0x0000,0x0000,0x0000,0x0000,0x0000,0x0000,0x0000,0x0000,0x0000,0x0000,0x0000,0x0000,0x0000,0x0000,0x0000,0x0000,
  0x0000,0x0020,0x0020,0x0020,0x0020,0x0040,0x0903,0x0020,0x0000,0x0000,0x0000,0x0020,0x0000,0x1c0c,0x1309,0x0000,
  0x0943,0x0964,0x1247,0x234a,0x23ab,0x1a26,0x1aa6,0x0a66,0x14ee,0x146c,0x146c,0x046b,0x14cc,0x1d8f,0x0bea,0x1d0e,
  0x150e,0x1672,0x16f4,0x0e31,0x0daf,0x0dcf,0x0ed3,0x0733,0x07b9,0x07fa,0x07f9,0x07fa,0x07f8,0x07f9,0x07fa,0x07fb,
  0x07fc,0x07fc,0x07fc,0x07fc,0x07fb,0x07fb,0x07fb,0x07fc,0x07fc,0x07fc,0x07fc,0x07fc,0x07fc,0x07fc,0x07fc,0x07fc,
  0x07fd,0x27de,0x0ffd,0x07fd,0x0ffd,0x07db,0x1799,0x0c8d,0x0326,0x0265,0x01a3,0x00a1,0x0040,0x0020,0x0000,0x0000,
  0x0000,0x0000,0x0000,0x0000,0x0000,0x0000,0x0000,0x0000,0x0000,0x0000,0x0000,0x0000,0x0000,0x0000,0x0000,0x0000,
  0x0000,0x0000,0x0000,0x0000,0x0000,0x0000,0x0000,0x0000,0x0000,0x0000,0x0000,0x0000,0x0000,0x0000,0x0000,0x0000,
  0x0000,0x0000,0x0000,0x0000,0x0000,0x0000,0x0000,0x0000,0x0000,0x0000,0x0000,0x0000,0x0000,0x0000,0x0000,0x0000,
  0x0000,0x0000,0x0000,0x0000,0x0000,0x0000,0x0000,0x0000,0x0000,0x0000,0x0000,0x0000,0x0000,0x0000,0x0000,0x0000,
  0x0000,0x0000,0x0000,0x0000,0x0000,0x0000,0x0000,0x0000,0x0000,0x0000,0x0000,0x0000,0x0000,0x0000,0x0000,0x0000,
  0x0020,0x0040,0x0081,0x00a1,0x0081,0x0061,0x08c2,0x0020,0x0000,0x0000,0x0020,0x0000,0x0984,0x2614,0x1bec,0x1a06,
  0x232a,0x1ac9,0x11c5,0x11c5,0x11a4,0x0902,0x0183,0x0a66,0x140b,0x1287,0x0a86,0x1c6c,0x1328,0x240b,0x0a25,0x1286,
  0x0a86,0x0aa5,0x0ac6,0x0bea,0x0d0e,0x0df0,0x0f96,0x0fd6,0x0797,0x07b8,0x07f8,0x07f9,0x07f8,0x07f9,0x07fa,0x07fb,
  0x07fc,0x07fc,0x07fc,0x07fc,0x07fb,0x07fa,0x07fa,0x07f9,0x07f9,0x07fa,0x07fb,0x07fc,0x07fc,0x07fc,0x07fc,0x07fc,
  0x07fd,0x1fdd,0x0ffd,0x07fd,0x0ffd,0x07fc,0x17b9,0x0b69,0x01a4,0x0103,0x0061,0x0000,0x0000,0x0000,0x0000,0x0000,
  0x0000,0x0000,0x0000,0x0000,0x0000,0x0000,0x0000,0x0000,0x0000,0x0000,0x0000,0x0000,0x0000,0x0000,0x0000,0x0000,
  0x0000,0x0000,0x0000,0x0000,0x0000,0x0000,0x0000,0x0000,0x0000,0x0000,0x0000,0x0000,0x0000,0x0000,0x0000,0x0000,
  0x0000,0x0000,0x0000,0x0000,0x0000,0x0000,0x0000,0x0000,0x0000,0x0000,0x0000,0x0000,0x0000,0x0000,0x0000,0x0000,
  0x0000,0x0000,0x0000,0x0000,0x0000,0x0000,0x0000,0x0000,0x0000,0x0000,0x0000,0x0000,0x0000,0x0000,0x0000,0x0000,
  0x0000,0x0000,0x0000,0x0000,0x0000,0x0000,0x0000,0x0000,0x0000,0x0000,0x0000,0x0000,0x0000,0x0000,0x0000,0x0000,
  0x0041,0x0081,0x0122,0x0ae8,0x12c9,0x00c2,0x0061,0x0020,0x0000,0x0000,0x0020,0x0000,0x12a8,0x1226,0x1164,0x0081,
  0x00a1,0x08e3,0x08e3,0x1288,0x1247,0x1b09,0x1bab,0x1ccf,0x2571,0x12c7,0x0182,0x1287,0x0922,0x09a4,0x0a05,0x11e5,
  0x1267,0x0ac8,0x1b8a,0x1590,0x16b4,0x0dcf,0x0ed2,0x0eb3,0x06b2,0x07b6,0x07d7,0x07d8,0x07d8,0x07f8,0x07fa,0x07fb,
  0x07fb,0x07fc,0x07fc,0x07fc,0x07f9,0x07f9,0x07f9,0x07f9,0x07fa,0x07fa,0x07fb,0x07fc,0x07fc,0x07fc,0x07fc,0x07fc,
  0x07fd,0x07fd,0x07fd,0x07fd,0x07fd,0x07fc,0x0ffb,0x1389,0x0020,0x0000,0x0020,0x0000,0x0000,0x0000,0x0000,0x0000,
  0x0000,0x0000,0x0000,0x0000,0x0000,0x0000,0x0000,0x0000,0x0000,0x0000,0x0000,0x0000,0x0000,0x0000,0x0000,0x0000,
  0x0000,0x0000,0x0000,0x0000,0x0000,0x0000,0x0000,0x0000,0x0000,0x0000,0x0000,0x0000,0x0000,0x0000,0x0000,0x0000,
  0x0000,0x0000,0x0000,0x0000,0x0000,0x0000,0x0000,0x0000,0x0000,0x0000,0x0000,0x0000,0x0000,0x0000,0x0000,0x0000,
  0x0000,0x0000,0x0000,0x0000,0x0000,0x0000,0x0000,0x0000,0x0000,0x0000,0x0000,0x0000,0x0000,0x0000,0x0000,0x0000,
  0x0000,0x0000,0x0000,0x0000,0x0000,0x0000,0x0000,0x0000,0x0000,0x0000,0x0000,0x0000,0x0000,0x0000,0x0000,0x0000,
  0x0061,0x00a1,0x0b09,0x2f58,0x1bcc,0x0123,0x00e2,0x0061,0x0020,0x0000,0x00a2,0x1b4c,0x0943,0x0903,0x11c5,0x1164,
  0x11a5,0x22a9,0x19e6,0x232a,0x1a87,0x1205,0x0a46,0x0a05,0x0a86,0x0983,0x0aa6,0x138a,0x1246,0x1ac8,0x23cb,0x1a67,
  0x1ac8,0x11c5,0x11c5,0x0a86,0x0cac,0x0ccd,0x0dcf,0x06f3,0x0f34,0x0f96,0x07b6,0x07b7,0x0797,0x07d7,0x07f8,0x07fb,
  0x07fc,0x07fb,0x07fa,0x07fa,0x07f9,0x07f9,0x07f8,0x07fa,0x07fb,0x07fb,0x07fb,0x07fc,0x07fb,0x07fb,0x07fb,0x07fc,
  0x07fc,0x07fd,0x0ffd,0x07fd,0x07fc,0x0fdc,0x0ffd,0x0e13,0x0beb,0x0a46,0x0000,0x0020,0x0020,0x0000,0x0000,0x0000,
  0x0000,0x0000,0x0000,0x0000,0x0000,0x0000,0x0000,0x0000,0x0000,0x0000,0x0000,0x0000,0x0000,0x0000,0x0000,0x0000,
  0x0000,0x0000,0x0000,0x0000,0x0000,0x0000,0x0000,0x0000,0x0000,0x0000,0x0000,0x0000,0x0000,0x0000,0x0000,0x0000,
  0x0000,0x0000,0x0000,0x0000,0x0000,0x0000,0x0000,0x0000,0x0000,0x0000,0x0000,0x0000,0x0000,0x0000,0x0000,0x0000,
  0x0000,0x0000,0x0000,0x0000,0x0000,0x0000,0x0000,0x0000,0x0000,0x0000,0x0000,0x0000,0x0000,0x0000,0x0000,0x0000,
  0x0000,0x0000,0x0000,0x0000,0x0000,0x0000,0x0000,0x0000,0x0000,0x0000,0x0000,0x0000,0x0000,0x0000,0x0000,0x0000,
  0x0061,0x00a2,0x0ae8,0x2551,0x0206,0x0143,0x00c2,0x0061,0x0020,0x0000,0x0061,0x24f0,0x0061,0x1a47,0x2b6b,0x1164,
  0x08c2,0x0943,0x00c2,0x0943,0x0123,0x0964,0x1226,0x0b6a,0x1d71,0x1b6b,0x1a87,0x2349,0x11c5,0x0943,0x11a4,0x08a1,
  0x09a4,0x0a25,0x09a3,0x0a46,0x15d2,0x1e33,0x0ed4,0x0f55,0x0ef4,0x06d3,0x0755,0x0775,0x0796,0x07d7,0x07f8,0x07fa,
  0x07fc,0x07fb,0x07f8,0x07f8,0x07f9,0x07fa,0x07f9,0x07fa,0x07fb,0x07f9,0x07f8,0x07f9,0x07f9,0x07f8,0x07f8,0x07fb,
  0x07fd,0x07fc,0x07fd,0x07fd,0x17fe,0x27de,0x1fdd,0x07fd,0x17fe,0x1613,0x08e1,0x0040,0x0000,0x0040,0x0040,0x0000,
  0x0000,0x0000,0x0000,0x0000,0x0000,0x0000,0x0000,0x0000,0x0000,0x0000,0x0000,0x0000,0x0000,0x0000,0x0000,0x0000,
  0x0000,0x0000,0x0000,0x0000,0x0000,0x0000,0x0000,0x0000,0x0000,0x0000,0x0000,0x0000,0x0000,0x0000,0x0000,0x0000,
  0x0000,0x0000,0x0000,0x0000,0x0000,0x0000,0x0000,0x0000,0x0000,0x0000,0x0000,0x0000,0x0000,0x0000,0x0000,0x0000,
  0x0000,0x0000,0x0000,0x0000,0x0000,0x0000,0x0000,0x0000,0x0000,0x0000,0x0000,0x0000,0x0000,0x0000,0x0000,0x0000,
  0x0000,0x0000,0x0000,0x0000,0x0000,0x0000,0x0000,0x0000,0x0000,0x0000,0x0000,0x0000,0x0000,0x0000,0x0000,0x0000,
  0x0040,0x0081,0x0103,0x01c5,0x0944,0x00a2,0x0061,0x0020,0x0000,0x0000,0x11c6,0x0984,0x0000,0x08a1,0x08e3,0x0964,
  0x0922,0x0923,0x1a27,0x1bcb,0x1bec,0x1aa9,0x1a48,0x12a8,0x1287,0x0122,0x00a1,0x0942,0x11a5,0x0a67,0x12e8,0x1aa8,
  0x1bab,0x244c,0x1a05,0x09e5,0x0c0b,0x0c8b,0x0d6e,0x0e11,0x0e51,0x0ed1,0x0eb2,0x0f55,0x0796,0x07d8,0x07f9,0x07fa,
  0x07fb,0x07fa,0x07f8,0x07d8,0x0797,0x07fa,0x07f9,0x07f8,0x07fa,0x07f8,0x07f7,0x07f8,0x07f8,0x07f8,0x07f7,0x07fa,
  0x07fb,0x07fb,0x07fc,0x07fc,0x0fdd,0x0ffd,0x0ffc,0x07fd,0x07fa,0x0ff7,0x0eb1,0x0cac,0x0c6c,0x1dd1,0x13cb,0x0000,
  0x0000,0x0000,0x0000,0x0000,0x0000,0x0000,0x0000,0x0000,0x0000,0x0000,0x0000,0x0000,0x0000,0x0000,0x0000,0x0000,
  0x0000,0x0000,0x0000,0x0000,0x0000,0x0000,0x0000,0x0000,0x0000,0x0000,0x0000,0x0000,0x0000,0x0000,0x0000,0x0000,
  0x0000,0x0000,0x0000,0x0000,0x0000,0x0000,0x0000,0x0000,0x0000,0x0000,0x0000,0x0000,0x0000,0x0000,0x0000,0x0000,
  0x0000,0x0000,0x0000,0x0000,0x0000,0x0000,0x0000,0x0000,0x0000,0x0000,0x0000,0x0000,0x0000,0x0000,0x0000,0x0000,
  0x0000,0x0000,0x0000,0x0000,0x0000,0x0000,0x0000,0x0000,0x0000,0x0000,0x0000,0x0000,0x0000,0x0000,0x0000,0x0000,
  0x0000,0x0041,0x0081,0x00a2,0x0081,0x0041,0x0040,0x0000,0x0000,0x0020,0x2c4e,0x00e3,0x0000,0x0020,0x1a89,0x23ed,
  0x230a,0x0923,0x1144,0x11e6,0x0964,0x00e2,0x0902,0x0a06,0x0b0a,0x13ed,0x1bac,0x2288,0x234a,0x23ab,0x2288,0x0943,
  0x0922,0x09c3,0x09a4,0x0a25,0x0c2b,0x0db0,0x1672,0x16b4,0x1693,0x16d3,0x0df0,0x0ef3,0x0775,0x07b8,0x07f9,0x07f8,
  0x07f9,0x07f8,0x07d7,0x0f55,0x0ef4,0x0756,0x07d8,0x07f9,0x07f9,0x07f8,0x07f7,0x07f7,0x07f8,0x07f8,0x07f8,0x07f9,
  0x07f8,0x07fa,0x07fb,0x07fb,0x07fc,0x07fd,0x07fc,0x07fe,0x0f37,0x0e30,0x0ff7,0x0ff7,0x17d7,0x150d,0x0aa7,0x0000,
  0x0000,0x0000,0x0000,0x0000,0x0000,0x0000,0x0000,0x0000,0x0000,0x0000,0x0000,0x0000,0x0000,0x0000,0x0000,0x0000,
  0x0000,0x0000,0x0000,0x0000,0x0000,0x0000,0x0000,0x0000,0x0000,0x0000,0x0000,0x0000,0x0000,0x0000,0x0000,0x0000,
  0x0000,0x0000,0x0000,0x0000,0x0000,0x0000,0x0000,0x0000,0x0000,0x0000,0x0000,0x0000,0x0000,0x0000,0x0000,0x0000,
  0x0000,0x0000,0x0000,0x0000,0x0000,0x0000,0x0000,0x0000,0x0000,0x0000,0x0000,0x0000,0x0000,0x0000,0x0000,0x0000,
  0x0000,0x0000,0x0000,0x0000,0x0000,0x0000,0x0000,0x0000,0x0000,0x0000,0x0000,0x0000,0x0000,0x0000,0x0000,0x0000,
  0x0000,0x0020,0x0040,0x0040,0x0020,0x0020,0x0000,0x0000,0x0000,0x0000,0x236a,0x0082,0x0800,0x0000,0x08e2,0x0923,
  0x08e2,0x00a1,0x0943,0x12ea,0x1b4c,0x1ac9,0x22e9,0x23ed,0x1cef,0x136a,0x1205,0x0902,0x00e2,0x0963,0x0a26,0x1205,
  0x11e5,0x1b0a,0x1ccf,0x1c8e,0x1c8f,0x144c,0x0ccd,0x0df1,0x0d4e,0x0e11,0x058f,0x0dd0,0x0eb3,0x0f98,0x07fa,0x07fa,
  0x07d8,0x0f76,0x0eb3,0x0651,0x0e92,0x0631,0x0652,0x0f15,0x07b7,0x07f9,0x07f8,0x07f8,0x07d9,0x07d8,0x07f8,0x07f9,
  0x07f8,0x07f8,0x07fb,0x07fc,0x07fc,0x07fc,0x07fc,0x0ffc,0x1df1,0x0346,0x0ff6,0x07f6,0x1776,0x0265,0x00a1,0x0000,
  0x0000,0x0000,0x0000,0x0000,0x0000,0x0000,0x0000,0x0000,0x0000,0x0000,0x0000,0x0000,0x0000,0x0000,0x0000,0x0000,
  0x0000,0x0000,0x0000,0x0000,0x0000,0x0000,0x0000,0x0000,0x0000,0x0000,0x0000,0x0000,0x0000,0x0000,0x0000,0x0000,
  0x0000,0x0000,0x0000,0x0000,0x0000,0x0000,0x0000,0x0000,0x0000,0x0000,0x0000,0x0000,0x0000,0x0000,0x0000,0x0000,
  0x0000,0x0000,0x0000,0x0000,0x0000,0x0000,0x0000,0x0000,0x0000,0x0000,0x0000,0x0000,0x0000,0x0000,0x0000,0x0000,
  0x0000,0x0000,0x0000,0x0000,0x0000,0x0000,0x0000,0x0000,0x0000,0x0000,0x0000,0x0000,0x0000,0x0000,0x0000,0x0000,
  0x0000,0x0000,0x0000,0x0020,0x0040,0x0000,0x0000,0x0000,0x0000,0x0923,0x1b09,0x08c2,0x0000,0x08c2,0x1123,0x0964,
  0x1b6b,0x1a27,0x22a8,0x134a,0x1ae9,0x09a4,0x00e2,0x0922,0x0184,0x0a06,0x1247,0x1206,0x1a06,0x1b0a,0x24f1,0x1bcc,
  0x1206,0x09c4,0x0a04,0x09e4,0x0985,0x0a27,0x0b8a,0x1674,0x0d70,0x150f,0x1d90,0x14ee,0x156f,0x0e31,0x0797,0x07d9,
  0x0fb7,0x0611,0x0d2e,0x0daf,0x0e73,0x0e93,0x0e11,0x0672,0x0735,0x0ff8,0x07f9,0x07d8,0x07d9,0x07f8,0x07f9,0x07fa,
  0x07fa,0x07f9,0x07fb,0x07fc,0x07fb,0x07fb,0x07fb,0x0f98,0x0c2a,0x0c6a,0x154e,0x1692,0x26f5,0x0b28,0x00e2,0x0020,
  0x0000,0x0000,0x0000,0x0000,0x0000,0x0000,0x0000,0x0000,0x0000,0x0000,0x0000,0x0000,0x0000,0x0000,0x0000,0x0000,
  0x0000,0x0000,0x0000,0x0000,0x0000,0x0000,0x0000,0x0000,0x0000,0x0000,0x0000,0x0000,0x0000,0x0000,0x0000,0x0000,
  0x0000,0x0000,0x0000,0x0000,0x0000,0x0000,0x0000,0x0000,0x0000,0x0000,0x0000,0x0000,0x0000,0x0000,0x0000,0x0000,
  0x0000,0x0000,0x0000,0x0000,0x0000,0x0000,0x0000,0x0000,0x0000,0x0000,0x0000,0x0000,0x0000,0x0000,0x0000,0x0000,
  0x0000,0x0000,0x0000,0x0000,0x0000,0x0000,0x0000,0x0000,0x0000,0x0000,0x0000,0x0000,0x0000,0x0000,0x0000,0x0000,
  0x0000,0x0000,0x0000,0x0061,0x1924,0x0000,0x0000,0x0020,0x0000,0x1b0a,0x2c4d,0x0881,0x0000,0x1124,0x1206,0x0923,
  0x1267,0x0082,0x08c2,0x0944,0x09c4,0x09e6,0x0aea,0x1c0e,0x1c6f,0x1cd0,0x1b4b,0x19e6,0x08e3,0x0923,0x0943,0x00e2,
  0x0984,0x0ac8,0x12c8,0x12c9,0x12a9,0x23ed,0x138a,0x1653,0x150e,0x0b48,0x0b89,0x0c4c,0x0c8b,0x0d6e,0x0ef4,0x0777,
  0x0ff9,0x0f35,0x158e,0x152d,0x0d8f,0x0d8f,0x0d2e,0x0631,0x0eb4,0x1633,0x0ef4,0x0fb7,0x07f7,0x07f6,0x07f7,0x07f9,
  0x07fa,0x07fa,0x07fc,0x07fc,0x07fb,0x07fa,0x07fb,0x0fb8,0x03c9,0x148b,0x0ae7,0x02a5,0x0b28,0x0ac7,0x0123,0x0000,
  0x0000,0x0000,0x0000,0x0000,0x0000,0x0000,0x0000,0x0000,0x0000,0x0000,0x0000,0x0000,0x0000,0x0000,0x0000,0x0000,
  0x0000,0x0000,0x0000,0x0000,0x0000,0x0000,0x0000,0x0000,0x0000,0x0000,0x0000,0x0000,0x0000,0x0000,0x0000,0x0000,
  0x0000,0x0000,0x0000,0x0000,0x0000,0x0000,0x0000,0x0000,0x0000,0x0000,0x0000,0x0000,0x0000,0x0000,0x0000,0x0000,
  0x0000,0x0000,0x0000,0x0000,0x0000,0x0000,0x0000,0x0000,0x0000,0x0000,0x0000,0x0000,0x0000,0x0000,0x0000,0x0000,
  0x0000,0x0000,0x0000,0x0000,0x0000,0x0000,0x0000,0x0000,0x0000,0x0000,0x0000,0x0000,0x0000,0x0000,0x0000,0x0000,
  0x0000,0x0000,0x0000,0x0020,0x0000,0x0000,0x0020,0x0000,0x0081,0x0944,0x0903,0x0000,0x0800,0x0061,0x00c2,0x0103,
  0x1267,0x12a9,0x11e5,0x1aca,0x23cc,0x12a8,0x138b,0x1248,0x0a27,0x09c5,0x00e2,0x0964,0x11a5,0x09a5,0x12a7,0x1268,
  0x1b8b,0x1c6f,0x1309,0x09e6,0x0123,0x09e4,0x09e5,0x042b,0x14ce,0x0c0b,0x148d,0x15f2,0x1db0,0x1570,0x16d4,0x06f4,
  0x0776,0x0f97,0x054e,0x0409,0x0cab,0x0d8f,0x0db0,0x0e93,0x0eb3,0x0c6c,0x0c6c,0x0e31,0x0f95,0x07d6,0x07f6,0x07f8,
  0x07fa,0x07f9,0x07fb,0x07fd,0x07fd,0x07fb,0x07dd,0x0ffc,0x0bea,0x00e0,0x00c0,0x0163,0x01a4,0x09a4,0x00a1,0x0000,
  0x0000,0x0000,0x0000,0x0000,0x0000,0x0000,0x0000,0x0000,0x0000,0x0000,0x0000,0x0000,0x0000,0x0000,0x0000,0x0000,
  0x0000,0x0000,0x0000,0x0000,0x0000,0x0000,0x0000,0x0000,0x0000,0x0000,0x0000,0x0000,0x0000,0x0000,0x0000,0x0000,
  0x0000,0x0000,0x0000,0x0000,0x0000,0x0000,0x0000,0x0000,0x0000,0x0000,0x0000,0x0000,0x0000,0x0000,0x0000,0x0000,
  0x0000,0x0000,0x0000,0x0000,0x0000,0x0000,0x0000,0x0000,0x0000,0x0000,0x0000,0x0000,0x0000,0x0000,0x0000,0x0000,
  0x0000,0x0000,0x0000,0x0000,0x0000,0x0000,0x0000,0x0000,0x0000,0x0000,0x0000,0x0000,0x0000,0x0000,0x0000,0x0000,
  0x0000,0x0000,0x0000,0x0000,0x0061,0x00a2,0x0020,0x0000,0x1aa8,0x1a47,0x0000,0x0944,0x1227,0x1a68,0x1186,0x1aa9,
  0x1b6c,0x1b0a,0x0922,0x10e2,0x0944,0x00a1,0x0964,0x0a68,0x0b2a,0x138b,0x1b6b,0x1c2e,0x236b,0x0964,0x11a4,0x0902,
  0x00e2,0x0123,0x01c5,0x09c5,0x0903,0x1309,0x140e,0x1cb0,0x15f3,0x148e,0x13cb,0x0c6d,0x0c6c,0x0c4a,0x0610,0x0672,
  0x0715,0x07f9,0x0f15,0x156f,0x154e,0x15d0,0x0d6e,0x0e31,0x0e52,0x0bea,0x02a6,0x042a,0x0e10,0x0f95,0x07f6,0x07f7,
  0x07f8,0x07f8,0x07f9,0x0fdb,0x07fc,0x07fd,0x07fe,0x0ffe,0x1614,0x0b6a,0x0ac8,0x0081,0x0061,0x0041,0x0020,0x0000,
  0x0000,0x0000,0x0000,0x0000,0x0000,0x0000,0x0000,0x0000,0x0000,0x0000,0x0000,0x0000,0x0000,0x0000,0x0000,0x0000,
  0x0000,0x0000,0x0000,0x0000,0x0000,0x0000,0x0000,0x0000,0x0000,0x0000,0x0000,0x0000,0x0000,0x0000,0x0000,0x0000,
  0x0000,0x0000,0x0000,0x0000,0x0000,0x0000,0x0000,0x0000,0x0000,0x0000,0x0000,0x0000,0x0000,0x0000,0x0000,0x0000,
  0x0000,0x0000,0x0000,0x0000,0x0000,0x0000,0x0000,0x0000,0x0000,0x0000,0x0000,0x0000,0x0000,0x0000,0x0000,0x0000,
  0x0000,0x0000,0x0000,0x0000,0x0000,0x0000,0x0000,0x0000,0x0000,0x0000,0x0000,0x0000,0x0000,0x0000,0x0000,0x0000,
  0x0000,0x0000,0x0000,0x0000,0x1247,0x1a88,0x0061,0x0000,0x0903,0x11e5,0x0000,0x0944,0x1248,0x19e6,0x0060,0x0081,
  0x00a2,0x00e2,0x0964,0x0902,0x1289,0x1bad,0x1b8d,0x1cb0,0x13cd,0x132a,0x0184,0x0144,0x0144,0x0943,0x0963,0x09c5,
  0x12a9,0x1ae9,0x1c0e,0x1268,0x0985,0x1268,0x12c9,0x0a26,0x0b6a,0x0b49,0x0aa7,0x13aa,0x146c,0x14ad,0x0ed3,0x0ed4,
  0x0ef5,0x0796,0x0734,0x0d0e,0x042a,0x046b,0x052e,0x0df0,0x0550,0x150f,0x0baa,0x13ca,0x0c4b,0x0e51,0x0ed2,0x0774,
  0x0ff7,0x07d7,0x07d7,0x0692,0x07d8,0x07fc,0x07fd,0x07fc,0x07fc,0x0ffd,0x1ffb,0x13ec,0x00e1,0x00a0,0x0080,0x0040,
  0x0000,0x0000,0x0000,0x0000,0x0000,0x0000,0x0000,0x0000,0x0000,0x0000,0x0000,0x0000,0x0000,0x0000,0x0000,0x0000,
  0x0000,0x0000,0x0000,0x0000,0x0000,0x0000,0x0000,0x0000,0x0000,0x0000,0x0000,0x0000,0x0000,0x0000,0x0000,0x0000,
  0x0000,0x0000,0x0000,0x0000,0x0000,0x0000,0x0000,0x0000,0x0000,0x0000,0x0000,0x0000,0x0000,0x0000,0x0000,0x0000,
  0x0000,0x0000,0x0000,0x0000,0x0000,0x0000,0x0000,0x0000,0x0000,0x0000,0x0000,0x0000,0x0000,0x0000,0x0000,0x0000,
  0x0000,0x0000,0x0000,0x0000,0x0000,0x0000,0x0000,0x0000,0x0000,0x0000,0x0000,0x0000,0x0000,0x0000,0x0000,0x0000,
  0x0000,0x0000,0x0000,0x0000,0x0082,0x0841,0x0000,0x0081,0x0000,0x1226,0x0881,0x0020,0x0964,0x08e2,0x1226,0x1227,
  0x11e6,0x1a88,0x1b0a,0x1144,0x0965,0x0164,0x0123,0x0a06,0x0163,0x0205,0x0ae9,0x138c,0x1cb0,0x1c6f,0x1b2b,0x1a88,
  0x0a46,0x1103,0x1164,0x0102,0x0143,0x0943,0x0a05,0x12a7,0x13ab,0x1cef,0x1c4d,0x1bec,0x1c6d,0x1329,0x150d,0x0e73,
  0x0e92,0x0754,0x0734,0x0df1,0x0d8f,0x1590,0x1613,0x1673,0x052e,0x0c2c,0x0ac7,0x0ac7,0x0ae7,0x054e,0x0df0,0x0e10,
  0x0e51,0x0f34,0x0fb6,0x0e71,0x0f55,0x07da,0x07fa,0x07fa,0x07fc,0x07db,0x07d9,0x0ff8,0x0dcf,0x0d6e,0x140b,0x0101,
  0x0000,0x0000,0x0000,0x0000,0x0000,0x0000,0x0000,0x0000,0x0000,0x0000,0x0000,0x0000,0x0000,0x0000,0x0000,0x0000,
  0x0000,0x0000,0x0000,0x0000,0x0000,0x0000,0x0000,0x0000,0x0000,0x0000,0x0000,0x0000,0x0000,0x0000,0x0000,0x0000,
  0x0000,0x0000,0x0000,0x0000,0x0000,0x0000,0x0000,0x0000,0x0000,0x0000,0x0000,0x0000,0x0000,0x0000,0x0000,0x0000,
  0x0000,0x0000,0x0000,0x0000,0x0000,0x0000,0x0000,0x0000,0x0000,0x0000,0x0000,0x0000,0x0000,0x0000,0x0000,0x0000,
  0x0000,0x0000,0x0000,0x0000,0x0000,0x0000,0x0000,0x0000,0x0000,0x0000,0x0000,0x0000,0x0000,0x0000,0x0000,0x0000,
  0x0000,0x0000,0x0000,0x0000,0x0000,0x0000,0x0000,0x08c2,0x00a2,0x1a47,0x10e3,0x0000,0x2bcc,0x1a26,0x1226,0x1a07,
  0x08c2,0x1165,0x00c2,0x0081,0x08e2,0x0984,0x0a27,0x1b4c,0x136c,0x146f,0x24b0,0x12e9,0x0a66,0x09e6,0x0923,0x0923,
  0x0923,0x09c6,0x1289,0x13ad,0x1b6c,0x1aa9,0x1aa8,0x1287,0x1267,0x0b49,0x0b4a,0x0b08,0x0bca,0x0ae7,0x0bea,0x0f16,
  0x0fb8,0x07d9,0x0fb8,0x0ef3,0x0d4d,0x0c6b,0x044b,0x0cee,0x0d50,0x0c8c,0x0beb,0x0b8a,0x1389,0x14ac,0x152e,0x0d0d,
  0x0cec,0x0eb3,0x0f55,0x0e91,0x06f4,0x07d9,0x07f9,0x07f9,0x07fd,0x07fb,0x07b5,0x07f5,0x0ff6,0x1ff7,0x25d1,0x0122,
  0x0000,0x0000,0x0000,0x0000,0x0000,0x0000,0x0000,0x0000,0x0000,0x0000,0x0000,0x0000,0x0000,0x0000,0x0000,0x0000,
  0x0000,0x0000,0x0000,0x0000,0x0000,0x0000,0x0000,0x0000,0x0000,0x0000,0x0000,0x0000,0x0000,0x0000,0x0000,0x0000,
  0x0000,0x0000,0x0000,0x0000,0x0000,0x0000,0x0000,0x0000,0x0000,0x0000,0x0000,0x0000,0x0000,0x0000,0x0000,0x0000,
  0x0000,0x0000,0x0000,0x0000,0x0000,0x0000,0x0000,0x0000,0x0000,0x0000,0x0000,0x0000,0x0000,0x0000,0x0000,0x0000,
  0x0000,0x0000,0x0000,0x0000,0x0000,0x0000,0x0000,0x0000,0x0000,0x0000,0x0000,0x0000,0x0000,0x0000,0x0000,0x0000,
  0x0000,0x0000,0x0000,0x0000,0x0000,0x0000,0x0000,0x08a1,0x0902,0x0000,0x0000,0x0020,0x0924,0x0081,0x0081,0x00a3,
  0x0903,0x1288,0x1208,0x0986,0x0985,0x1165,0x11c6,0x0184,0x0984,0x00c1,0x0903,0x09c6,0x0a07,0x0a69,0x1bce,0x24f1,
  0x1a89,0x132a,0x1ac9,0x0a88,0x09e6,0x08e2,0x00e1,0x0164,0x02e9,0x0c8f,0x146f,0x1c4e,0x24cf,0x1c0d,0x0bea,0x0e51,
  0x0e92,0x0ef4,0x0f15,0x06b3,0x0df1,0x0d50,0x1571,0x0d71,0x1550,0x0cee,0x144d,0x0ae8,0x0aa6,0x03a9,0x044b,0x0c8b,
  0x0c8b,0x0ef4,0x0ed3,0x0e51,0x0ed4,0x0fb7,0x07f8,0x07f9,0x07fc,0x07fc,0x0794,0x0ff5,0x15ef,0x0a85,0x0a05,0x0081,
  0x0000,0x0000,0x0000,0x0000,0x0000,0x0000,0x0000,0x0000,0x0000,0x0000,0x0000,0x0000,0x0000,0x0000,0x0000,0x0000,
  0x0000,0x0000,0x0000,0x0000,0x0000,0x0000,0x0000,0x0000,0x0000,0x0000,0x0000,0x0000,0x0000,0x0000,0x0000,0x0000,
  0x0000,0x0000,0x0000,0x0000,0x0000,0x0000,0x0000,0x0000,0x0000,0x0000,0x0000,0x0000,0x0000,0x0000,0x0000,0x0000,
  0x0000,0x0000,0x0000,0x0000,0x0000,0x0000,0x0000,0x0000,0x0000,0x0000,0x0000,0x0000,0x0000,0x0000,0x0000,0x0000,
  0x0000,0x0000,0x0000,0x0000,0x0000,0x0000,0x0000,0x0000,0x0000,0x0000,0x0000,0x0000,0x0000,0x0000,0x0000,0x0000,
  0x0000,0x0000,0x0000,0x0000,0x0000,0x0000,0x0000,0x0902,0x1226,0x0000,0x0040,0x0000,0x0903,0x1a68,0x1185,0x1a69,
  0x11c6,0x11c5,0x1185,0x0081,0x00c2,0x0903,0x0985,0x08e2,0x1309,0x1268,0x0985,0x240f,0x140e,0x132a,0x0a06,0x0a26,
  0x00c1,0x00a1,0x00e2,0x0aa8,0x0c0d,0x13ee,0x1c4f,0x136c,0x0c0e,0x148f,0x0bed,0x136b,0x1349,0x12c8,0x0ae7,0x056f,
  0x0e12,0x0e73,0x0fd7,0x0f56,0x1652,0x15b1,0x050f,0x0c8d,0x0b8a,0x0ae7,0x0328,0x0328,0x0b28,0x0c0b,0x0d2f,0x154f,
  0x0c8b,0x0e72,0x0e92,0x0df0,0x0dd0,0x0671,0x07b8,0x07f8,0x07f9,0x07fb,0x07d6,0x0ff5,0x1429,0x0000,0x0000,0x0000,
  0x0000,0x0000,0x0000,0x0000,0x0000,0x0000,0x0000,0x0000,0x0000,0x0000,0x0000,0x0000,0x0000,0x0000,0x0000,0x0000,
  0x0000,0x0000,0x0000,0x0000,0x0000,0x0000,0x0000,0x0000,0x0000,0x0000,0x0000,0x0000,0x0000,0x0000,0x0000,0x0000,
  0x0000,0x0000,0x0000,0x0000,0x0000,0x0000,0x0000,0x0000,0x0000,0x0000,0x0000,0x0000,0x0000,0x0000,0x0000,0x0000,
  0x0000,0x0000,0x0000,0x0000,0x0000,0x0000,0x0000,0x0000,0x0000,0x0000,0x0000,0x0000,0x0000,0x0000,0x0000,0x0000,
  0x0000,0x0000,0x0000,0x0000,0x0000,0x0000,0x0000,0x0000,0x0000,0x0000,0x0000,0x0000,0x0000,0x0000,0x0000,0x0000,
  0x0000,0x0000,0x0000,0x0000,0x08a2,0x0061,0x0000,0x0040,0x0944,0x0000,0x0020,0x0000,0x08c3,0x11c5,0x0061,0x0041,
  0x0903,0x0904,0x00a2,0x0924,0x11a5,0x1b6b,0x1b8c,0x1186,0x09e6,0x1228,0x0061,0x0903,0x00c1,0x0123,0x09e6,0x1248,
  0x1b8c,0x132b,0x13ce,0x140e,0x146e,0x0bac,0x0ac9,0x0165,0x01a4,0x0ac7,0x0b4a,0x0b09,0x140c,0x1c0d,0x1bec,0x156f,
  0x15f2,0x0d50,0x0eb4,0x0d90,0x0bc9,0x0b48,0x0c6c,0x0d4f,0x0beb,0x1349,0x1369,0x13aa,0x0b28,0x0b48,0x042b,0x0c0a,
  0x042a,0x0df0,0x0e71,0x05f0,0x0e32,0x0e73,0x0f98,0x07f8,0x07d9,0x07fb,0x07d7,0x0ff8,0x1389,0x0000,0x0000,0x0020,
  0x0000,0x0000,0x0000,0x0000,0x0000,0x0000,0x0000,0x0000,0x0000,0x0000,0x0000,0x0000,0x0000,0x0000,0x0000,0x0000,
  0x0000,0x0000,0x0000,0x0000,0x0000,0x0000,0x0000,0x0000,0x0000,0x0000,0x0000,0x0000,0x0000,0x0000,0x0000,0x0000,
  0x0000,0x0000,0x0000,0x0000,0x0000,0x0000,0x0000,0x0000,0x0000,0x0000,0x0000,0x0000,0x0000,0x0000,0x0000,0x0000,
  0x0000,0x0000,0x0000,0x0000,0x0000,0x0000,0x0000,0x0000,0x0000,0x0000,0x0000,0x0000,0x0000,0x0000,0x0000,0x0000,
  0x0000,0x0000,0x0000,0x0000,0x0000,0x0000,0x0000,0x0000,0x0000,0x0000,0x0000,0x0000,0x0000,0x0000,0x0000,0x0000,
  0x0000,0x0000,0x0000,0x0000,0x0861,0x0040,0x0000,0x1206,0x1164,0x0000,0x0020,0x0000,0x0000,0x0041,0x11c6,0x1124,
  0x11e6,0x1aca,0x08e3,0x1144,0x08e3,0x0964,0x08e4,0x0061,0x0040,0x11e7,0x09a5,0x1986,0x11a5,0x1b0a,0x1b8d,0x132b,
  0x132a,0x09c5,0x0963,0x01a4,0x0a06,0x0ac9,0x0268,0x11c6,0x1226,0x13ab,0x1c90,0x130a,0x1b6a,0x1309,0x0a46,0x0c0a,
  0x046c,0x042b,0x0d90,0x0d70,0x140c,0x1c2d,0x1db2,0x1551,0x0bec,0x0a86,0x0a45,0x0a65,0x0265,0x0ac7,0x140b,0x0bca,
  0x0c6c,0x0e93,0x16d4,0x1632,0x0e32,0x0dd0,0x0e12,0x0f56,0x07f9,0x07fb,0x07d9,0x0ffb,0x15b3,0x0267,0x0aa8,0x0245,
  0x0000,0x0000,0x0000,0x0000,0x0000,0x0000,0x0000,0x0000,0x0000,0x0000,0x0000,0x0000,0x0000,0x0000,0x0000,0x0000,
  0x0000,0x0000,0x0000,0x0000,0x0000,0x0000,0x0000,0x0000,0x0000,0x0000,0x0000,0x0000,0x0000,0x0000,0x0000,0x0000,
  0x0000,0x0000,0x0000,0x0000,0x0000,0x0000,0x0000,0x0000,0x0000,0x0000,0x0000,0x0000,0x0000,0x0000,0x0000,0x0000,
  0x0000,0x0000,0x0000,0x0000,0x0000,0x0000,0x0000,0x0000,0x0000,0x0000,0x0000,0x0000,0x0000,0x0000,0x0000,0x0000,
  0x0000,0x0000,0x0000,0x0000,0x0000,0x0000,0x0000,0x0000,0x0000,0x0000,0x0000,0x0000,0x0000,0x0000,0x0000,0x0000,
  0x0000,0x0000,0x0000,0x0000,0x0000,0x0000,0x0020,0x134b,0x08c2,0x0000,0x0800,0x0040,0x0000,0x1144,0x1a06,0x1164,
  0x0061,0x0944,0x0081,0x00a2,0x0882,0x1164,0x1249,0x1248,0x08c2,0x236d,0x1289,0x1124,0x08e3,0x00e2,0x00e2,0x0944,
  0x09a6,0x0aa8,0x132a,0x1b4b,0x1c0f,0x14d1,0x1c2f,0x11a5,0x08e3,0x0165,0x0aa9,0x0a67,0x0b09,0x138a,0x0ac8,0x14ae,
  0x1694,0x15d1,0x150e,0x0d0e,0x0389,0x0246,0x02e8,0x02e9,0x03ec,0x0ac7,0x0ac7,0x1349,0x1349,0x1328,0x140b,0x142b,
  0x0b89,0x05d0,0x0e11,0x058f,0x0d8f,0x0daf,0x0d6f,0x0ed3,0x0ff8,0x07f8,0x0795,0x07b9,0x0ffc,0x17fc,0x17f9,0x14cb,
  0x0000,0x0000,0x0000,0x0000,0x0000,0x0000,0x0000,0x0000,0x0000,0x0000,0x0000,0x0000,0x0000,0x0000,0x0000,0x0000,
  0x0000,0x0000,0x0000,0x0000,0x0000,0x0000,0x0000,0x0000,0x0000,0x0000,0x0000,0x0000,0x0000,0x0000,0x0000,0x0000,
  0x0000,0x0000,0x0000,0x0000,0x0000,0x0000,0x0000,0x0000,0x0000,0x0000,0x0000,0x0000,0x0000,0x0000,0x0000,0x0000,
  0x0000,0x0000,0x0000,0x0000,0x0000,0x0000,0x0000,0x0000,0x0000,0x0000,0x0000,0x0000,0x0000,0x0000,0x0000,0x0000,
  0x0000,0x0000,0x0000,0x0000,0x0000,0x0000,0x0000,0x0000,0x0000,0x0000,0x0000,0x0000,0x0000,0x0000,0x0000,0x0000,
  0x0000,0x0000,0x0000,0x0000,0x0000,0x0020,0x0081,0x136b,0x00a2,0x0000,0x0020,0x0020,0x0000,0x0061,0x08c3,0x00a2,
  0x08e2,0x1165,0x1a49,0x1a48,0x1185,0x1185,0x1186,0x0924,0x0020,0x00c2,0x00e2,0x0944,0x0944,0x0924,0x1208,0x1b8c,
  0x1bee,0x1bee,0x12eb,0x0985,0x09c5,0x01c5,0x0164,0x0143,0x0a88,0x130a,0x140f,0x146e,0x146f,0x1c4e,0x12e9,0x12e9,
  0x0c6d,0x0c4c,0x0c0a,0x0c8c,0x0baa,0x0b09,0x146e,0x0c6e,0x0c8e,0x0b08,0x0aa7,0x0aa7,0x0a65,0x0a86,0x0ac7,0x0b08,
  0x02e7,0x0d8f,0x0df1,0x0e11,0x16b3,0x1653,0x0dd0,0x0e52,0x0f76,0x07f8,0x07b5,0x0f97,0x16d6,0x1695,0x17f8,0x0d2c,
  0x0000,0x0000,0x0000,0x0000,0x0000,0x0000,0x0000,0x0000,0x0000,0x0000,0x0000,0x0000,0x0000,0x0000,0x0000,0x0000,
  0x0000,0x0000,0x0000,0x0000,0x0000,0x0000,0x0000,0x0000,0x0000,0x0000,0x0000,0x0000,0x0000,0x0000,0x0000,0x0000,
  0x0000,0x0000,0x0000,0x0000,0x0000,0x0000,0x0000,0x0000,0x0000,0x0000,0x0000,0x0000,0x0000,0x0000,0x0000,0x0000,
  0x0000,0x0000,0x0000,0x0000,0x0000,0x0000,0x0000,0x0000,0x0000,0x0000,0x0000,0x0000,0x0000,0x0000,0x0000,0x0000,
  0x0000,0x0000,0x0000,0x0000,0x0000,0x0000,0x0000,0x0000,0x0000,0x0000,0x0000,0x0000,0x0000,0x0000,0x08a2,0x0041,
  0x0000,0x0000,0x0000,0x0000,0x0800,0x00c2,0x09a5,0x13ac,0x0924,0x0000,0x0020,0x0000,0x0000,0x00a2,0x1aea,0x19c7,
  0x0944,0x0903,0x0944,0x08c3,0x0040,0x0061,0x0985,0x09c6,0x0965,0x1145,0x1268,0x1b8d,0x1a69,0x0903,0x0944,0x0122,
  0x0143,0x0123,0x0123,0x0965,0x1268,0x134c,0x13ad,0x130a,0x140f,0x132b,0x12c9,0x0329,0x0ac8,0x0a06,0x1268,0x0206,
  0x03cb,0x0d50,0x0cad,0x0d50,0x0beb,0x12c9,0x0ac9,0x0329,0x138b,0x0287,0x0266,0x0ac7,0x0286,0x1349,0x13aa,0x138b,
  0x0ae8,0x1570,0x15b0,0x0d2e,0x058f,0x0d2f,0x0d4f,0x0d6e,0x0e92,0x07f8,0x0795,0x1f13,0x0ac7,0x0225,0x1dd1,0x14ac,
  0x0000,0x0000,0x0000,0x0000,0x0000,0x0000,0x0000,0x0000,0x0000,0x0000,0x0000,0x0000,0x0000,0x0000,0x0000,0x0000,
  0x0000,0x0000,0x0000,0x0000,0x0000,0x0000,0x0000,0x0000,0x0000,0x0000,0x0000,0x0000,0x0000,0x0000,0x0000,0x0000,
  0x0000,0x0000,0x0000,0x0000,0x0000,0x0000,0x0000,0x0000,0x0000,0x0000,0x0000,0x0000,0x0000,0x0000,0x0000,0x0000,
  0x0000,0x0000,0x0000,0x0000,0x0000,0x0000,0x0000,0x0000,0x0000,0x0000,0x0000,0x0000,0x0000,0x0000,0x0000,0x0000,
  0x0000,0x0000,0x0000,0x0000,0x0000,0x0000,0x0000,0x0000,0x0000,0x0000,0x0000,0x0000,0x0000,0x0000,0x0881,0x0040,
  0x0000,0x0000,0x0000,0x0020,0x0000,0x0984,0x0d30,0x1551,0x09c6,0x0000,0x0020,0x0000,0x0000,0x0041,0x0903,0x0061,
  0x0060,0x0861,0x0904,0x11e7,0x0924,0x11e6,0x1b0a,0x1a69,0x11a6,0x00a1,0x08a2,0x0923,0x0103,0x00c2,0x0943,0x12ea,
  0x0b2b,0x1bce,0x1bce,0x1aca,0x1227,0x1246,0x0a06,0x0902,0x0123,0x0964,0x0ae9,0x0c6f,0x138b,0x1b2a,0x13cc,0x12c8,
  0x1b8b,0x14ce,0x0b8a,0x044c,0x03eb,0x0205,0x0a46,0x0c2d,0x0caf,0x0bac,0x130a,0x136a,0x0aa7,0x0a26,0x0ac7,0x02e7,
  0x0205,0x146c,0x0dd0,0x050e,0x152e,0x1612,0x0f16,0x1653,0x15f0,0x0776,0x07f7,0x1e31,0x0a24,0x0204,0x0266,0x0246,
  0x0000,0x0000,0x0000,0x0000,0x0000,0x0000,0x0000,0x0000,0x0000,0x0000,0x0000,0x0000,0x0000,0x0000,0x0000,0x0000,
  0x0000,0x0000,0x0000,0x0000,0x0000,0x0000,0x0000,0x0000,0x0000,0x0000,0x0000,0x0000,0x0000,0x0000,0x0000,0x0000,
  0x0000,0x0000,0x0000,0x0000,0x0000,0x0000,0x0000,0x0000,0x0000,0x0000,0x0000,0x0000,0x0000,0x0000,0x0000,0x0000,
  0x0000,0x0000,0x0000,0x0000,0x0000,0x0000,0x0000,0x0000,0x0000,0x0000,0x0000,0x0000,0x0000,0x0000,0x0000,0x0000,
  0x0000,0x0000,0x0000,0x0000,0x0000,0x0000,0x0000,0x0000,0x0000,0x0000,0x0000,0x0000,0x0000,0x0000,0x0000,0x0000,
  0x0000,0x0000,0x0000,0x0020,0x1226,0x0aa8,0x0e34,0x0e53,0x0a48,0x0000,0x0020,0x0000,0x0020,0x0000,0x0904,0x1aca,
  0x1a28,0x1144,0x1165,0x11c7,0x08c2,0x00e2,0x00c2,0x00e3,0x00e3,0x1165,0x08c2,0x0a06,0x1bad,0x1a68,0x1206,0x130a,
  0x0a88,0x01a5,0x0164,0x0164,0x0964,0x01e6,0x0b0b,0x136c,0x138d,0x12c9,0x138c,0x0c2f,0x0309,0x1267,0x1227,0x0a06,
  0x0a47,0x0c4d,0x0cef,0x0d30,0x15b1,0x0b6a,0x12a9,0x132a,0x0bab,0x0aa8,0x0246,0x0246,0x0a45,0x0205,0x0b08,0x0baa,
  0x0b08,0x140b,0x0dd1,0x0d90,0x0d70,0x0d90,0x0e53,0x05d1,0x04ed,0x0632,0x0ff9,0x0d4f,0x02e7,0x046b,0x0bca,0x0245,
  0x0000,0x0000,0x0000,0x0000,0x0000,0x0000,0x0000,0x0000,0x0000,0x0000,0x0000,0x0000,0x0000,0x0000,0x0000,0x0000,
  0x0000,0x0000,0x0000,0x0000,0x0000,0x0000,0x0000,0x0000,0x0000,0x0000,0x0000,0x0000,0x0000,0x0000,0x0000,0x0000,
  0x0000,0x0000,0x0000,0x0000,0x0000,0x0000,0x0000,0x0000,0x0000,0x0000,0x0000,0x0000,0x0000,0x0000,0x0000,0x0000,
  0x0000,0x0000,0x0000,0x0000,0x0000,0x0000,0x0000,0x0000,0x0000,0x0000,0x0000,0x0000,0x0000,0x0000,0x0000,0x0000,
  0x0000,0x0000,0x0000,0x0000,0x0000,0x0000,0x0000,0x0000,0x0000,0x0000,0x0000,0x0000,0x0000,0x0000,0x0000,0x0000,
  0x0000,0x0000,0x0020,0x0000,0x1b0a,0x0a26,0x0cef,0x0e34,0x134b,0x0000,0x0020,0x0000,0x0020,0x0000,0x0944,0x1248,
  0x0923,0x0080,0x0082,0x08a3,0x00c2,0x0a28,0x09a6,0x11e7,0x1248,0x128a,0x0986,0x00e3,0x09c5,0x00c2,0x0881,0x0923,
  0x0124,0x0aa9,0x12eb,0x13ce,0x1c70,0x12ea,0x134b,0x0aea,0x0a27,0x0163,0x0144,0x0a68,0x030a,0x1309,0x12a8,0x132b,
  0x138b,0x0cef,0x14cf,0x0c2c,0x046d,0x0b29,0x00a2,0x00e2,0x02e8,0x0b4a,0x0aa8,0x132a,0x1b2a,0x1246,0x0b08,0x0beb,
  0x0ae8,0x0348,0x054e,0x0590,0x0e93,0x0db1,0x0e73,0x16b5,0x1632,0x0e11,0x0ef4,0x1e11,0x02e6,0x152f,0x1d90,0x0368,
  0x0000,0x0000,0x0000,0x0000,0x0000,0x0000,0x0000,0x0000,0x0000,0x0000,0x0000,0x0000,0x0000,0x0000,0x0000,0x0000,
  0x0000,0x0000,0x0000,0x0000,0x0000,0x0000,0x0000,0x0000,0x0000,0x0000,0x0000,0x0000,0x0000,0x0000,0x0000,0x0000,
  0x0000,0x0000,0x0000,0x0000,0x0000,0x0000,0x0000,0x0000,0x0000,0x0000,0x0000,0x0000,0x0000,0x0000,0x0000,0x0000,
  0x0000,0x0000,0x0000,0x0000,0x0000,0x0000,0x0000,0x0000,0x0000,0x0000,0x0000,0x0000,0x0000,0x0000,0x0000,0x0000,
  0x0000,0x0000,0x0000,0x0000,0x0000,0x0000,0x0000,0x0000,0x0000,0x0000,0x0000,0x0000,0x0000,0x0000,0x0000,0x0000,
  0x0000,0x0000,0x0000,0x0000,0x0984,0x0984,0x0bab,0x0ed6,0x1c0e,0x0000,0x0020,0x0000,0x0000,0x0000,0x0041,0x00a1,
  0x0924,0x09c7,0x126a,0x1acb,0x09c6,0x12aa,0x0965,0x0081,0x0081,0x00a2,0x0061,0x08a2,0x09a6,0x11e7,0x09c6,0x130b,
  0x1aab,0x132b,0x1208,0x0165,0x0985,0x00e2,0x0123,0x0a06,0x0a07,0x0b0a,0x0bad,0x140e,0x144f,0x13ec,0x12e9,0x1287,
  0x0a46,0x0a87,0x0247,0x0b69,0x0d0f,0x14f0,0x0945,0x11e6,0x1309,0x13ac,0x0a27,0x0a46,0x09e5,0x0184,0x0286,0x03ca,
  0x0bca,0x144c,0x0e33,0x0e12,0x16b4,0x1652,0x0e92,0x0ef4,0x0dd0,0x0d2d,0x052e,0x0d0f,0x02c6,0x0245,0x02a6,0x0c6c,
  0x0000,0x0000,0x0000,0x0000,0x0000,0x0000,0x0000,0x0000,0x0000,0x0000,0x0000,0x0000,0x0000,0x0000,0x0000,0x0000,
  0x0000,0x0000,0x0000,0x0000,0x0000,0x0000,0x0000,0x0000,0x0000,0x0000,0x0000,0x0000,0x0000,0x0000,0x0000,0x0000,
  0x0000,0x0000,0x0000,0x0000,0x0000,0x0000,0x0000,0x0000,0x0000,0x0000,0x0000,0x0000,0x0000,0x0000,0x0000,0x0000,
  0x0000,0x0000,0x0000,0x0000,0x0000,0x0000,0x0000,0x0000,0x0000,0x0000,0x0000,0x0000,0x0000,0x0000,0x0000,0x0000,
  0x0000,0x0000,0x0000,0x0000,0x0000,0x0000,0x0000,0x0000,0x0000,0x0000,0x0000,0x0000,0x0000,0x0000,0x0000,0x0000,
  0x0081,0x0923,0x0000,0x0000,0x0944,0x138a,0x03aa,0x0e95,0x0b8c,0x0882,0x0041,0x0000,0x0020,0x0000,0x08e3,0x11c7,
  0x09a6,0x0945,0x08e3,0x08e4,0x0062,0x00a1,0x08c2,0x1166,0x1228,0x1a88,0x1185,0x0945,0x1987,0x1145,0x00a2,0x0903,
  0x00e2,0x00a1,0x00c3,0x09c6,0x0a89,0x132b,0x1269,0x138c,0x128a,0x0a68,0x0227,0x01e5,0x0a87,0x0309,0x0b09,0x0b29,
  0x0bcb,0x1caf,0x13ec,0x146d,0x0cae,0x13cc,0x0144,0x08e2,0x0103,0x0a47,0x0a67,0x0a47,0x0b09,0x136a,0x0b09,0x140c,
  0x148d,0x13ab,0x0d70,0x0612,0x05f2,0x0652,0x0611,0x0673,0x0eb4,0x0e73,0x0e12,0x0e93,0x1e12,0x132a,0x0142,0x0328,
  0x0000,0x0000,0x0000,0x0000,0x0000,0x0000,0x0000,0x0000,0x0000,0x0000,0x0000,0x0000,0x0000,0x0000,0x0000,0x0000,
  0x0000,0x0000,0x0000,0x0000,0x0000,0x0000,0x0000,0x0000,0x0000,0x0000,0x0000,0x0000,0x0000,0x0000,0x0000,0x0000,
  0x0000,0x0000,0x0000,0x0000,0x0000,0x0000,0x0000,0x0000,0x0000,0x0000,0x0000,0x0000,0x0000,0x0000,0x0000,0x0000,
  0x0000,0x0000,0x0000,0x0000,0x0000,0x0000,0x0000,0x0000,0x0000,0x0000,0x0000,0x0000,0x0000,0x0000,0x0000,0x0000,
  0x0000,0x0000,0x0000,0x0000,0x0000,0x0000,0x0000,0x0000,0x0000,0x0000,0x0000,0x0000,0x0000,0x0000,0x0000,0x0000,
  0x0061,0x12a8,0x0247,0x0103,0x00a2,0x148e,0x0d30,0x1571,0x0c2e,0x11e6,0x00a2,0x0000,0x0020,0x0000,0x0060,0x0082,
  0x0061,0x00c3,0x11e7,0x1228,0x11e6,0x19e7,0x11a6,0x11a7,0x09e7,0x0924,0x0041,0x0041,0x0061,0x0924,0x0924,0x11a6,
  0x1a68,0x1164,0x1208,0x0aaa,0x0a08,0x09e7,0x0964,0x01e6,0x0143,0x0205,0x12e9,0x0aa9,0x1470,0x14b1,0x144e,0x13ac,
  0x142d,0x13eb,0x0a66,0x0245,0x0ac8,0x0bcb,0x0ac8,0x1164,0x11c5,0x1309,0x0b6a,0x1247,0x0a47,0x0a26,0x0a05,0x0b08,
  0x02c6,0x02a6,0x0d0f,0x0ed5,0x0e93,0x0f36,0x0f16,0x0f36,0x0f57,0x0e74,0x0d90,0x056f,0x0e94,0x1ccf,0x0080,0x0963,
  0x0000,0x0000,0x0000,0x0000,0x0000,0x0000,0x0000,0x0000,0x0000,0x0000,0x0000,0x0000,0x0000,0x0000,0x0000,0x0000,
  0x0000,0x0000,0x0000,0x0000,0x0000,0x0000,0x0000,0x0000,0x0000,0x0000,0x0000,0x0000,0x0000,0x0000,0x0000,0x0000,
  0x0000,0x0000,0x0000,0x0000,0x0000,0x0000,0x0000,0x0000,0x0000,0x0000,0x0000,0x0000,0x0000,0x0000,0x0000,0x0000,
  0x0000,0x0000,0x0000,0x0000,0x0000,0x0000,0x0000,0x0000,0x0000,0x0000,0x0000,0x0000,0x0000,0x0000,0x0000,0x0000,
  0x0000,0x0000,0x0000,0x0000,0x0000,0x0000,0x0000,0x0000,0x0000,0x0000,0x0000,0x0000,0x0000,0x0000,0x0000,0x0000,
  0x0000,0x13cc,0x0e75,0x1551,0x09a5,0x048e,0x0e54,0x138b,0x0227,0x0965,0x0061,0x0000,0x0020,0x0000,0x0000,0x08e4,
  0x1248,0x12ea,0x134b,0x11c6,0x08c2,0x08a2,0x0081,0x0041,0x0924,0x09e7,0x0a28,0x0946,0x1165,0x1208,0x0966,0x0965,
  0x11a5,0x0080,0x0041,0x00a3,0x0145,0x09c6,0x0a69,0x13ae,0x132c,0x0aca,0x13ee,0x0a47,0x0b2a,0x0ae9,0x0b4a,0x0ac8,
  0x02a8,0x0329,0x0b29,0x13aa,0x14ad,0x1df2,0x1309,0x08e3,0x0902,0x0984,0x0a46,0x0984,0x0a06,0x0a67,0x0a67,0x0bec,
  0x0b8a,0x142d,0x0df2,0x0f15,0x0dd1,0x0673,0x0e72,0x0632,0x0653,0x0673,0x05f1,0x0d70,0x0e33,0x1d92,0x0000,0x0000,
  0x0000,0x0000,0x0000,0x0000,0x0000,0x0000,0x0000,0x0000,0x0000,0x0000,0x0000,0x0000,0x0000,0x0000,0x0000,0x0000,
  0x0000,0x0000,0x0000,0x0000,0x0000,0x0000,0x0000,0x0000,0x0000,0x0000,0x0000,0x0000,0x0000,0x0000,0x0000,0x0000,
  0x0000,0x0000,0x0000,0x0000,0x0000,0x0000,0x0000,0x0000,0x0000,0x0000,0x0000,0x0000,0x0000,0x0000,0x0000,0x0000,
  0x0000,0x0000,0x0000,0x0000,0x0000,0x0000,0x0000,0x0000,0x0000,0x0000,0x0000,0x0000,0x0000,0x0000,0x0000,0x0000,
  0x0000,0x0000,0x0000,0x0000,0x0000,0x0000,0x0000,0x0000,0x0000,0x0000,0x0000,0x0000,0x0000,0x0000,0x0000,0x0000,
  0x0000,0x0b6c,0x0e14,0x0e74,0x0b4a,0x0d31,0x0e75,0x0a06,0x00c2,0x09e6,0x0924,0x0000,0x0000,0x0020,0x0000,0x08a2,
  0x0904,0x0042,0x0904,0x08e2,0x0923,0x0965,0x1a08,0x1166,0x12ab,0x134d,0x1269,0x0882,0x0841,0x0081,0x00a1,0x0062,
  0x00a3,0x11a6,0x08c2,0x0923,0x1268,0x0aa9,0x09e6,0x0aa8,0x0227,0x0144,0x09e6,0x0a06,0x0ae9,0x03ac,0x0caf,0x0c6e,
  0x13ac,0x13eb,0x136a,0x0aa8,0x0a87,0x0b09,0x09c6,0x0083,0x0944,0x0a47,0x132a,0x12c8,0x12c9,0x12a9,0x09e5,0x0b08,
  0x02c8,0x0308,0x04ee,0x0653,0x0daf,0x0612,0x1737,0x0f17,0x0ffa,0x0fba,0x0e94,0x0d6e,0x0d4f,0x1e54,0x0aa8,0x02c9,
  0x0000,0x0000,0x0000,0x0000,0x0000,0x0000,0x0000,0x0000,0x0000,0x0000,0x0000,0x0000,0x0000,0x0000,0x0000,0x0000,
  0x0000,0x0000,0x0000,0x0000,0x0000,0x0000,0x0000,0x0000,0x0000,0x0000,0x0000,0x0000,0x0000,0x0000,0x0000,0x0000,
  0x0000,0x0000,0x0000,0x0000,0x0000,0x0000,0x0000,0x0000,0x0000,0x0000,0x0000,0x0000,0x0000,0x0000,0x0000,0x0000,
  0x0000,0x0000,0x0000,0x0000,0x0000,0x0000,0x0000,0x0000,0x0000,0x0000,0x0000,0x0000,0x0000,0x0000,0x0000,0x0000,
  0x0000,0x0000,0x0000,0x0000,0x0000,0x0000,0x0000,0x0000,0x0000,0x0000,0x0000,0x0000,0x0000,0x0000,0x0000,0x0020,
  0x0000,0x09c6,0x0ac9,0x0bcc,0x0c6d,0x0d92,0x1614,0x0144,0x0040,0x09e6,0x0966,0x0001,0x0000,0x0020,0x0000,0x00a2,
  0x0924,0x0882,0x0081,0x1185,0x1208,0x0904,0x0924,0x08a2,0x00c3,0x08a3,0x0083,0x0904,0x0904,0x09c6,0x0924,0x0924,
  0x0944,0x0925,0x0861,0x0041,0x0124,0x0144,0x09a6,0x02ea,0x0b6c,0x0bad,0x0c0e,0x13ad,0x13ad,0x0b8c,0x0c0d,0x0bcc,
  0x0a67,0x0a67,0x0a06,0x01e6,0x0ae8,0x134a,0x1aca,0x11c6,0x1185,0x0a06,0x0a47,0x0a06,0x0123,0x0103,0x0983,0x0ae9,
  0x0b6a,0x0b49,0x0db1,0x0eb5,0x1612,0x0db1,0x0f16,0x06d5,0x0694,0x0e32,0x0dd0,0x0d2f,0x0ced,0x15f1,0x1756,0x17fb,
  0x0000,0x0000,0x0000,0x0000,0x0000,0x0000,0x0000,0x0000,0x0000,0x0000,0x0000,0x0000,0x0000,0x0000,0x0000,0x0000,
  0x0000,0x0000,0x0000,0x0000,0x0000,0x0000,0x0000,0x0000,0x0000,0x0000,0x0000,0x0000,0x0000,0x0000,0x0000,0x0000,
  0x0000,0x0000,0x0000,0x0000,0x0000,0x0000,0x0000,0x0000,0x0000,0x0000,0x0000,0x0000,0x0000,0x0000,0x0000,0x0000,
  0x0000,0x0000,0x0000,0x0000,0x0000,0x0000,0x0000,0x0000,0x0000,0x0000,0x0000,0x0000,0x0000,0x0000,0x0000,0x0000,
  0x0000,0x0000,0x0000,0x0000,0x0000,0x0000,0x0000,0x0000,0x0000,0x0000,0x0000,0x0000,0x0000,0x0000,0x0000,0x0020,
  0x0000,0x0985,0x130a,0x0b4b,0x0c2d,0x0bab,0x138c,0x00c2,0x0041,0x01a6,0x0125,0x0001,0x0020,0x0020,0x0000,0x08a3,
  0x11a6,0x08c3,0x0020,0x0061,0x0061,0x0082,0x00c3,0x08e4,0x1186,0x0965,0x1185,0x1269,0x0965,0x1145,0x0061,0x0062,
  0x0082,0x00a2,0x0061,0x08e3,0x1207,0x09a5,0x0b2b,0x146f,0x0bad,0x0b2b,0x0207,0x01c6,0x0184,0x0246,0x0aea,0x0b4b,
  0x0ae9,0x0b09,0x132a,0x13ab,0x0b8a,0x1329,0x09c4,0x0143,0x0123,0x0902,0x0a06,0x132a,0x1288,0x0a06,0x0a47,0x13ab,
  0x138b,0x0ae7,0x0c8d,0x0590,0x050e,0x04cd,0x0693,0x0736,0x06b5,0x0ef5,0x0f16,0x16b4,0x1dd0,0x14ed,0x0f14,0x16f5,
  0x0000,0x0000,0x0000,0x0000,0x0000,0x0000,0x0000,0x0000,0x0000,0x0000,0x0000,0x0000,0x0000,0x0000,0x0000,0x0000,
  0x0000,0x0000,0x0000,0x0000,0x0000,0x0000,0x0000,0x0000,0x0000,0x0000,0x0000,0x0000,0x0000,0x0000,0x0000,0x0000,
  0x0000,0x0000,0x0000,0x0000,0x0000,0x0000,0x0000,0x0000,0x0000,0x0000,0x0000,0x0000,0x0000,0x0000,0x0000,0x0000,
  0x0000,0x0000,0x0000,0x0000,0x0000,0x0000,0x0000,0x0000,0x0000,0x0000,0x0000,0x0000,0x0000,0x0000,0x0000,0x0000,
  0x0000,0x0000,0x0000,0x0000,0x0000,0x0000,0x0000,0x0000,0x0000,0x0000,0x0000,0x0000,0x0000,0x0000,0x0000,0x0000,
  0x0000,0x00a2,0x01c5,0x0b0a,0x142e,0x00c3,0x0041,0x0061,0x0021,0x09e8,0x1248,0x0000,0x0000,0x0020,0x0020,0x0021,
  0x0041,0x0062,0x0062,0x1145,0x0904,0x0925,0x0905,0x08e4,0x0062,0x0862,0x0021,0x00a2,0x0103,0x08c3,0x08e4,0x1187,
  0x128a,0x1228,0x1165,0x08a2,0x1165,0x00c2,0x0102,0x01a5,0x01a4,0x0185,0x0a27,0x0b6c,0x0aea,0x0bed,0x0c4e,0x13ed,
  0x132a,0x1268,0x0a26,0x01e5,0x01c5,0x0a87,0x1288,0x0a27,0x134a,0x1a27,0x12e9,0x12ea,0x0a06,0x0923,0x0143,0x0225,
  0x0aa8,0x02c8,0x03eb,0x0d4f,0x0df2,0x0d90,0x0673,0x0fb8,0x1716,0x0ed5,0x0eb4,0x0611,0x058f,0x154f,0x0f53,0x1630,
  0x0000,0x0000,0x0000,0x0000,0x0000,0x0000,0x0000,0x0000,0x0000,0x0000,0x0000,0x0000,0x0000,0x0000,0x0000,0x0000,
  0x0000,0x0000,0x0000,0x0000,0x0000,0x0000,0x0000,0x0000,0x0000,0x0000,0x0000,0x0000,0x0000,0x0000,0x0000,0x0000,
  0x0000,0x0000,0x0000,0x0000,0x0000,0x0000,0x0000,0x0000,0x0000,0x0000,0x0000,0x0000,0x0000,0x0000,0x0000,0x0000,
  0x0000,0x0000,0x0000,0x0000,0x0000,0x0000,0x0000,0x0000,0x0000,0x0000,0x0000,0x0000,0x0000,0x0000,0x0000,0x0000,
  0x0000,0x0000,0x0000,0x0000,0x0000,0x0000,0x0000,0x0000,0x0000,0x0000,0x0000,0x0000,0x0000,0x0000,0x0000,0x0000,
  0x0000,0x0000,0x0145,0x0aca,0x1289,0x00c3,0x0882,0x0020,0x0040,0x08e4,0x0904,0x0000,0x0020,0x0000,0x0020,0x0000,
  0x0021,0x1125,0x00a3,0x0904,0x08a3,0x0041,0x0041,0x0082,0x08e4,0x0946,0x11c8,0x11a7,0x11e7,0x1268,0x0905,0x08e3,
  0x0944,0x0062,0x00c3,0x00e4,0x0145,0x0985,0x0206,0x0a47,0x13ac,0x134c,0x12ca,0x0aeb,0x0a48,0x0a27,0x0a48,0x02c9,
  0x0ac8,0x0a27,0x0ae9,0x130a,0x130a,0x1b4b,0x1ae9,0x09c6,0x0985,0x08a2,0x0145,0x01c5,0x0164,0x0964,0x09e5,0x0a66,
  0x138b,0x13cc,0x144c,0x0cce,0x0d2f,0x04ce,0x0590,0x0694,0x06b4,0x06d4,0x06f5,0x0f56,0x0f77,0x1672,0x0f32,0x0f53,
  0x0000,0x0000,0x0000,0x0000,0x0000,0x0000,0x0000,0x0000,0x0000,0x0000,0x0000,0x0000,0x0000,0x0000,0x0000,0x0000,
  0x0000,0x0000,0x0000,0x0000,0x0000,0x0000,0x0000,0x0000,0x0000,0x0000,0x0000,0x0000,0x0000,0x0000,0x0000,0x0000,
  0x0000,0x0000,0x0000,0x0000,0x0000,0x0000,0x0000,0x0000,0x0000,0x0000,0x0000,0x0000,0x0000,0x0000,0x0000,0x0000,
  0x0000,0x0000,0x0000,0x0000,0x0000,0x0000,0x0000,0x0000,0x0000,0x0000,0x0000,0x0000,0x0000,0x0000,0x0000,0x0000,
  0x0000,0x0000,0x0000,0x0000,0x0000,0x0000,0x0000,0x0000,0x0000,0x0000,0x0000,0x0020,0x0000,0x0020,0x0000,0x0000,
  0x0020,0x0000,0x02aa,0x12aa,0x0061,0x0041,0x0021,0x0020,0x0020,0x0882,0x0861,0x0000,0x0020,0x0000,0x0000,0x0000,
  0x0000,0x0041,0x0040,0x0061,0x0082,0x0946,0x1186,0x0904,0x09c8,0x09c8,0x11a7,0x0903,0x0082,0x00a2,0x00c2,0x00a2,
  0x00c3,0x09c7,0x12ab,0x134d,0x130c,0x1228,0x0a27,0x11e6,0x09c6,0x01a5,0x0185,0x0247,0x0288,0x0aa9,0x0bcd,0x140e,
  0x0b4b,0x1268,0x0aa9,0x1288,0x09c5,0x01e5,0x01e5,0x0184,0x0164,0x0985,0x12aa,0x1309,0x1267,0x09e6,0x09a5,0x0a05,
  0x0287,0x02e8,0x0369,0x046c,0x0cad,0x0d70,0x0ef5,0x0fba,0x07da,0x0fb9,0x0f37,0x0ed4,0x0e53,0x0611,0x0f53,0x06d1,
  0x0000,0x0000,0x0000,0x0000,0x0000,0x0000,0x0000,0x0000,0x0000,0x0000,0x0000,0x0000,0x0000,0x0000,0x0000,0x0000,
  0x0000,0x0000,0x0000,0x0000,0x0000,0x0000,0x0000,0x0000,0x0000,0x0000,0x0000,0x0000,0x0000,0x0000,0x0000,0x0000,
  0x0000,0x0000,0x0000,0x0000,0x0000,0x0000,0x0000,0x0000,0x0000,0x0000,0x0000,0x0000,0x0000,0x0000,0x0000,0x0000,
  0x0000,0x0000,0x0000,0x0000,0x0000,0x0000,0x0000,0x0000,0x0000,0x0000,0x0000,0x0000,0x0000,0x0000,0x0000,0x0000,
  0x0000,0x0000,0x0000,0x0000,0x0000,0x0000,0x0000,0x0000,0x0000,0x0000,0x0000,0x0020,0x0020,0x0040,0x0020,0x0000,
  0x0104,0x0924,0x0a49,0x0125,0x0041,0x0061,0x00a2,0x0041,0x0000,0x0061,0x0061,0x0000,0x0000,0x0000,0x0000,0x0000,
  0x0000,0x0001,0x0041,0x08c3,0x00c3,0x08c3,0x08c3,0x0021,0x0062,0x0061,0x00a2,0x08e4,0x0966,0x0a29,0x1269,0x11e7,
  0x0945,0x09a5,0x09a5,0x0144,0x0144,0x0124,0x0144,0x01a6,0x0a6a,0x136d,0x138d,0x13ce,0x0b6c,0x02c8,0x1288,0x0a48,
  0x0ae9,0x09c5,0x0a06,0x09e6,0x0a48,0x142e,0x14ef,0x13cc,0x0a47,0x11c5,0x11c6,0x09a5,0x08e2,0x0123,0x01c5,0x0a67,
  0x0b08,0x0c4c,0x0cce,0x15d1,0x0d4f,0x1590,0x06f5,0x0798,0x0693,0x0632,0x0633,0x0694,0x06f6,0x0f15,0x07b5,0x06f2,
  0x0000,0x0000,0x0000,0x0000,0x0000,0x0000,0x0000,0x0000,0x0000,0x0000,0x0000,0x0000,0x0000,0x0000,0x0000,0x0000,
  0x0000,0x0000,0x0000,0x0000,0x0000,0x0000,0x0000,0x0000,0x0000,0x0000,0x0000,0x0000,0x0000,0x0000,0x0000,0x0000,
  0x0000,0x0000,0x0000,0x0000,0x0000,0x0000,0x0000,0x0000,0x0000,0x0000,0x0000,0x0000,0x0000,0x0000,0x0000,0x0000,
  0x0000,0x0000,0x0000,0x0000,0x0000,0x0000,0x0000,0x0000,0x0000,0x0000,0x0000,0x0000,0x0000,0x0000,0x0000,0x0000,
  0x0000,0x0000,0x0000,0x0000,0x0000,0x0000,0x0000,0x0000,0x0000,0x0000,0x09c5,0x0b4a,0x0288,0x00c3,0x00c3,0x0082,
  0x0986,0x0a69,0x0104,0x00c3,0x0082,0x0041,0x0041,0x0040,0x0000,0x0000,0x08a2,0x08c3,0x0061,0x0000,0x0000,0x0000,
  0x0000,0x0020,0x0020,0x0020,0x0062,0x00c3,0x00c3,0x00a2,0x08e3,0x08e4,0x0966,0x09a7,0x0945,0x0945,0x00a3,0x0081,
  0x0061,0x00c3,0x0986,0x0a27,0x0a48,0x12ca,0x0b4c,0x134c,0x0aca,0x0a69,0x01e6,0x01a5,0x0164,0x0a27,0x032b,0x0b6c,
  0x0bac,0x138c,0x12c9,0x1aea,0x12a9,0x0b2a,0x0ac8,0x09c6,0x00e3,0x0103,0x0226,0x132a,0x1227,0x0a67,0x140d,0x0b49,
  0x1308,0x0b6a,0x0b8a,0x0bca,0x0348,0x03c9,0x0693,0x0f98,0x0653,0x0f77,0x0fd9,0x0fb9,0x0f58,0x06d4,0x07b6,0x0f34,
  0x0000,0x0000,0x0000,0x0000,0x0000,0x0000,0x0000,0x0000,0x0000,0x0000,0x0000,0x0000,0x0000,0x0000,0x0000,0x0000,
  0x0000,0x0000,0x0000,0x0000,0x0000,0x0000,0x0000,0x0000,0x0000,0x0000,0x0000,0x0000,0x0000,0x0000,0x0000,0x0000,
  0x0000,0x0000,0x0000,0x0000,0x0000,0x0000,0x0000,0x0000,0x0000,0x0000,0x0000,0x0000,0x0000,0x0000,0x0000,0x0000,
  0x0000,0x0000,0x0000,0x0000,0x0000,0x0000,0x0000,0x0000,0x0000,0x0000,0x0000,0x0000,0x0000,0x0000,0x0000,0x0000,
  0x0000,0x0000,0x0000,0x0000,0x0000,0x0000,0x0000,0x0000,0x0000,0x0000,0x01a5,0x0c2f,0x0c90,0x01a6,0x0965,0x08a3,
  0x0104,0x0a89,0x0082,0x0021,0x0041,0x0061,0x0041,0x0020,0x0000,0x0000,0x08c3,0x08e4,0x0061,0x0000,0x0000,0x0000,
  0x0000,0x0000,0x0041,0x0904,0x09c8,0x09e8,0x1187,0x08c3,0x0082,0x0882,0x0041,0x0082,0x0062,0x0062,0x00c4,0x1145,
  0x1165,0x0a07,0x1208,0x0a08,0x01a6,0x09a6,0x0165,0x0185,0x0145,0x0186,0x0a49,0x130b,0x0b6c,0x0c0e,0x0c0e,0x134b,
  0x134b,0x130a,0x0964,0x0184,0x0124,0x0a68,0x0b2a,0x0bac,0x0b0a,0x0aca,0x0b4a,0x134b,0x09e6,0x0123,0x01c5,0x09a5,
  0x0205,0x0b69,0x0c4d,0x0cce,0x0c8d,0x0d90,0x0fb9,0x0f99,0x0eb4,0x06f5,0x06d4,0x0672,0x0632,0x0eb3,0x0795,0x0f94,
  0x0000,0x0000,0x0000,0x0000,0x0000,0x0000,0x0000,0x0000,0x0000,0x0000,0x0000,0x0000,0x0000,0x0000,0x0000,0x0000,
  0x0000,0x0000,0x0000,0x0000,0x0000,0x0000,0x0000,0x0000,0x0000,0x0000,0x0000,0x0000,0x0000,0x0000,0x0000,0x0000,
  0x0000,0x0000,0x0000,0x0000,0x0000,0x0000,0x0000,0x0000,0x0000,0x0000,0x0000,0x0000,0x0000,0x0000,0x0000,0x0000,
  0x0000,0x0000,0x0000,0x0000,0x0000,0x0000,0x0000,0x0000,0x0000,0x0000,0x0000,0x0000,0x0000,0x0000,0x0000,0x0000,
  0x0000,0x0000,0x0000,0x0000,0x0000,0x0000,0x0000,0x0000,0x0000,0x0000,0x0000,0x0165,0x134c,0x0103,0x00e4,0x08a3,
  0x00c3,0x0a28,0x0082,0x0041,0x0062,0x0082,0x0061,0x0020,0x0000,0x0000,0x0020,0x0061,0x0062,0x0000,0x0000,0x0000,
  0x0000,0x0000,0x0061,0x00e4,0x00c4,0x0042,0x0042,0x0041,0x0882,0x0904,0x0883,0x0967,0x11a7,0x0904,0x08a3,0x08a3,
  0x0060,0x00a2,0x00a3,0x0104,0x0a08,0x0a28,0x01c5,0x0aca,0x0b0c,0x12eb,0x1269,0x0a28,0x0985,0x0185,0x01c6,0x01a6,
  0x02e9,0x140d,0x12ea,0x12a8,0x12ea,0x13cd,0x0bcc,0x02e9,0x0a27,0x0124,0x00a2,0x0309,0x0a87,0x0923,0x11a5,0x09e6,
  0x136a,0x14ae,0x150f,0x0d2f,0x0c2c,0x042c,0x0e34,0x0f38,0x0ed5,0x0eb4,0x0ef5,0x0f36,0x0f77,0x0755,0x0f13,0x0e10,
  0x0000,0x0000,0x0000,0x0000,0x0000,0x0000,0x0000,0x0000,0x0000,0x0000,0x0000,0x0000,0x0000,0x0000,0x0000,0x0000,
  0x0000,0x0000,0x0000,0x0000,0x0000,0x0000,0x0000,0x0000,0x0000,0x0000,0x0000,0x0000,0x0000,0x0000,0x0000,0x0000,
  0x0000,0x0000,0x0000,0x0000,0x0000,0x0000,0x0000,0x0000,0x0000,0x0000,0x0000,0x0000,0x0000,0x0000,0x0000,0x0000,
  0x0000,0x0000,0x0000,0x0000,0x0000,0x0000,0x0000,0x0000,0x0000,0x0000,0x0000,0x0000,0x0000,0x0000,0x0000,0x0000,
  0x0000,0x0000,0x0000,0x0000,0x0000,0x0000,0x0000,0x0000,0x0000,0x0000,0x0020,0x0000,0x0041,0x0000,0x0966,0x09a7,
  0x00c4,0x08c4,0x0041,0x0020,0x0021,0x0021,0x0001,0x0000,0x0000,0x0000,0x0000,0x00a2,0x0903,0x0000,0x0000,0x0000,
  0x0000,0x0000,0x0000,0x0000,0x0020,0x08a2,0x1104,0x00a3,0x08e4,0x0083,0x0041,0x0082,0x0082,0x0041,0x0041,0x00a2,
  0x08a2,0x0966,0x1208,0x128a,0x0aaa,0x0a69,0x0904,0x0944,0x0103,0x00c2,0x00e3,0x09c6,0x0227,0x0aca,0x0b2b,0x138c,
  0x0bac,0x04af,0x0bcc,0x09e6,0x0163,0x0184,0x0a07,0x0268,0x0a68,0x0248,0x0aca,0x148f,0x1bed,0x11c6,0x1165,0x0184,
  0x02a7,0x02c8,0x0b49,0x042b,0x046d,0x0d50,0x0f16,0x0fd9,0x0f77,0x0ed5,0x0eb4,0x0e32,0x0632,0x06b3,0x0775,0x06f3,
  0x0000,0x0000,0x0000,0x0000,0x0000,0x0000,0x0000,0x0000,0x0000,0x0000,0x0000,0x0000,0x0000,0x0000,0x0000,0x0000,
  0x0000,0x0000,0x0000,0x0000,0x0000,0x0000,0x0000,0x0000,0x0000,0x0000,0x0000,0x0000,0x0000,0x0000,0x0000,0x0000,
  0x0000,0x0000,0x0000,0x0000,0x0000,0x0000,0x0000,0x0000,0x0000,0x0000,0x0000,0x0000,0x0000,0x0000,0x0000,0x0000,
  0x0000,0x0000,0x0000,0x0000,0x0000,0x0000,0x0000,0x0000,0x0000,0x0000,0x0000,0x0000,0x0000,0x0000,0x0000,0x0000,
  0x0000,0x0000,0x0000,0x0000,0x0000,0x0000,0x0000,0x0000,0x0000,0x0000,0x0000,0x0000,0x0040,0x0061,0x0a6a,0x01c7,
  0x0883,0x0082,0x0061,0x0041,0x0061,0x0062,0x0000,0x0000,0x0000,0x0000,0x0000,0x0020,0x0062,0x0020,0x0000,0x0000,
  0x0000,0x0000,0x0000,0x0000,0x0061,0x0082,0x0061,0x0021,0x0040,0x0062,0x0062,0x0082,0x08e4,0x08a3,0x08c3,0x0925,
  0x08a2,0x00e4,0x0103,0x08c3,0x00a3,0x00a3,0x0124,0x01a6,0x0a28,0x0a89,0x0a48,0x0aaa,0x0a89,0x0a68,0x0a89,0x0a89,
  0x0ae9,0x0b8b,0x0ac8,0x0b09,0x0a06,0x0ae9,0x0b2b,0x138c,0x12ca,0x09e8,0x0946,0x0a68,0x0a68,0x08e3,0x0123,0x0985,
  0x0ae9,0x0bab,0x13cc,0x14ef,0x0d70,0x0dd1,0x0e72,0x0e74,0x0632,0x05f1,0x0df1,0x0590,0x0f34,0x0f55,0x06d3,0x1734,
  0x0000,0x0000,0x0000,0x0000,0x0000,0x0000,0x0000,0x0000,0x0000,0x0000,0x0000,0x0000,0x0000,0x0000,0x0000,0x0000,
  0x0000,0x0000,0x0000,0x0000,0x0000,0x0000,0x0000,0x0000,0x0000,0x0000,0x0000,0x0000,0x0000,0x0000,0x0000,0x0000,
  0x0000,0x0000,0x0000,0x0000,0x0000,0x0000,0x0000,0x0000,0x0000,0x0000,0x0000,0x0000,0x0000,0x0000,0x0000,0x0000,
  0x0000,0x0000,0x0000,0x0000,0x0000,0x0000,0x0000,0x0000,0x0000,0x0000,0x0000,0x0000,0x0000,0x0000,0x0000,0x0000,
  0x0000,0x0000,0x0000,0x0000,0x0000,0x0000,0x0000,0x0000,0x0000,0x0000,0x0000,0x0000,0x00c3,0x0a48,0x0aca,0x09c6,
  0x0041,0x0062,0x0061,0x0061,0x0041,0x0021,0x0020,0x0000,0x0020,0x0020,0x0000,0x0000,0x0020,0x0041,0x0000,0x0000,
  0x0000,0x0000,0x0000,0x0020,0x0020,0x0062,0x00a3,0x0862,0x0082,0x08e4,0x08e4,0x0083,0x0924,0x0082,0x0001,0x0041,
  0x0041,0x0061,0x08e3,0x0a08,0x0a49,0x0a49,0x0a8a,0x0a8a,0x1229,0x0987,0x0924,0x0103,0x0103,0x0924,0x0924,0x0aa9,
  0x0b8c,0x0bcc,0x134b,0x0bac,0x0a27,0x09a5,0x0185,0x0a67,0x0124,0x0124,0x0985,0x0a67,0x0b0a,0x1288,0x09a5,0x09c5,
  0x0a26,0x0ae8,0x0b07,0x03aa,0x048d,0x05b1,0x0db1,0x0e53,0x0f77,0x0f36,0x1716,0x0e12,0x0ef3,0x0e93,0x05f1,0x0e72,
  0x0000,0x0000,0x0000,0x0000,0x0000,0x0000,0x0000,0x0000,0x0000,0x0000,0x0000,0x0000,0x0000,0x0000,0x0000,0x0000,
  0x0000,0x0000,0x0000,0x0000,0x0000,0x0000,0x0000,0x0000,0x0000,0x0000,0x0000,0x0000,0x0000,0x0000,0x0000,0x0000,
  0x0000,0x0000,0x0000,0x0000,0x0000,0x0000,0x0000,0x0000,0x0000,0x0000,0x0000,0x0000,0x0000,0x0000,0x0000,0x0000,
  0x0000,0x0000,0x0000,0x0000,0x0000,0x0000,0x0000,0x0000,0x0000,0x0000,0x0000,0x0000,0x0000,0x0000,0x0000,0x0000,
  0x0000,0x0000,0x0000,0x0000,0x0000,0x0000,0x0000,0x0000,0x0000,0x0000,0x0000,0x0061,0x0a89,0x0c2e,0x09e7,0x0082,
  0x0021,0x0021,0x0021,0x0021,0x0020,0x0000,0x0000,0x0000,0x0020,0x0020,0x0000,0x0000,0x0000,0x0021,0x0000,0x0000,
  0x0000,0x0000,0x0000,0x0020,0x0041,0x00c3,0x00e4,0x0062,0x0021,0x0041,0x0061,0x0021,0x0001,0x0082,0x0945,0x0924,
  0x08e4,0x1125,0x0966,0x09e9,0x0125,0x0144,0x00e3,0x00e3,0x00c2,0x00e3,0x09e8,0x0a08,0x09a6,0x1206,0x0903,0x09a6,
  0x0b0b,0x0b4b,0x132a,0x0247,0x01a6,0x0165,0x0a88,0x0b4b,0x0b0a,0x0a89,0x0a68,0x0a06,0x09e7,0x09a6,0x0103,0x0164,
  0x00c2,0x0a87,0x0c6d,0x0d50,0x0df2,0x0e94,0x0dd2,0x0e53,0x0ed4,0x05d0,0x054f,0x04cd,0x05f1,0x06f4,0x0eb3,0x0692,
  0x0000,0x0000,0x0000,0x0000,0x0000,0x0000,0x0000,0x0000,0x0000,0x0000,0x0000,0x0000,0x0000,0x0000,0x0000,0x0000,
  0x0000,0x0000,0x0000,0x0000,0x0000,0x0000,0x0000,0x0000,0x0000,0x0000,0x0000,0x0000,0x0000,0x0000,0x0000,0x0000,
  0x0000,0x0000,0x0000,0x0000,0x0000,0x0000,0x0000,0x0000,0x0000,0x0000,0x0000,0x0000,0x0000,0x0000,0x0000,0x0000,
  0x0000,0x0000,0x0000,0x0000,0x0000,0x0000,0x0000,0x0000,0x0000,0x0000,0x0000,0x0000,0x0000,0x0000,0x0000,0x0000,
  0x0000,0x0000,0x0000,0x0000,0x0000,0x0000,0x0021,0x0000,0x0000,0x0020,0x0061,0x0104,0x0b0b,0x0b8c,0x0924,0x0021,
  0x00a3,0x0082,0x0041,0x0041,0x0020,0x0000,0x0000,0x0000,0x0000,0x0000,0x0000,0x0000,0x0041,0x0062,0x0082,0x0000,
  0x0000,0x0000,0x0000,0x0000,0x0020,0x0020,0x0041,0x0042,0x0042,0x08c4,0x08e5,0x08c3,0x0061,0x08a3,0x1125,0x0062,
  0x0020,0x0041,0x0041,0x0061,0x08e4,0x0145,0x01e8,0x0a09,0x11a7,0x0925,0x0925,0x0924,0x00a2,0x00e3,0x0882,0x00e3,
  0x0aea,0x0b4c,0x036a,0x0b2a,0x12ea,0x0a67,0x0267,0x0a68,0x09c6,0x00e3,0x00c3,0x0103,0x09e6,0x0a27,0x1247,0x0a26,
  0x0964,0x0ac8,0x0c8d,0x04ce,0x04ce,0x04ee,0x04ac,0x054e,0x0e31,0x0db0,0x0d2f,0x1672,0x0f14,0x0714,0x05d0,0x0d2e,
  0x0000,0x0000,0x0000,0x0000,0x0000,0x0000,0x0000,0x0000,0x0000,0x0000,0x0000,0x0000,0x0000,0x0000,0x0000,0x0000,
  0x0000,0x0000,0x0000,0x0000,0x0000,0x0000,0x0000,0x0000,0x0000,0x0000,0x0000,0x0000,0x0000,0x0000,0x0000,0x0000,
  0x0000,0x0000,0x0000,0x0000,0x0000,0x0000,0x0000,0x0000,0x0000,0x0000,0x0000,0x0000,0x0000,0x0000,0x0000,0x0000,
  0x0000,0x0000,0x0000,0x0000,0x0000,0x0000,0x0000,0x0000,0x0000,0x0000,0x0000,0x0000,0x0000,0x0000,0x0000,0x0000,
  0x0000,0x0000,0x0000,0x0000,0x0000,0x0000,0x08e3,0x0021,0x0000,0x0020,0x0103,0x0a08,0x0aca,0x0a28,0x0041,0x0021,
  0x0862,0x0041,0x0020,0x0000,0x0000,0x0000,0x0000,0x0000,0x0000,0x0000,0x0000,0x0020,0x0061,0x0082,0x00a3,0x0020,
  0x0000,0x0000,0x0000,0x0000,0x0000,0x0000,0x00c3,0x0905,0x0082,0x08c3,0x00a3,0x0061,0x0021,0x0041,0x0082,0x00e4,
  0x0945,0x0904,0x1165,0x0945,0x0986,0x0904,0x00c3,0x00e3,0x0082,0x0082,0x00a3,0x0124,0x08e4,0x0945,0x0985,0x0945,
  0x0ac9,0x0b2b,0x0bcc,0x0a68,0x0985,0x01a5,0x0144,0x0a68,0x0207,0x0a07,0x0a28,0x0a68,0x0ac9,0x0a48,0x09c6,0x0944,
  0x00e3,0x0103,0x0267,0x0c2c,0x050f,0x0df1,0x0e52,0x0e94,0x0f36,0x0e52,0x0d2e,0x0d6e,0x0671,0x0ed3,0x050d,0x056d,
  0x0000,0x0000,0x0000,0x0000,0x0000,0x0000,0x0000,0x0000,0x0000,0x0000,0x0000,0x0000,0x0000,0x0000,0x0000,0x0000,
  0x0000,0x0000,0x0000,0x0000,0x0000,0x0000,0x0000,0x0000,0x0000,0x0000,0x0000,0x0000,0x0000,0x0000,0x0000,0x0000,
  0x0000,0x0000,0x0000,0x0000,0x0000,0x0000,0x0000,0x0000,0x0000,0x0000,0x0000,0x0000,0x0000,0x0000,0x0000,0x0000,
  0x0000,0x0000,0x0000,0x0000,0x0000,0x0000,0x0000,0x0000,0x0000,0x0000,0x0000,0x0000,0x0000,0x0000,0x0000,0x0000,
  0x0000,0x0000,0x0000,0x0000,0x0000,0x0000,0x08e3,0x0862,0x0000,0x0020,0x0145,0x0a89,0x0185,0x0945,0x0021,0x0000,
  0x0000,0x0021,0x0021,0x0020,0x0000,0x0000,0x0000,0x0000,0x0000,0x0000,0x0000,0x0000,0x0000,0x0020,0x0061,0x0041,
  0x0000,0x0000,0x0000,0x0000,0x0000,0x0000,0x0042,0x0062,0x0041,0x0061,0x0062,0x0883,0x0125,0x00a2,0x08c4,0x0988,
  0x09a7,0x00a3,0x0882,0x0062,0x0082,0x0061,0x00c2,0x0904,0x0946,0x09a6,0x09e7,0x0a08,0x0925,0x00c2,0x00e2,0x0061,
  0x0184,0x030a,0x0bac,0x0a07,0x0104,0x0aa9,0x1268,0x0a68,0x0a68,0x01a6,0x0104,0x00c3,0x00e3,0x0124,0x09c6,0x0185,
  0x0104,0x09c6,0x0ae8,0x0c4c,0x04ed,0x0daf,0x05f0,0x0daf,0x052e,0x054e,0x056e,0x05b0,0x06f3,0x0ef3,0x058f,0x0df0,
  0x0000,0x0000,0x0000,0x0000,0x0000,0x0000,0x0000,0x0000,0x0000,0x0000,0x0000,0x0000,0x0000,0x0000,0x0000,0x0000,
  0x0000,0x0000,0x0000,0x0000,0x0000,0x0000,0x0000,0x0000,0x0000,0x0000,0x0000,0x0000,0x0000,0x0000,0x0000,0x0000,
  0x0000,0x0000,0x0000,0x0000,0x0000,0x0000,0x0000,0x0000,0x0000,0x0000,0x0000,0x0000,0x0000,0x0000,0x0000,0x0000,
  0x0000,0x0000,0x0000,0x0000,0x0000,0x0000,0x0000,0x0000,0x0000,0x0000,0x0000,0x0000,0x0000,0x0000,0x0000,0x0000,
  0x0000,0x0000,0x0000,0x0000,0x0000,0x0000,0x0041,0x0041,0x0082,0x0924,0x0185,0x09c6,0x0062,0x0062,0x0021,0x0000,
  0x0020,0x0020,0x0020,0x0020,0x0000,0x0000,0x0000,0x0000,0x0000,0x0000,0x0000,0x0000,0x0000,0x0000,0x0882,0x0882,
  0x0000,0x0000,0x0000,0x0000,0x0000,0x0000,0x0062,0x08e4,0x0082,0x0082,0x0883,0x08a3,0x00c4,0x0062,0x0041,0x0083,
  0x0061,0x0061,0x08c3,0x00c4,0x09c8,0x0946,0x1125,0x08e4,0x08c3,0x00a1,0x0082,0x0062,0x0061,0x00a2,0x09a6,0x0966,
  0x0a89,0x0b8d,0x0b4b,0x0a68,0x00e3,0x0144,0x00e3,0x0081,0x00a2,0x08e3,0x0145,0x0a07,0x0a68,0x0a89,0x12ea,0x1207,
  0x00a3,0x0123,0x01c5,0x0328,0x042b,0x050e,0x0e52,0x0631,0x05d0,0x0e10,0x0df0,0x0e31,0x0672,0x05d0,0x05d0,0x1ccd,
  0x0000,0x0000,0x0000,0x0000,0x0000,0x0000,0x0000,0x0000,0x0000,0x0000,0x0000,0x0000,0x0000,0x0000,0x0000,0x0000,
  0x0000,0x0000,0x0000,0x0000,0x0000,0x0000,0x0000,0x0000,0x0000,0x0000,0x0000,0x0000,0x0000,0x0000,0x0000,0x0000,
  0x0000,0x0000,0x0000,0x0000,0x0000,0x0000,0x0000,0x0000,0x0000,0x0000,0x0000,0x0000,0x0000,0x0000,0x0000,0x0000,
  0x0000,0x0000,0x0000,0x0000,0x0000,0x0000,0x0000,0x0000,0x0000,0x0000,0x0000,0x0000,0x0000,0x0000,0x0000,0x0000,
  0x0000,0x0000,0x0000,0x0000,0x0000,0x0041,0x0000,0x0020,0x0165,0x01e7,0x0904,0x0061,0x0000,0x0020,0x0020,0x0020,
  0x0020,0x0020,0x0020,0x0000,0x0000,0x0000,0x0000,0x0000,0x0000,0x0000,0x0000,0x0000,0x0000,0x0000,0x0021,0x0061,
  0x0000,0x0000,0x0000,0x0000,0x0000,0x0000,0x0883,0x00c3,0x0021,0x0021,0x0041,0x0082,0x00c4,0x0904,0x00e4,0x0925,
  0x08c3,0x0882,0x08e3,0x00a3,0x00c3,0x0062,0x0061,0x0061,0x00a2,0x08e4,0x08e3,0x0944,0x0924,0x0924,0x09c6,0x0925,
  0x0986,0x0207,0x02a9,0x0a07,0x0144,0x00e3,0x0061,0x0021,0x08c3,0x1288,0x0a07,0x09a6,0x0945,0x00e3,0x0165,0x09e6,
  0x01c6,0x09a5,0x0226,0x0c4c,0x0d2f,0x0e32,0x0eb3,0x0d8f,0x0d6e,0x052d,0x052d,0x05ef,0x0630,0x0e31,0x1693,0x12a7,
  0x0000,0x0000,0x0000,0x0000,0x0000,0x0000,0x0000,0x0000,0x0000,0x0000,0x0000,0x0000,0x0000,0x0000,0x0000,0x0000,
  0x0000,0x0000,0x0000,0x0000,0x0000,0x0000,0x0000,0x0000,0x0000,0x0000,0x0000,0x0000,0x0000,0x0000,0x0000,0x0000,
  0x0000,0x0000,0x0000,0x0000,0x0000,0x0000,0x0000,0x0000,0x0000,0x0000,0x0000,0x0000,0x0000,0x0000,0x0000,0x0000,
  0x0000,0x0000,0x0000,0x0000,0x0000,0x0000,0x0000,0x0000,0x0000,0x0000,0x0000,0x0000,0x0000,0x0000,0x0000,0x0000,
  0x0000,0x0000,0x0000,0x0000,0x0000,0x08a2,0x0020,0x0061,0x0185,0x01a6,0x0041,0x0000,0x0021,0x0020,0x0000,0x0000,
  0x0000,0x0000,0x0020,0x0000,0x0000,0x0000,0x0000,0x0000,0x0000,0x0000,0x0000,0x0020,0x08a2,0x0020,0x0021,0x08c3,
  0x0041,0x0000,0x0000,0x0000,0x0000,0x0000,0x0000,0x0021,0x0882,0x0062,0x08a3,0x0904,0x0945,0x0924,0x00a3,0x0082,
  0x0041,0x0021,0x0021,0x00a2,0x00e3,0x00e3,0x00a2,0x0904,0x0967,0x0946,0x08a3,0x0062,0x0042,0x0041,0x00e4,0x08e4,
  0x0904,0x0a48,0x0b2b,0x1289,0x00e4,0x08a2,0x0061,0x0061,0x0081,0x00c3,0x0082,0x00a2,0x00e3,0x01e7,0x0aa9,0x0aea,
  0x0b6b,0x1268,0x0183,0x0b48,0x0ba9,0x046b,0x04ec,0x0c8b,0x050d,0x0df1,0x0631,0x0ef4,0x0ed2,0x06b3,0x1ed4,0x11e5,
  0x0000,0x0000,0x0000,0x0000,0x0000,0x0000,0x0000,0x0000,0x0000,0x0000,0x0000,0x0000,0x0000,0x0000,0x0000,0x0000,
  0x0000,0x0000,0x0000,0x0000,0x0000,0x0000,0x0000,0x0000,0x0000,0x0000,0x0000,0x0000,0x0000,0x0000,0x0000,0x0000,
  0x0000,0x0000,0x0000,0x0000,0x0000,0x0000,0x0000,0x0000,0x0000,0x0000,0x0000,0x0000,0x0000,0x0000,0x0000,0x0000,
  0x0000,0x0000,0x0000,0x0000,0x0000,0x0000,0x0000,0x0000,0x0000,0x0000,0x0000,0x0000,0x0000,0x0000,0x0000,0x0000,
  0x0000,0x0000,0x0000,0x0000,0x0000,0x0082,0x00c3,0x0165,0x01a6,0x0145,0x0082,0x0021,0x0021,0x0020,0x0000,0x0000,
  0x0000,0x0000,0x0000,0x0000,0x0000,0x0000,0x0000,0x0000,0x0000,0x0000,0x0000,0x0000,0x0020,0x0000,0x0020,0x0082,
  0x0041,0x0000,0x0000,0x0000,0x0000,0x0000,0x0000,0x0021,0x0862,0x0021,0x0042,0x0062,0x0062,0x0082,0x0062,0x00a3,
  0x00a3,0x0882,0x0883,0x0966,0x0946,0x0965,0x0040,0x0061,0x0062,0x00a3,0x00c4,0x00a3,0x0904,0x0166,0x0a08,0x09a7,
  0x0104,0x09e7,0x01e7,0x0a48,0x0124,0x0944,0x0103,0x0820,0x0061,0x0965,0x0945,0x0985,0x0986,0x09c7,0x01c6,0x0964,
  0x0184,0x0164,0x0227,0x0c4c,0x0cce,0x0d90,0x15f1,0x148c,0x0ced,0x0daf,0x0610,0x0651,0x05ef,0x0ed4,0x250f,0x0020,
  0x0000,0x0000,0x0000,0x0000,0x0000,0x0000,0x0000,0x0000,0x0000,0x0000,0x0000,0x0000,0x0000,0x0000,0x0000,0x0000,
  0x0000,0x0000,0x0000,0x0000,0x0000,0x0000,0x0000,0x0000,0x0000,0x0000,0x0000,0x0000,0x0000,0x0000,0x0000,0x0000,
  0x0000,0x0000,0x0000,0x0000,0x0000,0x0000,0x0000,0x0000,0x0000,0x0000,0x0000,0x0000,0x0000,0x0000,0x0000,0x0000,
  0x0000,0x0000,0x0000,0x0000,0x0000,0x0000,0x0000,0x0000,0x0000,0x0000,0x0000,0x0000,0x0000,0x0000,0x0000,0x0000,
  0x0000,0x0000,0x0000,0x0000,0x0000,0x0925,0x09a7,0x0186,0x0186,0x00e4,0x0061,0x0020,0x0020,0x0020,0x0020,0x0020,
  0x0000,0x0000,0x0000,0x0000,0x0000,0x0000,0x0000,0x0000,0x0000,0x0000,0x0000,0x0020,0x0000,0x0000,0x0000,0x0041,
  0x0082,0x0000,0x0000,0x0000,0x0000,0x0000,0x0000,0x0000,0x0021,0x0062,0x08a3,0x0883,0x00e5,0x0946,0x08e5,0x08c4,
  0x08a3,0x0061,0x0041,0x0081,0x00a2,0x00e2,0x0061,0x0904,0x0987,0x09e7,0x0986,0x0904,0x00a3,0x08a3,0x0082,0x0062,
  0x00a2,0x0165,0x0165,0x0a28,0x09c6,0x09a6,0x0964,0x0000,0x0041,0x0965,0x08e3,0x0081,0x0061,0x0082,0x01c6,0x0a27,
  0x0ac9,0x0b6b,0x0bcc,0x0cae,0x0c6d,0x0cad,0x0c6c,0x0368,0x0409,0x054e,0x0dcf,0x0f13,0x0651,0x1735,0x12a8,0x0000,
  0x0000,0x0000,0x0000,0x0000,0x0000,0x0000,0x0000,0x0000,0x0000,0x0000,0x0000,0x0000,0x0000,0x0000,0x0000,0x0000,
  0x0000,0x0000,0x0000,0x0000,0x0000,0x0000,0x0000,0x0000,0x0000,0x0000,0x0000,0x0000,0x0000,0x0000,0x0000,0x0000,
  0x0000,0x0000,0x0000,0x0000,0x0000,0x0000,0x0000,0x0000,0x0000,0x0000,0x0000,0x0000,0x0000,0x0000,0x0000,0x0000,
  0x0000,0x0000,0x0000,0x0000,0x0000,0x0000,0x0000,0x0000,0x0000,0x0000,0x0000,0x0000,0x0000,0x0000,0x0000,0x0000,
  0x0000,0x0000,0x0000,0x0000,0x0021,0x01a6,0x0186,0x00e4,0x0145,0x00a2,0x0020,0x0020,0x0020,0x0020,0x0000,0x0000,
  0x0000,0x0000,0x0000,0x0000,0x0000,0x0000,0x0000,0x0000,0x0000,0x0000,0x0000,0x0040,0x0020,0x0000,0x0000,0x0021,
  0x0862,0x0020,0x0000,0x0000,0x0000,0x0000,0x0000,0x0000,0x0882,0x08e4,0x08e4,0x08a3,0x0082,0x0082,0x0041,0x0042,
  0x0062,0x0061,0x0041,0x0081,0x08e3,0x0103,0x00a2,0x08c3,0x08c3,0x0082,0x0062,0x0082,0x0082,0x00e3,0x00e4,0x0166,
  0x09c7,0x0a07,0x09e7,0x0a07,0x09a6,0x0103,0x09a5,0x0041,0x0020,0x0000,0x0000,0x0000,0x1124,0x09a6,0x12ea,0x1268,
  0x0a47,0x0227,0x0a06,0x0287,0x0b29,0x0c4c,0x0d2e,0x0c6c,0x0c2b,0x1651,0x0e10,0x0ed2,0x0611,0x1673,0x08c2,0x0000,
  0x0000,0x0000,0x0000,0x0000,0x0000,0x0000,0x0000,0x0000,0x0000,0x0000,0x0000,0x0000,0x0000,0x0000,0x0000,0x0000,
  0x0000,0x0000,0x0000,0x0000,0x0000,0x0000,0x0000,0x0000,0x0000,0x0000,0x0000,0x0000,0x0000,0x0000,0x0000,0x0000,
  0x0000,0x0000,0x0000,0x0000,0x0000,0x0000,0x0000,0x0000,0x0000,0x0000,0x0000,0x0000,0x0000,0x0000,0x0000,0x0000,
  0x0000,0x0000,0x0000,0x0000,0x0000,0x0000,0x0000,0x0000,0x0000,0x0000,0x0000,0x0000,0x0000,0x0000,0x0000,0x0000,
  0x0000,0x0000,0x0020,0x08c3,0x0083,0x0186,0x0166,0x0083,0x00e4,0x00a2,0x0000,0x0000,0x0000,0x0000,0x0000,0x0000,
  0x0000,0x0000,0x0000,0x0000,0x0000,0x0000,0x0000,0x0000,0x0000,0x0000,0x0000,0x0000,0x0000,0x0000,0x0000,0x0000,
  0x0000,0x0041,0x0000,0x0000,0x0000,0x0000,0x0000,0x0000,0x0021,0x0041,0x0021,0x0041,0x00a3,0x0082,0x08a4,0x1126,
  0x1105,0x08a3,0x0041,0x0041,0x0061,0x0021,0x0021,0x0042,0x00c4,0x08e4,0x08c3,0x1166,0x0987,0x0946,0x0904,0x00a3,
  0x00a3,0x0124,0x0165,0x09a5,0x09c6,0x0144,0x1288,0x0061,0x0000,0x0000,0x0000,0x0020,0x08a2,0x0082,0x0061,0x0103,
  0x09e6,0x0a06,0x09e6,0x134a,0x0c0b,0x0c8d,0x0d90,0x0c8d,0x0b69,0x044b,0x052e,0x0e51,0x0632,0x1db1,0x0040,0x0000,
  0x0000,0x0000,0x0000,0x0000,0x0000,0x0000,0x0000,0x0000,0x0000,0x0000,0x0000,0x0000,0x0000,0x0000,0x0000,0x0000,
  0x0000,0x0000,0x0000,0x0000,0x0000,0x0000,0x0000,0x0000,0x0000,0x0000,0x0000,0x0000,0x0000,0x0000,0x0000,0x0000,
  0x0000,0x0000,0x0000,0x0000,0x0000,0x0000,0x0000,0x0000,0x0000,0x0000,0x0000,0x0000,0x0000,0x0000,0x0000,0x0000,
  0x0000,0x0000,0x0000,0x0000,0x0000,0x0000,0x0000,0x0000,0x0000,0x0000,0x0000,0x0000,0x0000,0x0000,0x0000,0x0000,
  0x0000,0x0000,0x0000,0x00e3,0x0965,0x0104,0x0082,0x0001,0x0041,0x0062,0x0000,0x0000,0x0000,0x0000,0x0000,0x0000,
  0x0000,0x0000,0x0000,0x0000,0x0000,0x0000,0x0000,0x0000,0x0000,0x0000,0x0000,0x0000,0x0020,0x0020,0x0000,0x0000,
  0x0000,0x0041,0x0021,0x0000,0x0000,0x0000,0x0000,0x0000,0x0021,0x08a2,0x0021,0x0882,0x08c3,0x08a3,0x0082,0x0083,
  0x0061,0x0040,0x0020,0x08a2,0x08a2,0x0061,0x0062,0x08a3,0x1146,0x0905,0x0082,0x0062,0x0082,0x0062,0x00a3,0x0104,
  0x0945,0x0924,0x09e7,0x0a27,0x0a27,0x0104,0x0124,0x00a2,0x0020,0x0020,0x0000,0x0000,0x0000,0x0041,0x0903,0x1247,
  0x12a8,0x1247,0x01c5,0x0a87,0x0307,0x0349,0x046c,0x0c2c,0x0309,0x0cce,0x0d70,0x0db0,0x0e93,0x1c4d,0x0000,0x0000,
  0x0000,0x0000,0x0000,0x0000,0x0000,0x0000,0x0000,0x0000,0x0000,0x0000,0x0000,0x0000,0x0000,0x0000,0x0000,0x0000,
  0x0000,0x0000,0x0000,0x0000,0x0000,0x0000,0x0000,0x0000,0x0000,0x0000,0x0000,0x0000,0x0000,0x0000,0x0000,0x0000,
  0x0000,0x0000,0x0000,0x0000,0x0000,0x0000,0x0000,0x0000,0x0000,0x0000,0x0000,0x0000,0x0000,0x0000,0x0000,0x0000,
  0x0000,0x0000,0x0000,0x0000,0x0000,0x0000,0x0000,0x0000,0x0000,0x0000,0x0000,0x0000,0x0000,0x0000,0x0000,0x0000,
  0x0000,0x0000,0x0021,0x0082,0x0144,0x0062,0x0000,0x0000,0x0000,0x0000,0x0000,0x0000,0x0000,0x0000,0x0000,0x0000,
  0x0000,0x0000,0x0000,0x0000,0x0000,0x0000,0x0000,0x0000,0x0000,0x0000,0x0000,0x0000,0x0040,0x0061,0x0000,0x0000,
  0x0000,0x0021,0x0020,0x0000,0x0000,0x0000,0x0000,0x0000,0x0020,0x0082,0x0021,0x0021,0x0020,0x0042,0x0062,0x0041,
  0x08c4,0x00a2,0x0041,0x0904,0x08c3,0x0040,0x0020,0x0041,0x0062,0x0041,0x0041,0x0082,0x0925,0x0966,0x0986,0x0187,
  0x0966,0x08c3,0x09c6,0x0186,0x09e7,0x0185,0x0985,0x0103,0x0061,0x0040,0x0000,0x0000,0x0000,0x0041,0x00a2,0x00e3,
  0x0964,0x0206,0x0a47,0x0a87,0x142c,0x144d,0x0bcb,0x0b8a,0x0b49,0x04cd,0x0d2e,0x04ac,0x0e51,0x146d,0x0000,0x0000,
  0x0000,0x0000,0x0000,0x0000,0x0000,0x0000,0x0000,0x0000,0x0000,0x0000,0x0000,0x0000,0x0000,0x0000,0x0000,0x0000,
  0x0000,0x0000,0x0000,0x0000,0x0000,0x0000,0x0000,0x0000,0x0000,0x0000,0x0000,0x0000,0x0000,0x0000,0x0000,0x0000,
  0x0000,0x0000,0x0000,0x0000,0x0000,0x0000,0x0000,0x0000,0x0000,0x0000,0x0000,0x0000,0x0000,0x0000,0x0000,0x0000,
  0x0000,0x0000,0x0000,0x0000,0x0000,0x0000,0x0000,0x0000,0x0000,0x0000,0x0000,0x0000,0x0000,0x0000,0x0000,0x0000,
  0x0021,0x0061,0x0125,0x0082,0x0041,0x0000,0x0000,0x0000,0x0000,0x0000,0x0000,0x0000,0x0000,0x0000,0x0000,0x0000,
  0x0000,0x0000,0x0000,0x0000,0x0000,0x0000,0x0000,0x0000,0x0000,0x0000,0x0000,0x0000,0x0000,0x0000,0x0000,0x0000,
  0x0000,0x0000,0x0041,0x0000,0x0000,0x0000,0x0000,0x0000,0x0000,0x0000,0x0062,0x00c3,0x0062,0x0041,0x08a3,0x0042,
  0x0882,0x0061,0x0020,0x0021,0x0041,0x0062,0x0041,0x0062,0x00e3,0x00c2,0x0082,0x08c3,0x00e4,0x00c3,0x0082,0x0062,
  0x0062,0x0062,0x01c6,0x0186,0x0a28,0x01c6,0x0144,0x0144,0x00c2,0x0041,0x0000,0x0000,0x0000,0x0821,0x00a3,0x09c6,
  0x0a06,0x0b09,0x0ae9,0x0a67,0x0b29,0x02a7,0x0245,0x0b08,0x0b09,0x0c2c,0x0ccd,0x0ced,0x0f14,0x1d2f,0x0000,0x0000,
  0x0000,0x0000,0x0000,0x0000,0x0000,0x0000,0x0000,0x0000,0x0000,0x0000,0x0000,0x0000,0x0000,0x0000,0x0000,0x0000,
  0x0000,0x0000,0x0000,0x0000,0x0000,0x0000,0x0000,0x0000,0x0000,0x0000,0x0000,0x0000,0x0000,0x0000,0x0000,0x0000,
  0x0000,0x0000,0x0000,0x0000,0x0000,0x0000,0x0000,0x0000,0x0000,0x0000,0x0000,0x0000,0x0000,0x0000,0x0000,0x0000,
  0x0000,0x0000,0x0000,0x0000,0x0000,0x0000,0x0000,0x0000,0x0000,0x0000,0x0000,0x0000,0x0000,0x0000,0x0000,0x0000,
  0x0041,0x0103,0x0945,0x0041,0x0000,0x0000,0x0000,0x0000,0x0000,0x0000,0x0000,0x0000,0x0000,0x0000,0x0000,0x0000,
  0x0000,0x0000,0x0000,0x0000,0x0000,0x0000,0x0000,0x0000,0x0000,0x0000,0x0000,0x0000,0x0000,0x0000,0x0000,0x0000,
  0x0000,0x0000,0x0041,0x0000,0x0000,0x0000,0x0000,0x0000,0x0000,0x0000,0x0062,0x08a3,0x0021,0x0000,0x0021,0x0021,
  0x0062,0x08e4,0x08a3,0x0862,0x0883,0x08e4,0x0061,0x0041,0x0061,0x0021,0x0020,0x0021,0x0061,0x00c4,0x0925,0x0945,
  0x0945,0x08a2,0x0965,0x09e7,0x09c7,0x09c7,0x0165,0x0164,0x00e3,0x0061,0x0000,0x0000,0x0000,0x08e3,0x1185,0x0985,
  0x09c5,0x0206,0x01c5,0x0184,0x0226,0x0309,0x0ac8,0x0ae8,0x0b89,0x0c2c,0x0cee,0x0cee,0x16b4,0x1c2d,0x0000,0x0020,
  0x0000,0x0000,0x0000,0x0000,0x0000,0x0000,0x0000,0x0000,0x0000,0x0000,0x0000,0x0000,0x0000,0x0000,0x0000,0x0000,
  0x0000,0x0000,0x0000,0x0000,0x0000,0x0000,0x0000,0x0000,0x0000,0x0000,0x0000,0x0000,0x0000,0x0000,0x0000,0x0000,
  0x0000,0x0000,0x0000,0x0000,0x0000,0x0000,0x0000,0x0000,0x0000,0x0000,0x0000,0x0000,0x0000,0x0000,0x0000,0x0000,
  0x0000,0x0000,0x0000,0x0000,0x0000,0x0000,0x0000,0x0000,0x0000,0x0000,0x0000,0x0000,0x0000,0x0000,0x0000,0x0000,
  0x0041,0x0904,0x00c4,0x0021,0x0000,0x0000,0x0000,0x0000,0x0000,0x0000,0x0000,0x0000,0x0000,0x0000,0x0000,0x0000,
  0x0000,0x0000,0x0000,0x0000,0x0000,0x0000,0x0000,0x0000,0x0000,0x0000,0x0000,0x0000,0x0000,0x0000,0x0000,0x0000,
  0x0000,0x0000,0x08a3,0x0021,0x0000,0x0000,0x0000,0x0000,0x0000,0x0000,0x0000,0x0000,0x0041,0x0083,0x0083,0x00a3,
  0x00c3,0x0904,0x0082,0x0021,0x0021,0x0041,0x0021,0x0041,0x0041,0x00a3,0x0063,0x0883,0x00c3,0x0904,0x08e4,0x0083,
  0x0042,0x0020,0x08a3,0x0186,0x0145,0x09e7,0x0185,0x0144,0x00a2,0x0041,0x0020,0x0000,0x0000,0x0021,0x0021,0x00a2,
  0x02c8,0x0bab,0x0aa9,0x01e5,0x0aa8,0x0b4a,0x0ac8,0x0ac8,0x0beb,0x03aa,0x0bea,0x044b,0x1e12,0x1268,0x0000,0x0000,
  0x0000,0x0000,0x0000,0x0000,0x0000,0x0000,0x0000,0x0000,0x0000,0x0000,0x0000,0x0000,0x0000,0x0000,0x0000,0x0000,
  0x0000,0x0000,0x0000,0x0000,0x0000,0x0000,0x0000,0x0000,0x0000,0x0000,0x0000,0x0000,0x0000,0x0000,0x0000,0x0000,
  0x0000,0x0000,0x0000,0x0000,0x0000,0x0000,0x0000,0x0000,0x0000,0x0000,0x0000,0x0000,0x0000,0x0000,0x0000,0x0000,
  0x0000,0x0000,0x0000,0x0000,0x0000,0x0000,0x0000,0x0000,0x0000,0x0000,0x0000,0x0000,0x0000,0x0000,0x0000,0x0000,
  0x0041,0x0062,0x0021,0x0000,0x0000,0x0000,0x0000,0x0000,0x0000,0x0000,0x0000,0x0000,0x0000,0x0000,0x0000,0x0000,
  0x0000,0x0000,0x0000,0x0000,0x0000,0x0000,0x0000,0x0000,0x0000,0x0000,0x0000,0x0000,0x0000,0x0000,0x0000,0x0000,
  0x0000,0x0000,0x0062,0x0042,0x0000,0x0000,0x0000,0x0000,0x0000,0x0000,0x0000,0x0061,0x0062,0x0883,0x0062,0x0041,
  0x0041,0x0020,0x0020,0x0062,0x0082,0x08a3,0x0883,0x0061,0x0082,0x00c3,0x0041,0x0021,0x0041,0x0061,0x00a3,0x00e4,
  0x08c3,0x08e3,0x0924,0x09c6,0x0945,0x09c6,0x0185,0x0103,0x0082,0x0021,0x0000,0x0000,0x0000,0x0000,0x08a2,0x0985,
  0x13ab,0x0bab,0x0ac9,0x09e6,0x0184,0x01e5,0x0a06,0x0b28,0x0c4d,0x0c4c,0x0c6d,0x0d0f,0x1db1,0x0924,0x0000,0x0000,
  0x0000,0x0000,0x0000,0x0000,0x0000,0x0000,0x0000,0x0000,0x0000,0x0000,0x0000,0x0000,0x0000,0x0000,0x0000,0x0000,
  0x0000,0x0000,0x0000,0x0000,0x0000,0x0000,0x0000,0x0000,0x0000,0x0000,0x0000,0x0000,0x0000,0x0000,0x0000,0x0000,
  0x0000,0x0000,0x0000,0x0000,0x0000,0x0000,0x0000,0x0000,0x0000,0x0000,0x0000,0x0000,0x0000,0x0000,0x0000,0x0000,
  0x0000,0x0000,0x0000,0x0000,0x0000,0x0000,0x0000,0x0000,0x0000,0x0000,0x0000,0x0000,0x0000,0x0000,0x0000,0x0000,
  0x0000,0x0021,0x0000,0x0000,0x0000,0x0000,0x0000,0x0000,0x0000,0x0000,0x0000,0x0000,0x0000,0x0000,0x0000,0x0000,
  0x0000,0x0000,0x0000,0x0000,0x0000,0x0000,0x0000,0x0000,0x0000,0x0000,0x0000,0x0000,0x0000,0x0000,0x0000,0x0000,
  0x0000,0x0000,0x0021,0x0021,0x0000,0x0000,0x0000,0x0000,0x0000,0x0000,0x0000,0x0021,0x0000,0x0021,0x0062,0x0062,
  0x00a3,0x08e4,0x08a3,0x0882,0x0062,0x0062,0x0042,0x0000,0x0020,0x0062,0x0082,0x0061,0x0061,0x08a2,0x0945,0x0966,
  0x08c3,0x0061,0x0082,0x0945,0x0104,0x0986,0x0164,0x0903,0x00c2,0x0041,0x0020,0x0000,0x0000,0x0000,0x08a2,0x0082,
  0x0164,0x0268,0x02e9,0x0a67,0x09c5,0x0aa8,0x12e8,0x0b89,0x0c6c,0x0c2b,0x0c8e,0x0dd2,0x148e,0x0021,0x0000,0x0000,
  0x0000,0x0000,0x0000,0x0000,0x0000,0x0000,0x0000,0x0000,0x0000,0x0000,0x0000,0x0000,0x0000,0x0000,0x0000,0x0000,
  0x0000,0x0000,0x0000,0x0000,0x0000,0x0000,0x0000,0x0000,0x0000,0x0000,0x0000,0x0000,0x0000,0x0000,0x0000,0x0000,
  0x0000,0x0000,0x0000,0x0000,0x0000,0x0000,0x0000,0x0000,0x0000,0x0000,0x0000,0x0000,0x0000,0x0000,0x0000,0x0000,
  0x0000,0x0000,0x0000,0x0000,0x0000,0x0000,0x0000,0x0000,0x0000,0x0000,0x0000,0x0000,0x0000,0x0000,0x0020,0x0041,
  0x0021,0x0020,0x0000,0x0000,0x0000,0x0000,0x0000,0x0000,0x0000,0x0000,0x0000,0x0000,0x0000,0x0000,0x0000,0x0000,
  0x0000,0x0000,0x0000,0x0000,0x0000,0x0000,0x0000,0x0000,0x0000,0x0000,0x0000,0x0000,0x0000,0x0000,0x0000,0x0000,
  0x0000,0x0000,0x0021,0x0041,0x0000,0x0000,0x0000,0x0000,0x0000,0x0000,0x0000,0x0021,0x0020,0x0021,0x08a3,0x00a3,
  0x0062,0x0061,0x0040,0x0020,0x0021,0x0862,0x0062,0x0062,0x0041,0x0904,0x08e4,0x0062,0x0041,0x0020,0x0041,0x0082,
  0x0082,0x0883,0x0083,0x0986,0x09a6,0x09c6,0x01a5,0x00c2,0x0082,0x0041,0x0041,0x0020,0x0000,0x0000,0x0061,0x08c2,
  0x0984,0x0bec,0x0b6a,0x0a47,0x09a5,0x01c5,0x0a87,0x0b29,0x03eb,0x0ccd,0x0cee,0x0db1,0x1309,0x0000,0x0000,0x0000,
  0x0000,0x0000,0x0000,0x0000,0x0000,0x0000,0x0000,0x0000,0x0000,0x0000,0x0000,0x0000,0x0000,0x0000,0x0000,0x0000,
  0x0000,0x0000,0x0000,0x0000,0x0000,0x0000,0x0000,0x0000,0x0000,0x0000,0x0000,0x0000,0x0000,0x0000,0x0000,0x0000,
  0x0000,0x0000,0x0000,0x0000,0x0000,0x0000,0x0000,0x0000,0x0000,0x0000,0x0000,0x0000,0x0000,0x0000,0x0000,0x0000,
  0x0000,0x0000,0x0000,0x0000,0x0000,0x0000,0x0000,0x0000,0x0000,0x0000,0x0000,0x0000,0x0000,0x0000,0x0020,0x0041,
  0x0020,0x0000,0x0000,0x0000,0x0000,0x0000,0x0000,0x0000,0x0000,0x0000,0x0000,0x0000,0x0000,0x0000,0x0000,0x0000,
  0x0000,0x0000,0x0000,0x0000,0x0000,0x0000,0x0000,0x0000,0x0000,0x0000,0x0000,0x0000,0x0000,0x0000,0x0000,0x0000,
  0x0000,0x0000,0x0000,0x0021,0x0000,0x0000,0x0000,0x0000,0x0000,0x0000,0x0000,0x0021,0x0000,0x0000,0x0021,0x0020,
  0x0041,0x0082,0x0061,0x0042,0x0862,0x08a3,0x0082,0x0041,0x0020,0x0021,0x0021,0x0000,0x0041,0x0062,0x08c3,0x0904,
  0x0925,0x08e4,0x0883,0x0904,0x0924,0x0124,0x09a6,0x0103,0x0964,0x0082,0x0041,0x0020,0x0000,0x0000,0x0041,0x08e3,
  0x0102,0x02a7,0x0a47,0x0a67,0x0a26,0x0ae8,0x040c,0x0ccf,0x0d70,0x0db0,0x0cef,0x1247,0x0020,0x0800,0x0000,0x0000,
  0x0000,0x0000,0x0000,0x0000,0x0000,0x0000,0x0000,0x0000,0x0000,0x0000,0x0000,0x0000,0x0000,0x0000,0x0000,0x0000,
  0x0000,0x0000,0x0000,0x0000,0x0000,0x0000,0x0000,0x0000,0x0000,0x0000,0x0000,0x0000,0x0000,0x0000,0x0000,0x0000,
  0x0000,0x0000,0x0000,0x0000,0x0000,0x0000,0x0000,0x0000,0x0000,0x0000,0x0000,0x0000,0x0000,0x0000,0x0000,0x0000,
  0x0000,0x0000,0x0000,0x0000,0x0000,0x0000,0x0000,0x0000,0x0000,0x0000,0x0000,0x0000,0x0000,0x0000,0x0000,0x0021,
  0x0021,0x0000,0x0000,0x0000,0x0000,0x0000,0x0000,0x0000,0x0000,0x0000,0x0000,0x0000,0x0000,0x0000,0x0000,0x0000,
  0x0000,0x0000,0x0000,0x0000,0x0000,0x0000,0x0000,0x0000,0x0000,0x0000,0x0000,0x0000,0x0000,0x0000,0x0000,0x0000,
  0x0000,0x0000,0x0000,0x0041,0x0020,0x0000,0x0000,0x0000,0x0000,0x0000,0x0000,0x0000,0x0000,0x0000,0x0062,0x0083,
  0x0083,0x08a3,0x0062,0x0021,0x0021,0x0021,0x0041,0x0041,0x0882,0x0842,0x0862,0x0061,0x08c3,0x0082,0x0062,0x0062,
  0x0041,0x0042,0x0022,0x00a3,0x0924,0x0965,0x09e6,0x0144,0x09a6,0x00a2,0x0041,0x0021,0x0000,0x0000,0x0000,0x0061,
  0x0145,0x0a27,0x0a68,0x12c9,0x1288,0x134a,0x0bec,0x0beb,0x0baa,0x042b,0x144d,0x0081,0x0000,0x0000,0x0000,0x0000,
  0x0000,0x0000,0x0000,0x0000,0x0000,0x0000,0x0000,0x0000,0x0000,0x0000,0x0000,0x0000,0x0000,0x0000,0x0000,0x0000,
  0x0000,0x0000,0x0000,0x0000,0x0000,0x0000,0x0000,0x0000,0x0000,0x0000,0x0000,0x0000,0x0000,0x0000,0x0000,0x0000,
  0x0000,0x0000,0x0000,0x0000,0x0000,0x0000,0x0000,0x0000,0x0000,0x0000,0x0000,0x0000,0x0000,0x0000,0x0000,0x0000,
  0x0000,0x0000,0x0000,0x0000,0x0000,0x0000,0x0000,0x0000,0x0000,0x0000,0x0000,0x0000,0x0000,0x0020,0x0020,0x0041,
  0x0021,0x0000,0x0000,0x0000,0x0000,0x0000,0x0000,0x0000,0x0000,0x0000,0x0000,0x0000,0x0000,0x0000,0x0000,0x0000,
  0x0000,0x0000,0x0000,0x0000,0x0000,0x0000,0x0000,0x0000,0x0000,0x0000,0x0000,0x0000,0x0000,0x0000,0x0000,0x0000,
  0x0000,0x0000,0x0000,0x0021,0x0020,0x0000,0x0000,0x0000,0x0000,0x0000,0x0000,0x0000,0x0000,0x0000,0x0041,0x0042,
  0x0021,0x0041,0x0041,0x0062,0x0062,0x0062,0x0883,0x08c3,0x08c3,0x0042,0x0041,0x0021,0x0021,0x0041,0x00a3,0x00e4,
  0x0905,0x0945,0x08c4,0x08c3,0x0945,0x0945,0x09e6,0x0185,0x0124,0x00a3,0x0041,0x0021,0x0000,0x0000,0x0020,0x0965,
  0x0986,0x01c7,0x01c6,0x09e6,0x01a5,0x0288,0x0329,0x038a,0x0bec,0x0d50,0x14f0,0x0060,0x0000,0x0000,0x0861,0x0861,
  0x0000,0x0000,0x0000,0x0000,0x0000,0x0000,0x0000,0x0000,0x0000,0x0000,0x0000,0x0000,0x0000,0x0000,0x0000,0x0000,
  0x0000,0x0000,0x0000,0x0000,0x0000,0x0000,0x0000,0x0000,0x0000,0x0000,0x0000,0x0000,0x0000,0x0000,0x0000,0x0000,
  0x0000,0x0000,0x0000,0x0000,0x0000,0x0000,0x0000,0x0000,0x0000,0x0000,0x0000,0x0000,0x0000,0x0000,0x0000,0x0000,
  0x0000,0x0000,0x0000,0x0000,0x0000,0x0000,0x0000,0x0000,0x0000,0x0000,0x0000,0x0000,0x0000,0x0020,0x0020,0x0000,
  0x0000,0x0000,0x0000,0x0000,0x0000,0x0000,0x0000,0x0000,0x0000,0x0000,0x0000,0x0000,0x0000,0x0000,0x0000,0x0000,
  0x0000,0x0000,0x0000,0x0000,0x0000,0x0000,0x0000,0x0000,0x0000,0x0000,0x0000,0x0000,0x0000,0x0000,0x0000,0x0000,
  0x0000,0x0000,0x0000,0x0020,0x0020,0x0000,0x0000,0x0000,0x0000,0x0000,0x0000,0x0000,0x0000,0x0000,0x0000,0x0062,
  0x00a3,0x00c3,0x0082,0x0882,0x0062,0x0041,0x0021,0x0040,0x0020,0x0041,0x0062,0x0041,0x0042,0x08c3,0x0104,0x0104,
  0x00e4,0x00a3,0x0061,0x0061,0x0104,0x0945,0x01a6,0x0207,0x0a68,0x00e3,0x0041,0x0021,0x0000,0x0000,0x0000,0x0081,
  0x0081,0x0103,0x09a5,0x09e6,0x034a,0x0c6d,0x0bec,0x0b8b,0x0329,0x03ec,0x140d,0x0041,0x0000,0x0000,0x0020,0x0040,
  0x0000,0x0000,0x0000,0x0000,0x0000,0x0000,0x0000,0x0000,0x0000,0x0000,0x0000,0x0000,0x0000,0x0000,0x0000,0x0000,
  0x0000,0x0000,0x0000,0x0000,0x0000,0x0000,0x0000,0x0000,0x0000,0x0000,0x0000,0x0000,0x0000,0x0000,0x0000,0x0000,
  0x0000,0x0000,0x0000,0x0000,0x0000,0x0000,0x0000,0x0000,0x0000,0x0000,0x0000,0x0000,0x0000,0x0000,0x0000,0x0000,
  0x0000,0x0000,0x0000,0x0000,0x0000,0x0000,0x0000,0x0000,0x0000,0x0000,0x0000,0x0000,0x0000,0x0020,0x08a2,0x0020,
  0x0000,0x0000,0x0000,0x0000,0x0000,0x0000,0x0000,0x0000,0x0000,0x0000,0x0000,0x0000,0x0000,0x0000,0x0000,0x0000,
  0x0000,0x0000,0x0000,0x0000,0x0000,0x0000,0x0000,0x0000,0x0000,0x0000,0x0000,0x0000,0x0000,0x0000,0x0000,0x0000,
  0x0000,0x0000,0x0000,0x0000,0x0021,0x0000,0x0000,0x0000,0x0000,0x0000,0x0000,0x0000,0x0000,0x0000,0x0000,0x0061,
  0x0042,0x0041,0x0020,0x0021,0x0020,0x0041,0x0062,0x00a3,0x0082,0x0082,0x0082,0x0041,0x0020,0x0021,0x0041,0x0041,
  0x0082,0x00c4,0x0905,0x08c4,0x0986,0x09a6,0x09e7,0x0a07,0x0165,0x00a3,0x0061,0x0041,0x0020,0x0000,0x0000,0x08a2,
  0x0945,0x0985,0x0985,0x0985,0x0aa9,0x0ae9,0x0ac9,0x0a88,0x0226,0x042c,0x144e,0x0041,0x0000,0x0000,0x0000,0x0000,
  0x0000,0x0000,0x0000,0x0000,0x0000,0x0000,0x0000,0x0000,0x0000,0x0000,0x0000,0x0000,0x0000,0x0000,0x0000,0x0000,
  0x0000,0x0000,0x0000,0x0000,0x0000,0x0000,0x0000,0x0000,0x0000,0x0000,0x0000,0x0000,0x0000,0x0000,0x0000,0x0000,
  0x0000,0x0000,0x0000,0x0000,0x0000,0x0000,0x0000,0x0000,0x0000,0x0000,0x0000,0x0000,0x0000,0x0000,0x0000,0x0000,
  0x0000,0x0000,0x0000,0x0000,0x0000,0x0000,0x0000,0x0000,0x0000,0x0000,0x0000,0x0000,0x0000,0x0020,0x0061,0x0020,
  0x0000,0x0000,0x0000,0x0000,0x0000,0x0000,0x0000,0x0000,0x0000,0x0000,0x0000,0x0000,0x0000,0x0000,0x0000,0x0000,
  0x0000,0x0000,0x0000,0x0000,0x0000,0x0000,0x0000,0x0000,0x0000,0x0000,0x0000,0x0000,0x0000,0x0000,0x0000,0x0000,
  0x0000,0x0000,0x0000,0x0000,0x0020,0x0000,0x0000,0x0000,0x0000,0x0000,0x0000,0x0000,0x0000,0x0000,0x0000,0x0000,
  0x0041,0x0082,0x00c4,0x00e4,0x0082,0x0021,0x0062,0x0041,0x0041,0x0020,0x0021,0x0062,0x0083,0x00e4,0x0925,0x0926,
  0x0105,0x00e4,0x00e4,0x0063,0x0083,0x0145,0x0166,0x01e7,0x01c6,0x0a27,0x0081,0x0021,0x0020,0x0000,0x0000,0x0041,
  0x00a3,0x0082,0x00a3,0x0124,0x0206,0x0247,0x0ac9,0x0ac9,0x0a46,0x046d,0x14d0,0x0061,0x0000,0x0000,0x0000,0x0000,
  0x0000,0x0000,0x0000,0x0000,0x0000,0x0000,0x0000,0x0000,0x0000,0x0000,0x0000,0x0000,0x0000,0x0000,0x0000,0x0000,
  0x0000,0x0000,0x0000,0x0000,0x0000,0x0000,0x0000,0x0000,0x0000,0x0000,0x0000,0x0000,0x0000,0x0000,0x0000,0x0000,
  0x0000,0x0000,0x0000,0x0000,0x0000,0x0000,0x0000,0x0000,0x0000,0x0000,0x0000,0x0000,0x0000,0x0000,0x0000,0x0000,
  0x0000,0x0000,0x0000,0x0000,0x0000,0x0000,0x0000,0x0000,0x0000,0x0000,0x0000,0x0000,0x0000,0x0000,0x0000,0x0000,
  0x0000,0x0000,0x0000,0x0000,0x0000,0x0000,0x0000,0x0000,0x0000,0x0000,0x0000,0x0000,0x0000,0x0000,0x0000,0x0000,
  0x0000,0x0000,0x0000,0x0000,0x0000,0x0000,0x0000,0x0000,0x0000,0x0000,0x0000,0x0000,0x0000,0x0000,0x0000,0x0000,
  0x0000,0x0000,0x0000,0x0020,0x0020,0x0000,0x0000,0x0000,0x0000,0x0000,0x0000,0x0000,0x0000,0x0000,0x0000,0x0000,
  0x0061,0x00e3,0x0082,0x0061,0x0040,0x0020,0x0041,0x0042,0x08a4,0x00e4,0x00e5,0x0905,0x00c4,0x00e4,0x00c3,0x0082,
  0x0041,0x0061,0x0082,0x00a2,0x0104,0x09c7,0x0186,0x0a08,0x0a07,0x0985,0x0062,0x0021,0x0020,0x0000,0x0000,0x0000,
  0x08a3,0x00a3,0x0985,0x09e6,0x09c6,0x0a47,0x0a68,0x0a47,0x09a5,0x036a,0x1c8f,0x0061,0x0000,0x0000,0x0000,0x0000,
  0x0000,0x0000,0x0000,0x0000,0x0000,0x0000,0x0000,0x0000,0x0000,0x0000,0x0000,0x0000,0x0000,0x0000,0x0000,0x0000,
  0x0000,0x0000,0x0000,0x0000,0x0000,0x0000,0x0000,0x0000,0x0000,0x0000,0x0000,0x0000,0x0000,0x0000,0x0000,0x0000,
  0x0000,0x0000,0x0000,0x0000,0x0000,0x0000,0x0000,0x0000,0x0000,0x0000,0x0000,0x0000,0x0000,0x0000,0x0000,0x0000,
  0x0000,0x0000,0x0000,0x0000,0x0000,0x0000,0x0000,0x0000,0x0000,0x0000,0x0000,0x0000,0x0041,0x0041,0x0000,0x0000,
  0x0000,0x0000,0x0000,0x0000,0x0000,0x0000,0x0000,0x0000,0x0000,0x0000,0x0000,0x0000,0x0000,0x0000,0x0000,0x0000,
  0x0000,0x0000,0x0000,0x0000,0x0000,0x0000,0x0000,0x0000,0x0000,0x0000,0x0000,0x0000,0x0000,0x0000,0x0000,0x0000,
  0x0000,0x0000,0x0000,0x0000,0x0000,0x0000,0x0000,0x0000,0x0000,0x0000,0x0000,0x0000,0x0000,0x0000,0x0000,0x0000,
  0x0000,0x0020,0x0041,0x0062,0x00a3,0x08c3,0x08e4,0x00a3,0x08e4,0x00e4,0x0062,0x0062,0x0041,0x0021,0x0041,0x0082,
  0x00a4,0x08e4,0x08e4,0x00c3,0x00e4,0x0145,0x0145,0x0186,0x01c7,0x0a07,0x0964,0x0000,0x0020,0x0000,0x0000,0x0020,
  0x10c4,0x08c3,0x00c3,0x00c3,0x00e4,0x01e6,0x0207,0x01e6,0x0a06,0x0349,0x142d,0x0061,0x0000,0x0000,0x0000,0x0000,
  0x0000,0x0000,0x0000,0x0000,0x0000,0x0000,0x0000,0x0000,0x0000,0x0000,0x0000,0x0000,0x0000,0x0000,0x0000,0x0000,
  0x0000,0x0000,0x0000,0x0000,0x0000,0x0000,0x0000,0x0000,0x0000,0x0000,0x0000,0x0000,0x0000,0x0000,0x0000,0x0000,
  0x0000,0x0000,0x0000,0x0000,0x0000,0x0000,0x0000,0x0000,0x0000,0x0000,0x0000,0x0000,0x0000,0x0000,0x0000,0x0000,
  0x0000,0x0000,0x0000,0x0000,0x0000,0x0000,0x0000,0x0000,0x0000,0x0000,0x0000,0x0020,0x0021,0x0020,0x0000,0x0000,
  0x0000,0x0000,0x0000,0x0000,0x0000,0x0000,0x0000,0x0000,0x0000,0x0000,0x0000,0x0000,0x0000,0x0000,0x0000,0x0000,
  0x0000,0x0000,0x0000,0x0000,0x0000,0x0000,0x0000,0x0000,0x0000,0x0000,0x0000,0x0000,0x0000,0x0000,0x0000,0x0000,
  0x0000,0x0000,0x0000,0x0000,0x0000,0x0000,0x0000,0x0000,0x0000,0x0000,0x0000,0x0000,0x0000,0x0000,0x0000,0x0020,
  0x0000,0x0000,0x00a2,0x00a3,0x00a3,0x0062,0x0042,0x0041,0x0041,0x0041,0x0083,0x00e4,0x08c5,0x00c4,0x08a3,0x08a3,
  0x0083,0x0042,0x0062,0x0062,0x0083,0x0062,0x0904,0x0186,0x0207,0x0a88,0x0985,0x0020,0x0020,0x0000,0x0000,0x0000,
  0x0021,0x0062,0x0083,0x08c4,0x0124,0x09c6,0x09c6,0x0206,0x0247,0x0329,0x0bec,0x0040,0x0000,0x0000,0x0000,0x0000,
  0x0000,0x0000,0x0000,0x0000,0x0000,0x0000,0x0000,0x0000,0x0000,0x0000,0x0000,0x0000,0x0000,0x0000,0x0000,0x0000,
  0x0000,0x0000,0x0000,0x0000,0x0000,0x0000,0x0000,0x0000,0x0000,0x0000,0x0000,0x0000,0x0000,0x0000,0x0000,0x0000,
  0x0000,0x0000,0x0000,0x0000,0x0000,0x0000,0x0000,0x0000,0x0000,0x0000,0x0000,0x0000,0x0000,0x0000,0x0000,0x0000,
  0x0000,0x0000,0x0000,0x0000,0x0000,0x0000,0x0000,0x0000,0x0000,0x0000,0x0021,0x0041,0x0021,0x0000,0x0000,0x0000,
  0x0000,0x0000,0x0000,0x0000,0x0000,0x0000,0x0000,0x0000,0x0000,0x0000,0x0000,0x0000,0x0000,0x0000,0x0000,0x0000,
  0x0000,0x0000,0x0000,0x0000,0x0000,0x0000,0x0000,0x0000,0x0000,0x0000,0x0000,0x0000,0x0000,0x0000,0x0000,0x0000,
  0x0000,0x0000,0x0000,0x0000,0x0000,0x0000,0x0000,0x0000,0x0000,0x0000,0x0000,0x0000,0x0000,0x0000,0x0000,0x0000,
  0x0000,0x0000,0x0021,0x0041,0x0061,0x0041,0x0041,0x0062,0x0883,0x0083,0x00c4,0x00c4,0x0062,0x0041,0x0021,0x0041,
  0x0062,0x00a3,0x00e5,0x0926,0x0186,0x00c3,0x08c4,0x0986,0x0986,0x0165,0x0185,0x0061,0x0000,0x0000,0x0000,0x0000,
  0x0841,0x08c3,0x00a2,0x00a2,0x00a3,0x0965,0x0185,0x01a5,0x0267,0x03cb,0x0bac,0x0020,0x0000,0x0000,0x0000,0x0000,
  0x0000,0x0000,0x0000,0x0000,0x0000,0x0000,0x0000,0x0000,0x0000,0x0000,0x0000,0x0000,0x0000,0x0000,0x0000,0x0000,
  0x0000,0x0000,0x0000,0x0000,0x0000,0x0000,0x0000,0x0000,0x0000,0x0000,0x0000,0x0000,0x0000,0x0000,0x0000,0x0000,
  0x0000,0x0000,0x0000,0x0000,0x0000,0x0000,0x0000,0x0000,0x0000,0x0000,0x0000,0x0000,0x0000,0x0000,0x0000,0x0000,
  0x0000,0x0000,0x0000,0x0000,0x0000,0x0000,0x0000,0x0000,0x0000,0x0000,0x0021,0x0041,0x0021,0x0000,0x0000,0x0000,
  0x0000,0x0000,0x0000,0x0000,0x0000,0x0000,0x0000,0x0000,0x0000,0x0000,0x0000,0x0000,0x0000,0x0000,0x0000,0x0000,
  0x0000,0x0000,0x0000,0x0000,0x0000,0x0000,0x0000,0x0000,0x0000,0x0000,0x0000,0x0000,0x0000,0x0000,0x0000,0x0000,
  0x0000,0x0000,0x0000,0x0000,0x0000,0x0000,0x0000,0x0000,0x0000,0x0000,0x0000,0x0000,0x0000,0x0000,0x0000,0x0000,
  0x0000,0x0000,0x0061,0x00c3,0x00a3,0x08a3,0x0041,0x0041,0x0021,0x0021,0x0020,0x0020,0x0041,0x0082,0x00e5,0x0905,
  0x00e4,0x0104,0x00c4,0x0083,0x0062,0x0061,0x0082,0x0104,0x0165,0x0a27,0x0a68,0x0061,0x0000,0x0000,0x0000,0x0000,
  0x0021,0x0041,0x0021,0x0082,0x0185,0x01e6,0x0184,0x01e6,0x02e8,0x042d,0x0b2a,0x0020,0x0000,0x0000,0x0000,0x0000,
  0x0000,0x0000,0x0000,0x0000,0x0000,0x0000,0x0000,0x0000,0x0000,0x0000,0x0000,0x0000,0x0000,0x0000,0x0000,0x0000,
  0x0000,0x0000,0x0000,0x0000,0x0000,0x0000,0x0000,0x0000,0x0000,0x0000,0x0000,0x0000,0x0000,0x0000,0x0000,0x0000,
  0x0000,0x0000,0x0000,0x0000,0x0000,0x0000,0x0000,0x0000,0x0000,0x0000,0x0000,0x0000,0x0000,0x0000,0x0000,0x0000,
  0x0000,0x0000,0x0000,0x0000,0x0000,0x0000,0x0000,0x0000,0x0000,0x0000,0x0000,0x0020,0x0000,0x0000,0x0000,0x0000,
  0x0000,0x0000,0x0000,0x0000,0x0000,0x0000,0x0000,0x0000,0x0000,0x0000,0x0000,0x0000,0x0000,0x0000,0x0000,0x0000,
  0x0000,0x0000,0x0000,0x0000,0x0000,0x0000,0x0000,0x0000,0x0000,0x0000,0x0000,0x0000,0x0000,0x0000,0x0000,0x0000,
  0x0000,0x0000,0x0000,0x0000,0x0000,0x0000,0x0000,0x0000,0x0000,0x0000,0x0000,0x0000,0x0000,0x0000,0x0000,0x0000,
  0x0000,0x0000,0x0020,0x0041,0x0041,0x0021,0x0021,0x0021,0x0020,0x0081,0x0062,0x0062,0x0083,0x0082,0x0082,0x0062,
  0x0041,0x0041,0x0062,0x00c3,0x00e5,0x0925,0x00c3,0x00a3,0x0104,0x01e6,0x0185,0x0041,0x0000,0x0000,0x0000,0x0000,
  0x0000,0x08a3,0x0062,0x00e3,0x01a6,0x01a6,0x0124,0x01a5,0x02a8,0x03ed,0x0aa9,0x0000,0x0000,0x0000,0x0000,0x0000,
  0x0000,0x0000,0x0000,0x0000,0x0000,0x0000,0x0000,0x0000,0x0000,0x0000,0x0000,0x0000,0x0000,0x0000,0x0000,0x0000,
  0x0000,0x0000,0x0000,0x0000,0x0000,0x0000,0x0000,0x0000,0x0000,0x0000,0x0000,0x0000,0x0000,0x0000,0x0000,0x0000,
  0x0000,0x0000,0x0000,0x0000,0x0000,0x0000,0x0000,0x0000,0x0000,0x0000,0x0000,0x0000,0x0000,0x0000,0x0000,0x0000,
  0x0000,0x0000,0x0000,0x0000,0x0000,0x0000,0x0000,0x0000,0x0000,0x0000,0x0020,0x0020,0x0000,0x0000,0x0000,0x0000,
  0x0000,0x0000,0x0000,0x0000,0x0000,0x0000,0x0000,0x0000,0x0000,0x0000,0x0000,0x0000,0x0000,0x0000,0x0000,0x0000,
  0x0000,0x0000,0x0000,0x0000,0x0000,0x0000,0x0000,0x0000,0x0000,0x0000,0x0000,0x0000,0x0000,0x0000,0x0000,0x0000,
  0x0000,0x0000,0x0000,0x0000,0x0000,0x0000,0x0000,0x0000,0x0000,0x0000,0x0000,0x0000,0x0000,0x0000,0x0000,0x0000,
  0x0000,0x0000,0x0020,0x0082,0x00c3,0x00a2,0x0082,0x0041,0x0041,0x0041,0x0021,0x0020,0x0000,0x0041,0x0062,0x0061,
  0x0041,0x08c3,0x00c3,0x0104,0x00e4,0x0083,0x0062,0x00c3,0x0965,0x09c6,0x09e7,0x08c3,0x0000,0x0000,0x0000,0x0000,
  0x0000,0x0082,0x0041,0x0042,0x00e4,0x0145,0x0924,0x0a27,0x032a,0x03cc,0x0b0a,0x0000,0x0000,0x0000,0x0000,0x0000,
  0x0000,0x0000,0x0000,0x0000,0x0000,0x0000,0x0000,0x0000,0x0000,0x0000,0x0000,0x0000,0x0000,0x0000,0x0000,0x0000,
  0x0000,0x0000,0x0000,0x0000,0x0000,0x0000,0x0000,0x0000,0x0000,0x0000,0x0000,0x0000,0x0000,0x0000,0x0000,0x0000,
  0x0000,0x0000,0x0000,0x0000,0x0000,0x0000,0x0000,0x0000,0x0000,0x0000,0x0000,0x0000,0x0000,0x0000,0x0000,0x0000,
  0x0000,0x0000,0x0000,0x0000,0x0000,0x0000,0x0000,0x0000,0x0000,0x0000,0x0000,0x0000,0x0000,0x0000,0x0000,0x0000,
  0x0000,0x0000,0x0000,0x0000,0x0000,0x0000,0x0000,0x0000,0x0000,0x0000,0x0000,0x0000,0x0000,0x0000,0x0000,0x0000,
  0x0000,0x0000,0x0000,0x0000,0x0000,0x0000,0x0000,0x0000,0x0000,0x0000,0x0000,0x0000,0x0000,0x0000,0x0000,0x0000,
  0x0000,0x0000,0x0000,0x0000,0x0000,0x0000,0x0000,0x0000,0x0000,0x0000,0x0000,0x0000,0x0000,0x0000,0x0000,0x0000,
  0x0000,0x0000,0x0020,0x0083,0x00a3,0x0062,0x0041,0x0021,0x0001,0x0041,0x0062,0x0883,0x0042,0x00a3,0x08e4,0x0082,
  0x0041,0x0061,0x0041,0x0041,0x0061,0x0082,0x00c3,0x0104,0x11e7,0x09e7,0x0a28,0x00e3,0x0000,0x0000,0x0000,0x0000,
  0x0000,0x0041,0x0082,0x00a3,0x0905,0x0145,0x0124,0x0a68,0x036b,0x038b,0x0aa8,0x0000,0x0000,0x0000,0x0000,0x0000,
  0x0000,0x0000,0x0000,0x0000,0x0000,0x0000,0x0000,0x0000,0x0000,0x0000,0x0000,0x0000,0x0000,0x0000,0x0000,0x0000,
  0x0000,0x0000,0x0000,0x0000,0x0000,0x0000,0x0000,0x0000,0x0000,0x0000,0x0000,0x0000,0x0000,0x0000,0x0000,0x0000,
  0x0000,0x0000,0x0000,0x0000,0x0000,0x0000,0x0000,0x0000,0x0000,0x0000,0x0000,0x0000,0x0000,0x0000,0x0000,0x0000,
  0x0000,0x0000,0x0000,0x0000,0x0000,0x0000,0x0000,0x0000,0x0000,0x0000,0x0000,0x0020,0x0020,0x0000,0x0000,0x0000,
  0x0000,0x0000,0x0000,0x0000,0x0000,0x0000,0x0000,0x0000,0x0000,0x0000,0x0000,0x0000,0x0000,0x0000,0x0000,0x0000,
  0x0000,0x0000,0x0000,0x0000,0x0000,0x0000,0x0000,0x0000,0x0000,0x0000,0x0000,0x0000,0x0000,0x0000,0x0000,0x0000,
  0x0000,0x0000,0x0000,0x0000,0x0000,0x0000,0x0000,0x0000,0x0000,0x0000,0x0000,0x0000,0x0000,0x0000,0x0000,0x0000,
  0x0000,0x0000,0x0000,0x0021,0x0021,0x0021,0x0020,0x0041,0x0041,0x0082,0x0082,0x0061,0x0041,0x0021,0x0042,0x0041,
  0x0020,0x0021,0x0082,0x00c3,0x08e4,0x00e4,0x00a3,0x00a3,0x0945,0x0185,0x0227,0x0124,0x0000,0x0000,0x0000,0x0000,
  0x0000,0x0020,0x0082,0x0082,0x08c4,0x00e4,0x0125,0x0a68,0x034b,0x02a9,0x00c2,0x0000,0x0000,0x0000,0x0000,0x0000,
  0x0000,0x0000,0x0000,0x0000,0x0000,0x0000,0x0000,0x0000,0x0000,0x0000,0x0000,0x0000,0x0000,0x0000,0x0000,0x0000,
  0x0000,0x0000,0x0000,0x0000,0x0000,0x0000,0x0000,0x0000,0x0000,0x0000,0x0000,0x0000,0x0000,0x0000,0x0000,0x0000,
  0x0000,0x0000,0x0000,0x0000,0x0000,0x0000,0x0000,0x0000,0x0000,0x0000,0x0000,0x0000,0x0000,0x0000,0x0000,0x0000,
  0x0000,0x0000,0x0000,0x0000,0x0000,0x0000,0x0000,0x0000,0x0000,0x0000,0x0000,0x0020,0x0020,0x0000,0x0000,0x0000,
  0x0000,0x0000,0x0000,0x0000,0x0000,0x0000,0x0000,0x0000,0x0000,0x0000,0x0000,0x0000,0x0000,0x0000,0x0000,0x0000,
  0x0000,0x0000,0x0000,0x0000,0x0000,0x0000,0x0000,0x0000,0x0000,0x0000,0x0000,0x0000,0x0000,0x0000,0x0000,0x0000,
  0x0000,0x0000,0x0000,0x0000,0x0000,0x0000,0x0000,0x0020,0x0000,0x0000,0x0000,0x0000,0x0000,0x0000,0x0000,0x0000,
  0x0000,0x0000,0x0000,0x0041,0x0062,0x0021,0x0020,0x0020,0x0020,0x0020,0x0020,0x0020,0x0020,0x0062,0x00c4,0x08c4,
  0x0041,0x0021,0x0062,0x0062,0x0041,0x0041,0x0062,0x0083,0x0924,0x0985,0x0247,0x09e6,0x0000,0x0000,0x0000,0x0000,
  0x0020,0x0020,0x0062,0x0062,0x0904,0x0904,0x0185,0x02a9,0x030a,0x0227,0x0020,0x0000,0x0000,0x0000,0x0000,0x0000,
  0x0000,0x0000,0x0000,0x0000,0x0000,0x0000,0x0000,0x0000,0x0000,0x0000,0x0000,0x0000,0x0000,0x0000,0x0000,0x0000,
  0x0000,0x0000,0x0000,0x0000,0x0000,0x0000,0x0000,0x0000,0x0000,0x0000,0x0000,0x0000,0x0000,0x0000,0x0000,0x0000,
  0x0000,0x0000,0x0000,0x0000,0x0000,0x0000,0x0000,0x0000,0x0000,0x0000,0x0000,0x0000,0x0000,0x0000,0x0000,0x0000,
  0x0000,0x0000,0x0000,0x0000,0x0000,0x0000,0x0000,0x0000,0x0000,0x0000,0x0000,0x0000,0x0000,0x0000,0x0000,0x0000,
  0x0000,0x0000,0x0000,0x0000,0x0000,0x0000,0x0000,0x0000,0x0000,0x0000,0x0000,0x0000,0x0000,0x0000,0x0000,0x0000,
  0x0000,0x0000,0x0000,0x0000,0x0000,0x0000,0x0000,0x0000,0x0000,0x0000,0x0000,0x0000,0x0000,0x0000,0x0000,0x0000,
  0x0000,0x0000,0x0000,0x0000,0x0000,0x0000,0x0000,0x0000,0x0000,0x0000,0x0000,0x0000,0x0000,0x0000,0x0000,0x0000,
  0x0000,0x0000,0x0000,0x0000,0x0021,0x0021,0x0000,0x0020,0x0041,0x0020,0x0041,0x0041,0x0021,0x0062,0x0062,0x0042,
  0x0020,0x0021,0x0041,0x0082,0x00e4,0x00e4,0x00c4,0x00a3,0x08e4,0x0945,0x0207,0x01c6,0x0041,0x0000,0x0000,0x0000,
  0x0020,0x0062,0x00a4,0x00a3,0x00c3,0x00c3,0x0145,0x0268,0x0268,0x0a07,0x0040,0x0000,0x0000,0x0000,0x0000,0x0000,
  0x0000,0x0000,0x0000,0x0000,0x0000,0x0000,0x0000,0x0000,0x0000,0x0000,0x0000,0x0000,0x0000,0x0000,0x0000,0x0000,
  0x0000,0x0000,0x0000,0x0000,0x0000,0x0000,0x0000,0x0000,0x0000,0x0000,0x0000,0x0000,0x0000,0x0000,0x0000,0x0000,
  0x0000,0x0000,0x0000,0x0000,0x0000,0x0000,0x0000,0x0000,0x0000,0x0000,0x0000,0x0000,0x0000,0x0000,0x0000,0x0000,
  0x0000,0x0000,0x0000,0x0000,0x0000,0x0000,0x0000,0x0000,0x0000,0x0000,0x0000,0x0000,0x0000,0x0000,0x0000,0x0000,
  0x0000,0x0000,0x0000,0x0000,0x0000,0x0000,0x0000,0x0000,0x0000,0x0000,0x0000,0x0000,0x0000,0x0000,0x0000,0x0000,
  0x0000,0x0000,0x0000,0x0000,0x0000,0x0000,0x0000,0x0000,0x0000,0x0000,0x0000,0x0000,0x0000,0x0000,0x0000,0x0000,
  0x0000,0x0000,0x0000,0x0000,0x0000,0x0000,0x0000,0x0000,0x0020,0x0000,0x0000,0x0000,0x0000,0x0000,0x0000,0x0000,
  0x0000,0x0000,0x0000,0x0000,0x0041,0x0041,0x0020,0x0020,0x0021,0x0020,0x0020,0x0020,0x0020,0x0021,0x0062,0x0062,
  0x0041,0x0041,0x0082,0x00a2,0x00a3,0x0062,0x0041,0x0021,0x0083,0x00e4,0x0165,0x01c6,0x00a2,0x0000,0x0000,0x0000,
  0x0020,0x0021,0x0021,0x0021,0x0041,0x00a2,0x0965,0x0227,0x02a9,0x0103,0x0000,0x0000,0x0000,0x0000,0x0000,0x0000,
  0x0000,0x0000,0x0000,0x0000,0x0000,0x0000,0x0000,0x0000,0x0000,0x0000,0x0000,0x0000,0x0000,0x0000,0x0000,0x0000,
  0x0000,0x0000,0x0000,0x0000,0x0000,0x0000,0x0000,0x0000,0x0000,0x0000,0x0000,0x0000,0x0000,0x0000,0x0000,0x0000,
  0x0000,0x0000,0x0000,0x0000,0x0000,0x0000,0x0000,0x0000,0x0000,0x0000,0x0000,0x0000,0x0000,0x0000,0x0000,0x0000,
  0x0000,0x0000,0x0000,0x0000,0x0000,0x0000,0x0000,0x0000,0x0000,0x0000,0x0000,0x0000,0x0000,0x0000,0x0000,0x0000,
  0x0000,0x0000,0x0000,0x0000,0x0000,0x0000,0x0000,0x0000,0x0000,0x0000,0x0000,0x0000,0x0000,0x0000,0x0000,0x0000,
  0x0000,0x0000,0x0000,0x0000,0x0000,0x0000,0x0000,0x0000,0x0000,0x0000,0x0000,0x0000,0x0000,0x0000,0x0000,0x0000,
  0x0000,0x0000,0x0000,0x0000,0x0000,0x0000,0x0000,0x0000,0x0000,0x0000,0x0000,0x0000,0x0000,0x0000,0x0000,0x0000,
  0x0000,0x0000,0x0000,0x0000,0x0021,0x0020,0x0000,0x0020,0x0020,0x0021,0x0041,0x0041,0x0041,0x0062,0x0082,0x0062,
  0x0021,0x0000,0x0021,0x0021,0x0062,0x00a3,0x0104,0x00e4,0x08e4,0x00c4,0x0124,0x09c6,0x08c2,0x0000,0x0000,0x0000,
  0x0000,0x0021,0x0082,0x0082,0x00a3,0x00a3,0x0965,0x0207,0x0b0b,0x00c3,0x0000,0x0000,0x0000,0x0000,0x0000,0x0000,
  0x0000,0x0000,0x0000,0x0000,0x0000,0x0000,0x0000,0x0000,0x0000,0x0000,0x0000,0x0000,0x0000,0x0000,0x0000,0x0000,
  0x0000,0x0000,0x0000,0x0000,0x0000,0x0000,0x0000,0x0000,0x0000,0x0000,0x0000,0x0000,0x0000,0x0000,0x0000,0x0000,
  0x0000,0x0000,0x0000,0x0000,0x0000,0x0000,0x0000,0x0000,0x0000,0x0000,0x0000,0x0000,0x0000,0x0000,0x0000,0x0000,
  0x0000,0x0000,0x0000,0x0000,0x0000,0x0000,0x0000,0x0000,0x0000,0x0000,0x0000,0x0000,0x0000,0x0000,0x0000,0x0000,
  0x0000,0x0000,0x0000,0x0000,0x0000,0x0000,0x0000,0x0000,0x0000,0x0000,0x0000,0x0000,0x0000,0x0000,0x0000,0x0000,
  0x0000,0x0000,0x0000,0x0000,0x0000,0x0000,0x0000,0x0000,0x0000,0x0000,0x0000,0x0000,0x0000,0x0000,0x0000,0x0000,
  0x0000,0x0000,0x0000,0x0000,0x0000,0x0000,0x0000,0x0000,0x0000,0x0020,0x0000,0x0000,0x0000,0x0000,0x0000,0x0000,
  0x0000,0x0000,0x0000,0x0000,0x0020,0x0041,0x0021,0x0021,0x0021,0x0041,0x0021,0x0021,0x0021,0x0021,0x0021,0x0041,
  0x0041,0x0061,0x00a2,0x00a3,0x0904,0x00e3,0x00a2,0x0082,0x0082,0x00a3,0x0125,0x09c6,0x0041,0x0000,0x0000,0x0000,
  0x0000,0x0000,0x0041,0x0041,0x0041,0x0041,0x0165,0x0227,0x0aea,0x00c3,0x0000,0x0000,0x0000,0x0000,0x0000,0x0000,
  0x0000,0x0000,0x0000,0x0000,0x0000,0x0000,0x0000,0x0000,0x0000,0x0000,0x0000,0x0000,0x0000,0x0000,0x0000,0x0000,
  0x0000,0x0000,0x0000,0x0000,0x0000,0x0000,0x0000,0x0000,0x0000,0x0000,0x0000,0x0000,0x0000,0x0000,0x0000,0x0000,
  0x0000,0x0000,0x0000,0x0000,0x0000,0x0000,0x0000,0x0000,0x0000,0x0000,0x0000,0x0000,0x0000,0x0000,0x0000,0x0000,
  0x0000,0x0000,0x0000,0x0000,0x0000,0x0000,0x0000,0x0000,0x0000,0x0000,0x0000,0x0000,0x0000,0x0000,0x0000,0x0000,
  0x0000,0x0000,0x0000,0x0000,0x0000,0x0000,0x0000,0x0000,0x0000,0x0000,0x0000,0x0000,0x0000,0x0000,0x0000,0x0000,
  0x0000,0x0000,0x0000,0x0000,0x0000,0x0000,0x0000,0x0000,0x0000,0x0000,0x0000,0x0000,0x0000,0x0000,0x0000,0x0000,
  0x0000,0x0000,0x0000,0x0000,0x0000,0x0000,0x0000,0x0000,0x0000,0x0020,0x0000,0x0000,0x0000,0x0000,0x0000,0x0000,
  0x0000,0x0000,0x0000,0x0000,0x0020,0x0041,0x0021,0x0000,0x0001,0x0021,0x0021,0x0000,0x0041,0x0041,0x0041,0x0082,
  0x0061,0x0041,0x0062,0x0042,0x0041,0x0041,0x0062,0x0082,0x00a3,0x08c3,0x00e4,0x09e7,0x0082,0x0000,0x0000,0x0000,
  0x0000,0x0000,0x0020,0x0041,0x0062,0x0041,0x0165,0x0227,0x0248,0x0061,0x0000,0x0000,0x0000,0x0000,0x0000,0x0000,
  0x0000,0x0000,0x0000,0x0000,0x0000,0x0000,0x0000,0x0000,0x0000,0x0000,0x0000,0x0000,0x0000,0x0000,0x0000,0x0000,
  0x0000,0x0000,0x0000,0x0000,0x0000,0x0000,0x0000,0x0000,0x0000,0x0000,0x0000,0x0000,0x0000,0x0000,0x0000,0x0000,
  0x0000,0x0000,0x0000,0x0000,0x0000,0x0000,0x0000,0x0000,0x0000,0x0000,0x0000,0x0000,0x0000,0x0000,0x0000,0x0000,
  0x0000,0x0000,0x0000,0x0000,0x0000,0x0000,0x0000,0x0000,0x0000,0x0000,0x0000,0x0000,0x0000,0x0000,0x0000,0x0000,
  0x0000,0x0000,0x0000,0x0000,0x0000,0x0000,0x0000,0x0000,0x0000,0x0000,0x0000,0x0000,0x0000,0x0000,0x0000,0x0000,
  0x0000,0x0000,0x0000,0x0000,0x0000,0x0000,0x0000,0x0000,0x0000,0x0000,0x0000,0x0000,0x0000,0x0000,0x0000,0x0000,
  0x0000,0x0000,0x0000,0x0000,0x0000,0x0000,0x0000,0x0000,0x0000,0x0000,0x0000,0x0000,0x0000,0x0000,0x0000,0x0000,
  0x0000,0x0000,0x0000,0x0000,0x0000,0x0020,0x0041,0x0041,0x0041,0x0041,0x0082,0x0041,0x0021,0x0041,0x0021,0x0021,
  0x0020,0x0000,0x0062,0x00c3,0x00c3,0x00c3,0x0924,0x08e3,0x00a2,0x08c3,0x0062,0x09a6,0x08c3,0x0000,0x0000,0x0020,
  0x0020,0x0000,0x0060,0x0061,0x0062,0x0021,0x0103,0x0a07,0x09c6,0x0041,0x0000,0x0020,0x0000,0x0000,0x0000,0x0000,
};
