// GENERATED by stackchan/make_art.py from ui/yuzu/yuzu.png.
// Do not edit -- change her picture and run the script.
#pragma once
#include <stdint.h>
static const int YUZU_ART_W = 178, YUZU_ART_H = 230;
// RGB565, row by row, as the colour (not byte-swapped), and
// her alpha with her page's fades already in it.
static const uint16_t YUZU_ART[40940] = {
  0x0000,0x0000,0x0000,0x0000,0x0000,0x0000,0x0000,0x0000,0x0000,0x0000,0x0000,0x0000,0x0000,0x0000,0x0000,0x0000,
  0x0000,0x0000,0x0000,0x0000,0x0000,0x0000,0x0000,0x0000,0x0000,0x0000,0x0000,0x0000,0x0000,0x0000,0x0000,0x0000,
  0x0000,0x0000,0x0000,0x0000,0x0000,0x0000,0x0000,0x0000,0x0000,0x0000,0x0000,0x0000,0x0000,0x0000,0xffff,0x39e7,
  0x0000,0x0000,0xffff,0xa4f4,0x8410,0x7bcf,0x6b4d,0x8c10,0x8410,0x83ef,0x9492,0x9cd2,0x9492,0x9cb2,0xc638,0x0000,
  0x0000,0x9cd3,0x0000,0x0000,0x0000,0x0000,0x0000,0xffff,0xce58,0x9471,0x83cf,0x7bae,0xa4b1,0xce17,0xde99,0xe6ba,
  0xe6da,0xe6da,0xde99,0xd658,0xd638,0xd638,0xd637,0xd637,0xd637,0xd637,0xd637,0xd637,0xd637,0xbd95,0x8c0f,0x7bae,
  0x83ef,0x83ef,0x9492,0xbdb6,0xffff,0x0000,0x0000,0x0000,0x0000,0x7bef,0xad55,0x0000,0x0000,0x0000,0x0000,0x0000,
  0x0000,0x0000,0x0000,0x0000,0x0000,0x0000,0x0000,0x0000,0x0000,0x0000,0x0000,0x0000,0x0000,0x0000,0x0000,0x0000,
  0x0000,0x0000,0x0000,0x0000,0x0000,0x0000,0x0000,0x0000,0x0000,0x0000,0x0000,0x0000,0x0000,0x0000,0x0000,0x0000,
  0x0000,0x0000,0x0000,0x0000,0x0000,0x0000,0x0000,0x0000,0x0000,0x0000,0x0000,0x0000,0x0000,0x0000,0x0000,0x0000,
  0x0000,0x0000,0x0000,0x0000,0x0000,0x0000,0x0000,0x0000,0x0000,0x0000,0x0000,0x0000,0x0000,0x0000,0x0000,0x0000,
  0x0000,0x0000,0x0000,0x0000,0x0000,0x0000,0x0000,0x0000,0x0000,0x0000,0x0000,0x0000,0x0000,0x0000,0x0000,0x0000,
  0x0000,0x0000,0x0000,0x0000,0x0000,0x0000,0x0000,0x0000,0x0000,0x0000,0x0000,0x0000,0x0000,0x0000,0x0000,0x0000,
  0x0000,0x0000,0x0000,0x0000,0x0000,0x0000,0x0000,0x0000,0x0000,0x0000,0x0000,0x0000,0x0000,0x0000,0x0000,0xad55,
  0x0000,0x0000,0xffff,0x9cb2,0x8410,0x8c30,0x9cf3,0xd67a,0xffff,0xffff,0xffff,0xffff,0xce58,0xb596,0xd699,0xdeba,
  0x9cd2,0xa534,0x0000,0x0000,0x0000,0xef5d,0xa514,0x9471,0xad34,0x840f,0x83ef,0xa491,0xb513,0xbd54,0xbd33,0xb513,
  0xb533,0xbd54,0xc595,0xd617,0xde99,0xe6da,0xe6fb,0xe6ba,0xde99,0xde99,0xde79,0xde79,0xde58,0xd658,0xd658,0xde79,
  0xe6ba,0xdeba,0xd638,0xc5b6,0xad14,0x9451,0x83ef,0x8410,0x9cd3,0xef3c,0xffff,0x0000,0x0000,0x0000,0xad55,0xffff,
  0x0000,0x0000,0x0000,0x0000,0x0000,0x0000,0x0000,0x0000,0x0000,0x0000,0x0000,0x0000,0x0000,0x0000,0x0000,0x0000,
  0x0000,0x0000,0x0000,0x0000,0x0000,0x0000,0x0000,0x0000,0x0000,0x0000,0x0000,0x0000,0x0000,0x0000,0x0000,0x0000,
  0x0000,0x0000,0x0000,0x0000,0x0000,0x0000,0x0000,0x0000,0x0000,0x0000,0x0000,0x0000,0x0000,0x0000,0x0000,0x0000,
  0x0000,0x0000,0x0000,0x0000,0x0000,0x0000,0x0000,0x0000,0x0000,0x0000,0x0000,0x0000,0x0000,0x0000,0x0000,0x0000,
  0x0000,0x0000,0x0000,0x0000,0x0000,0x0000,0x0000,0x0000,0x0000,0x0000,0x0000,0x0000,0x0000,0x0000,0x0000,0x0000,
  0x0000,0x0000,0x0000,0x0000,0x0000,0x0000,0x0000,0x0000,0x0000,0x0000,0x0000,0x0000,0x0000,0x0000,0x0000,0x0000,
  0x0000,0x0000,0x0000,0x0000,0x0000,0x0000,0x0000,0x0000,0x0000,0x0000,0x0000,0x0000,0x0000,0x0000,0x0000,0x0000,
  0x52aa,0x0000,0xffff,0xa4d3,0x8410,0x8c51,0xc618,0x0000,0x0000,0x0000,0x0000,0x0000,0x0000,0x0000,0xffff,0xd69a,
  0xb575,0xce59,0xf79d,0x9cd3,0x9cb2,0xc5f7,0x8430,0x83ef,0x9471,0xa4d2,0x9cb1,0xad13,0xc595,0xb512,0xacb1,0xb533,
  0xbd95,0xc5b5,0xbd95,0xb554,0xacf3,0xa4b2,0xa4b2,0xad13,0xc5b6,0xd699,0xef1b,0xef5c,0xef1b,0xe6fa,0xe6fa,0xe6fb,
  0xe6fb,0xe6da,0xe6ba,0xdeba,0xdeba,0xe6ba,0xe6fb,0xe6db,0xde99,0xc5f7,0xa513,0x8c30,0x8c10,0x9cd2,0xef5c,0x0000,
  0x0000,0x0000,0x52aa,0xffff,0x0000,0x0000,0x0000,0x0000,0x0000,0x0000,0x0000,0x0000,0x0000,0x0000,0x0000,0x0000,
  0x0000,0x0000,0x0000,0x0000,0x0000,0x0000,0x0000,0x0000,0x0000,0x0000,0x0000,0x0000,0x0000,0x0000,0x0000,0x0000,
  0x0000,0x0000,0x0000,0x0000,0x0000,0x0000,0x0000,0x0000,0x0000,0x0000,0x0000,0x0000,0x0000,0x0000,0x0000,0x0000,
  0x0000,0x0000,0x0000,0x0000,0x0000,0x0000,0x0000,0x0000,0x0000,0x0000,0x0000,0x0000,0x0000,0x0000,0x0000,0x0000,
  0x0000,0x0000,0x0000,0x0000,0x0000,0x0000,0x0000,0x0000,0x0000,0x0000,0x0000,0x0000,0x0000,0x0000,0x0000,0x0000,
  0x0000,0x0000,0x0000,0x0000,0x0000,0x0000,0x0000,0x0000,0x0000,0x0000,0x0000,0x0000,0x0000,0x0000,0x0000,0x0000,
  0x0000,0x0000,0x0000,0x0000,0x0000,0x0000,0x0000,0x0000,0x0000,0x0000,0x0000,0x0000,0x0000,0x0000,0x0000,0x0000,
  0xffff,0x0000,0x0000,0xdeba,0x8c10,0x8410,0xc5f7,0x0000,0x0000,0x0000,0x9cd3,0x632c,0x0000,0xffff,0x9cd3,0x8c72,
  0x9cb2,0x9492,0xa514,0x83ef,0x8c50,0xf77d,0x83ef,0x8c30,0xde99,0xe6ba,0xeefb,0xcdf6,0xb533,0xc5b5,0xacd1,0xa490,
  0xbd54,0xef1b,0xe6fb,0xe71b,0xe71b,0xef1b,0xef3b,0xe6fb,0xde99,0xce17,0xb554,0x9cb1,0x9cb1,0xbd74,0xd658,0xe71b,
  0xef3c,0xe6fb,0xe6da,0xe6fb,0xe6fb,0xe6fb,0xe6fb,0xe6da,0xdeba,0xde99,0xde99,0xe6db,0xef1c,0xe6da,0xce38,0xad34,
  0x840f,0x8c30,0xad55,0xffff,0x0000,0x0000,0x0000,0xffff,0x0000,0x0000,0x0000,0x0000,0x0000,0x0000,0x0000,0x0000,
  0x0000,0x0000,0x0000,0x0000,0x0000,0x0000,0x0000,0x0000,0x0000,0x0000,0x0000,0x0000,0x0000,0x0000,0x0000,0x0000,
  0x0000,0x0000,0x0000,0x0000,0x0000,0x0000,0x0000,0x0000,0x0000,0x0000,0x0000,0x0000,0x0000,0x0000,0x0000,0x0000,
  0x0000,0x0000,0x0000,0x0000,0x0000,0x0000,0x0000,0x0000,0x0000,0x0000,0x0000,0x0000,0x0000,0x0000,0x0000,0x0000,
  0x0000,0x0000,0x0000,0x0000,0x0000,0x0000,0x0000,0x0000,0x0000,0x0000,0x0000,0x0000,0x0000,0x0000,0x0000,0x0000,
  0x0000,0x0000,0x0000,0x0000,0x0000,0x0000,0x0000,0x0000,0x0000,0x0000,0x0000,0x0000,0x0000,0x0000,0x0000,0x0000,
  0x0000,0x0000,0x0000,0x0000,0x0000,0x0000,0x0000,0x0000,0x0000,0x0000,0x0000,0x0000,0x0000,0x0000,0x0000,0x0000,
  0x0000,0xffff,0x0000,0x0000,0xb575,0x8c30,0xa4f3,0xffff,0x0000,0x0000,0xad55,0xad55,0x0000,0x0000,0xad75,0x94b2,
  0xbdd7,0xbdd7,0xad34,0xad54,0x9cb2,0x9450,0x9430,0xa4d3,0xef1b,0xb554,0xe6da,0xe6fa,0xcdd6,0xa491,0xbd54,0xacf2,
  0xa490,0xa490,0xd637,0xe6fa,0xdeba,0xdeda,0xdeda,0xdeda,0xdeda,0xe6da,0xe6fb,0xef1b,0xef3c,0xe71b,0xde99,0xc5d6,
  0xad13,0xa4f3,0xbd95,0xde99,0xef3c,0xe71b,0xe6db,0xe6da,0xe6db,0xe6db,0xe6fb,0xe6fb,0xe6fb,0xe6ba,0xde99,0xde79,
  0xe6ba,0xef3c,0xe6da,0xce17,0x9cb2,0x83ef,0xa4d3,0xffdf,0x0000,0x0000,0x0000,0xad55,0x0000,0x0000,0x0000,0x0000,
  0x0000,0x0000,0x0000,0x0000,0x0000,0x0000,0x0000,0x0000,0x0000,0x0000,0x0000,0x0000,0x0000,0x0000,0x0000,0x0000,
  0x0000,0x0000,0x0000,0x0000,0x0000,0x0000,0x0000,0x0000,0x0000,0x0000,0x0000,0x0000,0x0000,0x0000,0x0000,0x0000,
  0x0000,0x0000,0x0000,0x0000,0x0000,0x0000,0x0000,0x0000,0x0000,0x0000,0x0000,0x0000,0x0000,0x0000,0x0000,0x0000,
  0x0000,0x0000,0x0000,0x0000,0x0000,0x0000,0x0000,0x0000,0x0000,0x0000,0x0000,0x0000,0x0000,0x0000,0x0000,0x0000,
  0x0000,0x0000,0x0000,0x0000,0x0000,0x0000,0x0000,0x0000,0x0000,0x0000,0x0000,0x0000,0x0000,0x0000,0x0000,0x0000,
  0x0000,0x0000,0x0000,0x0000,0x0000,0x0000,0x0000,0x0000,0x0000,0x0000,0x0000,0x0000,0x0000,0x0000,0x0000,0x0000,
  0x0000,0x0000,0xffff,0x0000,0xffff,0x9cb2,0x8c10,0xd679,0x0000,0x0000,0x7bef,0x0000,0xad55,0x0000,0xffff,0x9492,
  0xad75,0xc617,0xa4f3,0xb555,0xbdb6,0xbd95,0xc5d6,0xde99,0xeefb,0xacf3,0xb554,0xe6fa,0xd658,0xe6b9,0xb513,0xb513,
  0xb533,0xa490,0xacb1,0xb533,0xef1b,0xef3b,0xef1c,0xe6fb,0xe6da,0xe6da,0xe6da,0xe6da,0xe6db,0xe6da,0xe6da,0xe6da,
  0xe6fb,0xef1b,0xef1b,0xde99,0xbd95,0xa4f3,0xad34,0xd658,0xef1b,0xef1b,0xe6da,0xe6da,0xe6db,0xe6db,0xe6fb,0xe6fa,
  0xe6fa,0xe6fa,0xde99,0xd678,0xde99,0xef1b,0xf75c,0xd679,0xad34,0x8c30,0x9cd2,0xef5c,0x0000,0x0000,0x0000,0xad55,
  0x0000,0x0000,0x0000,0x0000,0x0000,0x0000,0x0000,0x0000,0x0000,0x0000,0x0000,0x0000,0x0000,0x0000,0x0000,0x0000,
  0x0000,0x0000,0x0000,0x0000,0x0000,0x0000,0x0000,0x0000,0xffff,0xffff,0xad55,0xffff,0xffff,0xffff,0x0000,0x0000,
  0x0000,0x0000,0x0000,0x0000,0x0000,0x0000,0x0000,0x0000,0x0000,0x0000,0x0000,0x0000,0x0000,0x0000,0x0000,0x0000,
  0x0000,0x0000,0x0000,0x0000,0x0000,0x0000,0x0000,0x0000,0x0000,0x0000,0x0000,0x0000,0x0000,0x0000,0x0000,0x0000,
  0x0000,0x0000,0x0000,0x0000,0x0000,0x0000,0x0000,0x0000,0x0000,0x0000,0x0000,0x0000,0x0000,0x0000,0x0000,0x0000,
  0x0000,0x0000,0x0000,0x0000,0x0000,0x0000,0x0000,0x0000,0x0000,0x0000,0x0000,0x0000,0x0000,0x0000,0x0000,0x0000,
  0x0000,0x0000,0x0000,0xad55,0x0000,0xffff,0x9471,0x8c30,0xffff,0x0000,0x39e7,0xffff,0x0000,0xbdf7,0x0000,0xffff,
  0x9472,0xbdd7,0xad13,0x6b0a,0x83ad,0x940f,0xb554,0xc5d6,0xb574,0xb554,0xb554,0xc5b5,0xa4b1,0xd638,0xef1b,0xc5d6,
  0xacf2,0xbd53,0xa490,0xacd1,0x838c,0x72ea,0x838c,0x9c4f,0xb554,0xde99,0xef3c,0xef1b,0xdeda,0xdeda,0xe6da,0xe6da,
  0xe6db,0xe6fa,0xe6fa,0xe6da,0xe6da,0xe6fb,0xef1b,0xe6fb,0xce17,0xad13,0xad13,0xce58,0xef1b,0xe6fb,0xe6da,0xe6db,
  0xe6da,0xe6fa,0xe6fa,0xe6fa,0xe6fb,0xe6da,0xdeb9,0xd679,0xde99,0xe6db,0xf73c,0xe6ba,0xbd95,0x8c30,0xa4d3,0xffbe,
  0x0000,0x0000,0x52aa,0xffff,0x0000,0x0000,0x0000,0x0000,0x0000,0x0000,0x0000,0x0000,0x0000,0x0000,0x0000,0x0000,
  0x0000,0x0000,0x0000,0x0000,0x0000,0x0000,0x0000,0xffff,0xbdf7,0x0000,0x0000,0x0000,0x0000,0x0000,0x0000,0x0000,
  0x0000,0x7bef,0xffff,0x0000,0x0000,0x0000,0x0000,0x0000,0x0000,0x0000,0x0000,0x0000,0x0000,0x0000,0x0000,0x0000,
  0x0000,0x0000,0x0000,0x0000,0x0000,0x0000,0x0000,0x0000,0x0000,0x0000,0x0000,0x0000,0x0000,0x0000,0x0000,0x0000,
  0x0000,0x0000,0x0000,0x0000,0x0000,0x0000,0x0000,0x0000,0x0000,0x0000,0x0000,0x0000,0x0000,0x0000,0x0000,0x0000,
  0x0000,0x0000,0x0000,0x0000,0x0000,0x0000,0x0000,0x0000,0x0000,0x0000,0x0000,0x0000,0x0000,0x0000,0x0000,0x0000,
  0x0000,0x0000,0x0000,0x0000,0xffff,0x0000,0xffff,0x9492,0x9471,0xffff,0x0000,0xbdf7,0x0000,0x0000,0x632c,0x0000,
  0xe73c,0x8c51,0xc618,0x8c30,0x62c9,0x940e,0x940e,0x8bcd,0xa490,0xe6ba,0xe6fb,0xe6da,0xde78,0xcdf6,0xb554,0xad13,
  0xe6da,0xbd54,0xb533,0xacf2,0xacb1,0x8bac,0x6267,0x9c0e,0x9c0d,0x93cd,0x836b,0x7b4b,0x9c70,0xd637,0xef3b,0xe6fb,
  0xdeba,0xdeda,0xe6da,0xe6fa,0xe6fa,0xe6fa,0xe6fb,0xe6da,0xe6da,0xe6da,0xe71b,0xef3b,0xd678,0xb534,0xb534,0xd658,
  0xef3c,0xe6fb,0xe6da,0xe6fa,0xe6fa,0xe6fa,0xe6da,0xe6da,0xe6fa,0xe6da,0xde79,0xd679,0xde79,0xe6da,0xf75c,0xe6da,
  0xbd95,0x9c71,0xad34,0xffde,0x0000,0x0000,0xad55,0xffff,0x0000,0x0000,0x0000,0x0000,0x0000,0x0000,0x0000,0x0000,
  0x0000,0x0000,0x0000,0x0000,0x0000,0x0000,0x0000,0x0000,0xad55,0x0000,0x0000,0x0000,0xffff,0xc638,0xbdf7,0xce79,
  0xffff,0xffff,0x0000,0x0000,0x0000,0xad55,0xffff,0x0000,0x0000,0x0000,0x0000,0x0000,0x0000,0x0000,0x0000,0x0000,
  0x0000,0x0000,0x0000,0x0000,0x0000,0x0000,0x0000,0x0000,0x0000,0x0000,0x0000,0x0000,0x0000,0x0000,0x0000,0x0000,
  0x0000,0x0000,0x0000,0x0000,0x0000,0x0000,0x0000,0x0000,0x0000,0x0000,0x0000,0x0000,0x0000,0x0000,0x0000,0x0000,
  0x0000,0x0000,0x0000,0x0000,0x0000,0x0000,0x0000,0x0000,0x0000,0x0000,0x0000,0x0000,0x0000,0x0000,0x0000,0x0000,
  0x0000,0x0000,0x0000,0x0000,0x0000,0xffff,0x0000,0xffff,0x9471,0x8c71,0xffff,0x0000,0xbdf7,0x0000,0x0000,0x39e7,
  0x0000,0xd6ba,0x8430,0xbdd6,0x736c,0x730b,0x9c4f,0x93ee,0x93ee,0x940e,0x8bed,0xd658,0xef3c,0xdeda,0xe6fa,0xe71b,
  0xe6fa,0xce17,0xce17,0xc5d6,0xacf2,0xa4b1,0x9c4f,0x6267,0xa42e,0xb4d0,0xac8f,0xac8f,0xb4d0,0xac8f,0x8bcc,0x730a,
  0x942f,0xd658,0xef1b,0xdeda,0xdeda,0xdeda,0xe6da,0xe6fa,0xe6fa,0xe6fb,0xe6fb,0xe6da,0xdeda,0xe6da,0xe6fb,0xef1c,
  0xd679,0xb534,0xad13,0xce37,0xe6fb,0xdeda,0xdeda,0xe6fa,0xe6fb,0xe6fb,0xe6db,0xe6db,0xe6db,0xde99,0xd679,0xd679,
  0xd659,0xe6fb,0xf77d,0xd679,0xacf3,0x9c71,0xbd95,0xffff,0x0000,0x0000,0xfff5,0x0000,0x0000,0x0000,0x0000,0x0000,
  0x0000,0x0000,0x0000,0x0000,0x0000,0x0000,0x0000,0x0000,0xffff,0x0000,0x0000,0xffff,0xad55,0x9cb2,0xa514,0xad55,
  0xbdb6,0xb596,0xa514,0x9492,0x8c51,0xad55,0xffff,0x0000,0x0000,0xad55,0x0000,0x0000,0x0000,0x0000,0x0000,0x0000,
  0x0000,0x0000,0x0000,0x0000,0x0000,0x0000,0x0000,0x0000,0x0000,0x0000,0x0000,0x0000,0x0000,0x0000,0x0000,0x0000,
  0x0000,0x0000,0x0000,0x0000,0x0000,0x0000,0x0000,0x0000,0x0000,0x0000,0x0000,0x0000,0x0000,0x0000,0x0000,0x0000,
  0x0000,0x0000,0x0000,0x0000,0x0000,0x0000,0x0000,0x0000,0x0000,0x0000,0x0000,0x0000,0x0000,0x0000,0x0000,0x0000,
  0x0000,0x0000,0x0000,0x0000,0x0000,0x0000,0xffff,0x0000,0xffff,0x9492,0x8c51,0xffff,0x0000,0xffff,0x0000,0xffff,
  0x39e7,0x0000,0xbdd7,0x83ef,0x9cd2,0x6b2c,0x7b8d,0x9c6f,0x93ee,0x940e,0x940e,0x8bcd,0xacf2,0xcdf6,0xc5f6,0xef1b,
  0xef3c,0xdeda,0xdeba,0xe6fa,0xde99,0xd658,0xacd2,0xacd1,0x836b,0x7b0a,0xb4b0,0xa44e,0x9c2e,0xac8f,0xacb0,0xacb0,
  0xb4f0,0xacb0,0x93ac,0x7b2b,0xa4d1,0xe6da,0xe6fb,0xdeba,0xe6da,0xe6fa,0xe6fa,0xe6fb,0xe6fb,0xe6da,0xe6da,0xe6da,
  0xe6da,0xdeba,0xe6fb,0xef1b,0xd638,0xa4b2,0xa4f3,0xde99,0xeefb,0xde99,0xde99,0xe6da,0xe6fb,0xe6fb,0xe6fa,0xe6fb,
  0xe6da,0xdeba,0xdeba,0xd659,0xde99,0xef3c,0xf75c,0xce38,0xa4d2,0x9471,0xc617,0xffff,0x0000,0x0000,0xffff,0x0000,
  0x0000,0x0000,0x0000,0x0000,0x0000,0x0000,0x0000,0x0000,0x0000,0xffff,0x0000,0xffff,0xbdf7,0x9cf3,0xbdb6,0xd69a,
  0xdeda,0xce38,0xb575,0xad35,0x9cb2,0x9cd3,0x8410,0x73ae,0x9471,0xb596,0xffff,0x0000,0xad55,0x0000,0x0000,0x0000,
  0x0000,0x0000,0x0000,0x0000,0x0000,0x0000,0x0000,0x0000,0x0000,0x0000,0x0000,0x0000,0x0000,0x0000,0x0000,0x0000,
  0x0000,0x0000,0x0000,0x0000,0x0000,0x0000,0x0000,0x0000,0x0000,0x0000,0x0000,0x0000,0x0000,0x0000,0x0000,0x0000,
  0x0000,0x0000,0x0000,0x0000,0x0000,0x0000,0x0000,0x0000,0x0000,0x0000,0x0000,0x0000,0x0000,0x0000,0x0000,0x0000,
  0x0000,0x0000,0x0000,0x0000,0x0000,0x0000,0x0000,0xffff,0x7bef,0x0000,0x9cf3,0x8430,0xffff,0x0000,0xffff,0x0000,
  0x0000,0x39e7,0x0000,0xb5b6,0x840f,0x9c91,0x6aeb,0x8bce,0x9c4f,0x940e,0x940e,0x940e,0x93ee,0xa470,0x9c70,0x6247,
  0x72e9,0x838c,0xb533,0xe6fa,0xe71b,0xde99,0xdeba,0xe6da,0xb533,0xbd74,0x7b2a,0x93cc,0xac6f,0x9c2d,0xac8f,0xac90,
  0xac8f,0xacb0,0xacaf,0xacaf,0xb4d0,0xac90,0x8b8c,0x838c,0xc5d6,0xef1b,0xdeda,0xe6da,0xe6fa,0xe6fb,0xe6fb,0xe6fb,
  0xe6fb,0xe6da,0xe6da,0xdeba,0xde9a,0xde99,0xe6fa,0xef1b,0xc5d6,0x9c71,0xb574,0xef1b,0xe6da,0xde99,0xde99,0xdeba,
  0xe6da,0xe6fb,0xe6fb,0xe6da,0xdeda,0xe6db,0xde99,0xd659,0xe6ba,0xef3c,0xef3c,0xc5f7,0x9c91,0xa4f3,0xd659,0x0000,
  0x0000,0xad55,0xffff,0x0000,0x0000,0x0000,0x0000,0x0000,0x0000,0x0000,0xad55,0x0000,0xffff,0x9cd3,0xad14,0xe6fb,
  0xe71c,0xc5f7,0xb575,0xbdd7,0xde9b,0xffff,0x0000,0x0000,0x0000,0xffff,0xb596,0x9cd3,0x9492,0xe71c,0x0000,0x7bef,
  0x0000,0x0000,0x0000,0x0000,0x0000,0x0000,0x0000,0x0000,0x0000,0x0000,0x0000,0x0000,0x0000,0x0000,0x0000,0x0000,
  0x0000,0x0000,0x0000,0x0000,0x0000,0x0000,0x0000,0x0000,0x0000,0x0000,0x0000,0x0000,0x0000,0x0000,0x0000,0x0000,
  0x0000,0x0000,0x0000,0x0000,0x0000,0x0000,0x0000,0x0000,0x0000,0x0000,0x0000,0x0000,0x0000,0x0000,0x0000,0x0000,
  0x0000,0x0000,0x0000,0x0000,0x0000,0x0000,0x0000,0x0000,0x0000,0xbdf7,0x0000,0xad55,0x83f0,0xef5d,0x0000,0xbdf7,
  0x0000,0x0000,0x39e7,0x0000,0xad75,0x7bef,0xb554,0x734c,0x8bee,0x942f,0x940e,0x9c2e,0x942e,0x940e,0x942e,0xa470,
  0x6288,0x9c4e,0xacaf,0x9c0d,0x832a,0x838b,0xcdf6,0xe71b,0xde9a,0xdeba,0xde79,0xd637,0x6ac9,0x9c2e,0x9c2e,0xa44e,
  0xac8f,0xac8f,0xacaf,0xacb0,0xacb0,0xacb0,0xacaf,0xacb0,0xb4f1,0x9c4e,0x7b0a,0xacd2,0xeefb,0xe6da,0xe6da,0xe6fa,
  0xe6fb,0xe6fa,0xe6fa,0xe6da,0xe6da,0xe6da,0xdeba,0xde99,0xde99,0xde99,0xef1b,0xe6fa,0xacf2,0x9450,0xd658,0xe6da,
  0xd658,0xd658,0xd678,0xdeb9,0xe6fa,0xe6fb,0xe6fa,0xe6da,0xe6fb,0xe6ba,0xd658,0xde79,0xe6da,0xef5c,0xef1b,0xcdf7,
  0xb575,0xb575,0xef5c,0x0000,0x0000,0xad55,0x0000,0x0000,0x0000,0x0000,0x0000,0xffff,0x0000,0xffff,0x9491,0xad34,
  0xf77d,0xc5f7,0x9cd3,0xc5f7,0xffff,0x0000,0x0000,0x0000,0x0000,0x0000,0x0000,0x0000,0x0000,0xffff,0xa534,0x9492,
  0xce59,0x0000,0xad55,0x0000,0x0000,0x0000,0x0000,0x0000,0x0000,0x0000,0x0000,0x0000,0x0000,0x0000,0x0000,0x0000,
  0x0000,0x0000,0x0000,0x0000,0x0000,0x0000,0x0000,0x0000,0x0000,0x0000,0x0000,0x0000,0x0000,0x0000,0x0000,0x0000,
  0x0000,0x0000,0x0000,0x0000,0x0000,0x0000,0x0000,0x0000,0x0000,0x0000,0x0000,0x0000,0x0000,0x0000,0x0000,0x0000,
  0x0000,0x0000,0x0000,0x0000,0x0000,0x0000,0x0000,0x0000,0x0000,0x0000,0xad55,0x0000,0xef3c,0x8410,0xbdb7,0x0000,
  0xbdf7,0x0000,0x0000,0x7bef,0x0000,0xbdd7,0x7bae,0xbd95,0x83ad,0x8bee,0x942e,0x940e,0x942e,0x942e,0x942e,0x940e,
  0x9c4f,0x72e9,0x9c0d,0xacb0,0xa46f,0xacaf,0xacaf,0x93cc,0x72ea,0xacf2,0xef1b,0xdeba,0xe6fb,0xd637,0x72c8,0x93cc,
  0x93cc,0xa44e,0xa44e,0xa42e,0xa42e,0xa44e,0xac6f,0xac8f,0xacaf,0xacb0,0xacaf,0xb4d0,0xb4b0,0x836b,0x9c2f,0xe6fa,
  0xe6fb,0xdeda,0xe6fa,0xe6fa,0xe6fa,0xe6db,0xe6db,0xe6da,0xe6da,0xdeda,0xdeb9,0xde99,0xde99,0xdeda,0xf75c,0xd657,
  0x9c50,0xacd2,0xde58,0xcdf7,0xc5b5,0xcdb6,0xcdf7,0xde78,0xe6fb,0xe6fb,0xe6da,0xe6fb,0xe6fb,0xde99,0xde58,0xdeb9,
  0xef1b,0xde99,0xad33,0xc5b6,0xbd96,0xd679,0xffff,0x0000,0xad55,0xffff,0x0000,0x0000,0x7bef,0x0000,0xffff,0x9491,
  0x83ad,0xc5b5,0xa4d3,0x9cd3,0xffff,0x0000,0x0000,0x0000,0x0000,0x0000,0xffff,0xd69a,0xc639,0xffff,0x0000,0x0000,
  0x0000,0xbdd6,0x94b2,0xe73c,0x0000,0xad55,0x0000,0x0000,0x0000,0x0000,0x0000,0x0000,0x0000,0x0000,0x0000,0x0000,
  0x0000,0x0000,0x0000,0x0000,0x0000,0x0000,0x0000,0x0000,0x0000,0x0000,0x0000,0x0000,0x0000,0x0000,0x0000,0x0000,
  0x0000,0x0000,0x0000,0x0000,0x0000,0x0000,0x0000,0x0000,0x0000,0x0000,0x0000,0x0000,0x0000,0x0000,0x0000,0x0000,
  0x0000,0x0000,0x0000,0x0000,0x0000,0x0000,0x0000,0x0000,0x0000,0x0000,0x0000,0x7bef,0x0000,0xffff,0x8c30,0x9cb3,
  0x0000,0x7bef,0x0000,0x0000,0xbdf7,0x0000,0xc638,0x736d,0xbd95,0x9471,0x83ad,0x9c50,0x940e,0x9c2e,0x942e,0x942e,
  0x940e,0x942e,0x838c,0x834b,0xacb0,0xa46f,0xac8f,0xac6f,0xa42e,0x9c0e,0x93ac,0x72a8,0xa490,0xef1b,0xe6da,0xde78,
  0x8b6c,0x834b,0x8b8c,0x93ee,0x93ed,0x8b8c,0x834b,0x832a,0x834a,0x836b,0x93cc,0xa46e,0xacaf,0xacb0,0xacaf,0xb4d0,
  0x8b8c,0x8bad,0xde99,0xef1b,0xe6da,0xe6fa,0xe6fa,0xe6db,0xe6db,0xe6da,0xe6da,0xe6da,0xe6da,0xdeb9,0xde99,0xde99,
  0xde99,0xe6fa,0xef1b,0xb533,0xacf3,0xeefa,0xe6ba,0xce17,0xcdd6,0xc575,0xc595,0xd658,0xe6fa,0xe6fb,0xe6fb,0xe6fb,
  0xe6ba,0xd638,0xce37,0xe6da,0xce17,0x734c,0xad34,0xbdd6,0xbdb6,0xdefb,0x0000,0x7bef,0xffff,0xffff,0xad55,0xffff,
  0x9cb2,0x7b6c,0xacb1,0x83ce,0xa514,0x0000,0x0000,0xffff,0xffff,0xb575,0x9c92,0x9451,0x9471,0x9492,0x9cb2,0x9471,
  0xad75,0xffff,0x2124,0x0000,0xad75,0xa4f3,0xffff,0x52aa,0x7bef,0x0000,0x0000,0x0000,0x0000,0x0000,0x0000,0x0000,
  0x0000,0x0000,0x0000,0x0000,0x0000,0x0000,0x0000,0x0000,0x0000,0x0000,0x0000,0x0000,0x0000,0x0000,0x0000,0x0000,
  0x0000,0x0000,0x0000,0x0000,0x0000,0x0000,0x0000,0x0000,0x0000,0x0000,0x0000,0x0000,0x0000,0x0000,0x0000,0x0000,
  0x0000,0x0000,0x0000,0x0000,0x0000,0x0000,0x0000,0x0000,0x0000,0x0000,0x0000,0x0000,0x0000,0xad55,0x0000,0x9cd3,
  0x83ef,0xffff,0x0000,0x7bef,0x0000,0xbdf7,0x0000,0xe71c,0x6b6d,0xad13,0xad33,0x734c,0xa4b1,0x8bcd,0x9c2f,0x942e,
  0x942e,0x942e,0x940e,0x9c4f,0x6ae9,0x9c2e,0xa48f,0xac8f,0xa46f,0x93cc,0x93ac,0x93cd,0x93ac,0x830a,0x6226,0x942f,
  0xdeb9,0xe6da,0xde99,0xce37,0xd678,0xd658,0xd638,0xd638,0xcdd6,0xbd74,0xb533,0xacb1,0x93ee,0x836c,0x834b,0x93cc,
  0xa44e,0xacaf,0xb4d0,0x93cd,0x836c,0xd658,0xe71b,0xdeda,0xe6fa,0xe6db,0xe6db,0xe6db,0xe6db,0xe6da,0xe6fa,0xe6da,
  0xdeba,0xde99,0xde99,0xde99,0xdeb9,0xef3b,0xc5d6,0x9c71,0xd679,0xef1b,0xe6da,0xe6da,0xd658,0xc5d6,0xce17,0xde99,
  0xe6fb,0xe6fb,0xe6fb,0xe6da,0xd658,0xc5d6,0xe6ba,0xce17,0x8430,0xce79,0xa4f3,0xbdd7,0xd699,0x0000,0x7bef,0xbdf7,
  0x0000,0xbdf7,0x83cd,0xa46f,0x83ce,0xad34,0x0000,0xffff,0xbdb6,0x9491,0x8c0f,0x9430,0xb534,0xd638,0xe6da,0xe6fb,
  0xe6fb,0xdeba,0xa513,0xa534,0x0000,0x3186,0xffff,0xad34,0xb596,0x0000,0xad55,0x0000,0x0000,0x0000,0x0000,0x0000,
  0x0000,0x0000,0x0000,0x0000,0x0000,0x0000,0x0000,0x0000,0x0000,0x0000,0x0000,0x0000,0x0000,0x0000,0x0000,0x0000,
  0x0000,0x0000,0x0000,0x0000,0x0000,0x0000,0x0000,0x0000,0x0000,0x0000,0x0000,0x0000,0x0000,0x0000,0x0000,0x0000,
  0x0000,0x0000,0x0000,0x0000,0x0000,0x0000,0x0000,0x0000,0x0000,0x0000,0x0000,0x0000,0x0000,0x0000,0xad55,0x0000,
  0xe73c,0x8410,0xce18,0x0000,0xffff,0x0000,0xad55,0x0000,0xffff,0x73ae,0x9cb2,0xc5d6,0x732b,0xacd1,0x8bed,0x942e,
  0x9c2e,0x942e,0x942e,0x942e,0x9c2f,0x940e,0x7b4b,0xacb0,0xa46f,0xa46f,0x93ed,0x9c0d,0xa44e,0xa42e,0x834b,0x834b,
  0xa4b1,0xcdd5,0xde99,0xe6fb,0xd679,0xe6fa,0xce16,0x8bee,0x940e,0xb533,0xde58,0xde99,0xde99,0xdeba,0xde99,0xce37,
  0xbd53,0x9c2f,0x8b8c,0x938c,0xa44e,0xb4f1,0x9c0d,0x7b4b,0xd638,0xef1b,0xdeda,0xe6fb,0xe6fb,0xe6db,0xe6fb,0xdeb9,
  0xde99,0xe6da,0xe6da,0xdeba,0xdeb9,0xdeb9,0xdeb9,0xdeb9,0xef3b,0xde99,0xa4b2,0xce17,0xef1b,0xdeda,0xe6fb,0xe6fb,
  0xdeba,0xd658,0xd658,0xde99,0xe6da,0xef1b,0xe71b,0xde99,0xc5d6,0xde79,0xc5d6,0x9471,0xffff,0xad34,0xce18,0xd679,
  0xffff,0x0000,0xffff,0x8c0f,0xa46f,0x836d,0xa4f3,0xffff,0xa533,0x9471,0x9c71,0xacd2,0xbd74,0xd658,0xde99,0xc595,
  0xa4b1,0xa4d1,0xde78,0xef1b,0xe71b,0xa4f3,0xc5f7,0x0000,0x0000,0xe71b,0xb575,0xffbe,0x0000,0xffff,0x0000,0x0000,
  0x0000,0x0000,0x0000,0x0000,0x0000,0x0000,0x0000,0x0000,0x0000,0x0000,0x0000,0x0000,0x0000,0x0000,0x0000,0x0000,
  0x0000,0x0000,0x0000,0x0000,0x0000,0x0000,0x0000,0x0000,0x0000,0x0000,0x0000,0x0000,0x0000,0x0000,0x0000,0x0000,
  0x0000,0x0000,0x0000,0x0000,0x0000,0x0000,0x0000,0x0000,0x0000,0x0000,0x0000,0x0000,0x0000,0x0000,0x0000,0x0000,
  0x7bef,0x0000,0x8c30,0x8c51,0x0000,0xad55,0x0000,0xffff,0x0000,0xffff,0x8c30,0x8c30,0xce37,0x83ce,0x9c2f,0x9c4f,
  0x93ed,0x9c4e,0x942e,0x942e,0x942e,0x940e,0xacb1,0x7b4b,0x9c0e,0xac8f,0xac6f,0x9c0d,0x9c2e,0xac90,0x93cd,0x832b,
  0xa491,0xd637,0xef3b,0xb512,0x836c,0xc5d6,0xc5d6,0xbd74,0xacd1,0xb512,0x942f,0x834b,0x9c2f,0xcdf6,0xd658,0xd617,
  0xde78,0xde99,0xdeb9,0xe6b9,0xd658,0xad12,0x8bac,0x8b8c,0xac8f,0x9c0d,0x7b4b,0xce17,0xef3b,0xdeda,0xe6fa,0xe6fb,
  0xe6fa,0xe6fa,0xce17,0xde99,0xe6ba,0xe6da,0xdeba,0xdeb9,0xdeba,0xdeba,0xdeb9,0xe6fb,0xe6fa,0xacd2,0xc5b6,0xef1b,
  0xdeda,0xdeda,0xe6fb,0xe6fb,0xe6da,0xde99,0xce17,0xd638,0xe6ba,0xef1b,0xe6fa,0xc5d6,0xcdf6,0xb554,0x9471,0xffff,
  0xa4f3,0xbdd7,0xc618,0x0000,0x9492,0x8bee,0xa44f,0x8bef,0xc617,0x83ce,0x9cb2,0xb534,0xc595,0xc5b5,0xd637,0xbd74,
  0x9c2f,0x93ed,0x93ed,0x836b,0x942f,0xe6fb,0xe71b,0xdeba,0x9491,0xffff,0x0000,0x0000,0xbdb6,0xc5f7,0x0000,0x7bef,
  0x0000,0x0000,0x0000,0x0000,0x0000,0x0000,0x0000,0x0000,0x0000,0x0000,0x0000,0x0000,0x0000,0x0000,0x0000,0x0000,
  0x0000,0x0000,0x0000,0x0000,0x0000,0x0000,0x0000,0x0000,0x0000,0x0000,0x0000,0x0000,0x0000,0x0000,0x0000,0x0000,
  0x0000,0x0000,0x0000,0x0000,0x0000,0x0000,0x0000,0x0000,0x0000,0x0000,0x0000,0x0000,0x0000,0x0000,0x0000,0x0000,
  0x0000,0xbdf7,0x0000,0xc5f7,0x840f,0xffff,0x0000,0xffff,0xffef,0x0000,0xffff,0x9cd3,0x840f,0xc5f7,0x9cb1,0x83ad,
  0xacd2,0x8bad,0x9c4f,0x9c2e,0x942e,0x942e,0x942e,0x942e,0xacb1,0x7b4b,0xacb0,0xa46f,0x9c2e,0xa44f,0xa46f,0x7b2a,
  0x8bad,0xc5d6,0xbd94,0xb4f3,0xbd95,0x838c,0x7b0b,0xb533,0xe6da,0xbd74,0x93ad,0xacb1,0xd658,0xb4f2,0x8bad,0x93ee,
  0xcdf6,0xe6fa,0xdeb9,0xe6da,0xdeda,0xdeb9,0xdeb9,0xe71b,0xdeb9,0xb533,0x838c,0x93ac,0x9c2e,0x7b6c,0xce17,0xef1b,
  0xe6da,0xe6fb,0xe6fb,0xe6fa,0xdeb9,0xce17,0xdeba,0xdeba,0xe6da,0xdeba,0xdeb9,0xdeb9,0xdeb9,0xdeb9,0xe6da,0xeefb,
  0xad13,0xbdb5,0xef1b,0xe6da,0xe6da,0xe6da,0xe6da,0xe6fb,0xe6fa,0xd679,0xcdf7,0xd637,0xeefb,0xef3c,0xce17,0xc595,
  0x9c71,0xb595,0xdeba,0x9cd3,0xad34,0xe6fb,0x7b6d,0xacd1,0x7b6c,0x736c,0x9c91,0xb534,0xc5b5,0xbd94,0xc5b5,0xdeb9,
  0xc595,0x8bac,0x9c0e,0x9c4f,0x9c2e,0xa46f,0x8bad,0xc5f6,0xe71b,0xef5c,0xb595,0x94b2,0x0000,0x0000,0xde9a,0xbdb6,
  0xffff,0x0000,0xffff,0x0000,0x0000,0x0000,0x0000,0x0000,0x0000,0x0000,0x0000,0x0000,0x0000,0x0000,0x0000,0x0000,
  0x0000,0x0000,0x0000,0x0000,0x0000,0x0000,0x0000,0x0000,0x0000,0x0000,0x0000,0x0000,0x0000,0x0000,0x0000,0x0000,
  0x0000,0x0000,0x0000,0x0000,0x0000,0x0000,0x0000,0x0000,0x0000,0x0000,0x0000,0x0000,0x0000,0x0000,0x0000,0x0000,
  0x0000,0x0000,0x0000,0x7bef,0x0000,0x8c30,0x8c71,0x0000,0x52aa,0xffff,0x0000,0x0000,0xad34,0x83ef,0xbdb6,0xb574,
  0x734c,0xacd2,0x8bed,0x942e,0x9c2e,0x9c2f,0x9c2f,0x942e,0x940e,0xa490,0x93ee,0x8bcd,0xacb0,0x9c2d,0xa42e,0xa46f,
  0x6aa9,0x940e,0xd678,0xb533,0xa4b1,0xa490,0xa4b1,0x730a,0x8bed,0xd678,0xd658,0xc5d6,0xcdb5,0x9c2f,0xacd1,0xde99,
  0xc5b5,0xa470,0x93ee,0xd637,0xef1b,0xdeda,0xe6da,0xe6da,0xe6da,0xdeba,0xdeba,0xef1b,0xdeb9,0xa4d1,0x8bac,0x93ed,
  0x8b8c,0xce37,0xef3b,0xe6da,0xe6fb,0xe6fa,0xe6fb,0xd658,0xd679,0xe6da,0xe6da,0xe6da,0xdeda,0xdeba,0xdeb9,0xdeb9,
  0xdeb9,0xdeda,0xef1b,0xb533,0xc5b5,0xef1b,0xe6fa,0xe6fa,0xe6fa,0xe6da,0xe6fa,0xe6fb,0xe6fa,0xd678,0xcdf7,0xd658,
  0xef1b,0xd658,0xb4f3,0x840f,0xffff,0x9492,0xb575,0xa4f3,0x83ad,0xb4f1,0x62ca,0xad13,0xc5d6,0xc5b5,0xb533,0xa490,
  0xa490,0xa470,0x9c50,0x9c4f,0x9c2e,0x940e,0x9c4e,0x9c2e,0x940e,0xa4b1,0xef3c,0xe6fb,0xe6fb,0x8c71,0xf7be,0x0000,
  0xffff,0xc5d7,0xd659,0x0000,0xbdf7,0x0000,0x0000,0x0000,0x0000,0x0000,0x0000,0x0000,0x0000,0x0000,0x0000,0x0000,
  0x0000,0x0000,0x0000,0x0000,0x0000,0x0000,0x0000,0x0000,0x0000,0x0000,0x0000,0x0000,0x0000,0x0000,0x0000,0x0000,
  0x0000,0x0000,0x0000,0x0000,0x0000,0x0000,0x0000,0x0000,0x0000,0x0000,0x0000,0x0000,0x0000,0x0000,0x0000,0x0000,
  0x0000,0x0000,0x0000,0x0000,0xffff,0x0000,0xdebb,0x8c30,0xdedb,0x0000,0xce79,0x0000,0xffff,0xbdd6,0x6b4c,0xad54,
  0xc5f6,0x83ce,0x942f,0xa490,0x8bcd,0x9c4f,0x9c2f,0x9c2f,0x9c2f,0x9c2e,0x940e,0xacd1,0x7b6b,0xa46f,0xa44e,0x9c4e,
  0xa46f,0x72c9,0x9c70,0xe6fa,0xbd74,0xacd2,0x942f,0xacf2,0xa490,0x6aea,0xbd94,0xde99,0xd658,0xc5b5,0xcdf6,0xcdf6,
  0x9c2f,0xbd74,0xde78,0xd658,0xbd33,0x93ce,0xcdf7,0xe73b,0xe6ba,0xe6da,0xe6da,0xe6da,0xe6ba,0xde99,0xdeba,0xef1b,
  0xce17,0x940e,0x8b8c,0x838c,0xce16,0xef3c,0xe6da,0xe6fa,0xe6fa,0xe6da,0xce17,0xdeb9,0xe6da,0xe6da,0xe6da,0xe6da,
  0xdeb9,0xdeb9,0xdeb9,0xde99,0xdeb9,0xeefb,0xb513,0xb513,0xe6b9,0xe6fa,0xe6fa,0xe6fb,0xe6fa,0xe6da,0xe6da,0xe6fb,
  0xe6da,0xce17,0xc5b6,0xe6da,0xde99,0xa471,0x9451,0xdeba,0xad34,0x736d,0xa490,0x8bad,0x942f,0xc5f6,0xbd95,0xa490,
  0x838c,0x9c2f,0xacd2,0xbd94,0xde99,0xe6fa,0xd678,0xa4b0,0x940e,0x9c4f,0x9c2e,0x940e,0xdeb9,0xe6fb,0xef5c,0xbdb6,
  0xa4f3,0x0000,0x0000,0xce18,0xc5f7,0x0000,0xbbef,0x0000,0x0000,0x0000,0x0000,0x0000,0x0000,0x0000,0x0000,0x0000,
  0x0000,0x0000,0x0000,0x0000,0x0000,0x0000,0x0000,0x0000,0x0000,0x0000,0x0000,0x0000,0x0000,0x0000,0x0000,0x0000,
  0x0000,0x0000,0x0000,0x0000,0x0000,0x0000,0x0000,0x0000,0x0000,0x0000,0x0000,0x0000,0x0000,0x0000,0x0000,0x0000,
  0x0000,0x0000,0x0000,0x0000,0x0000,0x0000,0x52aa,0x0000,0x94b2,0x8c30,0xffff,0x7bef,0x7bef,0xffff,0xbdf7,0x630b,
  0x9491,0xc5d6,0xa4d2,0x7b6c,0xb513,0x8bcd,0x9c2f,0x9c2f,0x9c2f,0x9c2f,0x9c2e,0x9c2e,0x9c4e,0xa4b1,0x834b,0xac8f,
  0x9c2e,0xa44e,0x72c9,0xa470,0xef1a,0xc5d6,0xb513,0xacb1,0x8bce,0xce16,0x8bcd,0x9c90,0xd637,0xd658,0xd658,0xc5d5,
  0xcdd5,0xd617,0xbd74,0xbd74,0xce17,0xd658,0xdeb9,0xd658,0x9c50,0xce17,0xef1b,0xe6da,0xe6da,0xe6da,0xe6da,0xe6da,
  0xdeb9,0xde99,0xe6fa,0xe6da,0xacd2,0x834b,0x836c,0xd637,0xef1b,0xe6da,0xe6fa,0xe6fa,0xd658,0xce37,0xe6fa,0xe6da,
  0xe6da,0xe6da,0xe6ba,0xdeba,0xdeba,0xdeb9,0xdeb9,0xdeba,0xeefb,0xb554,0xacf2,0xd658,0xdeb9,0xe6da,0xe6da,0xe6fb,
  0xe6fa,0xe6fa,0xe6fa,0xe71b,0xde99,0xc5b6,0xde58,0xe699,0x9c71,0xad34,0xa4d2,0x736c,0xa4b1,0x7b8c,0xbd74,0xbd95,
  0x940e,0x7aea,0x9c70,0xd637,0xde99,0xce17,0xbd95,0xd638,0xef3b,0xded9,0xa44f,0x9c2e,0x9c4f,0x93ed,0xce17,0xef3b,
  0xe71b,0xdeba,0x9471,0xffff,0x0000,0xde9a,0xc5f7,0x0000,0x0000,0x0000,0x0000,0x0000,0x0000,0x0000,0x0000,0x0000,
  0x0000,0x0000,0x0000,0x0000,0x0000,0x0000,0x0000,0x0000,0x0000,0x0000,0x0000,0x0000,0x0000,0x0000,0x0000,0x0000,
  0x0000,0x0000,0x0000,0x0000,0x0000,0x0000,0x0000,0x0000,0x0000,0x0000,0x0000,0x0000,0x0000,0x0000,0x0000,0x0000,
  0x0000,0x0000,0x0000,0x0000,0x0000,0x0000,0x0000,0xffff,0x0000,0xffff,0x8c31,0xa514,0x0000,0x52aa,0x0000,0xc618,
  0x94b2,0x7bce,0xc5d6,0xbd95,0x734c,0xa4b1,0x9c50,0x940e,0x9c4f,0x9c2f,0x9c2f,0x942e,0x942e,0x940d,0xacd1,0x942e,
  0x8bac,0xa44f,0x9c2e,0x6aa8,0x940e,0xe6fa,0xce17,0xbd54,0xb513,0x940e,0xa491,0xd637,0x838c,0xb533,0xce16,0xde78,
  0xd678,0xc5d5,0xc5d6,0xce17,0xcdf6,0xbd74,0xd637,0xdeb9,0xdeda,0xe6fb,0xe6ba,0xa491,0xd658,0xe6da,0xe6ba,0xdeba,
  0xdeba,0xdeba,0xdeba,0xdeb9,0xde99,0xd679,0xe6fb,0xc5b6,0x838c,0x8b8c,0xde78,0xef1b,0xdeda,0xe6fa,0xe6da,0xce17,
  0xde99,0xe6ba,0xde99,0xde99,0xde99,0xdeba,0xdeba,0xdeba,0xdeb9,0xdeba,0xdeb9,0xef1b,0xbd74,0xb513,0xd658,0xde99,
  0xe6da,0xdeba,0xe6da,0xe6fa,0xe6fa,0xe6da,0xe6fb,0xe6fa,0xc595,0xc5b5,0xe6da,0x9430,0x5a89,0x8bee,0x9c2f,0x940e,
  0xc5b5,0x8b8c,0x72c9,0xa4b1,0xeefb,0xe6b9,0xc5b5,0xd617,0xd658,0xb533,0xbd74,0xef3b,0xd658,0x940e,0x9c6f,0x93ed,
  0xb533,0xef3b,0xe6da,0xef3c,0xa4f3,0xbdd7,0x0000,0xff9e,0xce18,0xe71c,0x0000,0xffff,0x0000,0x0000,0x0000,0x0000,
  0x0000,0x0000,0x0000,0x0000,0x0000,0x0000,0x0000,0x0000,0x0000,0x0000,0x0000,0x0000,0x0000,0x0000,0x0000,0x0000,
  0x0000,0x0000,0x0000,0x0000,0x0000,0x0000,0x0000,0x0000,0x0000,0x0000,0x0000,0x0000,0x0000,0x0000,0x0000,0x0000,
  0x0000,0x0000,0x0000,0x0000,0x0000,0x0000,0x0000,0x0000,0x0000,0xffff,0x0000,0xc5f8,0x8410,0xdefb,0x7bef,0x0000,
  0xbdb6,0xc638,0x738e,0xb575,0xbdb6,0x9450,0x8bee,0xb533,0x8bcd,0x9c4e,0x9c2e,0x9c2f,0x9c2f,0x940e,0x942e,0x93ed,
  0xb533,0x836c,0x9c0e,0x9c0e,0x72e9,0x834b,0xd658,0xdeba,0xbd74,0xbd74,0xacd2,0x8bad,0xbd54,0xcdf6,0x8bce,0xbd53,
  0xd657,0xde79,0xd679,0xc5b5,0xd678,0xde99,0xde99,0xc5d6,0xce17,0xde79,0xe6fb,0xdeda,0xe6fb,0xde99,0xa4b1,0xde79,
  0xde99,0xde99,0xde99,0xde99,0xde99,0xde99,0xde99,0xd637,0xce17,0xe6fa,0xd638,0x83ad,0x836b,0xde99,0xe6fa,0xdeda,
  0xe6da,0xd678,0xce17,0xde99,0xde79,0xde79,0xde79,0xde99,0xde99,0xdeba,0xd678,0xde99,0xde99,0xde99,0xe71a,0xbd74,
  0xacf2,0xd617,0xd678,0xdeb9,0xdeb9,0xdeba,0xe6da,0xe6da,0xe6da,0xe6fa,0xe6fa,0xc5b5,0xbd54,0xd638,0x8c2f,0x942f,
  0x8bcd,0xacf2,0x93ee,0x72a9,0x9c2f,0xce37,0xb512,0x8bad,0x836c,0x83ad,0xde98,0xef1b,0xc5d6,0xad12,0xe6da,0xbd94,
  0x9c0d,0x9c0e,0xa4b1,0xe71b,0xe6da,0xef7c,0xc5f7,0x9492,0x0000,0x0000,0xce38,0xd69a,0x0000,0xad55,0x0000,0x0000,
  0x0000,0x0000,0x0000,0x0000,0x0000,0x0000,0x0000,0x0000,0x0000,0x0000,0x0000,0x0000,0x0000,0x0000,0x0000,0x0000,
  0x0000,0x0000,0x0000,0x0000,0x0000,0x0000,0x0000,0x0000,0x0000,0x0000,0x0000,0x0000,0x0000,0x0000,0x0000,0x0000,
  0x0000,0x0000,0x0000,0x0000,0x0000,0x0000,0x0000,0x0000,0x0000,0x0000,0x0000,0x7bef,0x0000,0x9492,0x83ef,0xffff,
  0x0000,0xb576,0xc5f7,0x9451,0x9c91,0xbdb5,0xa4b1,0x730b,0xb533,0x942f,0x940e,0x9c4f,0x9c2f,0x9c2f,0x9c2f,0x940e,
  0x940e,0x9c4f,0xb533,0x7b4b,0xa44e,0x7ae9,0x6ac9,0xbd74,0xe6da,0xcdf7,0xbd54,0xbd74,0xa470,0x8bce,0xc5d5,0xc5d5,
  0x940e,0xbd74,0xd678,0xde99,0xde79,0xc5d6,0xe6da,0xe6fa,0xe6fb,0xd699,0xcdf6,0xd679,0xdeda,0xe6fa,0xe6da,0xef1b,
  0xce17,0xb553,0xe6da,0xde79,0xde99,0xde99,0xde99,0xde99,0xde79,0xde99,0xd637,0xc5f6,0xdeba,0xde99,0x8bce,0x838c,
  0xdeb9,0xdeda,0xdeba,0xe6da,0xd638,0xd638,0xde99,0xde79,0xde79,0xde79,0xde79,0xdeba,0xde99,0xce38,0xde99,0xdeb9,
  0xde99,0xef1b,0xb554,0xacf2,0xcdf6,0xce16,0xde99,0xdeba,0xe6da,0xe6da,0xe6fb,0xe6fb,0xe6da,0xe6fb,0xc5b6,0xb534,
  0xc5b5,0x93ee,0x93ce,0x942e,0x6ac9,0x8bac,0x9c6f,0x8bad,0x7b4b,0x8bac,0x93ed,0x8bad,0xa4b1,0xeefb,0xe71b,0xde99,
  0xbd74,0xde98,0xa490,0x93ed,0x9c4f,0xe6da,0xe71b,0xef3c,0xdeba,0x9492,0xffff,0x0000,0xd67a,0xd69a,0x0000,0xbdf7,
  0x0000,0x0000,0x0000,0x0000,0x0000,0x0000,0x0000,0x0000,0x0000,0x0000,0x0000,0x0000,0x0000,0x0000,0x0000,0x0000,
  0x0000,0x0000,0x0000,0x0000,0x0000,0x0000,0x0000,0x0000,0x0000,0x0000,0x0000,0x0000,0x0000,0x0000,0x0000,0x0000,
  0x0000,0x0000,0x0000,0x0000,0x0000,0x0000,0x0000,0x0000,0x0000,0x0000,0x0000,0x0000,0x0000,0x0000,0x0000,0x8c30,
  0x9472,0x0000,0xc618,0xad76,0xbdb6,0x7bae,0xbdb6,0xacf2,0x838d,0x942f,0xb533,0x8bac,0x9c2f,0x9c2f,0x9c2f,0x9c2f,
  0x9c2e,0x940e,0x8bcd,0xacf2,0xacd1,0x834a,0x836b,0x6247,0x9c4f,0xd658,0xdeb9,0xbd95,0xc5d6,0xc5b5,0x940f,0xa490,
  0xb533,0xc5b5,0x93ee,0xc5b5,0xde99,0xde99,0xd679,0xce17,0xe6da,0xdeba,0xdeba,0xe6da,0xc5b5,0xde79,0xd658,0xe6da,
  0xe6da,0xe6da,0xef3b,0xbd94,0xcdf6,0xe6da,0xd678,0xde99,0xde99,0xde79,0xde79,0xde79,0xde99,0xd658,0xc5d6,0xde99,
  0xe6ba,0x942f,0x9c2f,0xe6fa,0xdeda,0xe6da,0xdeb9,0xce17,0xde79,0xde99,0xde79,0xde79,0xde79,0xde99,0xe6da,0xd678,
  0xd658,0xdeba,0xde99,0xde99,0xef1b,0xad13,0xacf2,0xd617,0xcdf7,0xd617,0xce17,0xd658,0xd679,0xdeba,0xe6fb,0xe71b,
  0xe6fa,0xc5d6,0xc5b5,0xb512,0x730a,0x72ea,0x836b,0x8bcd,0x834b,0x8b8c,0x93ed,0x9c0e,0x9c0e,0x9c2e,0x93cd,0xd617,
  0xe71b,0xe6fb,0xe6da,0xce37,0xc594,0x93ed,0x93cd,0xce37,0xef3c,0xe6fb,0xef1b,0x9cd2,0xd6ba,0x0000,0xce79,0xd69a,
  0x0000,0xbdf7,0x0000,0x0000,0x0000,0x0000,0x0000,0x0000,0x0000,0x0000,0x0000,0x0000,0x0000,0x0000,0x0000,0x0000,
  0x0000,0x0000,0x0000,0x0000,0x0000,0x0000,0x0000,0x0000,0x0000,0x0000,0x0000,0x0000,0x0000,0x0000,0x0000,0x0000,
  0x0000,0x0000,0x0000,0x0000,0x0000,0x0000,0x0000,0x0000,0x0000,0x0000,0x0000,0x0000,0x0000,0x0000,0xffff,0x0000,
  0xffff,0x8c31,0x9cd3,0xffff,0xad55,0xef7d,0x7bae,0xb554,0xacf3,0x9c91,0x734c,0xbd54,0x942f,0x93ed,0x9c4f,0x9c2f,
  0x9c2f,0x9c2f,0x9c2f,0x93ed,0x8bcc,0xc5d5,0x940e,0x72e9,0x6a88,0x836c,0xc5f6,0xdeda,0xce17,0xc5b5,0xce17,0xc595,
  0x940e,0xbd74,0xa4d1,0xbd74,0x8bad,0xc5d5,0xde99,0xdeba,0xde99,0xdeba,0xdeba,0xdeba,0xdeb9,0xe6da,0xc5b5,0xce17,
  0xd658,0xde79,0xde99,0xde99,0xdeba,0xe6da,0xad12,0xde79,0xde99,0xde78,0xde79,0xde79,0xde79,0xde79,0xde79,0xde99,
  0xde78,0xcdd6,0xde99,0xe6da,0x9c2f,0xa491,0xe6fa,0xdeb9,0xe6da,0xd638,0xce17,0xde99,0xde79,0xde79,0xde79,0xd679,
  0xdeb9,0xdeba,0xce38,0xde99,0xdeb9,0xde99,0xde99,0xe71a,0xa4b1,0xbd75,0xe6ba,0xde79,0xd637,0xc5b6,0xc595,0xc594,
  0xc5d5,0xce17,0xd637,0xd5f6,0xacb1,0xc574,0x8bad,0x72c9,0x93ed,0x7b4b,0x8bac,0x93ed,0x93ed,0x93ed,0x93cd,0x9c2e,
  0x9c0d,0x9c70,0xe6fa,0xdeda,0xe6fa,0xe6fb,0xde78,0x9c2e,0x8bac,0xbd74,0xef3c,0xe6fb,0xef5c,0xb595,0xa513,0x0000,
  0xd69a,0xd6ba,0x0000,0xbdf7,0x0000,0x0000,0x0000,0x0000,0x0000,0x0000,0x0000,0x0000,0x0000,0x0000,0x0000,0x0000,
  0x0000,0x0000,0x0000,0x0000,0x0000,0x0000,0x0000,0x0000,0x0000,0x0000,0x0000,0x0000,0x0000,0x0000,0x0000,0x0000,
  0x0000,0x0000,0x0000,0x0000,0x0000,0x0000,0x0000,0x0000,0x0000,0x0000,0x0000,0x0000,0x0000,0x0000,0x0000,0x0000,
  0xffff,0x0000,0xffff,0x7bcf,0xce38,0xb575,0xc618,0x9cd2,0x9471,0xb574,0xa4d1,0x7b8c,0x9470,0xb533,0x8bcd,0x9c2e,
  0x9c4f,0x9c2f,0x9c2f,0x9c4f,0x942e,0x8bcd,0x942e,0xd637,0x7b2b,0x72c9,0x6aa8,0xbd53,0xd678,0xdeba,0xc5d6,0xc5f6,
  0xd637,0xb513,0xa490,0xcdf6,0xacd1,0xb533,0x8bcd,0xc5b5,0xe6da,0xe6da,0xdeb9,0xdeba,0xde99,0xde99,0xd678,0xd699,
  0xce37,0xbd94,0xde99,0xce17,0xd678,0xd658,0xd678,0xe6da,0xd658,0xb554,0xe6da,0xde78,0xde79,0xde78,0xde78,0xde78,
  0xde78,0xde78,0xde99,0xde78,0xcdd6,0xde79,0xe6da,0x9c70,0xb513,0xe71b,0xdeba,0xde99,0xcdf7,0xd658,0xde99,0xde79,
  0xde79,0xde79,0xd679,0xdeba,0xd679,0xd678,0xdeb9,0xde99,0xdeb9,0xdeb9,0xe6fa,0xa471,0xcdf7,0xe6fa,0xde99,0xe6ba,
  0xde99,0xd658,0xcdd6,0xc595,0xc595,0xbd94,0xb533,0xa44f,0xac90,0x72ea,0x7b2a,0x836b,0x93cd,0x8bac,0x9c0e,0xb532,
  0xb512,0x93ee,0x9c4f,0x93ed,0xc5d5,0xef1b,0xe6da,0xdeda,0xe71b,0xacd1,0x8bac,0xb533,0xe71b,0xe6fb,0xef3c,0xd679,
  0x94b2,0x0000,0xd69a,0xd6ba,0x0000,0xbdf7,0x0000,0x0000,0x0000,0x0000,0x0000,0x0000,0x0000,0x0000,0x0000,0x0000,
  0x0000,0x0000,0x0000,0x0000,0x0000,0x0000,0x0000,0x0000,0x0000,0x0000,0x0000,0x0000,0x0000,0x0000,0x0000,0x0000,
  0x0000,0x0000,0x0000,0x0000,0x0000,0x0000,0x0000,0x0000,0x0000,0x0000,0x0000,0x0000,0x0000,0x0000,0x0000,0x0000,
  0x0000,0x0000,0xad55,0x0000,0xe71c,0x7bcf,0xc618,0xa4f3,0xffff,0x7bae,0xad13,0xad13,0x9c91,0x732b,0xbd74,0x9c4f,
  0x8bcd,0x9c4f,0x9c2f,0x9c2f,0x9c2f,0x9c4f,0x940e,0x8b8c,0xad12,0xc5f6,0x72c9,0x6a88,0x940f,0xce37,0xdeda,0xd678,
  0xc5b5,0xcdf6,0xd637,0xa470,0xb533,0xd637,0xacd2,0xb4f2,0x940e,0xbd94,0xe6fa,0xde99,0xd678,0xd638,0xde79,0xd658,
  0xd658,0xd658,0xd678,0xb533,0xd678,0xce17,0xd637,0xd658,0xd658,0xd658,0xe6da,0xbd74,0xcdf6,0xe6b9,0xde58,0xd678,
  0xd678,0xd678,0xd678,0xde78,0xd658,0xde99,0xde79,0xcdf6,0xde99,0xe6da,0x9c50,0xc5b5,0xe6fb,0xdeb9,0xd658,0xcdf7,
  0xde79,0xde79,0xde78,0xde79,0xde79,0xd678,0xde99,0xd658,0xde99,0xde99,0xdeb9,0xde99,0xdeda,0xe6da,0x9c50,0xd678,
  0xe6fa,0xd678,0xd658,0xd678,0xde99,0xde99,0xde99,0xde78,0xd657,0xbd74,0xacb2,0x93ee,0x6a88,0x8b8c,0x7b2a,0x832a,
  0x834b,0x93ee,0xd637,0xcdf6,0x9c2e,0x9c2e,0x9c4f,0xe6da,0xe6da,0xe6da,0xe71b,0xc5d6,0x8bac,0xb512,0xdeb9,0xe71b,
  0xe6fb,0xe6fb,0x9cb2,0xfffd,0xd69a,0xd69a,0x0000,0xffff,0x0000,0x0000,0x0000,0x0000,0x0000,0x0000,0x0000,0x0000,
  0x0000,0x0000,0x0000,0x0000,0x0000,0x0000,0x0000,0x0000,0x0000,0x0000,0x0000,0x0000,0x0000,0x0000,0x0000,0x0000,
  0x0000,0x0000,0x0000,0x0000,0x0000,0x0000,0x0000,0x0000,0x0000,0x0000,0x0000,0x0000,0x0000,0x0000,0x0000,0x0000,
  0x0000,0x0000,0x0000,0x0000,0xad55,0x0000,0xc638,0x83ef,0xa514,0xffde,0x8c30,0x9430,0xb534,0xb513,0x838d,0x9450,
  0xb553,0x8bcd,0x940e,0x9c4f,0x9c2f,0x9c2f,0x9c2f,0x942f,0x8bed,0x838c,0xcdf6,0xad12,0x6a88,0x72e9,0xc5b5,0xd658,
  0xe6da,0xd637,0xc5b6,0xce17,0xcdf6,0x9c50,0xbdb5,0xde98,0xb533,0xacb1,0xa490,0xbd54,0xe6da,0xd678,0xde79,0xce17,
  0xd658,0xd658,0xd658,0xd657,0xde98,0xb554,0xcdf6,0xd658,0xcdf6,0xd658,0xd658,0xd658,0xd658,0xde78,0xacd2,0xde99,
  0xd658,0xde78,0xd678,0xd678,0xd678,0xd678,0xd678,0xd658,0xde99,0xde79,0xcdf6,0xde99,0xde99,0x9c70,0xd637,0xe6fa,
  0xde99,0xce17,0xd638,0xde99,0xde78,0xde78,0xde78,0xd658,0xd678,0xd658,0xde79,0xde99,0xde99,0xdeb9,0xdeb9,0xe6fb,
  0xd658,0x9c50,0xe6ba,0xe6fa,0xdeb9,0xd658,0xc5d6,0xbd74,0xbd54,0xbd74,0xbd54,0xbd74,0xcdf6,0xc595,0x62a9,0x6268,
  0x72e9,0x7b2a,0x7b2a,0x7b0a,0x7b2b,0xce16,0xd616,0x9c0e,0x8b8c,0xc5d6,0xe71b,0xdeba,0xe6fb,0xde99,0x93ed,0xb4f2,
  0xd657,0xe71b,0xe6fb,0xef3c,0xb595,0xad54,0xef7d,0xd6ba,0x0000,0xad55,0x0000,0x0000,0x0000,0x0000,0x0000,0x0000,
  0x0000,0x0000,0x0000,0x0000,0x0000,0x0000,0x0000,0x0000,0x0000,0x0000,0x0000,0x0000,0x0000,0x0000,0x0000,0x0000,
  0x0000,0x0000,0x0000,0x0000,0x0000,0x0000,0x0000,0x0000,0x0000,0x0000,0x0000,0x0000,0x0000,0x0000,0x0000,0x0000,
  0x0000,0x0000,0x0000,0x0000,0x0000,0x0000,0xad55,0x0000,0xce79,0x8c51,0x9471,0xffff,0x7bae,0xa4f3,0xb534,0xa4d2,
  0x732b,0xbd74,0xa490,0x8bcd,0x942e,0x9c4f,0x9c4f,0x9c2f,0x9c2f,0x942e,0x8bac,0x8bcd,0xd658,0x940e,0x5a26,0x9c70,
  0xce37,0xdeb9,0xdeb9,0xce17,0xc5d6,0xd678,0xbd74,0xa491,0xcdf6,0xde99,0xc5b5,0xa470,0xbd53,0xb533,0xdeb9,0xd658,
  0xde78,0xce17,0xce37,0xd658,0xd658,0xd658,0xde78,0xc5b5,0xbd54,0xde99,0xcdf6,0xd658,0xd658,0xd658,0xd658,0xde99,
  0xbd74,0xb554,0xe6da,0xd637,0xde79,0xd678,0xd678,0xd658,0xd658,0xd658,0xd658,0xde99,0xde79,0xce17,0xdeb9,0xd658,
  0xa4d2,0xde99,0xe6da,0xde79,0xcdf6,0xde78,0xde78,0xde78,0xde78,0xde79,0xd658,0xd678,0xd658,0xdeb9,0xde99,0xdeb9,
  0xdeda,0xdeba,0xe71b,0xcdf7,0xa491,0xe6fa,0xe6fa,0xe6fb,0xe6fb,0xdeda,0xdeba,0xde99,0xdeba,0xe6fb,0xe6da,0xa4d1,
  0x8bee,0x5a67,0x9c2e,0x9c2e,0x836b,0x834b,0x834a,0x7b2a,0xd637,0xcdf6,0x9c0e,0x9c70,0xeefb,0xdeba,0xdeda,0xe6da,
  0x9c4e,0xb4f2,0xd637,0xdeda,0xe6fb,0xef3c,0xce59,0x94b2,0xffff,0xdeda,0x0000,0xad55,0x0000,0x0000,0x0000,0x0000,
  0x0000,0x0000,0x0000,0x0000,0x0000,0x0000,0x0000,0x0000,0x0000,0x0000,0x0000,0x0000,0x0000,0x0000,0x0000,0x0000,
  0x0000,0x0000,0x0000,0x0000,0x0000,0x0000,0x0000,0x0000,0x0000,0x0000,0x0000,0x0000,0x0000,0x0000,0x0000,0x0000,
  0x0000,0x0000,0x0000,0x0000,0x0000,0x0000,0x0000,0x0000,0xbdf7,0x0000,0xc618,0x9cb2,0xd679,0x8c50,0x8c30,0xbd95,
  0xbd75,0x7b8d,0x942f,0xbd74,0x940e,0x8bed,0x9c4f,0x9c4f,0x9c4f,0x9c2f,0x9c2f,0x93ed,0x8b8c,0x9c70,0xde78,0x730a,
  0x72ea,0xc5d6,0xd658,0xdeb9,0xde99,0xcdd6,0xcdf6,0xdeb9,0xacd2,0xb533,0xce37,0xde78,0xd657,0x9c50,0xc5b5,0xb513,
  0xde99,0xd658,0xd678,0xd637,0xcdf6,0xd678,0xd658,0xd658,0xd658,0xce17,0xb513,0xde99,0xce17,0xd617,0xd678,0xd658,
  0xd658,0xd658,0xde78,0xa491,0xd637,0xd658,0xce17,0xde79,0xd678,0xd658,0xd658,0xd658,0xd658,0xd658,0xde99,0xd678,
  0xcdf7,0xe6da,0xcdd6,0xb513,0xe6da,0xe6ba,0xd638,0xce17,0xde79,0xde78,0xde79,0xde79,0xde99,0xd658,0xce37,0xde99,
  0xdeb9,0xdeba,0xdeba,0xdeba,0xdeb9,0xef3b,0xb574,0xacd2,0xef3b,0xdeda,0xe6fa,0xe6fa,0xe6fb,0xe6fa,0xdefa,0xef1b,
  0xcdd6,0xa490,0xa490,0x6ac9,0x8bed,0xa4b0,0x9c2e,0x838b,0x8bac,0x93ac,0x9c70,0xe6d9,0xc5d5,0x9c4f,0xce17,0xe6fa,
  0xdeda,0xe6fa,0xa46f,0xacb1,0xd657,0xd678,0xef1b,0xe71b,0xdeba,0x8c71,0xffff,0xdedb,0x0000,0xad55,0x0000,0x0000,
  0x0000,0x0000,0x0000,0x0000,0x0000,0x0000,0x0000,0x0000,0x0000,0x0000,0x0000,0x0000,0x0000,0x0000,0x0000,0x0000,
  0x0000,0x0000,0x0000,0x0000,0x0000,0x0000,0x0000,0x0000,0x0000,0x0000,0x0000,0x0000,0x0000,0x0000,0x0000,0x0000,
  0x0000,0x0000,0x0000,0x0000,0x0000,0x0000,0x0000,0x0000,0x0000,0x0000,0x7bef,0xffff,0x9cf3,0x9471,0xd679,0x736d,
  0xad54,0xbd94,0xacf2,0x732b,0xbd74,0xacf2,0x93ee,0x940e,0x9c4f,0x9c4f,0x9c4f,0x9c2f,0x942e,0x8bcd,0x838c,0xad33,
  0xce37,0x6268,0xa4b2,0xce37,0xde99,0xde79,0xde79,0xc5f6,0xd657,0xdeb9,0xa470,0xbdb5,0xc5f6,0xd678,0xde99,0xa491,
  0xc5b5,0xbd74,0xd658,0xd658,0xd658,0xd658,0xc5d6,0xd658,0xd658,0xd658,0xd658,0xd658,0xacf2,0xd658,0xd657,0xcdf6,
  0xd678,0xd658,0xd658,0xd658,0xde99,0xbd74,0xa490,0xe6da,0xcdf6,0xd638,0xd678,0xd658,0xd658,0xd678,0xd678,0xd658,
  0xd658,0xd678,0xce37,0xc5f6,0xde98,0xb533,0xc5b5,0xe6b9,0xe699,0xce17,0xd678,0xde79,0xde79,0xde79,0xde99,0xd678,
  0xd617,0xd658,0xe6da,0xdeba,0xdeda,0xdeda,0xdeda,0xdeba,0xef3b,0xacd2,0xb554,0xef3c,0xdeda,0xe6fa,0xe6da,0xe6da,
  0xe6fb,0xdeb9,0xb4f2,0xacf2,0xacf1,0x7b6b,0x6ac9,0xa490,0x9c4f,0x9c0e,0x8bac,0x9c2e,0x940e,0xcdf6,0xde78,0xbd53,
  0xb513,0xe71b,0xdeba,0xe71b,0xacb0,0xa490,0xd678,0xcdf6,0xef1b,0xe6fb,0xe71b,0x9491,0xe71c,0xdefb,0x0000,0xad55,
  0x0000,0x0000,0x0000,0x0000,0x0000,0x0000,0x0000,0x0000,0x0000,0x0000,0x0000,0x0000,0x0000,0x0000,0x0000,0x0000,
  0x0000,0x0000,0x0000,0x0000,0x0000,0x0000,0x0000,0x0000,0x0000,0x0000,0x0000,0x0000,0x0000,0x0000,0x0000,0x0000,
  0x0000,0x0000,0x0000,0x0000,0x0000,0x0000,0x0000,0x0000,0x0000,0x0000,0x0000,0xad55,0x0000,0xce79,0x9cb2,0x9cb2,
  0x8c30,0x9450,0xbdb6,0xbd95,0x83ce,0x9430,0xbd95,0x9c90,0x8bcd,0x9c2e,0x9c4f,0x9c4f,0x9c4f,0x9c2e,0x940e,0x8bcd,
  0x838c,0xcdf6,0xad12,0x6aea,0xcdf6,0xd658,0xde99,0xde78,0xde78,0xce17,0xde99,0xd658,0x9c50,0xc5f6,0xc5d6,0xd658,
  0xde98,0xb533,0xb533,0xc5d6,0xce17,0xd678,0xd658,0xd678,0xc5d6,0xd637,0xd658,0xd658,0xd657,0xd678,0xb533,0xcdf6,
  0xde98,0xc5d6,0xd658,0xd658,0xd658,0xd658,0xd658,0xde99,0x942e,0xcdf6,0xdeb9,0xc5b5,0xde78,0xd658,0xd678,0xd658,
  0xd678,0xd678,0xd678,0xd638,0xd658,0xd657,0xce37,0xd637,0xb554,0xd637,0xe6da,0xde78,0xce17,0xde99,0xde79,0xde79,
  0xde78,0xdeb9,0xd638,0xce17,0xdeba,0xe6da,0xdeda,0xdeda,0xdeda,0xdeba,0xe6da,0xeefb,0x9430,0xc5f6,0xe73b,0xdeda,
  0xe6fb,0xe6fb,0xe6b9,0xb533,0xb4f2,0xbd54,0xb533,0x9c6f,0x6288,0x9c4f,0x9c6f,0x9c4f,0x93cd,0x93ed,0x9c0e,0xacd1,
  0xd658,0xcdd5,0xa4b1,0xdeba,0xe6da,0xe6fb,0xb512,0x9c4f,0xde99,0xbd94,0xe71b,0xe6fb,0xef5c,0xa4f3,0xbdf7,0xe73c,
  0x0000,0xad55,0x0000,0x0000,0x0000,0x0000,0x0000,0x0000,0x0000,0x0000,0x0000,0x0000,0x0000,0x0000,0x0000,0x0000,
  0x0000,0x0000,0x0000,0x0000,0x0000,0x0000,0x0000,0x0000,0x0000,0x0000,0x0000,0x0000,0x0000,0x0000,0x0000,0x0000,
  0x0000,0x0000,0x0000,0x0000,0x0000,0x0000,0x0000,0x0000,0x0000,0x0000,0x0000,0x0000,0x0000,0x0000,0xffff,0xa513,
  0x9471,0x9471,0x62eb,0xb595,0xb575,0xad13,0x734c,0xb554,0xb513,0x9c2f,0x8bcd,0x9c4e,0x942e,0x9c2f,0x9c2f,0x9c2e,
  0x940e,0x8bac,0x8bed,0xde99,0x8bce,0x9c90,0xd637,0xde99,0xde79,0xde78,0xde78,0xd658,0xde99,0xcdf6,0xa470,0xce17,
  0xcdf6,0xd658,0xd658,0xc5d6,0xa491,0xcdf6,0xc5d5,0xde78,0xd658,0xd658,0xcdf6,0xcdf7,0xd658,0xd657,0xd657,0xd678,
  0xbd74,0xbdb5,0xde99,0xc5d6,0xce37,0xd678,0xd658,0xd658,0xd658,0xde99,0xbd33,0x9c4f,0xe6da,0xd617,0xcdd6,0xe699,
  0xd658,0xe699,0xd638,0xd638,0xd658,0xd678,0xce17,0xde99,0xd637,0xd637,0xcdf6,0xbd74,0xde98,0xe6da,0xce17,0xd658,
  0xde79,0xde79,0xde79,0xde99,0xdeb9,0xcdf6,0xde79,0xe6da,0xdeda,0xdeda,0xdeba,0xdeba,0xdeb9,0xe6fa,0xde78,0x940f,
  0xd658,0xef1b,0xe6da,0xd637,0xb532,0xacd1,0xbd94,0xc5b5,0xbd54,0xa490,0x7b4b,0x838c,0xa490,0x9c4f,0x940d,0x93ed,
  0x9c2e,0x9c0e,0xce16,0xd657,0xa4b1,0xc5d6,0xdeda,0xe6fa,0xbd53,0x9c2f,0xdeba,0xb533,0xe6fb,0xe6fb,0xf77c,0xb595,
  0xad35,0xef7d,0x0000,0xad55,0x0000,0x0000,0x0000,0x0000,0x0000,0x0000,0x0000,0x0000,0x0000,0x0000,0x0000,0x0000,
  0x0000,0x0000,0x0000,0x0000,0x0000,0x0000,0x0000,0x0000,0x0000,0x0000,0x0000,0x0000,0x0000,0x0000,0x0000,0x0000,
  0x0000,0x0000,0x0000,0x0000,0x0000,0x0000,0x0000,0x0000,0x0000,0x0000,0x0000,0x0000,0x0000,0x0000,0xad55,0x0000,
  0xce79,0x9cd2,0x9492,0x9471,0xa4d3,0xbd95,0xbd95,0x83ae,0x8c0f,0xbd95,0xa4b1,0x93ee,0x940e,0x9c4f,0x942e,0x9c2f,
  0x9c2e,0x942e,0x93ee,0x8bcd,0x9c6f,0xde79,0x7b6c,0xcdf6,0xce37,0xde99,0xd658,0xde78,0xde79,0xd678,0xde99,0xbd74,
  0xa4b1,0xce17,0xcdf6,0xd658,0xd637,0xd658,0xa491,0xc5d5,0xbd95,0xd678,0xd658,0xd658,0xce17,0xc5d6,0xd658,0xd637,
  0xd637,0xd678,0xbd95,0xb554,0xde99,0xce17,0xc5f6,0xd678,0xd658,0xd658,0xd658,0xd658,0xde58,0x8bad,0xcdd6,0xeeda,
  0xde38,0xe6b9,0xeeda,0xf75c,0xf79d,0xe6da,0xd678,0xd658,0xd658,0xce37,0xd678,0xcdf6,0xd658,0xc595,0xbd95,0xe6d9,
  0xd678,0xc5d6,0xde99,0xde78,0xde99,0xde79,0xdeb9,0xd658,0xcdf7,0xe6da,0xdeda,0xdeda,0xdeba,0xdeba,0xe6da,0xdeb9,
  0xe71b,0xc5d5,0x940f,0xd617,0xbd74,0xb4f2,0xb4f2,0xb532,0xde98,0xcdd6,0xbd74,0xa490,0x942e,0x730a,0xa46f,0xa46f,
  0x940e,0x93ed,0x9c2e,0x93cd,0xb533,0xde98,0xb512,0xb512,0xd678,0xdeb9,0xbd74,0x942e,0xdeda,0xb512,0xdeda,0xe6da,
  0xe71b,0xd679,0x9cd3,0xef7d,0x0000,0xad55,0x0000,0x0000,0x0000,0x0000,0x0000,0x0000,0x0000,0x0000,0x0000,0x0000,
  0x0000,0x0000,0x0000,0x0000,0x0000,0x0000,0x0000,0x0000,0x0000,0x0000,0x0000,0x0000,0x0000,0x0000,0x0000,0x0000,
  0x0000,0x0000,0x0000,0x0000,0x0000,0x0000,0x0000,0x0000,0x0000,0x0000,0x0000,0x0000,0x0000,0x0000,0x0000,0x0000,
  0x52aa,0x0000,0xad54,0x9492,0xb5b6,0x83ef,0xbdb6,0xb575,0xad13,0x730b,0xad13,0xb513,0x9c70,0x8bcd,0x9c2e,0x9c2f,
  0x9c2e,0x9c2e,0x9c2e,0x940e,0x8bee,0x942f,0xacf2,0xc595,0x940f,0xd678,0xd658,0xde99,0xd678,0xde78,0xde78,0xd678,
  0xdeba,0xb512,0xacd2,0xcdf7,0xce16,0xd658,0xd637,0xde78,0xb4f2,0xbd74,0xc5b5,0xd657,0xd658,0xd658,0xd658,0xc5d5,
  0xd657,0xe6b9,0xde78,0xde58,0xcdb6,0xbd54,0xe699,0xde58,0xcdf6,0xde78,0xe69a,0xe658,0xd658,0xce37,0xde99,0xa470,
  0xa44f,0xf77c,0xffff,0xeefa,0xef1b,0xe6fb,0xf7bd,0xffff,0xf77d,0xdeb9,0xde99,0xde99,0xde78,0xd637,0xce17,0xde78,
  0xbd74,0xcdf6,0xe6fa,0xcdf7,0xd658,0xde99,0xde79,0xde99,0xde99,0xe6da,0xce17,0xde99,0xdeda,0xe6ba,0xe6ba,0xdeba,
  0xdeba,0xe6ba,0xdeba,0xef3b,0xacd2,0xa44f,0xc573,0xbd54,0xc5b5,0xdeba,0xdeba,0xc5f6,0xb533,0xa490,0xa4b0,0x836b,
  0x8bcd,0xa48f,0x940e,0x940d,0x9c4f,0x9c0d,0x9c6f,0xd678,0xc5b5,0xa4b0,0xd657,0xd678,0xbd53,0x942e,0xe6da,0xb4f2,
  0xde99,0xdeda,0xd658,0xf77c,0x9c91,0xce78,0x0000,0xad55,0x0000,0x0000,0x0000,0x0000,0x0000,0x0000,0x0000,0x0000,
  0x0000,0x0000,0x0000,0x0000,0x0000,0x0000,0x0000,0x0000,0x0000,0x0000,0x0000,0x0000,0x0000,0x0000,0x0000,0x0000,
  0x0000,0x0000,0x0000,0x0000,0x0000,0x0000,0x0000,0x0000,0x0000,0x0000,0x0000,0x0000,0x0000,0x0000,0x0000,0x0000,
  0x0000,0xffff,0x0000,0xffff,0x94b2,0x8c71,0xb5b6,0x7bae,0xbdb6,0xb574,0x8c0f,0x83ce,0xbd74,0xacd2,0x942f,0x8bcd,
  0x9c4f,0x940e,0x9c2f,0x9c2e,0x9c2e,0x93ee,0x942f,0x9c70,0xbd74,0xa4b1,0xb554,0xd658,0xde79,0xd678,0xd678,0xde78,
  0xde78,0xd678,0xde99,0xacb1,0xacf2,0xc5f6,0xcdf6,0xd657,0xd657,0xd658,0xc595,0xacf2,0xc5d6,0xc5f6,0xd679,0xd658,
  0xd637,0xcdf6,0xe698,0xf6b8,0xff5c,0xff9d,0xd617,0xcdd6,0xf75c,0xf79e,0xcdf7,0xef3c,0xffff,0xf73c,0xeeba,0xde99,
  0xe6da,0xcdf6,0x8b4c,0xde17,0xf79d,0xffff,0xe699,0xf73c,0xe6da,0xef3c,0xef1b,0xde99,0xd678,0xde78,0xde98,0xde98,
  0xce16,0xd637,0xd658,0xb533,0xd658,0xdeb9,0xc5d6,0xdeb9,0xde79,0xde99,0xde99,0xdeb9,0xde79,0xce17,0xe6da,0xdeb9,
  0xe6ba,0xdeba,0xde99,0xdeba,0xdeba,0xe6da,0xe6b9,0x940f,0xbd74,0xe6fa,0xe6da,0xef1b,0xce17,0xce16,0xb4f2,0xa490,
  0xacd1,0x940e,0x7b2a,0xa44f,0x9c0e,0x93ed,0xa46f,0x9c0e,0x8bcd,0xc5d5,0xd637,0x9c4f,0xcdf6,0xd678,0xbd53,0x940e,
  0xdeda,0xb4f1,0xd657,0xe71b,0xc5d6,0xf77c,0xad34,0x9cd2,0x0000,0x0000,0x0000,0x0000,0x0000,0x0000,0x0000,0x0000,
  0x0000,0x0000,0x0000,0x0000,0x0000,0x0000,0x0000,0x0000,0x0000,0x0000,0x0000,0x0000,0x0000,0x0000,0x0000,0x0000,
  0x0000,0x0000,0x0000,0x0000,0x0000,0x0000,0x0000,0x0000,0x0000,0x0000,0x0000,0x0000,0x0000,0x0000,0x0000,0x0000,
  0x0000,0x0000,0x0000,0xffff,0x0000,0xd699,0x9492,0xb596,0x8c71,0xa4f3,0xbd95,0xad13,0x7b8c,0xacf2,0xb533,0xa4b1,
  0x8bcd,0x940e,0x9c2e,0x9c2e,0x9c4f,0x9c2e,0x9c2e,0x8bcd,0xacb1,0xa4b1,0xbd74,0x9c50,0xd637,0xd658,0xde99,0xd678,
  0xde78,0xde78,0xde78,0xd678,0xde79,0xa470,0xb512,0xc5f6,0xcdf6,0xd637,0xd657,0xd657,0xd637,0xa4b1,0xcdd6,0xc595,
  0xde78,0xd637,0xe699,0xe699,0xe637,0xf73b,0xffff,0xffff,0xe6da,0xc5b5,0xffde,0xffff,0xd638,0xef3c,0xffff,0xffff,
  0xef3b,0xf71b,0xff9d,0xeefb,0x93ee,0xbcb1,0xeeda,0xffbe,0xffde,0xe699,0xeefb,0xd658,0xd637,0xd658,0xd658,0xd678,
  0xde78,0xd658,0xde78,0xcdf6,0xd637,0xce17,0xad13,0xdeba,0xce17,0xce17,0xdeb9,0xde99,0xde99,0xde99,0xe6ba,0xce17,
  0xdeb9,0xdeda,0xe6ba,0xe6da,0xde99,0xd679,0xe6da,0xdeba,0xe71b,0xce17,0x8bee,0xde78,0xe6fb,0xe6ba,0xc5b6,0xd637,
  0xacb1,0xa46f,0xacf1,0x9c4f,0x7b4b,0x93ed,0x9c4f,0x93ed,0xa48f,0x9c2e,0x93cd,0xad12,0xe6b9,0xa490,0xbd95,0xde99,
  0xbd74,0x940e,0xe6da,0xb4f1,0xce16,0xef5c,0xc5b5,0xe6b9,0xce58,0x8430,0xffff,0x0000,0x0000,0x0000,0x0000,0x0000,
  0x0000,0x0000,0x0000,0x0000,0x0000,0x0000,0x0000,0x0000,0x0000,0x0000,0x0000,0x0000,0x0000,0x0000,0x0000,0x0000,
  0x0000,0x0000,0x0000,0x0000,0x0000,0x0000,0x0000,0x0000,0x0000,0x0000,0x0000,0x0000,0x0000,0x0000,0x0000,0x0000,
  0x0000,0xffff,0xffff,0xffff,0xffff,0x7bef,0x0000,0xad54,0x8c50,0xc618,0x7bef,0xb595,0xb533,0x9c91,0x7b8d,0xbd95,
  0xacf2,0x9c50,0x8bad,0x940e,0x940e,0x9c2f,0x9c4f,0x9c2f,0x9c2e,0x8bcd,0xb532,0xa4b1,0xa4b1,0xa4b1,0xdeb9,0xd678,
  0xde99,0xd678,0xde78,0xde78,0xd658,0xd678,0xd637,0x9c2f,0xb533,0xc5f6,0xcdf6,0xd637,0xd657,0xd637,0xd678,0xacf2,
  0xbd74,0xcdd6,0xd637,0xd658,0xffde,0xef3c,0xe6b9,0xffff,0xffff,0xffff,0xf75d,0xc595,0xf79e,0xffff,0xe6da,0xd679,
  0xffff,0xffff,0xf79d,0xeefa,0xf77d,0xffbe,0xb554,0x6a88,0xe658,0xeefb,0xf77c,0xde78,0xd617,0xe6b9,0xd658,0xd658,
  0xd658,0xd678,0xd678,0xd678,0xde78,0xd637,0xcdf6,0xde99,0xc5b5,0xbd95,0xe6da,0xc5b5,0xde99,0xde99,0xde99,0xde99,
  0xdeb9,0xd658,0xd658,0xe6fa,0xdeba,0xe6ba,0xe6da,0xd658,0xde99,0xdeda,0xdeba,0xef3c,0xb513,0xa470,0xef1b,0xce17,
  0xc5d6,0xce16,0xa470,0xa490,0xb512,0xa490,0x93ed,0x836b,0xa46f,0x93ed,0xa490,0x9c4f,0x9c0d,0x9c70,0xe6fa,0xad12,
  0xad12,0xe6b9,0xbd94,0x940e,0xe6da,0xb4f1,0xcdf6,0xef5c,0xcdd6,0xc5d6,0xef1b,0x9cd2,0xd6ba,0x0000,0xad55,0x0000,
  0x0000,0x0000,0x0000,0x0000,0x0000,0x0000,0x0000,0x0000,0x0000,0x0000,0x0000,0x0000,0x0000,0x0000,0x0000,0x0000,
  0x0000,0x0000,0x0000,0x0000,0x0000,0x0000,0x0000,0x0000,0x0000,0x0000,0x0000,0x0000,0x0000,0x0000,0x0000,0xffff,
  0xad55,0x7bef,0x0000,0x0000,0x0000,0x0000,0x0000,0x632c,0xffff,0x94b1,0x8c50,0xad74,0x842f,0xbd94,0xad13,0x8bce,
  0x9c50,0xb574,0xa4b1,0x940e,0x8bcd,0x942e,0x942e,0x9c4f,0x9c4f,0x942f,0x942e,0x93ed,0xbd54,0x9c70,0x940e,0xbd95,
  0xdeb9,0xd679,0xd678,0xd658,0xde79,0xd678,0xd658,0xd658,0xcdf6,0x9c2e,0xb533,0xce17,0xcdf6,0xd637,0xd657,0xd637,
  0xd658,0xbd94,0xa470,0xce17,0xd617,0xf75c,0xf7be,0xf7be,0xde78,0xffbe,0xffff,0xffff,0xffbe,0xc595,0xef5c,0xffff,
  0xef5c,0xcdd6,0xef1c,0xffdf,0xffff,0xeefb,0xeeda,0xe6da,0xdeb9,0x49e6,0x93ee,0xe699,0xcdd6,0xd657,0xce37,0xce17,
  0xde78,0xde78,0xde78,0xd678,0xd678,0xd678,0xd658,0xde79,0xd637,0xcdf7,0xde79,0xb533,0xd658,0xd637,0xce17,0xdeb9,
  0xde99,0xde99,0xde99,0xdeb9,0xcdf7,0xe6da,0xdeba,0xdeba,0xdeba,0xdeba,0xd658,0xe6da,0xe6da,0xe6da,0xe6fb,0x9c50,
  0xbd33,0xc5d5,0xd637,0xbd74,0xa46f,0xa490,0xb532,0xa490,0xa46f,0x730a,0x9c4f,0x93ed,0xa490,0xa48f,0x9c0e,0x940e,
  0xde99,0xbd95,0xa490,0xe6da,0xbd94,0x942e,0xdeda,0xacf1,0xcdf6,0xef5c,0xd637,0xbd53,0xe6fb,0xbdb6,0x9cf3,0x0000,
  0x7bef,0x0000,0x0000,0x0000,0x0000,0x0000,0x0000,0x0000,0x0000,0x0000,0x0000,0x0000,0x0000,0x0000,0x0000,0x0000,
  0x0000,0x0000,0x0000,0x0000,0x0000,0x0000,0x0000,0x0000,0x0000,0x0000,0x0000,0x0000,0x0000,0x0000,0x0000,0xffff,
  0xad55,0x0000,0x0000,0x0000,0x0000,0xffff,0xdedc,0xdedb,0xffff,0x0000,0x0000,0x840f,0x8c50,0x7bce,0xa4f2,0xb533,
  0xa4b1,0x6aea,0xb533,0xad12,0x9c90,0x8bcd,0x93ee,0x942e,0x9c2f,0x9c4f,0x9c4f,0x9c2f,0x940e,0x940e,0xc5b5,0x940e,
  0x8bed,0xde99,0xd679,0xd678,0xd658,0xd678,0xde79,0xde78,0xd658,0xd658,0xc5b5,0x940e,0xb533,0xd678,0xcdd6,0xd637,
  0xd657,0xd658,0xce37,0xd699,0x9c2f,0xcdd6,0xcdf6,0xffde,0xffde,0xffff,0xe699,0xef1b,0xffff,0xffff,0xffff,0xcdb5,
  0xe6da,0xffff,0xffde,0xcdb6,0xde78,0xe6ba,0xef5c,0xeefb,0xde79,0xd638,0xe6fa,0x8bce,0x3103,0xcdd6,0xd637,0xc5f6,
  0xde98,0xd617,0xcdf6,0xde78,0xde58,0xd678,0xde78,0xd678,0xd678,0xde78,0xd678,0xce17,0xce17,0xce17,0xbd54,0xe6b9,
  0xc5b5,0xde99,0xde99,0xde99,0xde99,0xdeba,0xd637,0xd658,0xe6ba,0xdeb9,0xde99,0xe6da,0xde99,0xd658,0xe6da,0xdeba,
  0xe71b,0xd658,0x940f,0xbd74,0xe6b9,0xacd1,0xa46f,0xacb0,0xb533,0x9c6f,0xb4f1,0x730a,0x93ed,0x9c0e,0xa490,0xa4b0,
  0x9c2e,0x93ed,0xc5f6,0xd678,0x9c2e,0xe6b9,0xbd94,0x9c4f,0xdeda,0xacd1,0xc5f6,0xef5c,0xde99,0xb533,0xd658,0xd699,
  0x9471,0xffff,0x0000,0x0000,0x0000,0x0000,0x0000,0x0000,0x0000,0x0000,0x0000,0x0000,0x0000,0x0000,0x0000,0x0000,
  0x0000,0x0000,0x0000,0x0000,0x0000,0x0000,0x0000,0x0000,0x0000,0x0000,0x0000,0x0000,0x0000,0x0000,0x0000,0x0000,
  0x7bef,0x0000,0x0000,0xffff,0xdf1c,0xad55,0x9cb2,0x9471,0x9cd2,0xad34,0xbdd7,0xd69a,0xffff,0x83ef,0x9451,0x62eb,
  0xb575,0xacf2,0x7b8c,0x7b4c,0xbd95,0xa4b1,0x9c4f,0x83ac,0x940e,0x942e,0x9c4f,0x9c4f,0x9c4f,0x942e,0x940e,0x9c4f,
  0xcdf6,0x838c,0xa490,0xe6da,0xd679,0xd679,0xd658,0xd679,0xde79,0xde79,0xd638,0xd658,0xc595,0x940e,0xb533,0xde99,
  0xcdf6,0xce17,0xd637,0xd637,0xd657,0xf79d,0xbd54,0xbd74,0xd637,0xf77d,0xffdf,0xffff,0xef1b,0xde58,0xffff,0xffff,
  0xffff,0xd617,0xde78,0xf79e,0xf75c,0xd5f7,0xd617,0xde78,0xd658,0xd678,0xd658,0xd658,0xdeb9,0xbd95,0x3944,0x730a,
  0xef1a,0xcdf6,0xce37,0xde78,0xce17,0xd637,0xde78,0xd678,0xde79,0xde78,0xde78,0xde78,0xde79,0xd678,0xcdf7,0xd637,
  0xc595,0xce17,0xd637,0xce17,0xdeb9,0xde99,0xde99,0xde99,0xd678,0xce17,0xe6da,0xde99,0xde99,0xde99,0xe6da,0xce38,
  0xde99,0xe6da,0xe6da,0xe71b,0xacf2,0xacd1,0xc594,0xa4b0,0xa44f,0xacf1,0xb532,0x9c4f,0xb512,0x836b,0x836c,0x9c2f,
  0xa46f,0xacb0,0xa44f,0x93ed,0xb512,0xe6da,0x9c2e,0xde99,0xbd94,0x9c70,0xe6fa,0xacf1,0xc5d5,0xef3c,0xdeda,0xbd54,
  0xacd2,0xe71b,0x9cd3,0xce79,0x0000,0xffff,0x0000,0x0000,0x0000,0x0000,0x0000,0x0000,0x0000,0x0000,0x0000,0x0000,
  0x0000,0x0000,0x0000,0x0000,0x0000,0x0000,0x0000,0x0000,0x0000,0x0000,0x0000,0x0000,0x0000,0x0000,0x0000,0x0000,
  0x0000,0xffff,0x0000,0xffff,0xce78,0x9471,0x83ce,0x7b6d,0x836c,0x7b6c,0x838d,0x8c0f,0xa4d3,0xad34,0xb595,0x7bae,
  0x8c30,0x8c30,0xb554,0x9c70,0x6aca,0x9470,0xb574,0x9c70,0x940e,0x8bcd,0x942e,0x942e,0x9c4f,0x9c4f,0x9c2e,0x940e,
  0x93ed,0xa490,0xce17,0x732b,0xbd94,0xe6da,0xd678,0xd678,0xd658,0xde79,0xde79,0xde78,0xce17,0xde79,0xbd74,0x9c4f,
  0xbd53,0xde99,0xcdf6,0xcdf6,0xd658,0xe699,0xe699,0xf79d,0xe6fb,0xa491,0xd678,0xe6ba,0xffff,0xffff,0xf79d,0xd5f6,
  0xf79d,0xffdf,0xffbe,0xde58,0xcdd6,0xe6da,0xe6b9,0xd5f7,0xc5d6,0xde99,0xde78,0xde78,0xd678,0xd658,0xd678,0xce37,
  0x83ce,0x62ca,0x9c70,0xef3b,0xbd95,0xd638,0xde78,0xcdf6,0xd658,0xde79,0xce17,0xde79,0xde78,0xde78,0xde78,0xde99,
  0xd658,0xc5d6,0xcdf6,0xbd54,0xde78,0xc5d6,0xde99,0xde99,0xde99,0xde99,0xde99,0xcdd6,0xde99,0xdeb9,0xde99,0xde99,
  0xdeb9,0xd679,0xd658,0xe6da,0xdeda,0xe71b,0xc5f6,0x9c4f,0xacd1,0xa490,0x9c4f,0xb532,0xb4f2,0x9c4f,0xacd1,0x8bcd,
  0x732a,0x9c2e,0xa46f,0xacd1,0xa46f,0x9c0d,0x9c6f,0xe6fa,0x9c6f,0xd657,0xbd74,0xa490,0xef1b,0xacf1,0xc5d5,0xef3c,
  0xe6fb,0xcdd6,0x7b6c,0xce58,0xc5f7,0xa4f3,0x0000,0x7bef,0x0000,0x0000,0x0000,0x0000,0x0000,0x0000,0x0000,0x0000,
  0x0000,0x0000,0x0000,0x0000,0x0000,0x0000,0x0000,0x0000,0x0000,0x0000,0x0000,0x0000,0x0000,0x0000,0x0000,0x0000,
  0x0000,0x0000,0xffff,0x0000,0xffff,0xa4f3,0x83ce,0x7b6c,0x838d,0x8bef,0x9450,0x9471,0x83ce,0x732b,0x83ad,0x9450,
  0x7b6c,0x6b2c,0x7b8d,0xacf2,0xa4b1,0x93cd,0x6aeb,0xb553,0xacf1,0x9c6f,0x8bcd,0x8bed,0x9c2e,0x942e,0x9c4f,0x9c4f,
  0x942e,0x942e,0x8bed,0xacf2,0xce16,0x7b6c,0xd638,0xdeba,0xd658,0xd658,0xd658,0xde99,0xde78,0xd658,0xce17,0xf6fa,
  0xc594,0xa44f,0xbd53,0xde99,0xce17,0xcdf6,0xe6ba,0xff5c,0xee99,0xef7d,0xffbd,0xa4d2,0xc5f6,0xd658,0xf75c,0xf77d,
  0xff9d,0xde37,0xe6ba,0xf75c,0xe6d9,0xcdf6,0xbd54,0xde78,0xde58,0xce17,0xc5b5,0xde78,0xde78,0xde78,0xd678,0xd658,
  0xd658,0xe6b9,0x8bef,0xd679,0x6b2c,0xc5d6,0xde99,0xb574,0xde79,0xd678,0xcdf6,0xde79,0xce17,0xcdf7,0xde99,0xde78,
  0xde79,0xde99,0xde99,0xce17,0xc5d6,0xbd33,0xcdf6,0xce17,0xce37,0xdeb9,0xde99,0xde99,0xdeb9,0xce17,0xd638,0xdeb9,
  0xde99,0xde99,0xde99,0xdeb9,0xd638,0xe6da,0xdeda,0xdeba,0xef3c,0x940f,0xacd1,0xb4f2,0x940e,0xc594,0xacb1,0x9c2f,
  0xacb1,0x940e,0x6ac9,0x940e,0xa490,0xacd1,0xa48f,0xa42e,0x940d,0xdeb9,0xacd1,0xc5d6,0xb512,0xacb1,0xef3b,0xacf1,
  0xc5b5,0xef3c,0xe71b,0xd637,0x8bcd,0x9471,0xe6db,0x9471,0xffff,0x0000,0x0000,0x0000,0x0000,0x0000,0x0000,0x0000,
  0x0000,0x0000,0x0000,0x0000,0x0000,0x0000,0x0000,0x0000,0x0000,0x0000,0x0000,0x0000,0x0000,0x0000,0x0000,0x0000,
  0x0000,0x0000,0x0000,0xffff,0x0000,0xffff,0x9491,0x7b4c,0x7b8d,0x9450,0xbdd6,0xffff,0x0000,0xffff,0xc638,0xa513,
  0x5268,0x6b0b,0xacf2,0x7b8d,0x732b,0xb533,0x8bee,0x836c,0x7b8d,0xbd95,0x9c90,0x9c2e,0x8bad,0x940e,0x940e,0x940e,
  0x9c4f,0x9c2f,0x940e,0x940e,0x93ee,0xbd74,0xc5b5,0x83cd,0xe6b9,0xd658,0xd678,0xce17,0xd678,0xde99,0xde79,0xd637,
  0xd617,0xf73b,0xbd74,0xa470,0xb533,0xde99,0xd637,0xd617,0xe6da,0xff9d,0xeeda,0xdeba,0xf73c,0xbd54,0xad13,0xd637,
  0xd678,0xde99,0xe69a,0xd617,0xd637,0xe6fb,0xd637,0xd637,0xb533,0xde78,0xde78,0xd658,0xc5b5,0xd658,0xde98,0xde78,
  0xd678,0xd658,0xd658,0xe6ba,0xa4b2,0xbdb6,0xef7d,0x7bce,0xdeda,0xd637,0xc5d6,0xdeb9,0xd658,0xcdf7,0xde99,0xc5d6,
  0xce17,0xde99,0xde79,0xde99,0xdeb9,0xd678,0xc5d6,0xbd74,0xad12,0xde78,0xc5d6,0xdeb9,0xde99,0xde99,0xde99,0xd658,
  0xcdf6,0xdeb9,0xde79,0xde99,0xde99,0xdeb9,0xd638,0xe6da,0xdeba,0xdeb9,0xe6fb,0xd658,0x7b6c,0xd5f6,0xb513,0xc594,
  0xa490,0x9c2e,0xa490,0xa46f,0x6aa8,0x838c,0xa490,0xacd1,0xacb0,0xa44e,0x93cd,0xce37,0xbdb4,0xbd74,0xacd1,0xb512,
  0xef3c,0xacf2,0xc5b5,0xef3c,0xe71b,0xdeb9,0xa4b1,0x630b,0xe6fb,0x9cd2,0xdefb,0x0000,0x7bef,0x0000,0x0000,0x0000,
  0x0000,0x0000,0x0000,0x0000,0x0000,0x0000,0x0000,0x0000,0x0000,0x0000,0x0000,0x0000,0x0000,0x0000,0x0000,0x0000,
  0x0000,0x0000,0x0000,0x0000,0xffff,0x5000,0xffff,0xa4f3,0x7b4b,0x7b8d,0xad34,0xffff,0x0000,0xb595,0x8c30,0x8c0f,
  0x8c30,0x9430,0xa4d2,0xa4b1,0xa4d2,0x6b0b,0xa4b1,0x9c70,0x8bcd,0x730a,0x9c91,0xb574,0x942e,0x940e,0x8bad,0x940e,
  0x940e,0x942e,0x9c2f,0x940e,0x942e,0x940e,0x940e,0xce16,0xb533,0x9c90,0xe6da,0xd638,0xd679,0xce17,0xde99,0xde99,
  0xde99,0xce37,0xd617,0xf71b,0xbd53,0xa490,0xb4f2,0xde99,0xd637,0xd637,0xe6b9,0xf73b,0xde79,0xd638,0xeefb,0xcdf6,
  0xad12,0xc5d5,0xc5b5,0xde78,0xde58,0xce17,0xcdf6,0xde79,0xd658,0xd678,0xbd33,0xd658,0xde78,0xde58,0xc5d6,0xd637,
  0xde78,0xd678,0xde78,0xd658,0xd658,0xde79,0xc5d6,0x9471,0xffff,0xd6ba,0x9491,0xef1b,0xc5d6,0xcdf7,0xe6ba,0xd637,
  0xd638,0xde99,0xbdb5,0xce17,0xde99,0xde99,0xdeb9,0xde99,0xce17,0xc595,0xa491,0xce17,0xcdf6,0xd658,0xdeb9,0xde99,
  0xdeb9,0xde99,0xc5b6,0xde99,0xde99,0xde99,0xde78,0xdeb9,0xd658,0xdeb9,0xe6ba,0xde99,0xdeb9,0xef5c,0x9c4f,0x9c4f,
  0xde98,0xb4f2,0xa490,0x9c4f,0xa46f,0xa490,0x6ac9,0x72ea,0xacb1,0xacd0,0xacb0,0xa44f,0x93cc,0xbd74,0xce57,0xacf2,
  0xa490,0xbd53,0xef3c,0xb512,0xbdb5,0xef3b,0xe6fb,0xef1b,0xb533,0x7bad,0xc617,0xbdd7,0x94b2,0x0000,0x7bef,0x0000,
  0x0000,0x0000,0x0000,0x0000,0x0000,0x0000,0x0000,0x0000,0x0000,0x0000,0x0000,0x0000,0x0000,0x0000,0x0000,0x0000,
  0x0000,0x0000,0x0000,0x0000,0x0000,0x0000,0xad55,0x0000,0xb575,0x734c,0x734c,0xb596,0x0000,0xffff,0x9cb2,0x83ee,
  0xa4b1,0xad13,0xb533,0xad12,0xa4b1,0xa490,0x940f,0x732b,0xacf2,0x8bcd,0x8bcd,0x732b,0xbd95,0xa4d1,0x940e,0x940e,
  0x8bcd,0x942e,0x940e,0x9c2f,0x9c2f,0x940e,0x940e,0x940f,0x9c4f,0xd678,0xa4d2,0xbd74,0xe6b9,0xd638,0xd658,0xce17,
  0xde99,0xd679,0xde99,0xce17,0xd637,0xeeda,0xbd53,0xacb1,0xacd1,0xde99,0xd637,0xd658,0xd658,0xd658,0xd638,0xd658,
  0xde78,0xcdf6,0xcdd6,0xbd74,0xc5b5,0xce17,0xde98,0xce37,0xcdf6,0xde78,0xd678,0xde98,0xbd54,0xd637,0xde78,0xd678,
  0xcdf6,0xce17,0xde78,0xde78,0xde78,0xd678,0xd658,0xd658,0xde79,0x9c91,0xef5d,0xffff,0xc618,0xad13,0xef1b,0xbdb5,
  0xd638,0xde99,0xcdf7,0xde99,0xde78,0xbd95,0xd638,0xdeb9,0xdeb9,0xdeb9,0xde78,0xc5b5,0xb4f2,0xb533,0xde58,0xcdf6,
  0xe6ba,0xde99,0xde99,0xdeb9,0xcdd6,0xde99,0xde99,0xd699,0xd699,0xdeb9,0xd678,0xde99,0xe6fa,0xde79,0xdeb9,0xe6fa,
  0xd658,0x7b2b,0xacd1,0xbd74,0xa490,0x9c4f,0xa490,0xacb0,0x7b2b,0x6aa9,0xacb1,0xacd0,0xacd1,0xa46f,0x93cc,0xacd1,
  0xdeb9,0xa490,0x9c4f,0xc5b5,0xef5c,0xbd53,0xbd95,0xef3c,0xe6fb,0xef3b,0xc5f6,0x9cb2,0xb575,0xce38,0x9471,0x0000,
  0x0000,0x0000,0x0000,0x0000,0x0000,0x0000,0x0000,0x0000,0x0000,0x0000,0x0000,0x0000,0x0000,0x0000,0x0000,0x0000,
  0x0000,0x0000,0x0000,0x0000,0x0000,0x0000,0x0000,0xad55,0x0000,0xef7c,0x7bae,0x6b0c,0xb596,0x0000,0x0000,0x9cb2,
  0x6b0b,0xb553,0xb533,0xa4d1,0x9c6f,0x9c6f,0x9c4f,0x93ee,0x730a,0x83ad,0x9c4f,0x93ed,0x7b6c,0x8bce,0xbd95,0x9c4f,
  0x942e,0x8bed,0x8bcd,0x942e,0x940e,0x9c2f,0x9c2f,0x940e,0x93ee,0xa491,0xa4b1,0xde99,0x9c91,0xce17,0xde78,0xd638,
  0xce37,0xd638,0xde79,0xd678,0xde78,0xce16,0xd658,0xde99,0xb533,0xb4f1,0x9c4f,0xde78,0xd638,0xce37,0xd657,0xd658,
  0xd657,0xd658,0xd658,0xcdf6,0xcdf6,0xc5d6,0xb533,0xc595,0xde78,0xd658,0xc5b5,0xde58,0xd678,0xde99,0xc595,0xce17,
  0xde98,0xd678,0xce17,0xcdf7,0xde79,0xde79,0xde99,0xde78,0xd658,0xd658,0xe6ba,0xa4f2,0xdeba,0xffbe,0xffff,0xb595,
  0xc5f7,0xeefb,0xc5d6,0xde79,0xd638,0xc5b5,0xe6da,0xd658,0xc5b5,0xde79,0xdeb9,0xdeb9,0xe6da,0xcdf6,0xb512,0xa490,
  0xd637,0xcdd6,0xde99,0xdeba,0xde99,0xdeda,0xce17,0xd658,0xdeba,0xd679,0xde99,0xde99,0xde99,0xd658,0xe6fa,0xde99,
  0xde99,0xdeba,0xef1b,0xa490,0x8bad,0xc594,0xb512,0x9c4f,0xa490,0xacd1,0x836c,0x6288,0xa490,0xacd1,0xacd1,0xa46f,
  0x9bed,0x9c2e,0xdeb9,0xa4b0,0x9c0d,0xc5d5,0xef5c,0xbd94,0xbd94,0xef1c,0xe6fb,0xe6fa,0xdeda,0x8c51,0xb575,0xc5d7,
  0x9cd3,0xf7be,0x0000,0x7bef,0x0000,0x0000,0x0000,0x0000,0x0000,0x0000,0x0000,0x0000,0x0000,0x0000,0x0000,0x0000,
  0x0000,0x0000,0x0000,0x0000,0x0000,0x0000,0x0000,0x0000,0x0000,0x7bef,0x0000,0x9cb2,0x62cb,0xad34,0x0000,0x0000,
  0xffff,0x62eb,0x9450,0xb533,0x8bee,0x7b6b,0x7b2b,0x72e9,0x6268,0x6268,0x5a06,0x7b4c,0x9c2f,0x8bcd,0x730a,0xacf2,
  0xb533,0x942f,0x942e,0x8bcd,0x93ee,0x942e,0x942e,0x9c2f,0x9c2f,0x940e,0x93ee,0xb513,0xacd1,0xde99,0x9c70,0xd658,
  0xd638,0xd638,0xce17,0xd638,0xde79,0xd678,0xd678,0xcdf6,0xd678,0xd658,0xb533,0xb512,0x8bcd,0xd658,0xd658,0xce37,
  0xd637,0xd658,0xd657,0xd658,0xd678,0xce37,0xc5b5,0xde78,0xb513,0xb533,0xcdf6,0xde99,0xc5b5,0xd637,0xd678,0xde99,
  0xc5b5,0xcdf6,0xde99,0xde78,0xd637,0xcdf7,0xd658,0xde99,0xde99,0xde79,0xd658,0xde79,0xe6ba,0xb575,0xbdd6,0xffff,
  0xf79e,0xffde,0xa513,0xd658,0xe6da,0xc5b6,0xde99,0xc5f6,0xbd95,0xe6da,0xce17,0xbd95,0xde99,0xdeb9,0xdeba,0xde78,
  0xbd33,0xa470,0xbd54,0xce16,0xd658,0xe6da,0xdeb9,0xe6da,0xd638,0xce17,0xe6fa,0xde99,0xd699,0xde79,0xde99,0xce37,
  0xe6da,0xe6da,0xd679,0xe6da,0xe6fb,0xd637,0x8bad,0xacb0,0xbd73,0x9c2f,0xacb0,0xacd1,0x8bad,0x6268,0xa470,0xacd1,
  0xacd1,0xa490,0x9c0e,0x93ed,0xd678,0xacb1,0x93ed,0xcdf6,0xef5c,0xc5b5,0xbd95,0xef1c,0xe6fb,0xdeb9,0xe71b,0xa4d3,
  0xce38,0xa4f3,0xad75,0xa514,0x0000,0xbdf7,0x0000,0x0000,0x0000,0x0000,0x0000,0x0000,0x0000,0x0000,0x0000,0x0000,
  0x0000,0x0000,0x0000,0x0000,0x0000,0x0000,0x0000,0x0000,0x0000,0x0000,0xffff,0x0000,0xf79e,0x6b0c,0x83ef,0xffff,
  0x0000,0x0000,0xad34,0x6b2c,0xad33,0xa490,0x7b4b,0x7b4b,0x834b,0x6a88,0x6227,0x6268,0x5a27,0x6aea,0x9c4f,0x836b,
  0x732a,0xbd95,0xa4b1,0x942e,0x940e,0x8bcd,0x93ee,0x940e,0x9c2f,0x9c2f,0x940e,0x940e,0x942e,0xbd95,0xacf2,0xd658,
  0x9c70,0xd678,0xce37,0xce37,0xc5f6,0xd658,0xde79,0xd678,0xd678,0xce16,0xde98,0xce17,0xb533,0xbd32,0x6288,0xc5d6,
  0xde98,0xce37,0xd637,0xd658,0xd658,0xd658,0xd678,0xd658,0xc5d6,0xd657,0xce17,0xb554,0xbd74,0xde98,0xcdf6,0xcdf6,
  0xde99,0xde99,0xcdd6,0xcdf6,0xde99,0xde78,0xd637,0xce17,0xd658,0xde99,0xde99,0xde99,0xd638,0xde99,0xe6b9,0xce17,
  0xad34,0xffdf,0xf77e,0xf7be,0xef7d,0x9cd2,0xdeba,0xde99,0xc5d6,0xe6da,0xc5b5,0xc5d6,0xef1b,0xce17,0xc5b5,0xdeb9,
  0xdeba,0xe6da,0xc5b5,0xacb1,0xa490,0xd637,0xc5f7,0xe6da,0xdeba,0xe6da,0xde78,0xcdd6,0xe6fa,0xdeba,0xde99,0xd678,
  0xde99,0xce37,0xdeb9,0xe6fa,0xd679,0xde99,0xdeda,0xef1b,0xa4b1,0x93ed,0xbd74,0xa470,0xa4b0,0xacd1,0x93cd,0x6aa9,
  0xa46f,0xacd1,0xacb0,0xac90,0x9c0e,0x93cd,0xce37,0xb4d1,0x93ed,0xd637,0xef3c,0xcdf6,0xc5b5,0xef1b,0xe6fb,0xde99,
  0xe6fb,0xc5f7,0xbdd7,0xb596,0xbdd7,0x9cd3,0x0000,0x52aa,0x0000,0x0000,0x0000,0x0000,0x0000,0x0000,0x0000,0x0000,
  0x0000,0x0000,0x0000,0x0000,0x0000,0x0000,0x0000,0x0000,0x0000,0x0000,0x0000,0x0000,0x7bef,0x0000,0x9cb2,0x6b2c,
  0xef5d,0x0000,0x52aa,0x0000,0x7bce,0x736d,0xbd74,0x940e,0x7b2a,0x836b,0x834b,0x6267,0x5a27,0x6ac9,0x6288,0x730a,
  0x9c2f,0x6aea,0x942f,0xbdb5,0x9c4f,0x940e,0x940e,0x8bcd,0x93ee,0x940e,0x9c4f,0x942e,0x942f,0x940e,0xa4b1,0xc5d6,
  0xacf2,0xce17,0x9c91,0xd658,0xce17,0xcdf7,0xcdf6,0xd678,0xde78,0xd679,0xd678,0xce17,0xdeb9,0xcdf6,0xb553,0xb512,
  0x3964,0xbd74,0xde99,0xce17,0xce37,0xd658,0xd658,0xd658,0xd678,0xd658,0xce17,0xcdf6,0xde99,0xbd95,0xbd74,0xc5d6,
  0xd658,0xc5b5,0xde99,0xde99,0xce17,0xc5d6,0xde99,0xde99,0xd658,0xce17,0xd658,0xde99,0xde99,0xdeba,0xcdf7,0xd658,
  0xe6b9,0xde99,0xa4f3,0xf79e,0xf79e,0xf79e,0xffdf,0xe71b,0xa4f3,0xef1b,0xde79,0xc5d6,0xe6fa,0xc5b5,0xce17,0xef1b,
  0xcdd6,0xc5d6,0xdeb9,0xe6da,0xd658,0xacd2,0x9c2f,0xc5b5,0xc5f6,0xde99,0xe6da,0xdeba,0xdeb9,0xc5d6,0xe6da,0xe6da,
  0xdeba,0xd679,0xde99,0xce37,0xd679,0xe6fa,0xdeb9,0xd678,0xdeb9,0xe6fa,0xce17,0x836c,0xb512,0xacf1,0xa490,0xacb0,
  0x93cd,0x6ac9,0x9c4f,0xacd1,0xacb0,0xacb0,0x9c2e,0x8bac,0xc5b5,0xb4f1,0x93ed,0xd658,0xef1b,0xd637,0xc5f6,0xef1b,
  0xe71b,0xd658,0xe6da,0xd679,0xad54,0xf7be,0xad55,0x9cf3,0xffff,0x0000,0xffff,0x0000,0x0000,0x0000,0x0000,0x0000,
  0x0000,0x0000,0x0000,0x0000,0x0000,0x0000,0x0000,0x0000,0x0000,0x0000,0x0000,0x0000,0x0000,0xffff,0x0000,0xffff,
  0x736d,0x8c51,0x0000,0xbdf7,0x0000,0xffff,0x630b,0x8c0f,0xb533,0x83ac,0x7b4a,0x836b,0x7b2a,0x5a27,0x72c9,0x836b,
  0x5a26,0x62c8,0x8bcd,0x62a9,0xad53,0xb533,0x942f,0x9c4f,0x93ed,0x8bad,0x93ee,0x942e,0x9c4f,0x940e,0x9c70,0x93ee,
  0xbd74,0xc5d6,0xb533,0xcdd6,0xa4b1,0xd638,0xce17,0xcdf6,0xcdf7,0xd678,0xd678,0xd699,0xd658,0xce38,0xdeba,0xc5b5,
  0xbd74,0xa4d2,0x28c2,0xacf2,0xe6ba,0xce17,0xce17,0xd638,0xd658,0xd638,0xd678,0xd658,0xd638,0xc5f6,0xd658,0xd658,
  0xb554,0xb554,0xcdf6,0xc5d5,0xde99,0xde99,0xd637,0xc5d6,0xde99,0xde99,0xd658,0xce17,0xd658,0xde99,0xdeb9,0xe6da,
  0xcdf7,0xc5d6,0xdeb9,0xe6da,0xa4f3,0xef3c,0xffbe,0xf79e,0xf79e,0xffff,0xd69a,0xad14,0xef3c,0xd679,0xce37,0xe6da,
  0xbd95,0xde78,0xef1b,0xc5b5,0xc5d6,0xdeb9,0xe6da,0xbd53,0x9c2f,0xacf2,0xce16,0xce17,0xe6fa,0xdeba,0xe6da,0xc5d6,
  0xdeb9,0xe6da,0xe6da,0xdeb9,0xde79,0xd658,0xd658,0xe6fa,0xe6da,0xd699,0xd699,0xdeb9,0xef1b,0x942f,0x940e,0xbd53,
  0xa46f,0xacb0,0x93cd,0x730a,0x942e,0xacd1,0xacb0,0xacd0,0x9c2e,0x93cd,0xbd53,0xacb0,0x93ed,0xd678,0xe71b,0xd678,
  0xce37,0xe71b,0xe71b,0xce37,0xd638,0xdeb9,0xa533,0x0000,0xa534,0xa514,0xc618,0x0000,0x7bef,0x0000,0x0000,0x0000,
  0x0000,0x0000,0x0000,0x0000,0x0000,0x0000,0x0000,0x0000,0x0000,0x0000,0x0000,0x0000,0x0000,0x0000,0x0000,0x7bef,
  0x0000,0xa514,0x736d,0xffff,0x0000,0xce79,0x0000,0xf7be,0x630b,0x9c91,0xacf2,0x836b,0x7b2a,0x8b8c,0x72c9,0x6aa8,
  0x836b,0x72c9,0x6267,0x62c9,0x6aa9,0x7b4c,0xbdb5,0xa4b1,0x942f,0x9c70,0x8bcd,0x8bad,0x93ee,0x9c2f,0x9c4f,0x940e,
  0xa4b1,0x940e,0xce17,0xc5b5,0xbd74,0xc5b5,0xacd2,0xd638,0xce17,0xcdd6,0xce17,0xde79,0xd678,0xde99,0xce37,0xd638,
  0xdeba,0xc5b5,0xc5b5,0x9450,0x41a5,0x9c71,0xe6da,0xd637,0xd637,0xd638,0xde78,0xd638,0xd658,0xd658,0xd658,0xce17,
  0xce37,0xde99,0xce16,0xb554,0xbd95,0xbd94,0xde78,0xde99,0xd658,0xc5b5,0xde99,0xde99,0xde79,0xce17,0xde79,0xd679,
  0xdeba,0xe6da,0xd658,0xb574,0xdeb9,0xe6fb,0xad14,0xdedb,0xffff,0xffdf,0xf7be,0xef7d,0xf79e,0xbd96,0xad34,0xef1b,
  0xce17,0xce17,0xd678,0xbd95,0xde99,0xe6b9,0xbd95,0xcdf6,0xe6da,0xd637,0xa46f,0xa470,0xce17,0xc5d6,0xe6da,0xdeda,
  0xe6fb,0xcdd6,0xde99,0xe6fb,0xe6da,0xe6da,0xde99,0xd678,0xd638,0xe6fa,0xe6fa,0xdeb9,0xde99,0xd678,0xe71b,0xcdf6,
  0x7b4b,0xbd74,0xacd1,0xa4b0,0x93ed,0x732a,0x940e,0xacd1,0xa4b0,0xacd0,0x9c0e,0x93ed,0xacd1,0xa44f,0x940e,0xde99,
  0xe6fa,0xde99,0xd658,0xe6fb,0xef1b,0xce17,0xc5d6,0xd699,0xad54,0x0000,0xc638,0xa514,0xad55,0x0000,0x7bef,0x0000,
  0x0000,0x0000,0x0000,0x0000,0x0000,0x0000,0x0000,0x0000,0x0000,0x0000,0x0000,0x0000,0x0000,0x0000,0x0000,0x0000,
  0x0000,0x0000,0x0000,0x7bae,0x83ef,0x0000,0x52aa,0xbdf7,0x0000,0xbdb6,0x6b4c,0xad12,0x9c90,0x7b4b,0x834b,0x8bac,
  0x6a88,0x7b4b,0x72e9,0x834b,0x72c9,0x5a68,0x6268,0x9c50,0xbdb5,0x9c70,0x9c4f,0x9c70,0x83ac,0x8bcd,0x8bed,0x9c6f,
  0x9c4f,0x9c4f,0xacd1,0x9c2f,0xde99,0xbd94,0xbd95,0xbd74,0xacf2,0xd637,0xcdf7,0xc5b6,0xce17,0xde99,0xde99,0xdeb9,
  0xce37,0xd658,0xdeb9,0xbd95,0xc5b5,0x940f,0x942f,0x8bef,0xe6da,0xd658,0xce37,0xd637,0xd678,0xd638,0xd638,0xd658,
  0xd658,0xd658,0xcdf7,0xde78,0xde99,0xc5b5,0xc595,0xbd74,0xce37,0xe6ba,0xde78,0xc5b5,0xde99,0xde99,0xde99,0xce17,
  0xde99,0xd658,0xe6da,0xe6da,0xde99,0xad33,0xde99,0xef3b,0xbd96,0xbdd7,0xd69a,0xbd96,0xb555,0xad34,0xa4d3,0xa513,
  0x9450,0xad34,0xd678,0xb534,0xbd75,0xbd75,0xad13,0xc5d6,0xbd54,0xacf2,0xc5b6,0xc5b5,0xac90,0x9c2f,0xbd95,0xce16,
  0xde99,0xe6fa,0xe6fb,0xce17,0xd658,0xe6fb,0xe6da,0xe6fa,0xdeb9,0xde99,0xce37,0xe6da,0xe6fa,0xdeb9,0xde99,0xd678,
  0xd699,0xef1b,0x83ad,0x9c50,0xbd73,0xa490,0x93ed,0x732a,0x8bed,0xacd1,0xa4b0,0xacb0,0x9c0e,0x93ed,0x9c4f,0x9bee,
  0x9c4f,0xe6da,0xe6da,0xde99,0xde99,0xe6fa,0xef1b,0xcdf6,0xbdb5,0xd699,0xad34,0xffff,0xffff,0x9cd3,0x9492,0xffff,
  0x0000,0xffff,0x0000,0x0000,0x0000,0x0000,0x0000,0x0000,0x0000,0x0000,0x0000,0x0000,0x0000,0x0000,0x0000,0x0000,
  0x0000,0x0000,0x0000,0x0000,0xffff,0x7bcf,0xb5b6,0x0000,0x7bef,0x7bef,0x0000,0x9cb2,0x7bae,0xb533,0x940e,0x7b2a,
  0x8bcc,0x836b,0x6aa8,0x838c,0x7b2a,0x834b,0x72e9,0x49e6,0x730a,0xb554,0xb574,0x9c70,0x9c6f,0x9c4f,0x838c,0x940e,
  0x8bed,0xa490,0x9c6f,0xa490,0xacb1,0x9c91,0xe6fa,0xb553,0xc5b5,0xb554,0xacf2,0xce17,0xcdf6,0xc5d6,0xd638,0xdeb9,
  0xde99,0xde99,0xce17,0xde79,0xdeb9,0xc595,0xc594,0x8c0f,0xce17,0x8bce,0xde99,0xd678,0xd637,0xce37,0xd658,0xd658,
  0xd637,0xd658,0xde79,0xd658,0xce17,0xd658,0xde99,0xde99,0xbd74,0xcdf6,0xbd74,0xde99,0xde99,0xbd95,0xde99,0xde99,
  0xdeb9,0xce17,0xde99,0xd638,0xe6ba,0xdeba,0xe6da,0xb533,0xd637,0xe6ba,0xbd95,0x8c10,0xad34,0xa4d3,0xacf3,0xad14,
  0xb555,0xb575,0xc5d7,0xad14,0xad13,0xe6fa,0xbd75,0xd638,0xc5d6,0xb533,0xde79,0xbd74,0xb533,0xd637,0xacb1,0x940e,
  0xa4b1,0xcdd6,0xcdf6,0xe6fa,0xe6da,0xd638,0xce37,0xe6fb,0xe6da,0xe6fa,0xe6da,0xde99,0xce37,0xe6da,0xe6fa,0xdeda,
  0xd678,0xdeb9,0xd658,0xe71b,0xc5f6,0x732b,0xbd74,0x9c70,0x93ed,0x7b2a,0x8bcd,0xb4f1,0xa4b0,0xacb0,0x9c2e,0x93ed,
  0x9c2e,0x93ed,0xa470,0xe6fa,0xdeb9,0xdeb9,0xe6da,0xe6fa,0xef1b,0xcdd6,0xbd95,0xd658,0xad54,0xf79e,0x0000,0xb595,
  0x8c51,0xdedb,0x0000,0xad55,0x0000,0x0000,0x0000,0x0000,0x0000,0x0000,0x0000,0x0000,0x0000,0x0000,0x0000,0x0000,
  0x0000,0x0000,0x0000,0x0000,0xffff,0x0000,0xad55,0x8430,0xffff,0x0000,0xffff,0x52aa,0x0000,0x8c50,0x8c2f,0xb533,
  0x8bcd,0x836b,0x940e,0x7b2a,0x7b0a,0x8bac,0x834b,0x7b2a,0x7b4b,0x49e6,0x83ad,0xbdb5,0xb554,0x9c50,0xa490,0x942f,
  0x838c,0x942e,0x8bcd,0xacd1,0xa470,0xacd1,0xa491,0xad33,0xef1b,0xb533,0xc5d5,0xb534,0xb512,0xce17,0xc5d6,0xc5d6,
  0xd678,0xdeb9,0xde99,0xde99,0xce17,0xde99,0xde99,0xc595,0xbd54,0x9c91,0xef1c,0x9c50,0xcdf7,0xde99,0xd637,0xce17,
  0xd638,0xd678,0xd637,0xd658,0xde79,0xd678,0xd658,0xce17,0xde99,0xde99,0xd658,0xb554,0xd637,0xbd95,0xde99,0xc5b5,
  0xde99,0xde99,0xdeba,0xce17,0xde99,0xd658,0xde99,0xdeba,0xe6da,0xb554,0xbd74,0xd658,0xc5b6,0x9cb2,0xcdf7,0xcdf8,
  0xd659,0xde9a,0xe6db,0xef1c,0xf75d,0xffbe,0xc5f7,0xc5b6,0xf77d,0xacf3,0xe6da,0xd637,0xc5d6,0xf73b,0xbd95,0xcdd6,
  0xd637,0xa490,0x9c4f,0xc5b5,0xc5b5,0xe6da,0xe6fb,0xd678,0xce17,0xe6fb,0xe6da,0xe6fa,0xe6da,0xdeb9,0xce37,0xdeb9,
  0xe6fb,0xe6da,0xd637,0xdeb9,0xde99,0xde99,0xef3c,0x9c70,0xacd1,0x9c70,0x93cd,0x836c,0x838c,0xb4f1,0xa490,0xacd0,
  0x9c2e,0x93ed,0x9c2e,0x93cc,0xacd1,0xe6fa,0xde99,0xdeb9,0xe6da,0xe6fb,0xef1b,0xc5b5,0xc595,0xce37,0xad54,0xbe37,
  0x0000,0xffff,0x8c71,0xa514,0x0000,0x7bef,0x0000,0x0000,0x0000,0x0000,0x0000,0x0000,0x0000,0x0000,0x0000,0x0000,
  0x0000,0x0000,0x0000,0x0000,0x0000,0x0000,0x7bef,0x0000,0x94b2,0x8c71,0x0000,0x0000,0xffff,0x0000,0xff9e,0x8c30,
  0x9450,0xad12,0x838c,0x836b,0x93ed,0x72e9,0x838c,0x8bac,0x7b2a,0x7b2a,0x836b,0x5227,0x9c91,0xbd95,0xb554,0x9c4f,
  0xa4b1,0x93ee,0x8bad,0x942f,0x8bad,0xacf2,0xa490,0xb4f2,0x9c70,0xc5b5,0xe6fa,0xb513,0xc5d6,0xb554,0xb513,0xce16,
  0xc5b5,0xc5d6,0xde79,0xdeb9,0xde99,0xd679,0xce17,0xdeba,0xde79,0xc5b5,0xad13,0xb596,0xf77d,0xad13,0xb574,0xe6da,
  0xce37,0xce37,0xce17,0xde79,0xce37,0xd658,0xd678,0xde79,0xd638,0xd637,0xd658,0xde99,0xe6b9,0xbd95,0xb533,0xd658,
  0xc5b5,0xbd95,0xde99,0xdeb9,0xdeba,0xce17,0xde99,0xd658,0xde79,0xde99,0xdeba,0xbd95,0xb513,0xe6ba,0xd679,0xb555,
  0xeefc,0xeedb,0xeedb,0xeefb,0xeefc,0xef1c,0xef3c,0xef3d,0xffbe,0xc5d6,0xc5f7,0xdeba,0x83ce,0xeefb,0xd638,0xbd75,
  0xef1b,0xbd74,0xbd54,0xb4f1,0x9c4f,0xbd74,0xc5d6,0xde99,0xe6fb,0xde99,0xce17,0xe6fb,0xe6da,0xe6fa,0xe6fa,0xdeba,
  0xd638,0xdeb9,0xe6fb,0xe6fa,0xc5d6,0xd658,0xe6fa,0xde99,0xe71b,0xd658,0x9c70,0xa4b1,0x93cd,0x8b8c,0x7b6b,0xb4f1,
  0xa4b0,0xacd0,0x9c4e,0x940e,0x9c0e,0x93ac,0xb512,0xe6fa,0xd699,0xdeba,0xe6da,0xe6fa,0xef1b,0xc5b5,0xc5b5,0xc5f6,
  0xbdb6,0xb5b6,0x0000,0xffff,0x7bef,0x7bef,0x0000,0x0000,0x0000,0x0000,0x0000,0x0000,0x0000,0x0000,0x0000,0x0000,
  0x0000,0x0000,0x0000,0x0000,0x0000,0x0000,0x0000,0x0000,0x0000,0x0000,0x8c71,0xa4f4,0x0000,0xad55,0x7bef,0xe73c,
  0xd679,0x8c30,0x9cb2,0xa4d1,0x7b4b,0x838b,0x8bcd,0x72e9,0x93ed,0x838c,0x7b2a,0x7b4b,0x7b0a,0x5a88,0xb574,0xbd74,
  0xad13,0x9c4f,0xacd1,0x83ad,0x8bcd,0x9c4f,0x8bad,0xacd1,0xacd1,0xb513,0x9c90,0xce37,0xe6fa,0xb513,0xc5b5,0xbd74,
  0xb533,0xcdf6,0xbd95,0xc5b5,0xde99,0xdeb9,0xdeba,0xd658,0xce17,0xe6da,0xd678,0xcdf6,0xacf2,0xd679,0xff9e,0xc5d6,
  0xacf3,0xe6da,0xd638,0xd638,0xce17,0xde79,0xd638,0xd638,0xd658,0xde99,0xd658,0xd658,0xd637,0xde99,0xdeb9,0xd658,
  0xbd54,0xb533,0xd617,0xb533,0xd678,0xdeb9,0xdeba,0xce17,0xde79,0xde79,0xd658,0xde79,0xe6da,0xd617,0xa4b1,0xdeb9,
  0xe6ba,0xb514,0xe6ba,0xe69a,0xe69a,0xe6bb,0xeedb,0xef1c,0xef3d,0xf75d,0xef5d,0xffbe,0xb575,0xc617,0xc5f7,0x7b6d,
  0xde99,0xd658,0xad13,0xde99,0xc595,0xacb1,0xa470,0xacf2,0xc5d6,0xd658,0xe6fb,0xde99,0xcdf6,0xe6fb,0xe6da,0xe6fa,
  0xe6fa,0xdeba,0xd658,0xde99,0xe6da,0xe71b,0xc5f6,0xc5d6,0xe6fa,0xdeb9,0xdeba,0xef3b,0xbd74,0x9c6f,0x93ed,0x8bcd,
  0x6b0a,0xb4f1,0xa4b0,0xacd0,0x9c4e,0x940e,0x9c2e,0x93ac,0xbd53,0xe6fa,0xd699,0xdeba,0xe6fa,0xe6fa,0xe71b,0xc595,
  0xc5b5,0xc5b5,0xbdd6,0xa534,0x0000,0x0000,0x94b2,0x738e,0xffff,0x0000,0xffff,0x0000,0x0000,0x0000,0x0000,0x0000,
  0x0000,0x0000,0x0000,0x0000,0x0000,0x0000,0x0000,0x0000,0x0000,0x0000,0x0000,0xffff,0x8c71,0xbdd7,0x0000,0xad55,
  0x0000,0xce38,0xd699,0x738e,0xad33,0xa4b1,0x7b2a,0x838b,0x8bac,0x838c,0x940d,0x836b,0x7b2a,0x836b,0x6288,0x7b8d,
  0xbdb5,0xb574,0xa4b1,0xa491,0xacd1,0x838c,0x93ee,0x9c4f,0x8bad,0xacb1,0xb533,0xb533,0xa4d1,0xd679,0xe6da,0xb512,
  0xbd94,0xbd95,0xb533,0xcdf6,0xbd54,0xc5d6,0xdeba,0xdeb9,0xdeb9,0xd638,0xd638,0xe6da,0xd638,0xce17,0xa4f3,0xe71c,
  0xffbe,0xde9a,0xa4d2,0xde99,0xde79,0xd658,0xce17,0xd658,0xd678,0xce37,0xd658,0xde79,0xde79,0xd658,0xd678,0xd658,
  0xe6ba,0xd658,0xcdf7,0xce17,0xad13,0xcdf7,0xcdf7,0xde99,0xe6da,0xce17,0xde79,0xdeb9,0xd637,0xde99,0xe71b,0xd678,
  0xa491,0xce38,0xe6fb,0xad14,0xe69a,0xe69a,0xe69a,0xe6bb,0xef1c,0xef3d,0xef5d,0xf75d,0xf75d,0xef5d,0xffbe,0xbdb6,
  0xce38,0xc5b6,0x8c10,0xce18,0xe6ba,0xad13,0xcdd6,0xc574,0xa490,0xa470,0xcdd6,0xce17,0xef1b,0xdeb9,0xce16,0xe6fb,
  0xe6db,0xe6db,0xe6da,0xdeba,0xd678,0xde99,0xdeba,0xe6fb,0xce37,0xbd95,0xe6fa,0xe6da,0xd658,0xe6fa,0xe6da,0xad13,
  0x8bed,0x940e,0x6ac9,0xb4f1,0xac90,0xacb0,0x9c2e,0x9c0e,0x9c2e,0x8bac,0xbd74,0xe6da,0xde99,0xdeda,0xe6fa,0xe6fa,
  0xe71b,0xc594,0xc594,0xbd74,0xc5d6,0x9cd3,0x0000,0x0000,0xdefc,0x7bcf,0xc618,0x0000,0xbdf7,0x0000,0x0000,0x0000,
  0x0000,0x0000,0x0000,0x0000,0x0000,0x0000,0x0000,0x0000,0x0000,0x0000,0x0000,0xffff,0x0000,0xd69a,0x8c71,0xf7be,
  0x0000,0x0000,0xd679,0xce17,0xce79,0x7bae,0xb574,0x9c70,0x7b2a,0x838b,0x8bcc,0x93ed,0x93ed,0x7b4a,0x7b2a,0x834b,
  0x5a68,0xa4f2,0xb574,0xb533,0x940f,0xacf2,0xa490,0x838c,0x942e,0x942e,0x83ac,0xa490,0xbd95,0xb512,0xad13,0xde99,
  0xe6da,0xb512,0xbd74,0xc5d6,0xbd54,0xc5d6,0xb512,0xcdf6,0xdeda,0xde99,0xdeb9,0xce17,0xd658,0xdeba,0xce17,0xce37,
  0xa4f4,0xef7d,0xf79e,0xeefc,0xb534,0xce17,0xe6ba,0xce38,0xd638,0xce17,0xde99,0xce17,0xd638,0xd658,0xde99,0xd638,
  0xd658,0xd658,0xde99,0xde99,0xc5d6,0xde79,0xce17,0xacf3,0xbd95,0xc5d6,0xdeb9,0xd658,0xde79,0xdeba,0xd617,0xde78,
  0xe71b,0xdeb9,0xa491,0xbd95,0xef1c,0xb534,0xde79,0xe69a,0xe6ba,0xf73d,0xf75d,0xf75d,0xf75d,0xf75d,0xf75d,0xf77d,
  0xef5d,0xffbe,0xbdd7,0xb575,0xc5b7,0xa4b3,0xad14,0xeefb,0xbd74,0xa491,0x9c4f,0x940e,0xbd94,0xce17,0xeefb,0xdeb9,
  0xcdf6,0xe6fb,0xe6db,0xe6db,0xe6db,0xde99,0xd658,0xdeb9,0xde99,0xe6fb,0xd678,0xb554,0xdeb9,0xef1b,0xce37,0xc5f6,
  0xef1b,0xde99,0x8c0e,0x8bcd,0x62a8,0xb4d1,0xac90,0xacb0,0x9c2e,0x9c0e,0xa44f,0x93ac,0xc5b5,0xe6da,0xdeb9,0xe6da,
  0xe6fa,0xe6fa,0xe6fb,0xc594,0xbd53,0xbd33,0xce17,0x9cb2,0x0000,0x0000,0xffff,0x8410,0x9492,0x0000,0x7bef,0x0000,
  0x0000,0x0000,0x0000,0x0000,0x0000,0x0000,0x0000,0x0000,0x0000,0x0000,0x0000,0x0000,0x0000,0xad55,0x0000,0xbdd7,
  0x9cb2,0xffff,0xffff,0xffff,0xc5d7,0xef1c,0x9492,0x8c50,0xb574,0x9c4f,0x7b2a,0x838b,0x8bcc,0x940e,0x8bcd,0x7b2a,
  0x7b4b,0x72ea,0x732b,0xb574,0xb533,0x940e,0x940e,0xb533,0x9c4f,0x8bcd,0x9c2e,0x942e,0x8bac,0x9c4f,0xc5f6,0xb532,
  0xb554,0xdeb9,0xe6da,0xb533,0xb554,0xc5f6,0xbd74,0xc5d5,0xa4d1,0xce17,0xe6da,0xde99,0xde99,0xc5d6,0xd679,0xde9a,
  0xce17,0xce17,0xad35,0xffbf,0xf79e,0xf75d,0xcdf7,0xbd75,0xe6fb,0xce38,0xd638,0xce17,0xde99,0xce17,0xce37,0xce37,
  0xde99,0xde78,0xce17,0xd658,0xd658,0xe6ba,0xcdf6,0xde99,0xce17,0xbd74,0xbdb5,0xbd95,0xbd95,0xc5b5,0xde99,0xe6da,
  0xce17,0xd658,0xe6fb,0xe6da,0xacd2,0xad14,0xef3c,0xb514,0xde59,0xe6ba,0xef3c,0xf77d,0xef7d,0xf75d,0xf75d,0xf75d,
  0xf75d,0xf75d,0xf75d,0xf75d,0xffbe,0xbdb6,0xacf4,0xc5b6,0xb514,0x8bef,0xc5d6,0xc5b5,0x93ee,0x836c,0xb533,0xcdf6,
  0xe6fb,0xdeb9,0xc5d6,0xe6fb,0xe6fb,0xe6fb,0xe6fb,0xde99,0xd658,0xdeba,0xd699,0xe6da,0xde99,0xb553,0xde99,0xe6fb,
  0xdeda,0xacf2,0xde99,0xef3b,0xad13,0x730b,0x62a9,0xacd1,0xac90,0xacb0,0x9c2e,0x9c2e,0xa46f,0x8bcc,0xcdf6,0xe6da,
  0xdeba,0xe6fa,0xe6fa,0xe6fa,0xe6fb,0xc574,0xbd33,0xb532,0xd658,0x9491,0xffff,0x0000,0x0000,0x94b2,0x8410,0xffff,
  0x0000,0x0000,0x0000,0x0000,0x0000,0x0000,0x0000,0x0000,0x0000,0x0000,0x0000,0x0000,0x0000,0x0000,0x0000,0xad55,
  0x0000,0xad55,0x9cb3,0xffff,0x0000,0xce18,0xc5d7,0x0000,0x8c51,0x9471,0xbd95,0x944f,0x7b2a,0x836b,0x8bcc,0x940e,
  0x8bcc,0x7b2a,0x7b4b,0x62a9,0x9c70,0xb574,0x942f,0x7b4b,0x9c70,0xb533,0x940e,0x8bcd,0x9c2e,0x942e,0x8bac,0x940e,
  0xcdf6,0xb553,0xbd95,0xdeb9,0xe6ba,0xbd54,0xb553,0xc5f6,0xbd74,0xc5b5,0xa4b1,0xd637,0xe6da,0xde99,0xd678,0xc5b6,
  0xde79,0xde79,0xd637,0xc5d6,0xbdb7,0xffdf,0xf77e,0xf79e,0xde99,0xb513,0xe6da,0xde79,0xd637,0xd638,0xde79,0xd637,
  0xd637,0xce17,0xde79,0xe6ba,0xce17,0xd678,0xd658,0xde99,0xcdf6,0xdeb9,0xde99,0xb533,0xde78,0xde99,0xce17,0xb534,
  0xc5b6,0xe6da,0xd617,0xd638,0xe6da,0xe6fb,0xbd33,0x9c91,0xf73c,0xb534,0xd638,0xf73c,0xf75d,0xef7d,0xf75d,0xf75d,
  0xf75d,0xf75d,0xf75d,0xf75d,0xf75d,0xef5d,0xf75d,0xff9e,0xd679,0xad14,0xbd96,0xd638,0x93ef,0xa4b1,0xc594,0x940e,
  0x9c90,0xcdf6,0xe6da,0xdeb9,0xc5d6,0xe6fb,0xe6fb,0xe6fb,0xe6db,0xde99,0xce37,0xe6ba,0xd679,0xdeb9,0xdeb9,0xb574,
  0xd658,0xe6da,0xef3b,0xbd54,0xb554,0xef3c,0xe6da,0x6aeb,0x5a88,0xacd1,0xac90,0xacb0,0x9c2e,0x9c4f,0xa48f,0x8bac,
  0xd657,0xe6fa,0xe6da,0xe6fa,0xe6fa,0xe6fa,0xe6da,0xbd74,0xb512,0xb512,0xde78,0x9471,0xf7be,0x0000,0x0000,0xbdd6,
  0x8430,0xef5d,0x0000,0xad55,0x0000,0x0000,0x0000,0x0000,0x0000,0x0000,0x0000,0x0000,0x0000,0x0000,0x0000,0x0000,
  0x0000,0xad55,0x0000,0xb575,0x9cd3,0xf800,0xdedb,0xc5d7,0xd659,0xffff,0x7bef,0x9c91,0xbd75,0x942f,0x7b4a,0x836b,
  0x8bcd,0x940e,0x8bac,0x7b4b,0x7b0a,0x6b0b,0xad12,0xa4d1,0x6ac9,0x7b6c,0xa4d1,0xad12,0x8bee,0x8bcd,0x9c2f,0x942e,
  0x83ac,0x8bad,0xc595,0xbd74,0xc5f6,0xde99,0xe6b9,0xbd74,0xb533,0xc5d6,0xbd54,0xbd74,0xa4b1,0xd658,0xe6da,0xde78,
  0xd658,0xc5b6,0xde99,0xd658,0xd658,0xbd75,0xce59,0xffdf,0xf77e,0xf79e,0xef1c,0xbd75,0xd658,0xe6da,0xd617,0xd617,
  0xd658,0xde78,0xce17,0xd658,0xce37,0xe6da,0xd638,0xd678,0xde99,0xde99,0xc5d6,0xd658,0xe6fb,0xb533,0xd637,0xe6ba,
  0xe6fb,0xd638,0xc5b5,0xbd95,0xc5b6,0xce37,0xdeba,0xef1b,0xc595,0x83ee,0xef3c,0xb534,0xd659,0xf79e,0xf75d,0xf75d,
  0xf75d,0xef5d,0xf75d,0xf75d,0xef5d,0xf75d,0xf73d,0xef3c,0xef1c,0xf6fc,0xe659,0xd5f8,0x9cd3,0xa4f3,0xde39,0xbcd3,
  0x8b8d,0x9c50,0x944f,0xc5b5,0xe6da,0xde99,0xc5d6,0xe6fb,0xe6db,0xe6fa,0xe6fb,0xde99,0xce17,0xdeda,0xde99,0xde99,
  0xde99,0xbd54,0xce17,0xe6ba,0xe71b,0xd678,0x9c4f,0xde78,0xf77d,0xa4d2,0x5226,0xb4f1,0xa490,0xacb0,0x9c2e,0xa46f,
  0xa46f,0x8bcd,0xd699,0xe6da,0xe6da,0xe6fa,0xe6fa,0xe6fb,0xe6da,0xbd54,0xb4f2,0xb512,0xde99,0x9cb1,0xbdf7,0x0000,
  0x0000,0xffff,0x8c71,0xa514,0x0000,0x7bef,0x0000,0x0000,0x0000,0x0000,0x0000,0x0000,0x0000,0x0000,0x0000,0x0000,
  0x0000,0x0000,0x0000,0xad55,0x0000,0xb5b6,0xa4f3,0x0000,0xc617,0xce38,0x0000,0xffff,0x7bae,0xa4b2,0xb554,0x942f,
  0x7b4a,0x836b,0x93cd,0x940e,0x8bac,0x7b4b,0x6aa8,0x83ad,0xb533,0x7b4b,0x6288,0x8bcd,0xb513,0xa4d1,0x93ee,0x93ee,
  0x942e,0x942e,0x8bcd,0x83ac,0xb533,0xbdb5,0xce37,0xde99,0xe6b9,0xc5b5,0xb513,0xc5d6,0xb533,0xbd54,0xa4b1,0xd678,
  0xe6ba,0xd658,0xd658,0xc5b6,0xde99,0xce37,0xd658,0xb555,0xdefb,0xffbe,0xf77d,0xffbe,0xffbe,0xc5f7,0xbd95,0xe6da,
  0xcdd6,0xd617,0xc5b6,0xde99,0xcdf7,0xde79,0xce17,0xde99,0xde99,0xd637,0xe6da,0xe6da,0xd637,0xce17,0xe6da,0xb553,
  0xd637,0xde99,0xe6da,0xd617,0xd658,0xe6ba,0xbd75,0xd637,0xde99,0xef1b,0xc5d6,0x7b8d,0xdeba,0xbd96,0xdeba,0xf79e,
  0xf75d,0xf75d,0xf75d,0xf75d,0xf75d,0xef3c,0xf73d,0xef1c,0xeedb,0xeeba,0xee9a,0xf6bb,0x9bf0,0xdd75,0xedb7,0xbcb3,
  0x93ef,0xb4b2,0xac10,0x934d,0x834c,0xbd74,0xdeba,0xde79,0xc5b5,0xe6fb,0xef1c,0xef1b,0xdeb9,0xdeba,0xc5f6,0xdeb9,
  0xdeb9,0xde99,0xde78,0xbd54,0xce17,0xdeba,0xe6da,0xef1b,0x9c91,0xb533,0xef3b,0xdeda,0x7b6c,0xa490,0xacb0,0xac90,
  0x9c4f,0xa46f,0xa44e,0x8bcd,0xdeba,0xde99,0xe6fa,0xe6fa,0xe6fa,0xe6fb,0xded9,0xbd54,0xb4d1,0xbd33,0xe6da,0xad13,
  0xa534,0x0000,0x3186,0x0000,0x9cb3,0x9492,0x0000,0x0000,0x0000,0x0000,0x0000,0x0000,0x0000,0x0000,0x0000,0x0000,
  0x0000,0x0000,0x0000,0x0000,0x0000,0xffff,0x0000,0xce59,0x9cd3,0xffff,0xc618,0xe73b,0x7bef,0xffff,0x736d,0xacf3,
  0xb513,0x942f,0x7b2a,0x834b,0x93ed,0x93ed,0x8b8c,0x7b4a,0x62a9,0xa4b1,0x9c70,0x4a07,0x730a,0x8bed,0xb553,0xa4b1,
  0x940e,0x940e,0x942e,0x9c2f,0x8bed,0x838c,0xa4d1,0xc5f6,0xd658,0xde79,0xdeb9,0xcdd6,0xad12,0xc5f6,0xacf2,0xb513,
  0xa4b1,0xd678,0xdeba,0xd658,0xce37,0xc5b6,0xdeba,0xce37,0xd678,0xad54,0xef5d,0xf79e,0xffdf,0xef3c,0xbdb6,0xad13,
  0xb534,0xde99,0xc5b6,0xd637,0xc5d6,0xd637,0xd658,0xce17,0xde79,0xce17,0xe6da,0xce37,0xe6ba,0xe6da,0xde99,0xc5f6,
  0xe6ba,0xb553,0xc5f6,0xde99,0xe6fb,0xd638,0xce17,0xeefb,0xc5b5,0xd637,0xde9a,0xef1b,0xcdf7,0x83ce,0xd679,0xc5b6,
  0xdeba,0xff7e,0xf75d,0xf75d,0xf73d,0xf73c,0xf75d,0xff9e,0xe69a,0xe679,0xee59,0xe5d7,0xdd55,0xdd35,0x6249,0xab6e,
  0xcc11,0xcbf1,0xc3f1,0x6a49,0x728a,0xabcf,0x936d,0xacf2,0xe6da,0xde99,0xcdf6,0xf75c,0xce38,0x8c10,0xc5f7,0xe6fb,
  0xc5b5,0xdeb9,0xe6da,0xde79,0xde78,0xb553,0xce17,0xde99,0xdeb9,0xef5c,0xad14,0x5207,0xde78,0xf77c,0xbd95,0x940e,
  0xacd0,0xa490,0xa46f,0xa48f,0x9c2e,0x8bcd,0xe6da,0xd679,0xe6fa,0xe6fa,0xe6fa,0xe71b,0xde98,0xbd94,0xb4d1,0xbd74,
  0xe6ba,0xbd74,0x9cd2,0x0000,0x7bef,0x0000,0xb576,0x9492,0xffff,0x0000,0x7bef,0x0000,0x0000,0x0000,0x0000,0x0000,
  0x0000,0x0000,0x0000,0x0000,0x0000,0x0000,0x0000,0x0000,0x0000,0xffff,0xa514,0xd69a,0xce38,0x0000,0x0000,0xbdf7,
  0x7bae,0xb534,0xad13,0x942f,0x732a,0x834b,0x93cd,0x93cd,0x8bac,0x7309,0x734c,0xb513,0x5a89,0x5227,0x732a,0x942f,
  0xb553,0xa4b1,0x940e,0x942e,0x942e,0x9c2f,0x8bcd,0x83ac,0x9c4f,0xce17,0xd678,0xde79,0xde99,0xce17,0xa4d2,0xce16,
  0xacd1,0xacd1,0xa4d1,0xd678,0xde99,0xde78,0xce17,0xc5b5,0xe6ba,0xce17,0xce58,0xb575,0xffdf,0xffdf,0xce38,0x94b2,
  0xa4d3,0xacf3,0xa4d2,0xd678,0xde78,0xb554,0xe699,0xc5b5,0xe6da,0xc5b6,0xde99,0xce17,0xde78,0xd658,0xde78,0xe6da,
  0xe6ba,0xc5d6,0xde99,0xb553,0xc5d5,0xde79,0xe6fb,0xde79,0xce17,0xe6da,0xc5b5,0xc5d6,0xde79,0xef1b,0xd617,0x8c30,
  0xce38,0xc5b6,0xde9a,0xf77d,0xef3d,0xef1c,0xef1c,0xf71c,0xf77d,0xffbe,0xbd35,0xac51,0xd4f4,0xcc72,0xdcf4,0xbc11,
  0x3104,0xcc31,0xd451,0xcbf0,0xbbaf,0x4985,0x7a6a,0xb34e,0x7a8a,0x7b8d,0x8c0f,0x83ae,0x7b8d,0x5248,0x5269,0xc5d7,
  0xef3c,0xdeba,0xc5b5,0xdeb9,0xe6da,0xde79,0xde78,0xb533,0xd637,0xde99,0xde99,0xe6fb,0xd658,0x49c6,0x8bcd,0xe71b,
  0xdeda,0x942f,0xac90,0xa490,0xa48f,0xa490,0x93ed,0x9c2e,0xe6fb,0xd699,0xe6fb,0xe6fa,0xe6fa,0xe71b,0xd637,0xc5b5,
  0xac91,0xcdd6,0xe6ba,0xc5d6,0x9cd2,0x0000,0x632c,0x0000,0xef5d,0x9492,0xbdf7,0x0000,0xbbf7,0x0000,0x0000,0x0000,
  0x0000,0x0000,0x0000,0x0000,0x0000,0x0000,0x0000,0x0000,0x0000,0x0000,0x0000,0x0000,0xad14,0xce38,0xffff,0xffff,
  0x0000,0x9cf3,0x83ef,0xb574,0xa4f2,0x9c2f,0x730a,0x7b6b,0x8bcd,0x8bcd,0x8bac,0x62a9,0x942f,0x83ad,0x49e6,0x5a48,
  0x6aca,0xa4b1,0xbd54,0xa4b1,0x940e,0x942e,0x942e,0x942e,0x940e,0x8bcd,0x8bed,0xd637,0xde99,0xde99,0xde99,0xd658,
  0xa4d1,0xce17,0xacb1,0xa490,0xacd2,0xd658,0xde79,0xd658,0xcdf7,0xc5b6,0xe6da,0xce17,0xc617,0xc617,0xf7be,0xad34,
  0x9c92,0xad34,0xb555,0xc5b6,0xad13,0xc5b5,0xef1b,0x9cb2,0xd638,0xcdf7,0xd658,0xd658,0xcdf7,0xe6ba,0xcdf7,0xde99,
  0xce17,0xeeda,0xe6fb,0xc5d6,0xd658,0xbd74,0xc5d6,0xde99,0xe6db,0xe699,0xd658,0xe6da,0xbd75,0xc5d6,0xde99,0xe6fb,
  0xd638,0x9c71,0xc5d7,0xc5d7,0xdeba,0xf75d,0xeefb,0xeedb,0xee9a,0xd5d7,0xcd35,0xd5d7,0xd5d7,0xac92,0xff3c,0xe5f8,
  0xc493,0x6a69,0x3945,0x8aab,0x826a,0x7249,0x51e7,0x3165,0x20c3,0x3924,0x3924,0x732c,0x838e,0x5a69,0x3965,0x6b2c,
  0xe6fb,0xef3c,0xe6da,0xe6ba,0xc595,0xdeb9,0xdeda,0xde99,0xde79,0xb554,0xd658,0xe6ba,0xd679,0xe6da,0xe6da,0x732c,
  0x6a88,0xad54,0xf7bd,0xacf3,0x9c2f,0xacb0,0xa46f,0xa4b0,0x93ac,0xacd2,0xe71b,0xde99,0xe6fb,0xe6fa,0xe6fa,0xe71b,
  0xce17,0xc5b5,0xac90,0xd637,0xdeb9,0xce17,0xa4f3,0xffff,0x0000,0x0000,0xffff,0x94b2,0x9cf3,0x0000,0x79ef,0x0000,
  0x0000,0x0000,0x0000,0x0000,0x0000,0x0000,0x0000,0x0000,0x0000,0x0000,0x0000,0x0000,0xbdf7,0x0000,0xb576,0xad34,
  0x0000,0x39e7,0x0000,0x8c51,0x8c30,0xb575,0xa4d2,0x942f,0x730a,0x7b6b,0x8bcd,0x8bcd,0x838c,0x6ac9,0x9c70,0x6aea,
  0x6aea,0x5a68,0x62a9,0xb513,0xb553,0xa490,0x940e,0x942e,0x942e,0x942e,0x9c4f,0x9c50,0x83ad,0xc5b5,0xe6ba,0xde79,
  0xde99,0xde99,0xa4d1,0xce37,0xacd1,0x9c70,0xacf2,0xd637,0xd658,0xd658,0xc5f6,0xc5d6,0xe6da,0xc5d6,0xc5f7,0xb575,
  0xa4f3,0x9471,0xb555,0xce18,0xe69a,0xeefb,0xcdd7,0xbd75,0xeefb,0xb554,0x9c71,0xe69a,0xd658,0xe6da,0xc5d6,0xe6b9,
  0xde79,0xde58,0xd638,0xd658,0xef1b,0xce17,0xcdd6,0xc5b5,0xc5d6,0xde99,0xe6da,0xd638,0xde99,0xde99,0xb534,0xc5d6,
  0xde99,0xe6ba,0xd658,0xa4d3,0xcdf7,0xc5d7,0xdeba,0xef1c,0xee9a,0xddf7,0xc4b3,0xcd14,0xf6db,0xffdf,0xde38,0x93ae,
  0xccf4,0x7a6a,0x5987,0x3125,0x41a7,0x628a,0x4a28,0x39c7,0x39e7,0x39a6,0x41c7,0x3186,0x3186,0x5aaa,0x62aa,0x5a69,
  0xb514,0xef3c,0xe6fb,0xe6da,0xe6fb,0xde99,0xbd94,0xe6ba,0xe6da,0xde99,0xde99,0xb553,0xd658,0xe6ba,0xd679,0xdeba,
  0xef3b,0x8c0f,0x72c9,0x62ea,0xef3c,0xd638,0x8bee,0xacb0,0xa46f,0xa4b0,0x8b8c,0xbd74,0xe6fa,0xde99,0xe6fb,0xe6fa,
  0xe6fb,0xe6fb,0xce17,0xc594,0xac90,0xdeb9,0xdeb9,0xce17,0xb554,0xce7a,0x0000,0x7bef,0x0000,0x9cf3,0x8c51,0xffff,
  0x0000,0x0000,0x0000,0x0000,0x0000,0x0000,0x0000,0x0000,0x0000,0x0000,0x0000,0x0000,0x0000,0x0000,0xad55,0x0000,
  0xce59,0xce38,0xd6da,0x0000,0xffff,0x7bef,0x9491,0xb574,0xa4b1,0x942f,0x6ae9,0x836b,0x8bcd,0x8bed,0x7b2b,0x83ad,
  0x83ad,0x730b,0x6ac9,0x5a88,0x6289,0xbd54,0xb533,0xa490,0x940e,0x940e,0x942e,0x942e,0x9c4f,0xacf2,0x8bad,0xb513,
  0xe6da,0xde99,0xde99,0xe6b9,0xacf2,0xd637,0xb4f2,0x9c50,0xb533,0xce17,0xd638,0xd658,0xc5d6,0xc5b6,0xe6ba,0xc5d6,
  0xbdb6,0x7bae,0xa4f3,0xc5f7,0xe6db,0xeefb,0xe6bb,0xe6ba,0xde59,0xbd75,0xe6ba,0xd658,0x83ae,0xc596,0xeefb,0xe6ba,
  0xd638,0xc5d6,0xeefa,0xd638,0xde79,0xcdf7,0xe6da,0xd638,0xc5b6,0xc5b5,0xc5d6,0xde99,0xe6fb,0xc5d6,0xde79,0xdeb9,
  0xacf2,0xc5d6,0xd679,0xd658,0xd638,0xad14,0xc5d7,0xc5b6,0xde79,0xee9a,0xc514,0x9b8e,0xd596,0xffbf,0xde9a,0xbd14,
  0x8b4d,0x5186,0x72ab,0x6aaa,0x3145,0x18e4,0x31a7,0x41e8,0x3986,0x5aec,0x5acc,0x736e,0x83cf,0x830d,0x4166,0x5248,
  0x93cf,0xd5f7,0xeeda,0xde99,0xe6db,0xe6db,0xe6db,0xde79,0xc595,0xe6da,0xe6da,0xdeb9,0xde79,0xbd74,0xde78,0xdeb9,
  0xd678,0xd678,0xef3c,0xa4d2,0x6aa9,0x41a6,0x9cb2,0xf75c,0x940e,0xa46f,0xa490,0xa490,0x838c,0xce37,0xdeb9,0xdeb9,
  0xe6fb,0xe6fa,0xe6fb,0xdeda,0xc616,0xc574,0xac91,0xe6da,0xdeb9,0xd637,0xc5f6,0xb576,0x0000,0x9cf3,0x0000,0xb596,
  0x83f0,0xffff,0x0000,0xffff,0x0000,0x0000,0x0000,0x0000,0x0000,0x0000,0x0000,0x0000,0x0000,0x0000,0x0000,0x0000,
  0x0000,0xff9e,0xce38,0xe71c,0xd699,0xd5f7,0xffff,0x73ae,0x9cd2,0xb574,0x9cb1,0x942f,0x730a,0x838b,0x8bcc,0x93ed,
  0x6ae9,0x940e,0x62c9,0x7b4b,0x6ac9,0x6289,0x6aca,0xbd74,0xb513,0x9c70,0x940e,0x940e,0x942e,0x9c4f,0x940e,0xbd74,
  0x942f,0x9c4f,0xdeb9,0xde99,0xde99,0xe6da,0xbd54,0xce37,0xbd54,0x9c50,0xb533,0xc5d6,0xd638,0xd658,0xc5b5,0xbd95,
  0xdeb9,0xbdb6,0x9cb2,0xa4f3,0xe71c,0xff9e,0xf75d,0xeefb,0xe6bb,0xe69a,0xeedb,0xbd75,0xd658,0xe6ba,0xacb2,0x83ae,
  0xde79,0xe6fb,0xde79,0xc5b6,0xde79,0xeefa,0xd658,0xd658,0xd658,0xd658,0xc5b6,0xcdf6,0xc5f6,0xdeba,0xe6db,0xd658,
  0xb534,0xef3b,0xa4b2,0xbd75,0xde79,0xb575,0xd658,0xb534,0xc5d7,0xc5d7,0xde59,0xcd34,0xc4d3,0xde18,0xb4d3,0x836d,
  0x628a,0xc5b7,0x5269,0x62eb,0x73ef,0x41e8,0x6aab,0x93d0,0x836e,0x932f,0xabd1,0xbd97,0xef7e,0xe71d,0xef5e,0xc473,
  0x9b0d,0x72ca,0xc575,0xe679,0xe679,0xe699,0xe6db,0xe6db,0xeefb,0xd638,0xc5b5,0xe6fa,0xe6da,0xe6da,0xd678,0xce16,
  0xbd74,0xd617,0xdeba,0xce38,0xe6da,0xc5f7,0x6289,0x5207,0x732c,0xf77c,0xa4d2,0x9c2e,0xac90,0xa46f,0x8bcc,0xded9,
  0xde99,0xe6da,0xe6fb,0xe6fa,0xe71b,0xde99,0xce37,0xb4f2,0xb4d2,0xef1b,0xde99,0xd617,0xce17,0xa534,0x0000,0x7bef,
  0x0000,0xffff,0x7bef,0xad55,0x0000,0xbdf7,0x0000,0x0000,0x0000,0x0000,0x0000,0x0000,0x0000,0x0000,0x0000,0x0000,
  0x0000,0xffff,0x0000,0xd69a,0xce59,0x0000,0xf79e,0xce79,0xffde,0x7bae,0xacf3,0xb554,0x9c90,0x942f,0x732b,0x836b,
  0x93cd,0x838c,0x7b8c,0x83ad,0x6ae9,0x7b2a,0x732b,0x5a89,0x7b6c,0xbd74,0xacf2,0x9c4f,0x940e,0x940e,0x940e,0x9c4f,
  0x93ee,0xbd94,0xb533,0x8bcd,0xd637,0xdeba,0xde99,0xe6da,0xbd95,0xce17,0xc595,0x9c4f,0xb533,0xc5b5,0xd617,0xde58,
  0xbd94,0xbd95,0xc5d6,0xad14,0xad34,0xef5d,0xf79e,0xf75d,0xf75d,0xf75d,0xef1c,0xe6db,0xeefb,0xd618,0xbd75,0xe6fb,
  0xcdd6,0x9c50,0x9430,0xef1b,0xdeb9,0xcdf7,0xcdd6,0xeedb,0xe6da,0xd638,0xd638,0xde58,0xc5d6,0xd617,0xcdf7,0xe6ba,
  0xe69a,0xeefb,0xacf3,0xad13,0xd638,0xb534,0xde9a,0xacf3,0xd638,0xbd75,0xc5f7,0xc5b6,0xd5d7,0xd575,0xee7a,0xd5b7,
  0x93cf,0x5a29,0x28e4,0x5209,0x3966,0xa4f4,0x93b0,0x724b,0xfe5b,0xfe5c,0xdd57,0xb474,0xc3f2,0xb515,0xe73d,0xdedd,
  0xe6bb,0xc431,0xbbcf,0x7b4c,0xe6ba,0xde59,0xe699,0xde99,0xe6fb,0xe6db,0xeefb,0xcdf6,0xcdf6,0xe6da,0xde99,0xe6da,
  0xd678,0xd658,0xb513,0xb4f2,0xe6fb,0xce37,0xde79,0xde99,0x62aa,0x5a68,0x836c,0xde99,0xb574,0x940e,0xacb0,0x9c4e,
  0x940e,0xe71b,0xd678,0xe6fa,0xe6fb,0xe6fa,0xe71b,0xd678,0xd657,0xb4b1,0xbd54,0xe73b,0xde99,0xce16,0xd637,0x9cd2,
  0xffff,0x0000,0x7bef,0x0000,0x8410,0x8c51,0x0000,0x52aa,0x0000,0x0000,0x0000,0x0000,0x0000,0x0000,0x0000,0x0000,
  0x0000,0x0000,0x0000,0xbdf7,0x0000,0xd69a,0xd679,0xad55,0xad55,0x0000,0xbdb6,0x83cf,0xad33,0xb534,0x9c90,0x940f,
  0x7b6b,0x7b4b,0x93ed,0x732a,0x942f,0x6aea,0x836c,0x72e9,0x7b6b,0x5a68,0x8c0f,0xb553,0xa4d1,0x9c6f,0x940e,0x940e,
  0x940e,0x9c4f,0x93ee,0xbd74,0xd658,0x8bcd,0xb554,0xe6da,0xde99,0xe6da,0xc5d6,0xc5d6,0xce17,0x942f,0xb553,0xc5b5,
  0xce17,0xde78,0xbd74,0xad12,0xb533,0xbdb6,0xc5d7,0xf79e,0xef5d,0xf77d,0xf75d,0xf75d,0xf77d,0xf75d,0xef3c,0xf73c,
  0xb534,0xde79,0xcdf7,0xacf3,0xa491,0xb514,0xef3c,0xd638,0xb554,0xd618,0xe69a,0xe699,0xce17,0xd638,0xce17,0xd658,
  0xcdf7,0xeeda,0xde79,0xde59,0xd638,0xa4b2,0xc595,0xde99,0xce38,0xad34,0xcdf7,0xc5d7,0xc5d7,0xbd75,0xcdb7,0xee79,
  0xcd55,0x93cf,0x8b8e,0x51e8,0x6a8b,0xbcb4,0x726b,0xab30,0xecd6,0xab50,0xdd58,0xfe1b,0xed98,0xbcb4,0xc433,0xb4f5,
  0xe73d,0xe71d,0xe619,0xcc11,0xab6e,0x9430,0xeeba,0xe679,0xde58,0xde99,0xeefb,0xe6db,0xe6da,0xc595,0xd638,0xe6ba,
  0xd658,0xdeb9,0xd658,0xd658,0xc595,0x93ee,0xdeb9,0xd637,0xd637,0xdeba,0x7b4c,0x6aca,0x9c4f,0xbd95,0xc5d6,0x8bcd,
  0xacb0,0x940d,0xa490,0xef1b,0xd658,0xe71b,0xe6fb,0xe6fa,0xe6fb,0xd658,0xde78,0xac90,0xcdd6,0xe73b,0xde99,0xcdf6,
  0xde99,0xa4f3,0xbdb6,0x0000,0x9cf3,0x0000,0x9492,0x8410,0x0000,0x0000,0x0000,0x0000,0x0000,0x0000,0x0000,0x0000,
  0x0000,0x0000,0x0000,0x0000,0x0000,0xbdf7,0x0000,0xce59,0xd679,0x0000,0xad55,0x0000,0x9cd2,0x8c10,0xad34,0xad33,
  0x9c70,0x8c0e,0x83ad,0x7b2a,0x8bad,0x732b,0x83cd,0x730a,0x83ac,0x6ac9,0x7b4b,0x62a9,0xa4b1,0xad13,0xa4b1,0xa470,
  0x93ee,0x940e,0x940e,0x9c4f,0x940e,0xb553,0xeefa,0xacd1,0x9c70,0xe6ba,0xde99,0xe6ba,0xd637,0xbd95,0xde78,0x9c4f,
  0xb533,0xc595,0xcdf6,0xde99,0xacf2,0xa4b1,0xce17,0xbdb6,0xc5f7,0xf7be,0xef5d,0xf75d,0xf75d,0xf75d,0xf77d,0xf77d,
  0xf75d,0xff9e,0xd658,0xc5b6,0xd617,0xb513,0xc596,0xa4b2,0xce17,0xf73c,0xa4b2,0xc5b6,0xd638,0xde79,0xde78,0xc5b6,
  0xce17,0xde79,0xd638,0xe6da,0xde99,0xb514,0xe6ba,0xd617,0xacf3,0xd659,0xce17,0xb554,0xcdf7,0xd659,0xad34,0xc5b6,
  0xf6db,0xd596,0x9bf0,0x836e,0x59c8,0x8b4e,0xd577,0xfe7c,0x92ee,0xc3d2,0xecd6,0xbbd2,0xf63b,0xfe9d,0xfe9c,0xccf5,
  0xcc53,0xc575,0xe6ba,0xddf8,0xb3d0,0xab4d,0xa3cf,0xb534,0xe699,0xe6ba,0xd617,0xe699,0xeedb,0xe6db,0xe69a,0xc574,
  0xde99,0xdeb9,0xd658,0xde79,0xce38,0xd658,0xcdf6,0x8b8c,0xc5d6,0xd658,0xd617,0xd678,0x83cd,0x732b,0xb4f1,0xa4d2,
  0xc617,0x8bcd,0xacb0,0x93cd,0xb532,0xe6fa,0xd678,0xe71b,0xe6fa,0xe6fb,0xe6da,0xd658,0xde78,0xac50,0xd637,0xe73b,
  0xde99,0xcdf6,0xde99,0xbdb6,0x8c71,0x0000,0x7bef,0x0000,0xbdb7,0x8c30,0xffff,0x0000,0xffff,0x0000,0x0000,0x0000,
  0x0000,0x0000,0x0000,0x0000,0x0000,0x0000,0x0000,0x7bef,0x0000,0xce59,0xd679,0x0000,0x52aa,0x0000,0x8c30,0x9471,
  0xad33,0x9c91,0x9c70,0x8bee,0x8bed,0x7b2a,0x834b,0x7b6c,0x7b6c,0x838c,0x838c,0x6ac9,0x7b6c,0x732b,0xb533,0xa4d2,
  0xa4b1,0xa490,0x93ee,0x940e,0x940e,0x9c4f,0x940e,0xb533,0xe6da,0xcdf6,0x942f,0xce17,0xe6da,0xe6b9,0xde99,0xb574,
  0xe6da,0xa4b1,0xb512,0xc595,0xcdf6,0xde78,0x9450,0xa4d2,0xd658,0xb575,0xd679,0xf79e,0xef5d,0xf75d,0xf75d,0xf75d,
  0xf77d,0xf77d,0xf75d,0xf75d,0xf77d,0xbd55,0xd617,0xb534,0xbd75,0xde58,0xa4b2,0xeefb,0xd658,0x8c0f,0xde99,0xcdf7,
  0xd637,0xc5d6,0xde79,0xc5b6,0xc5b6,0xef1b,0xde59,0xb534,0xbd95,0xe699,0xc5d6,0xe6ba,0xc5b6,0xad34,0xcdf7,0xf75d,
  0xa4d3,0xc5d7,0xde59,0xa451,0x836e,0xacf4,0xb3f2,0xb453,0xdd98,0xfe7c,0xedf9,0xbcd4,0xd5b7,0xc515,0xedf9,0xccf4,
  0xbc31,0x8aab,0xab2d,0xab6d,0xab2d,0x828a,0x930c,0xccb3,0xac51,0xde58,0xe699,0xe679,0xc5b6,0xeeda,0xe6db,0xeefb,
  0xd638,0xc5b6,0xe6fa,0xde99,0xd638,0xde58,0xcdf7,0xce37,0xd638,0x8bad,0xacd2,0xd657,0xce16,0xde99,0x7bad,0x940e,
  0xbd33,0xa4b1,0xbdb5,0x8bcd,0xacb0,0x8bac,0xbd94,0xe6da,0xd699,0xe71b,0xe6fa,0xe71b,0xd678,0xde99,0xd637,0xac70,
  0xde99,0xe73b,0xde99,0xce17,0xce16,0xdeba,0x840f,0xffff,0x0000,0x0000,0xffff,0x9492,0xad55,0x0000,0xffff,0x0000,
  0x0000,0x0000,0x0000,0x0000,0x0000,0x0000,0x0000,0x0000,0x0000,0x0000,0x0000,0xce38,0xdedb,0x0000,0x0000,0xffff,
  0x83ef,0x9cb2,0xacf3,0x8c0f,0xa4d2,0x8bce,0x93ee,0x7b4b,0x730b,0x7bad,0x7b6b,0x8bac,0x838c,0x72e9,0x734b,0x9450,
  0xb533,0xa4b1,0xa4b1,0xa490,0x8bee,0x940e,0x93ee,0x9c4f,0x940e,0xb513,0xe6b9,0xd658,0xa4d2,0xacf2,0xe6da,0xdeb9,
  0xe6da,0xbd74,0xe6da,0xb533,0xa490,0xc5b5,0xc5b5,0xde78,0x9430,0xa4f2,0xce17,0xb555,0xdedb,0xf77e,0xf75d,0xf75d,
  0xf75d,0xf75d,0xf75d,0xf75d,0xf75d,0xef5d,0xf79e,0xd659,0xc596,0xb534,0xb514,0xde79,0xcdd7,0xad14,0xf77d,0xacf3,
  0xacd3,0xde79,0xc5b6,0xbd75,0xe6ba,0xcdd6,0x9430,0xde79,0xd638,0xacf3,0xbd96,0xc5b6,0xd638,0xe6ba,0xde79,0xacf3,
  0xad14,0xce18,0x9c92,0xde7a,0xd618,0x9410,0xc597,0xf7df,0xc4b5,0xbc32,0xdd77,0xe5b8,0xcd15,0xb471,0xa450,0x72aa,
  0x8a8a,0xa2eb,0xaaec,0xa2ec,0x71c7,0xcbf0,0xdc52,0xcc10,0xb3cf,0xf5d8,0xb4b2,0xe69a,0xe699,0xcdd6,0xcdd6,0xeefb,
  0xe6db,0xeefb,0xcdb5,0xce17,0xef1b,0xde79,0xd637,0xd658,0xc5b5,0xce37,0xde99,0x93cd,0x942e,0xcdf6,0xce17,0xde99,
  0x7b8d,0xacf2,0xbd32,0xa4b1,0xacf3,0x8bee,0xacb0,0x8bac,0xce17,0xde99,0xdeb9,0xe71b,0xe6fb,0xe6da,0xd658,0xe71b,
  0xcdb5,0xac91,0xe6da,0xe71b,0xde99,0xd637,0xc5b5,0xf73c,0x9471,0xb5b6,0x0000,0x7bef,0xffff,0x9cd2,0x94b2,0x0000,
  0x7bef,0x0000,0x0000,0x0000,0x0000,0x0000,0x0000,0x0000,0x0000,0x0000,0x0000,0x0000,0x0000,0xce38,0xdedb,0x0000,
  0x0000,0xff9d,0x83ef,0xad13,0x9c91,0x8c0f,0xad13,0x8bad,0x942f,0x7b2a,0x730a,0x83ad,0x838c,0x8bac,0x838c,0x6ac9,
  0x734b,0xb533,0xacf2,0xa4b1,0xa4d1,0xa4b1,0x940e,0x940e,0x8bed,0x9c2f,0x940e,0xacf2,0xe6da,0xd637,0xd617,0xa4d2,
  0xde79,0xdeb9,0xe6fa,0xbd95,0xd658,0xce17,0x942f,0xc595,0xbd95,0xe6b9,0x942f,0xad13,0xc5b6,0xbd75,0xef3c,0xf77d,
  0xf75d,0xf75d,0xf75d,0xf75d,0xf75d,0xf75d,0xf75d,0xf75d,0xf75d,0xff9e,0xbd75,0xcdd7,0xa492,0xde59,0xeefb,0xc595,
  0xc5b6,0xef1c,0xacf3,0xbd55,0xde59,0xc5b6,0xe6ba,0xc5d6,0xb514,0xb534,0xde79,0xa4b2,0xe6db,0xd638,0xcdd7,0xce18,
  0xde9a,0xbd75,0xbd96,0xa4d3,0xa4d3,0xbd96,0xb555,0xc5d7,0xf77f,0xe71d,0xd5b7,0xbbf0,0xb3f0,0x92ec,0x8acb,0x92ec,
  0xc452,0x7249,0xb38e,0xf4d3,0xe492,0xecd3,0xbbaf,0xc431,0xf556,0xedb7,0xfe39,0xedd8,0xbd34,0xeefb,0xe659,0xbd54,
  0xde79,0xeefb,0xeefb,0xe699,0xc575,0xd617,0xe6fb,0xd658,0xd637,0xd617,0x9c70,0xc5f6,0xe6da,0xa450,0x7b6b,0x9c70,
  0xd658,0xd679,0x7b8d,0xacb1,0xbd32,0xa4d1,0x9c70,0x9c4f,0xac90,0x8bac,0xd678,0xd678,0xdeda,0xe6fb,0xe6fb,0xde99,
  0xce58,0xef3b,0xbd33,0xb4d2,0xe71b,0xe71b,0xde99,0xd657,0xbd94,0xf75c,0xb575,0x9491,0x0000,0x5aeb,0x0000,0xad55,
  0x9492,0x0000,0x0000,0x0000,0x0000,0x0000,0x0000,0x0000,0x0000,0x0000,0x0000,0x0000,0x0000,0x0000,0x0000,0xce18,
  0xdedb,0x0000,0x0000,0xb5b6,0x8c30,0xad34,0x8c2f,0x8c0f,0xb533,0x8bad,0x942f,0x732a,0x6aea,0x7b6c,0x8bac,0x838c,
  0x838c,0x6aa9,0x732b,0xb554,0xa4d2,0xa4b1,0xa4d1,0xa4b1,0x940e,0x940e,0x8bed,0x942e,0x940e,0xacd2,0xdeb9,0xd637,
  0xde78,0xbd74,0xc5b5,0xe6fa,0xe6fa,0xcdf6,0xc5b5,0xe6b9,0x9c2f,0xb533,0xcdf6,0xe6b9,0x8bef,0xb533,0xb554,0xc5d6,
  0xf77d,0xef5d,0xf75d,0xf75d,0xf75d,0xf75d,0xf75d,0xf75d,0xf75d,0xf75d,0xf73d,0xf77d,0xe6ba,0xbd34,0xbd75,0xbd54,
  0xf71c,0xeefb,0xb534,0xde99,0xe6ba,0xbd95,0xbd54,0xcdf7,0xeeda,0xbd75,0xbd54,0xcdf7,0xbd95,0xad13,0xeedb,0xde59,
  0xde59,0xb555,0xbd75,0xc5b6,0xd639,0xacd3,0xb535,0xe6db,0xc618,0xef5d,0xe69b,0xe619,0xccd3,0xd4f4,0xbc11,0xdd14,
  0xd4f4,0xdd14,0xf576,0xd4b3,0xd492,0xed35,0xed55,0xed96,0xfdf8,0xfe39,0xfe59,0xfe59,0xfeba,0xd596,0xcdb6,0xf71c,
  0xc595,0xc575,0xeefb,0xeedb,0xeeda,0xcdd6,0xcdb5,0xcdf6,0xe6da,0xd637,0xcdf6,0xcdd6,0x93ee,0xb574,0xef3b,0xacb1,
  0x836c,0x734c,0xce17,0xd678,0x83ee,0xacd1,0xb4f1,0xb513,0x9c71,0xacb1,0xb4f1,0x9c2e,0xde99,0xd658,0xe6fb,0xe6fb,
  0xe71b,0xd658,0xd678,0xe71b,0xb4f2,0xbd33,0xef3b,0xe71b,0xde99,0xd658,0xbd74,0xe6da,0xd678,0x8430,0xffff,0x39e7,
  0x0000,0xc617,0x9492,0xffff,0x0000,0x0000,0x0000,0x0000,0x0000,0x0000,0x0000,0x0000,0x0000,0x0000,0x0000,0x7bef,
  0x0000,0xce38,0xd699,0x0000,0x0000,0x9cb2,0x8c50,0xa4f3,0xa4d2,0x8c2f,0xb554,0x8bce,0x942f,0x732a,0x6b0a,0x7b8c,
  0x8bad,0x838c,0x838c,0x6ac9,0x7b6c,0xbd74,0xa4b1,0xa4b1,0xa4d1,0xa490,0x940e,0x942f,0x93ee,0x940e,0x942e,0xa4b1,
  0xde78,0xd658,0xce17,0xd658,0xad13,0xde99,0xe6fa,0xde99,0xad13,0xef1b,0xa4b1,0xb512,0xd637,0xd658,0x8bee,0xb554,
  0xacf3,0xce18,0xf79d,0xef5d,0xef5d,0xf75d,0xf75d,0xef5d,0xef3c,0xef1c,0xef1c,0xef1c,0xf75d,0xff9e,0xffbe,0xcd96,
  0xc596,0xb514,0xde38,0xf71c,0xeefb,0xad13,0xe6fb,0xd638,0xacd3,0xe69a,0xcdf7,0xb514,0xef1b,0xe6ba,0xbd75,0xad14,
  0xc5d7,0xa4b2,0xd658,0xb535,0x83cf,0x9c92,0xad14,0xcdf8,0xe6fb,0xf75d,0xf75d,0xf71c,0xf6db,0xf6db,0xf6ba,0xfe9a,
  0xedf8,0xedf8,0xf5f8,0xf618,0xf618,0xfe59,0xfe59,0xfe59,0xfe59,0xfe59,0xfe59,0xfe59,0xfe59,0xf639,0xfe9a,0xbcf3,
  0xeeda,0xd5f7,0xa492,0xde79,0xeefb,0xeefb,0xd618,0xcdb6,0xd5f6,0xcdf6,0xde99,0xcdd6,0xc5b6,0xd617,0x8bad,0xa4d1,
  0xef5c,0xacb2,0x732a,0x83ad,0xad34,0xdeba,0x83ce,0xb4f2,0x940e,0x8bcd,0xa470,0xb4f2,0xb4d1,0xacd1,0xdeb9,0xd658,
  0xe6fb,0xe6fb,0xe71b,0xce17,0xdeba,0xe6fa,0xb4d1,0xcdb5,0xef3b,0xe6fb,0xdeb9,0xd637,0xbd73,0xd637,0xe71b,0x9471,
  0xef5d,0x0000,0x0000,0xce59,0x9492,0xffff,0x0000,0x7bef,0x0000,0x0000,0x0000,0x0000,0x0000,0x0000,0x0000,0x0000,
  0x0000,0xbdf7,0x0000,0xce38,0xd679,0x0000,0x0000,0x8c30,0x9450,0x9cd2,0xad54,0x8c0f,0xb554,0x940f,0x940e,0x7b4b,
  0x7b4b,0x836c,0x8bcd,0x838c,0x838c,0x62a9,0x8c0f,0xbd74,0x9c91,0xa4d2,0xacf2,0x9c70,0x940e,0xa490,0x940e,0x940e,
  0x942e,0xa490,0xd658,0xde99,0xc5d6,0xde78,0xc5b5,0xcdd6,0xe6da,0xe6fa,0xa4d2,0xdeb9,0xbd74,0xa491,0xd658,0xcdf6,
  0x93ee,0xb534,0x9c92,0xd679,0xf77d,0xef3c,0xf73c,0xf73c,0xe6fb,0xf73d,0xf6fb,0xf6fb,0xeeba,0xe618,0xddd7,0xe659,
  0xd596,0xd555,0xac51,0xbd34,0xa431,0xc514,0xddf8,0xe659,0xb514,0xe6da,0xbd75,0xf71c,0x9c51,0xb514,0xbd75,0xe6ba,
  0xcdd7,0xa4b2,0x8bef,0x8bef,0xb534,0xbd96,0xde7a,0xe6db,0xf75d,0xff9e,0xf75d,0xf73d,0xf73c,0xf71c,0xf71c,0xf6fc,
  0xf6db,0xf6bb,0xfebb,0xfe9b,0xfe9a,0xfe7a,0xfe7a,0xfe5a,0xfe59,0xfe39,0xfe39,0xfe39,0xfe59,0xf659,0xfe59,0xfe7a,
  0xddd7,0xc575,0xeedb,0x8bae,0xbd55,0xe6da,0xeefb,0xe679,0xcdb6,0xd617,0xcdd6,0xd617,0xce17,0xbd54,0xde79,0xd617,
  0x93ad,0x9c4f,0xf75c,0xa491,0x730a,0x734b,0x738e,0xd6ba,0x8c0f,0xacd1,0xa490,0x8bac,0xac90,0xbd12,0xa44f,0xa490,
  0xd678,0xcdf6,0xe71b,0xe6fb,0xded9,0xcdf6,0xef1b,0xdeb9,0xb4b1,0xd617,0xef3c,0xe6fb,0xdeb9,0xcdf6,0xbd33,0xc5b5,
  0xef5b,0xb5b5,0x9cf3,0x0000,0x0000,0xd67a,0xad55,0xce59,0x0000,0xad55,0x0000,0x0000,0x0000,0x0000,0x0000,0x0000,
  0x0000,0x0000,0x0000,0xbdf7,0x0000,0xce38,0xce38,0x0000,0xffff,0x840f,0x9470,0xad55,0x9cd2,0x9c71,0xb554,0xa490,
  0x93ee,0x83ad,0x732b,0x7b6b,0x8bcd,0x838c,0x838c,0x62a9,0xa4b2,0xb554,0x9c70,0xacf2,0xacf2,0x9c4f,0x940e,0xacd1,
  0x9c4f,0x8bed,0x940e,0x9c70,0xce17,0xde99,0xce37,0xc5b6,0xde99,0xbd95,0xde79,0xef1b,0xb533,0xc5b5,0xde58,0x9c4f,
  0xd658,0xc595,0x940f,0xad13,0x9c92,0xe6ba,0xf75d,0xef1c,0xeefc,0xff7d,0xb514,0xacd4,0xf69a,0xd515,0xd514,0xdd55,
  0xe5f8,0xeebb,0xf6fc,0xee9a,0xf69a,0xcd76,0xc596,0xac92,0xddd7,0xdd76,0xddb6,0xa492,0xeefb,0xb555,0x9430,0x9c51,
  0xa4b2,0xa4b2,0xa4d3,0x9c71,0xd638,0xe6ba,0xef1c,0xff7d,0xff7e,0xff7d,0xf75d,0xf73d,0xf73d,0xf73c,0xf71c,0xf71c,
  0xf6fc,0xf6fb,0xf6db,0xf6bb,0xf69a,0xf67a,0xf67a,0xf65a,0xfe5a,0xfe5a,0xfe59,0xfe59,0xfe59,0xfe59,0xfe59,0xf659,
  0xfe5a,0xfe5a,0xbd14,0xde38,0xacb2,0xa471,0xd5f8,0xeefb,0xeedb,0xcdd6,0xde38,0xcdd6,0xcdd6,0xd5f7,0xbd74,0xcdf7,
  0xef1b,0xc5b6,0x9c0e,0x83ad,0xef3c,0x8bce,0x8bcc,0x83ce,0x83ef,0xb595,0x9450,0xbd12,0x93ee,0x93ed,0xb512,0xb512,
  0x9c4f,0xb512,0xd637,0xce17,0xe71b,0xe71b,0xd658,0xcdf6,0xef5c,0xd678,0xb4b1,0xde79,0xe71b,0xe6fb,0xe6ba,0xcdf6,
  0xb532,0xb532,0xe6b9,0xd699,0x9471,0x0000,0x0000,0xce38,0xa534,0xbdf7,0x0000,0xffff,0x0000,0x0000,0x0000,0x0000,
  0x0000,0x0000,0x0000,0x0000,0x0000,0xad55,0x0000,0xde99,0xce38,0x0000,0xce9a,0x83cf,0x9471,0xdeda,0x8c50,0xa4d2,
  0xad33,0xa4b1,0x93ee,0x83cd,0x732b,0x838c,0x8bcd,0x838c,0x836b,0x6ae9,0xbd54,0xad13,0xa491,0xb513,0xacf2,0x942f,
  0x9c4f,0xa490,0xb4f2,0x8bed,0x940e,0x9c2f,0xc5d6,0xde99,0xde79,0xb574,0xd658,0xcdf6,0xcdd6,0xeefb,0xce37,0xa4b1,
  0xde78,0x9c4f,0xcdf6,0xb554,0x940f,0xa4d2,0xacd3,0xeedb,0xf6fc,0xeefc,0xeedb,0xf69a,0xd515,0x3904,0x934d,0xedb7,
  0xee18,0xddd7,0xd5b7,0xc555,0xb514,0x93f0,0xbd14,0xbcf4,0x9c51,0xb554,0xa4b2,0xe679,0xe618,0xc596,0xbd96,0x9410,
  0x9c51,0xacf3,0xacd3,0xa4d3,0xd638,0xeedb,0xff7d,0xff7d,0xf75d,0xf73d,0xf73d,0xf73d,0xf75d,0xf75d,0xf75d,0xf73d,
  0xf71c,0xf71c,0xf6fc,0xf6fb,0xf6db,0xf6bb,0xf6bb,0xf67a,0xf67a,0xf67a,0xfe7a,0xf65a,0xf659,0xfe59,0xf659,0xf659,
  0xf659,0xfe7a,0xfe9b,0xbcd3,0xb514,0xc535,0xb4f3,0xbd34,0xde38,0xf71c,0xd5f7,0xde38,0xde58,0xc595,0xcdd6,0xc575,
  0xcdf6,0xe6da,0xe6db,0xbd54,0x8b6c,0x8bee,0xc5d6,0x730a,0x940e,0x83ef,0xad14,0x9cb2,0xa4b2,0xc553,0xacd1,0xacd1,
  0xb4f1,0xbd12,0x9c2e,0xc5b5,0xcdf6,0xce37,0xe71b,0xe6fb,0xc5d6,0xd678,0xef5c,0xd637,0xb4d1,0xe6da,0xe71b,0xe6fb,
  0xe6da,0xcdf6,0xb512,0xb511,0xcdf6,0xef3b,0x9cb2,0xdefb,0x0000,0xbdb7,0xad75,0xbdf7,0x0000,0xbdf7,0x0000,0x0000,
  0x0000,0x0000,0x0000,0x0000,0x0000,0x0000,0x0000,0x0000,0x0000,0xffff,0xce38,0xff7e,0xad74,0x840f,0x9471,0xffff,
  0x9471,0xa4d2,0xad13,0xa491,0x940e,0x83ad,0x732a,0x838c,0x8bcd,0x8bac,0x7b2b,0x734c,0xcdf6,0x9c70,0x9450,0xbd54,
  0xa4d1,0x940e,0xacb1,0x942f,0xc594,0x9c2f,0x942e,0xa470,0xbd95,0xd658,0xe6ba,0xc5d6,0xbd95,0xde78,0xc5b5,0xde99,
  0xe6fa,0xa491,0xb553,0xacb1,0xbd94,0xacd2,0x9c2f,0x9c71,0xb534,0xf73c,0xee9a,0xee59,0xd534,0xc430,0xdcb3,0x9b6d,
  0x3145,0x72ab,0x8acc,0x9acc,0xa32d,0xc472,0x72eb,0x7b6d,0x72cc,0x28c3,0x4146,0x7aec,0x836d,0x838d,0xb514,0xbd55,
  0xbd96,0xcdd7,0xcdd7,0xef1c,0xde79,0xf75d,0xff7d,0xf77d,0xf75d,0xf73d,0xf75d,0xf75d,0xf75d,0xf75d,0xf75d,0xf73d,
  0xf73d,0xf73c,0xf73c,0xf71c,0xf6fc,0xf6fc,0xf6db,0xf6bb,0xf6ba,0xf67a,0xf67a,0xf67a,0xf67a,0xf65a,0xf65a,0xfe59,
  0xfe7a,0xfe9a,0xfe7a,0xe5f8,0xb4b3,0xa492,0xd5d7,0xd596,0xb4d3,0xc596,0xe69a,0xde58,0xd618,0xe679,0xbd95,0xc595,
  0xcdf7,0xcdd6,0xdeb9,0xe6ba,0xe6db,0x9c91,0x93ee,0xc594,0x7b6d,0x8c0e,0x730b,0xad14,0xad34,0x94b1,0xb513,0xc573,
  0xacb1,0xacd0,0xb4f1,0xb511,0x93ee,0xd637,0xc5b5,0xd658,0xef3b,0xde79,0xbd95,0xe6da,0xef3c,0xcdd6,0xbd13,0xe71b,
  0xe6fb,0xe6fb,0xe6fa,0xd657,0x8bee,0xacd1,0xbd73,0xef3b,0xbdd6,0xa4f3,0x0000,0xc5f7,0xb5b6,0xb5b6,0x0000,0xbdf7,
  0x0000,0x0000,0x0000,0x0000,0x0000,0x0000,0x0000,0x0000,0x0000,0x0000,0xbdf7,0x0000,0xce18,0xde9a,0xad54,0x9450,
  0xa514,0xffff,0x9c92,0xa4d1,0xad12,0x9c6f,0x940e,0x83ad,0x730a,0x836b,0x8bac,0x8bac,0x730a,0x8c2f,0xc5b6,0x62ca,
  0x9c70,0xbd54,0x9c70,0x8bee,0xacf2,0x940e,0xb512,0xb533,0x8bcd,0xa470,0xbd74,0xc5d6,0xe6da,0xce17,0xbd54,0xcdf6,
  0xcdf6,0xce17,0xef1b,0xbd75,0x9c50,0xb512,0xb4f2,0xa470,0x9c50,0x9491,0xb514,0xd5b7,0xf619,0xcc92,0xcc11,0xcc72,
  0xabae,0x9b2d,0x5209,0x4a49,0x3945,0x49c7,0x5229,0x4a08,0x39a7,0x630c,0x9cb3,0x51a8,0x9bb0,0xa411,0x8b6e,0x8b4d,
  0x9c71,0x83f0,0xd639,0xff7d,0xf73d,0xf73d,0xf77d,0xf75d,0xf75d,0xf75d,0xf75d,0xf75d,0xf75d,0xf75d,0xf75d,0xf75d,
  0xf75d,0xf73d,0xf73d,0xf73c,0xf73c,0xf71c,0xf6fc,0xf6fc,0xf6db,0xf6bb,0xf6ba,0xf69a,0xfe9a,0xfe9a,0xf67a,0xf67a,
  0xfe7a,0xf639,0xdd96,0xc4f3,0xac72,0xac72,0xbcb3,0xf67a,0xe618,0xb4f3,0xd5d6,0xd617,0xde79,0xd617,0xe699,0xc5b6,
  0xd638,0xe6da,0xe6ba,0xcdf7,0xe6fb,0xdeba,0xe6da,0xc5b6,0xbd95,0x9c4f,0x8c0e,0x7b6c,0x7bae,0xffff,0x83ef,0xb5b6,
  0xb512,0xc553,0xacb0,0xb4f1,0xb4f1,0xb4f1,0x93ee,0xde78,0xbd74,0xde99,0xe6fb,0xce17,0xc5f6,0xe71b,0xef3b,0xc594,
  0xc574,0xef3b,0xe6fb,0xe6fb,0xe6fa,0xde99,0x8bee,0x8bce,0xbd53,0xd657,0xdeba,0x9491,0xffff,0xc5f7,0xc5f7,0xc638,
  0x0000,0xbdf7,0x0000,0x0000,0x0000,0x0000,0x0000,0x0000,0x0000,0x0000,0x0000,0x0000,0xffff,0x0000,0xdedb,0xce59,
  0xa4f3,0x8c50,0xce38,0x0000,0x9cb2,0xa4d2,0xad13,0x9c4f,0x940e,0x8bcd,0x6ac9,0x7b6b,0x838c,0x8bac,0x6ac9,0xacf2,
  0xa4b1,0x732b,0xa4b1,0xbd54,0x8bee,0x940f,0xb4f2,0x9c4f,0x942e,0xcdf6,0xa490,0x8bce,0xbd94,0xb533,0xd658,0xde98,
  0xbd74,0xbd74,0xd637,0xcdd6,0xde99,0xdeb9,0x944f,0xb4f2,0xacb1,0x9c2f,0xa491,0x8c30,0xcd15,0x72cb,0x7269,0xb3d0,
  0xab6f,0x7a6a,0x7aab,0x8b2d,0x5a4a,0x2945,0x39a6,0x4208,0x730d,0xa412,0x8aee,0x9b4f,0xc473,0xb371,0xd4f6,0xfe9c,
  0xdd78,0xbbd1,0xd639,0xe6db,0xd618,0xef1c,0xf73c,0xf73d,0xf73d,0xf75d,0xf75d,0xf75d,0xf75d,0xf73d,0xf75d,0xf75d,
  0xf75d,0xf75d,0xf75d,0xf73d,0xf73d,0xf73c,0xf73c,0xf71c,0xf6fc,0xf6fc,0xf6db,0xf6db,0xf6ba,0xf69a,0xfe9a,0xfe9a,
  0xfe9a,0xf67a,0xf67a,0xf65a,0xee19,0xddb7,0xe5f8,0xf67a,0xfe7a,0xcd76,0xbcf4,0xddf7,0xcd95,0xcdb6,0xd618,0xde79,
  0xd638,0xe6ba,0xeedb,0xeedb,0xcdf7,0xce17,0xe6ba,0xe6fb,0xc5b5,0x838d,0xacf2,0xc595,0x7b6c,0x7bad,0xffff,0xb596,
  0x94b2,0xbdf7,0xb4f2,0xc573,0xacd1,0xb511,0xb512,0xacb0,0x9c4f,0xe6da,0xb533,0xe6da,0xdeb9,0xcdf7,0xd658,0xef1b,
  0xe71b,0xbd54,0xcdb6,0xef3b,0xe6fb,0xe6fb,0xe71b,0xde99,0xa4d2,0x9cb1,0xb4f2,0xc5d5,0xef3b,0xad34,0xd6b9,0xbd96,
  0xc618,0xce59,0x0000,0xbdf7,0x0000,0x0000,0x0000,0x0000,0x0000,0x0000,0x0000,0x0000,0x0000,0x0000,0x0000,0xad55,
  0x0000,0xdeba,0x8c30,0x9c91,0xffff,0xffff,0x9cd2,0xa4f2,0xad13,0x9c4f,0x93ed,0x940e,0x730a,0x62a8,0x8bcd,0x8bac,
  0x6ac9,0xb534,0x8bce,0xa4b1,0x8c0f,0xb533,0x732b,0x9c70,0xb512,0x9c4f,0x9c2f,0xa4b0,0xd637,0x8bee,0xb532,0xbd94,
  0x9c70,0xd657,0xce17,0xbd54,0xce17,0xd658,0xd638,0xef1b,0xbd74,0xa490,0xacf1,0x8bcd,0x9c70,0x93ef,0xe535,0xbbd0,
  0x28a2,0x2924,0x49a7,0x5229,0x5249,0x3166,0x2945,0x4987,0x72ed,0xb4b4,0xe598,0xfedd,0xccb5,0xab70,0xe4d6,0xc433,
  0xe598,0xf63a,0xbc72,0xbbd0,0xd535,0xee9b,0xf73d,0xf73c,0xf73d,0xf73d,0xf73d,0xf73d,0xf73d,0xf73c,0xf71c,0xf73d,
  0xf73d,0xf75d,0xf75d,0xf75d,0xf75d,0xf73d,0xf73d,0xf73c,0xf73c,0xf71c,0xf6fc,0xf6fc,0xf6db,0xf6db,0xf6ba,0xf69a,
  0xfeba,0xfebb,0xf69a,0xf67a,0xfe7a,0xfe9b,0xfe9b,0xfedb,0xfe9b,0xddb7,0xbcd3,0xc555,0xd5d7,0xcd96,0xc595,0xcdd6,
  0xde58,0xe69a,0xe6ba,0xe6ba,0xe6da,0xcdf7,0xc5b6,0xde59,0xde9a,0xe6da,0x942f,0xb513,0xeefb,0xa4b2,0x8bed,0xa4f2,
  0xffff,0x9cd3,0xd69a,0xa4f3,0xbd33,0xc573,0xb4d1,0xbd32,0xbd32,0xa46f,0xacd1,0xe6fa,0xb533,0xe6da,0xd658,0xce17,
  0xde99,0xe71b,0xe6fa,0xbd13,0xd637,0xef1b,0xe6fb,0xe6fa,0xe6fa,0xe6da,0xacd2,0xb596,0xa4b1,0xc573,0xe6fa,0xce79,
  0x9d13,0xce38,0xc618,0xce59,0x0000,0xad55,0x0000,0x0000,0x0000,0x0000,0x0000,0x0000,0x0000,0x0000,0x0000,0x0000,
  0x0000,0xbdf7,0xffff,0xd6ba,0x8c50,0xa513,0x0000,0xffff,0x9cd3,0xacf2,0xacf2,0x9c4f,0x8bcd,0x8bcd,0x8bcd,0x5226,
  0x6aa9,0x836c,0x6aea,0xacf2,0x8bcd,0xbd73,0x942f,0x940f,0x6aea,0xad12,0xacf2,0x9c70,0xa490,0x8bed,0xb533,0xcdf6,
  0x9c4f,0xcdf6,0x940e,0x9c70,0xcdf6,0xc5b5,0xc5d6,0xd658,0xd638,0xde99,0xde99,0x9c50,0xacd1,0x8b8d,0x8bce,0xa410,
  0xcbd0,0x8a6a,0x4125,0x18a2,0x31a6,0x31a6,0x3186,0x738f,0xce19,0xbc11,0xabf1,0xcd37,0xe599,0xf61a,0xfe7c,0xd516,
  0xbcf4,0xc514,0xa38f,0x9b2d,0xbc52,0xedf8,0xfedb,0xf6fc,0xf71c,0xf71c,0xf73c,0xf73c,0xf73c,0xf73c,0xf71c,0xeebb,
  0xeeba,0xf6fc,0xf75d,0xf73d,0xf73d,0xf73d,0xf73d,0xf73d,0xf73d,0xf73c,0xf73c,0xf71c,0xf71c,0xf6fc,0xf6fc,0xf6db,
  0xf6bb,0xf6bb,0xf6bb,0xfebb,0xf69a,0xf69a,0xf67a,0xddd8,0xddf8,0xd596,0xcd76,0xd5f7,0xe659,0xe618,0xd5f7,0xbd34,
  0x8bae,0xcdb6,0xeeda,0xe6da,0xe6db,0xe6db,0xd5f7,0xc5b6,0xd658,0xcdd6,0xde99,0xce18,0x83ad,0xb553,0xde79,0x83ac,
  0x9c2e,0x9491,0xad55,0xad55,0x0000,0xa4f3,0xc553,0xc553,0xb4f1,0xbd32,0xbd32,0x9c0e,0xbd95,0xdeb9,0xb532,0xde99,
  0xce37,0xd638,0xe6da,0xe71b,0xdeb9,0xb513,0xde99,0xe71b,0xe6fb,0xe6da,0xe6da,0xef1b,0xb554,0xad55,0xa513,0xacf1,
  0xde78,0xe71b,0x94b1,0xc618,0xb575,0xdedc,0x0000,0xffff,0x0000,0x0000,0x0000,0x0000,0x0000,0x0000,0x0000,0x0000,
  0x0000,0x0000,0x0000,0x7bef,0x0000,0xbdd6,0x8c2f,0x9cf2,0x0000,0xffff,0x9cf3,0xa4f2,0xa4b1,0x9c6f,0x8bcd,0x8bac,
  0x93ee,0x7b6b,0x6ac9,0x72ea,0x732b,0x9c70,0x9c4f,0xbd73,0xacf2,0x6aea,0x7b6c,0xb554,0xacf2,0xa490,0xa490,0x9c4f,
  0x8bcd,0xc594,0xc594,0xb533,0xacf1,0x940e,0xacb1,0xd616,0xc5b5,0xde78,0xd618,0xde79,0xeefa,0xb554,0xa490,0x8bad,
  0x62aa,0x8b0d,0x69a7,0x28c3,0x20e3,0x41e8,0x39c7,0x524a,0xc5f9,0xef7f,0xef7e,0xc473,0xb3d1,0xc4d5,0xee1a,0xfe5b,
  0xee19,0xc514,0x93ae,0x9bae,0xbc30,0xc492,0xfe7a,0xfebb,0xf6db,0xf6db,0xf6fc,0xf71c,0xf71c,0xf73c,0xf73c,0xf73c,
  0xeeba,0xe67a,0xe67a,0xeeba,0xf73d,0xf73d,0xf73d,0xf73d,0xf73d,0xf73d,0xf73d,0xf73c,0xf73c,0xf71c,0xf71c,0xf71c,
  0xf6fc,0xf6fb,0xf6db,0xf6bb,0xf6bb,0xf6bb,0xf69a,0xf69a,0xf6bb,0xd5b7,0xb4b3,0xb4f4,0xbd14,0xbd14,0xbd14,0xb4d3,
  0xc596,0xa471,0xacd3,0xeedb,0xe6da,0xeeda,0xe699,0xcdd6,0xc575,0xde58,0xcdf7,0x7b8d,0xef1b,0x9430,0x62a9,0xa4b1,
  0xc5f6,0x8bcc,0x940e,0x8410,0xe71c,0x0000,0x0000,0xa4f2,0xcd94,0xbd33,0xbd12,0xc553,0xbd32,0x93ed,0xd658,0xde78,
  0xacf1,0xd658,0xce37,0xd658,0xe6fb,0xe71b,0xd658,0xb533,0xe6da,0xe6fa,0xe6fb,0xe6da,0xdeb9,0xef1b,0xc5d6,0x8c30,
  0xffff,0x9450,0xc594,0xf77d,0x94b2,0x9cd2,0xad55,0xffff,0x0000,0x0000,0x0000,0x0000,0x0000,0x0000,0x0000,0x0000,
  0x0000,0x0000,0x0000,0x0000,0x0000,0x52aa,0x0000,0xa534,0x840f,0xbdd6,0xd69a,0x0000,0x9cf2,0xa4b1,0x9c70,0x9c6f,
  0x8bed,0x8bad,0x8bed,0x83ac,0x7b4b,0x838c,0x734c,0x8c0f,0xacd1,0xbd53,0xc574,0x6aca,0x8c0f,0xb554,0xb513,0xa4b1,
  0xa4b0,0x9c70,0x93ee,0x8bcd,0xbd53,0xbd53,0xacb1,0x9c6f,0x9c2f,0xb4f2,0xd617,0xd658,0xdeb9,0xde59,0xeefb,0xde99,
  0x9c70,0x93ef,0x39a6,0x4186,0x20c3,0x39a7,0x5acb,0x4a28,0x6b2c,0xe71c,0xef5e,0xdedc,0xe71d,0xe61a,0xcc53,0xd515,
  0xcd35,0xa3cf,0x7a69,0xab4d,0x932d,0xcd14,0xf639,0xee39,0xf67a,0xf6ba,0xf6db,0xf6db,0xf6fc,0xf71c,0xf71c,0xf71c,
  0xf73c,0xeedb,0xe69a,0xe67a,0xe67a,0xe69a,0xf71c,0xf75d,0xf75d,0xf75d,0xf75d,0xf75d,0xf73d,0xf73d,0xf73c,0xf73c,
  0xf71c,0xf71c,0xf6fc,0xf6fc,0xf6fb,0xf6db,0xf6db,0xf6db,0xf6bb,0xf6bb,0xf6bb,0xfedc,0xfedc,0xfedb,0xf69b,0xee7a,
  0xe659,0xfefc,0xe679,0xb4f3,0xe6da,0xde99,0xde59,0xd617,0xc5b5,0xcdb5,0xd617,0xe6ba,0x734c,0xa4d2,0xde99,0x730b,
  0x8bee,0x9c91,0xad13,0x8bcc,0x9c2f,0x9c92,0x0000,0x0000,0xffff,0xacf2,0xcd94,0xbd33,0xbd32,0xc553,0xbd12,0x93cd,
  0xe6b9,0xd637,0xa4b0,0xce16,0xd637,0xd678,0xe6fb,0xe71b,0xcdf6,0xc595,0xded9,0xe6fa,0xe6fb,0xe6da,0xde99,0xef1b,
  0xce17,0x8c30,0x0000,0x9cd2,0x9c70,0xef1b,0xce58,0x8c30,0xb575,0x0000,0x0000,0x0000,0x0000,0x0000,0x0000,0x0000,
  0x0000,0x0000,0x0000,0x0000,0x0000,0x0000,0x0000,0x0000,0xffff,0x8c50,0x840f,0xffbe,0xc617,0xe6fb,0xa513,0x9c91,
  0x9c50,0x9c4f,0x940e,0x8bac,0x8bad,0x8bed,0x7b2b,0x836b,0x732b,0x83ee,0xb512,0xbd32,0xbd53,0x6ac9,0xa4b1,0xb533,
  0xb513,0xacd1,0xa4b0,0xa470,0x8bed,0x93ed,0x940e,0xb533,0xacd1,0xacb1,0xa4b0,0x9c70,0xacd2,0xce17,0xe6ba,0xd658,
  0xde99,0xff9d,0xbdb5,0x6aeb,0x3186,0x39c7,0x528a,0x62eb,0x5a89,0x826a,0xdcd5,0xeefc,0xdf3d,0xe71d,0xef1d,0xf75e,
  0xc4f5,0x8acb,0x7a08,0x6966,0xcbd0,0xed35,0xe535,0xedb7,0xee18,0xf69a,0xf6ba,0xf6ba,0xf6db,0xf6db,0xf6dc,0xf6fc,
  0xf71c,0xf71c,0xf71c,0xe69a,0xe67a,0xe67a,0xe67a,0xe67a,0xf71c,0xf75d,0xf75d,0xf75d,0xf75d,0xf75d,0xf75d,0xf73d,
  0xf73d,0xf73c,0xf73c,0xf71c,0xf71c,0xf71c,0xf6fc,0xf6fb,0xf6db,0xf6db,0xf6db,0xf6db,0xf6db,0xf6db,0xf6db,0xfebb,
  0xf6bb,0xfefc,0xff5d,0xe639,0xa492,0xde79,0xde99,0xce38,0xc5b6,0xd617,0xc5b6,0xbd75,0xd638,0x83ae,0x732c,0xe6da,
  0x9430,0xa470,0x93ed,0x8c2f,0x9450,0x93ed,0x9c4f,0x9c92,0xffff,0x0000,0xffff,0xad13,0xcd94,0xbd32,0xbd32,0xc573,
  0xacb0,0x93ed,0xe6da,0xcdf7,0xa46f,0xc5b5,0xd658,0xdeb9,0xe6fb,0xe6fb,0xc5b5,0xce17,0xde99,0xe6fa,0xe6fb,0xe6fa,
  0xde98,0xe6fb,0xde78,0x9430,0xffff,0xffff,0x83ce,0xbdb6,0xef5c,0x9cb2,0x9cb2,0x0000,0x0000,0x0000,0x0000,0x0000,
  0x0000,0x0000,0x0000,0x0000,0x0000,0x0000,0x0000,0x0000,0x0000,0x0000,0xffff,0x7bcf,0x8c51,0x0000,0xef5d,0xdeda,
  0xad13,0x9c70,0x9c70,0x942f,0x942f,0x838c,0x8bcd,0x93ed,0x836b,0x7b4b,0x6aea,0x7b8d,0xb532,0xbd53,0xa4b1,0x6aea,
  0x9c70,0xb554,0xb533,0xa4b0,0xa4d1,0xa4b1,0x8bee,0x93ee,0x8bcd,0xb512,0xacf2,0x9c70,0xa490,0xa46f,0x942e,0xb512,
  0xde79,0xe6ba,0xce18,0xad13,0x5aaa,0x2104,0x39a6,0x4a08,0x49c7,0x3944,0x3103,0x7a6a,0xbb4e,0xcbf1,0xddf8,0xeebb,
  0xe619,0xbcb3,0x59e7,0xa30c,0xd3f0,0xb32d,0xe4f4,0xdd35,0xf5f8,0xfe7a,0xfe9a,0xf69a,0xf69a,0xf6bb,0xf6bb,0xf6db,
  0xf6fc,0xf6fc,0xf71c,0xf71c,0xf6fb,0xe679,0xee7a,0xee9a,0xe67a,0xe69a,0xf77d,0xf75d,0xf75d,0xf75d,0xf75d,0xf75d,
  0xf75d,0xf75d,0xf75d,0xf73d,0xf73d,0xf73c,0xf71c,0xf71c,0xf71c,0xf6fc,0xf6fb,0xf6fb,0xf6fc,0xf6fb,0xf6fc,0xf6dc,
  0xf6db,0xff1c,0xff3d,0xf6fc,0xcdd7,0xb514,0xeedb,0xe6ba,0xd638,0xc5d6,0xcdd7,0xa4d2,0xa4b2,0xb533,0x7b6d,0x730b,
  0xc595,0xbd74,0x9c50,0xa490,0x838d,0x8bee,0x93ee,0x9c2e,0xa46f,0x9471,0x0000,0x0000,0xffff,0xacf2,0xcd94,0xbd33,
  0xbd33,0xc573,0xa46f,0x9c2e,0xe6fa,0xc5d5,0x9c2e,0xc594,0xd699,0xe6fa,0xe71b,0xdeda,0xbd74,0xd658,0xd678,0xe71b,
  0xe6fb,0xe6fb,0xd678,0xe6fa,0xdeb9,0x9470,0xe71c,0x0000,0xbdb6,0x9c92,0xe6fb,0xbd96,0x8c51,0x0000,0x0000,0x0000,
  0x0000,0x0000,0x0000,0x0000,0x0000,0x0000,0x0000,0x0000,0x0000,0x0000,0xffff,0x0000,0xf77d,0x83ef,0x9cd3,0xffff,
  0x0000,0xffff,0xad13,0x9450,0xa4b1,0x942f,0x9c4f,0x83ac,0x8bad,0x8bcd,0x8bcd,0x7b2a,0x730a,0x7b6c,0xb532,0xbd53,
  0x83cd,0x7b6c,0x8bee,0xb574,0xb574,0x83ad,0x838c,0xbd94,0x940e,0x93ed,0x940e,0x942e,0xcdf6,0xacd1,0xa490,0xacb1,
  0x9c4f,0x9c2f,0xbd74,0xe6fb,0xce18,0x83ae,0x8c10,0xad13,0x3145,0x38e4,0xabf0,0xd4f3,0xc4b2,0xa3ae,0x828a,0x9aab,
  0xa2ec,0x7a8a,0x9b0d,0x826a,0xb36e,0xec93,0xdc93,0xe514,0xf5d7,0xfe79,0xf67a,0xf67a,0xf67a,0xf69a,0xf69a,0xf6bb,
  0xf6bb,0xf6db,0xf6fc,0xf6fc,0xf71c,0xf71c,0xf71c,0xeeba,0xe67a,0xe67a,0xe69a,0xe659,0xd659,0xf79e,0xf75d,0xf75d,
  0xf75d,0xf75d,0xf75d,0xf75d,0xf75d,0xf73d,0xf73d,0xf73d,0xf73c,0xf73c,0xf71c,0xf71c,0xf71c,0xf6fc,0xf6fc,0xf6fc,
  0xf6fc,0xff1c,0xe69a,0xbd35,0xbd14,0xb534,0xb534,0xce18,0xc596,0xb534,0xacf3,0x9c91,0x9410,0x8bef,0x8c0f,0x6289,
  0x838d,0xacf2,0xb533,0x9c70,0xbd33,0x8bcd,0x942f,0x940e,0x93ed,0x9c2e,0xa46f,0x9471,0x0000,0x0000,0xefbe,0xad13,
  0xcd94,0xbd33,0xc553,0xc573,0x9c0e,0xa46f,0xef1a,0xc5d5,0x9c2e,0xc594,0xde99,0xe6fb,0xe71b,0xd678,0xc5d6,0xde79,
  0xd658,0xe71b,0xe6fa,0xe71b,0xd678,0xdeb9,0xe71b,0xa4d2,0xbdb6,0xe71c,0xffde,0x8c30,0xd659,0xe6fb,0x8410,0xffff,
  0x0000,0x0000,0x0000,0x0000,0x0000,0x0000,0x0000,0x0000,0x0000,0x0000,0x0000,0x0000,0xad55,0x0000,0xbdd7,0x7bef,
  0xbdb6,0x0000,0xffff,0xef5c,0xa4f2,0x9c70,0xa4d2,0x8c0e,0x9c4f,0x83ac,0x8bac,0x8bcd,0x93ed,0x7b2a,0x6aea,0x6b0a,
  0xbd33,0xacd1,0x83ad,0x730b,0x7b8d,0xbd95,0xb533,0x7b4b,0x5a68,0xb533,0xacd2,0x8bed,0xa490,0x940e,0xa491,0xd637,
  0xa491,0xa490,0xa470,0x9c2f,0x9c2f,0xcdf6,0xeefb,0xde79,0xd617,0xe6ba,0x9c91,0x2041,0x7a8a,0xedd7,0xee17,0xdd14,
  0xcc31,0xec94,0x826a,0x9b0d,0xe4b3,0xab4e,0xe4b3,0xe555,0xf618,0xfe59,0xfe7a,0xf659,0xf659,0xf67a,0xfe7a,0xf69a,
  0xf69a,0xf6bb,0xf6bb,0xf6db,0xf6fc,0xf6fc,0xf71c,0xf71c,0xf73c,0xf73d,0xf71c,0xeefc,0xeefc,0xf75d,0xbd35,0xe6db,
  0xf77e,0xf75d,0xf75d,0xf75d,0xf75d,0xf75d,0xf75d,0xf75d,0xf75d,0xf73d,0xf73d,0xf73c,0xf73c,0xf71c,0xf71c,0xf71c,
  0xf71c,0xf71c,0xf71c,0xf71c,0xf71c,0xe69a,0xd638,0xde59,0xcdf7,0xbd75,0xb514,0xa4d3,0xb555,0xbd95,0xb534,0xcd76,
  0x5207,0x6289,0xa4b1,0x9c2f,0x9c2f,0x9c70,0x93ee,0xb4d1,0x9c4f,0x93ed,0x9c2e,0xa490,0xa46f,0x9491,0xffff,0x0000,
  0xdefb,0xbd74,0xcd94,0xbd53,0xc573,0xc553,0x9c0d,0xa490,0xef1a,0xc5b5,0x9c4f,0xcdd6,0xdeda,0xe71b,0xe71b,0xcdf7,
  0xd678,0xd658,0xd658,0xef1b,0xe6fb,0xe71b,0xd678,0xd699,0xef3c,0xb554,0xa4f3,0xf7bd,0xffff,0xad54,0x9cf3,0xf77d,
  0x9cf3,0xb5d6,0x0000,0xffff,0x0000,0x0000,0x0000,0x0000,0x0000,0x0000,0x0000,0x0000,0x0000,0x0000,0x7bef,0x0000,
  0x94b2,0x7bcf,0xf79e,0x0000,0x0000,0xe71b,0x9cb1,0x9c91,0xa4d2,0x942f,0x9c4f,0x93ed,0x836b,0x8bed,0x93ed,0x836b,
  0x730a,0x5a68,0xa4b0,0x93ed,0x730b,0x838d,0x7b6c,0xc5b5,0xacf2,0x7b2a,0x732a,0x8c0f,0xbd74,0xa490,0x942e,0xa490,
  0x8bee,0xb513,0xde78,0xacd2,0xa490,0xa46f,0x9c2f,0xa470,0xde78,0xe6fb,0xd637,0xcdd6,0xe6b9,0x7b6c,0x2820,0xbc72,
  0xff3d,0xf6ba,0xf67a,0xedb7,0xb430,0xf5b7,0xed76,0xe576,0xf639,0xfe7a,0xfe59,0xf659,0xfe5a,0xfe5a,0xf67a,0xfe7a,
  0xfe9a,0xfe9a,0xf69a,0xf6bb,0xf6bb,0xf6db,0xf6fc,0xf6fc,0xf71c,0xf71c,0xf73c,0xf73d,0xf75d,0xf75d,0xf75d,0xf77d,
  0xeefc,0xe6db,0xf77e,0xf75d,0xf75d,0xf75d,0xf75d,0xf75d,0xf75d,0xf75d,0xf75d,0xf75d,0xf75d,0xf73d,0xf73d,0xf73d,
  0xf73c,0xf73c,0xf73c,0xf73c,0xf73c,0xf71c,0xf71c,0xf73c,0xf73d,0xf6fc,0xeedb,0xeeba,0xee9a,0xe67a,0xe6db,0xe6fb,
  0xf71c,0xbcf4,0x49c6,0x7b2b,0xa470,0x9c6f,0xacd1,0xacd1,0xbd12,0xbd12,0x9c2e,0x93ac,0xac90,0xb4f1,0xa44f,0x9491,
  0xffff,0x0000,0xc618,0xbd95,0xcd94,0xbd53,0xc594,0xbd12,0x93ed,0xacb0,0xe6fa,0xbdb4,0xa46f,0xd637,0xe6fa,0xe71b,
  0xe6da,0xc5d6,0xdeba,0xd658,0xd679,0xef1b,0xe6fb,0xe71b,0xde99,0xd678,0xf75c,0xc5d6,0x9492,0x0000,0x0000,0xffff,
  0x8430,0xce58,0xd69a,0x9cd3,0x0000,0x52aa,0x0000,0x0000,0x0000,0x0000,0x0000,0x0000,0x0000,0x0000,0x0000,0x0000,
  0x0000,0x0000,0x8c51,0x7bcf,0xffff,0x0000,0x0000,0xce79,0x9471,0xa4b1,0xa4d2,0x944f,0x9c2f,0x942e,0x836c,0x8bed,
  0x8bed,0x8bac,0x7b4b,0x6b0a,0x7b8c,0x730b,0xacb1,0xd616,0x83ad,0xbd74,0xacf2,0x7b4b,0x838c,0x9450,0x9c70,0xbd74,
  0x9c70,0x9c2f,0xa470,0x93ee,0xc5b5,0xd637,0xacd1,0xacd1,0xa490,0x9c2f,0xacb1,0xe699,0xef1b,0xd638,0xd617,0xeefa,
  0x72eb,0x38a3,0xe5f8,0xff1c,0xf6bb,0xfedb,0xfeba,0xfe7a,0xf67a,0xfe7a,0xf67a,0xf639,0xf659,0xf659,0xf67a,0xf67a,
  0xf67a,0xf67a,0xf69a,0xfe9a,0xf69a,0xf6bb,0xf6db,0xf6db,0xf6fb,0xf6fc,0xf71c,0xf71c,0xf73d,0xf73d,0xf75d,0xf75d,
  0xf75d,0xf75d,0xf77d,0xf77e,0xf75d,0xf77d,0xf77d,0xf77d,0xf77d,0xf77d,0xf77d,0xf75d,0xf75d,0xf75d,0xf75d,0xf75d,
  0xf75d,0xf73d,0xf73d,0xf73d,0xf73d,0xf73d,0xf73c,0xf73c,0xf73c,0xf73c,0xf71c,0xeefc,0xeefb,0xeefc,0xef1c,0xf71c,
  0xf73d,0xf79e,0xff1c,0x834c,0x838c,0x838c,0xb4f2,0xc574,0xbd53,0xbd12,0xb4f2,0xb4f1,0x9c0e,0x8b8c,0xb4f2,0xb512,
  0xa46f,0x9c71,0xffff,0x0000,0xc5f7,0xc594,0xc574,0xc553,0xcd94,0xb4d1,0x9bed,0xacb1,0xe6da,0xbd74,0xa490,0xde98,
  0xe6fb,0xe71b,0xde99,0xce17,0xe6da,0xd658,0xde99,0xe71b,0xe71b,0xef1b,0xdeb9,0xce17,0xef3b,0xce37,0x9471,0xffff,
  0x7bef,0x0000,0xbdb6,0x9cd2,0xef3c,0x9cf3,0xffff,0x0000,0x0000,0x0000,0x0000,0x0000,0x0000,0x0000,0x0000,0x0000,
  0x0000,0x0000,0x0000,0x0000,0x7bcf,0x8430,0x0000,0x7bef,0x0000,0xce79,0x9c91,0xa4d2,0xa4b1,0x9c50,0x942e,0x9c4f,
  0x838c,0x8bcd,0x8bcd,0x93cd,0x8b8c,0x6aca,0x734c,0xc595,0xc574,0xb533,0x942f,0xa4b1,0xbd74,0x836c,0x838c,0xa4b1,
  0xacf2,0x9c70,0xbd54,0x9c4f,0x940e,0xa46f,0x942f,0xbd54,0xc594,0xa490,0xacd1,0xb533,0xb4f2,0xb4f2,0xde78,0xef1b,
  0xd638,0xcdd6,0xeeda,0x6acb,0x59c7,0xfedb,0xf6db,0xf6ba,0xf69a,0xfe9a,0xfedb,0xf639,0xee18,0xfe5a,0xf659,0xf65a,
  0xf67a,0xf67a,0xf67a,0xf67a,0xf69a,0xf69a,0xf6ba,0xf6bb,0xf6db,0xf6db,0xf6fb,0xf6fc,0xf71c,0xf71c,0xf73d,0xf73d,
  0xf75d,0xf75d,0xf75d,0xf75d,0xf75d,0xf77d,0xf77d,0xf77d,0xf77d,0xf77d,0xf77d,0xf77d,0xf77d,0xf75d,0xf75d,0xf75d,
  0xf75d,0xef5d,0xef5d,0xf77d,0xf75d,0xf75d,0xf75d,0xf75d,0xf73d,0xf73d,0xf73d,0xf73d,0xf73d,0xf75d,0xf75d,0xf75d,
  0xf77d,0xf75d,0xf75d,0xf79e,0xd5f8,0x72ea,0xbd53,0x7b4b,0xb4d1,0xbd33,0xb512,0xb4f2,0xb4f2,0xb4d1,0x93cd,0x93ac,
  0xbd33,0xb512,0xa46f,0x9c71,0xffff,0x0000,0xbd96,0xcdb5,0xc573,0xc553,0xcdb4,0xac6f,0x9c0e,0xacb1,0xe6d9,0xb553,
  0xa4b1,0xe6d9,0xe6fb,0xe71b,0xd638,0xce38,0xe6fa,0xd678,0xde99,0xe71b,0xe6fb,0xe6fb,0xe6da,0xcdf7,0xe6fa,0xde99,
  0x9471,0xffff,0x0000,0xad55,0xffff,0x8c50,0xce58,0xbdb6,0xad55,0x0000,0xbdf7,0x0000,0x0000,0x0000,0x0000,0x0000,
  0x0000,0x0000,0x0000,0x0000,0x0000,0xffff,0x738e,0x9cd3,0x0000,0x9cf3,0x0000,0xce59,0x9471,0xacf2,0x9c91,0x9c70,
  0x942f,0x9c4f,0x8bad,0x8bad,0x8bed,0x93cd,0x732a,0x6aea,0x7b4b,0xa4b1,0xbd54,0xb512,0xacf2,0x83ce,0xce17,0x83ac,
  0x734b,0xa4d2,0xbd74,0x9c50,0x9c70,0xb512,0x9c4f,0x93ee,0xa46f,0x9c2f,0xacf2,0xc5b5,0xacd2,0xa470,0xbd74,0xcdf6,
  0xc574,0xd638,0xef1b,0xde79,0xcdf7,0xe6ba,0x836d,0x8b8e,0xf6db,0xf69a,0xf67a,0xe618,0xcd14,0xbcb3,0xee38,0xfe5a,
  0xf659,0xfe7a,0xf67a,0xf67a,0xf67a,0xf69a,0xf69a,0xf6ba,0xf6bb,0xf6bb,0xf6db,0xf6fc,0xf6fc,0xf71c,0xf71c,0xf73c,
  0xf73d,0xf75d,0xf75d,0xf75d,0xf75d,0xf75d,0xf77d,0xf77d,0xf77d,0xf77d,0xf77d,0xf77d,0xf77d,0xf77d,0xf77d,0xf75d,
  0xf75d,0xef5d,0xef5d,0xf79d,0xff9e,0xf6db,0xf73c,0xf75d,0xf75d,0xf75d,0xf75d,0xf75d,0xf75d,0xf75d,0xf75d,0xf75d,
  0xf75d,0xf75d,0xf75d,0xf75d,0xf77d,0xff9e,0x9c30,0x942e,0xc573,0x732b,0xb4d1,0xbd32,0xb4f2,0xb4f2,0xb4f2,0xacd1,
  0x8bcd,0x9bed,0xb533,0xb512,0xa44f,0x9430,0xffff,0x0000,0xb554,0xcdb5,0xc573,0xc573,0xcd94,0xa42e,0xa46f,0xacb0,
  0xdeb9,0xbd53,0xb512,0xeefa,0xe71b,0xe6fb,0xc5d6,0xd679,0xe6fa,0xd658,0xde99,0xe71b,0xe6fb,0xe6fa,0xe6fa,0xce17,
  0xdeb9,0xef1b,0xa4d3,0xc618,0x0000,0xd6ba,0x0000,0xbdf7,0xa514,0xd679,0x9491,0x0000,0x0000,0x0000,0x0000,0x0000,
  0x0000,0x0000,0x0000,0x0000,0x0000,0x0000,0x0000,0xffff,0x738e,0xbdd7,0x0000,0xbdf7,0x0000,0xb596,0x9450,0xad33,
  0x9c91,0x9c4f,0x940e,0x9c2f,0x8bcd,0x7b4b,0x7b4b,0x730a,0x732b,0x9c2e,0x9c0e,0x7b8c,0xa4b1,0xbd74,0xc5b5,0x83ce,
  0xbd95,0xacd1,0x5a68,0xb513,0xb553,0xa4d1,0x9c70,0xa491,0xacd1,0xa490,0x8bcd,0x9c4f,0x9c2f,0xb513,0xe6da,0xc5d6,
  0xa491,0xa490,0xbd94,0xcdd6,0xde58,0xe6da,0xe6da,0xde99,0xeefb,0xe679,0xcdb6,0x9c30,0xa431,0xac51,0xc4f4,0xee18,
  0xf67a,0xfe7a,0xfe7a,0xfe5a,0xf67a,0xf67a,0xf69a,0xf69a,0xf6ba,0xf6ba,0xf6bb,0xf6db,0xf6db,0xf6fc,0xf71c,0xf71c,
  0xf73c,0xf73c,0xf73d,0xf75d,0xf75d,0xf75d,0xf75d,0xf75d,0xf77d,0xf77d,0xf77d,0xf77d,0xf77d,0xf77d,0xf77d,0xf77d,
  0xef7d,0xf77d,0xf79e,0xff9e,0xffbe,0xf73c,0x8b8e,0x28a3,0xacb3,0xffdf,0xef5d,0xf75d,0xf75d,0xf75d,0xf75d,0xf75d,
  0xf75d,0xf77d,0xf75d,0xf77d,0xf75d,0xf75d,0xf77d,0xe67a,0x72ea,0xc593,0xacf1,0x730a,0xacd1,0xb512,0xb4f2,0xb4f2,
  0xb4f2,0xacb0,0x93ee,0xa44f,0xb4f2,0xb512,0xa44f,0x9430,0xffff,0x0000,0xbd75,0xd5d5,0xc573,0xc574,0xc573,0x9c0e,
  0xb4d1,0xac90,0xd658,0xbd53,0xbd74,0xef3b,0xe6fb,0xe6fa,0xc5f7,0xe6da,0xe6da,0xd658,0xde99,0xe71b,0xe6fb,0xdeda,
  0xe6fa,0xd638,0xce37,0xf75c,0xb575,0x9cf3,0x0000,0xbdf7,0x52aa,0x0000,0x94b2,0xce58,0x9cf3,0xe73c,0x0000,0x0000,
  0x0000,0x0000,0x0000,0x0000,0x0000,0x0000,0x0000,0xfd5f,0x0000,0xce39,0x8410,0xf77d,0x0000,0x9492,0x0000,0xa4f3,
  0x9450,0xb554,0x9c91,0x9c4f,0x8bed,0x940e,0x942e,0x6ae9,0x836c,0x8bad,0x8bad,0x7b4b,0x93ed,0xacb1,0x9c70,0x8bee,
  0xa4d1,0x940e,0x942f,0xde78,0x7b8d,0xb533,0xb553,0xa4b1,0xa490,0xacb1,0xa4d1,0x9c4f,0x9c4f,0x8bcd,0x942f,0x9c70,
  0xb554,0xef3b,0xeefb,0xce17,0xb534,0xb533,0xbd54,0xbd74,0xc575,0xc595,0xcdb6,0xbd34,0x72ec,0xa451,0xe619,0xfe9b,
  0xfefc,0xfebb,0xfebb,0xee39,0xd576,0xf639,0xf67a,0xf69a,0xf69a,0xf69a,0xf6ba,0xf6bb,0xf6db,0xf6db,0xf6fb,0xf6fc,
  0xf71c,0xf71c,0xf73c,0xf73d,0xf75d,0xf75d,0xf75d,0xf75d,0xf77d,0xef7d,0xef7d,0xf75d,0xf75d,0xf75d,0xf75d,0xf77d,
  0xf77e,0xf79e,0xf77e,0xef3c,0xde9a,0xcdd7,0xa492,0x4986,0x0000,0x1021,0xce18,0xffbe,0xef5d,0xf77d,0xf77d,0xf77d,
  0xf77d,0xf77d,0xf77d,0xf77d,0xf77d,0xf77d,0xf77d,0xef7d,0xff9e,0xa471,0x8bcd,0xd5f4,0x940d,0x730b,0xacb1,0xb4f2,
  0xb4d1,0xb4d1,0xb4d1,0xa44f,0xa470,0xacd0,0xacd1,0xacd2,0x9c2e,0x8c0f,0x0000,0xffff,0xbd54,0xd5d5,0xc553,0xcd94,
  0xbd32,0x9c2e,0xbd11,0xa490,0xd637,0xb512,0xcdf6,0xef3b,0xe71b,0xde99,0xce38,0xe71b,0xdeb9,0xd658,0xde99,0xef1b,
  0xe6fb,0xde99,0xe6fa,0xd678,0xcdf6,0xf75c,0xc5f7,0x94b2,0x0000,0x39e7,0xad55,0x0000,0xce59,0xa534,0xb596,0x9cf3,
  0x0000,0x7bef,0x0000,0x0000,0x0000,0x0000,0x0000,0x0000,0x0000,0xad55,0x0000,0xa4f4,0x7bef,0xffff,0x0000,0x39e7,
  0x0000,0x9491,0x9c91,0xb554,0x9c91,0x9c70,0x8bed,0x93ed,0xa4b0,0x732a,0x8bad,0x8bcd,0x8bed,0x7b6b,0x8bad,0x9c6f,
  0xc594,0xb533,0xa4b1,0xacd1,0x83ad,0xb554,0x8c0f,0xb533,0xb553,0x942f,0xa491,0xa490,0xacf1,0xbd54,0xb4f2,0x9c2f,
  0x8bee,0x942f,0xacb1,0xbd74,0xef1b,0xef1b,0xef3c,0xe6da,0xde79,0xd658,0xd658,0xd638,0xc5d6,0xde99,0xde9a,0xbd34,
  0xbd14,0xc535,0xc555,0xc555,0xb4d3,0xa451,0xddb7,0xfe9b,0xfe7a,0xf67a,0xf6ba,0xf6bb,0xf6bb,0xf6db,0xf6db,0xf6db,
  0xf6fc,0xf71c,0xf71c,0xf73c,0xf73c,0xf75d,0xf75d,0xf75d,0xf77d,0xf77d,0xf77d,0xf77d,0xef5d,0xef5d,0xf77d,0xf77d,
  0xf75d,0xef3c,0xe6db,0xde59,0xcdd7,0xbd55,0xbd96,0xc5f7,0xe71c,0x5a69,0x0800,0xbd76,0xffdf,0xef5d,0xf77d,0xf77d,
  0xf77d,0xf77d,0xf77d,0xf77d,0xf77d,0xf77d,0xf77d,0xf77d,0xf75d,0xf79e,0xde9a,0x730b,0xbd73,0xb4f1,0x942f,0x7b4c,
  0xac90,0xb4f2,0xb4d1,0xb4d1,0xa470,0xc5b5,0xb512,0xacd0,0xacd1,0xb512,0xac90,0x8c30,0xffff,0xffff,0xb554,0xcdb5,
  0xc553,0xcdb4,0xb4d1,0xa46f,0xbd12,0xa490,0xc574,0xacd1,0xde99,0xe71b,0xe71b,0xce17,0xd679,0xe71b,0xdeb9,0xd658,
  0xde99,0xef1b,0xe6fb,0xd678,0xe6fa,0xdeba,0xc5d6,0xef3b,0xd699,0x9cb2,0x0000,0x0000,0x0000,0x52aa,0x0000,0x9cd3,
  0xb596,0x94b2,0xffff,0x0000,0x0000,0x0000,0x0000,0x0000,0x0000,0x0000,0x0000,0xad55,0x0000,0x94b2,0x8c30,0xffff,
  0x0000,0x0000,0xffff,0x8c30,0x9cb1,0xad33,0x9c70,0x9c70,0x8bcd,0x8bad,0xa490,0x8bad,0x7b2b,0x8bed,0x8bed,0x8bad,
  0x7b4b,0x9c4f,0xbd53,0xbd73,0xc594,0xcdd5,0x8bce,0x9c70,0x83ad,0xc595,0xa4d1,0x5a47,0xa470,0xacd1,0x942e,0xa490,
  0xc594,0xd616,0xcdf6,0xbd53,0xbd33,0xacb1,0xcdd6,0xef3c,0xe6da,0xe6fb,0xef1b,0xe6fb,0xe699,0xe6ba,0xcdf7,0xc595,
  0xc5b6,0xd618,0xde38,0xde18,0xbd54,0xac92,0xbcd3,0xf659,0xff1c,0xf67a,0xe5f8,0xfebb,0xf6bb,0xf6bb,0xf6db,0xf6db,
  0xf6fb,0xf6fb,0xf71c,0xf71c,0xf71c,0xf73c,0xf75d,0xf75d,0xf75d,0xf77d,0xf77d,0xf77d,0xef5d,0xf77d,0xff9e,0xf77e,
  0xef1c,0xe6bb,0xe69a,0xe67a,0xe6ba,0xe6fc,0xef5d,0xf79e,0xffbf,0xffff,0xdedb,0x41a6,0xbd96,0xffdf,0xef5d,0xf77d,
  0xf77d,0xf77d,0xf77d,0xf77d,0xf77d,0xf77d,0xf77d,0xf77d,0xf77d,0xf77d,0xf75d,0xff9e,0x93ef,0x942e,0xbd52,0xac90,
  0xa4d2,0x7b6c,0xa470,0xb4d1,0xb4d1,0xa44f,0xcdf6,0xe6fa,0xb553,0xacd1,0xb4f2,0xd637,0xb4f2,0x9471,0xffff,0xefff,
  0xb513,0xd5d5,0xc553,0xcdb4,0xac90,0xacb1,0xb4f1,0xacb0,0xb4d1,0xacd2,0xe6da,0xe6fb,0xe6fa,0xc5f6,0xe6da,0xe6fb,
  0xdeb9,0xd657,0xde79,0xef1b,0xe6fa,0xd658,0xe6da,0xe6da,0xc5d6,0xe6fa,0xdeda,0x9cd3,0xffff,0x0000,0xffff,0xffff,
  0x0000,0xdedb,0xa4f4,0x94b2,0xc618,0x0000,0x0000,0x0000,0x0000,0x0000,0x0000,0x0000,0x0000,0xbdf7,0x0000,0xa514,
  0x8410,0x0000,0x0000,0x0000,0xdefb,0x8c0f,0xa4d2,0xad13,0x9c70,0x942f,0x8bcd,0x8bac,0x940e,0x9c6f,0x6aa9,0x8bcd,
  0x8bed,0x93ed,0x7b2b,0x8bed,0xbd32,0xbd73,0xbd53,0xc594,0xa4b1,0x734c,0xad13,0xacf2,0x7b8d,0xa491,0x8bad,0xb512,
  0x5a68,0x62a9,0x838d,0xa470,0xb4f2,0xbd33,0xacd1,0xa4b1,0x9c70,0xce17,0xeefb,0xe6ba,0xe6db,0xde9a,0xd5f7,0xbd54,
  0xbd34,0xacf3,0x9c10,0x72eb,0x4165,0x72eb,0xcd15,0xee39,0xf67a,0xee7a,0xc555,0xac92,0xe639,0xfedb,0xf6db,0xf6db,
  0xf6db,0xf6fb,0xf6fc,0xf71c,0xf71c,0xf73c,0xf73d,0xf73d,0xf75d,0xf75d,0xef5d,0xf79e,0xf79e,0xf79e,0xffdf,0xf73d,
  0xd639,0xcdf7,0xde79,0xef1c,0xf77d,0xf7bf,0xf7df,0xf7bf,0xf7bf,0xf7be,0xf7bf,0xd69a,0x8bf0,0xd659,0xffdf,0xef5d,
  0xf77d,0xf77d,0xf77d,0xf77d,0xf77d,0xf77d,0xf77d,0xf77d,0xf77d,0xf77d,0xf77d,0xef5d,0xffbe,0xcdd7,0x6b0b,0xbd53,
  0x9c2e,0xacf2,0xbdd6,0x8bce,0xa42f,0xacb1,0xa470,0xcdf6,0xe71b,0xdeb9,0xbd74,0xacb1,0xbd74,0xe6da,0xb4f2,0x9cb2,
  0xffff,0xd6ba,0xbd54,0xd5b5,0xc553,0xc594,0xa46f,0xb4f2,0xacd1,0xacd0,0xacb1,0xc595,0xe71b,0xef1b,0xd678,0xce37,
  0xef1b,0xe6da,0xdeb9,0xd637,0xd678,0xe71b,0xdeda,0xce17,0xe6da,0xe6fa,0xc5f6,0xde99,0xe6fb,0xa4f3,0xce79,0x0000,
  0xffff,0x0000,0x52aa,0x0000,0xa514,0x9cd3,0xa4f4,0x0000,0x0000,0x0000,0x0000,0x0000,0x0000,0x0000,0x0000,0xbbf7,
  0x0000,0x9cd3,0x83f0,0x0000,0x0000,0x0000,0xb595,0x9450,0xad13,0xad13,0x9450,0x9c2f,0x8bed,0x8bed,0x83ac,0xacd1,
  0x836c,0x730a,0x940d,0x8bcd,0x8bac,0x836b,0xb512,0xbd73,0xbd53,0xc594,0xbd53,0x83ad,0xacf2,0x83cd,0xbd54,0xcdb5,
  0x7b8c,0xacf2,0x7b8c,0xa470,0x6aea,0x942f,0x734b,0x83cd,0x9c70,0xc5b5,0xde99,0xa4b1,0xcdf6,0xeefb,0xe6da,0xeefb,
  0xe6ba,0xe69a,0xde79,0xce17,0xd638,0xde59,0xcd96,0x9430,0x93f0,0xb4f4,0xb534,0x8c10,0x93f0,0xee9a,0xfefc,0xf6bb,
  0xf6db,0xf6db,0xf6fb,0xf6fc,0xf71c,0xf71c,0xf73c,0xf73c,0xf73d,0xf75d,0xf75d,0xf75d,0xf77d,0xeefb,0xe6ba,0xe6bb,
  0xacf4,0x9c71,0xbd96,0xe71c,0xf7be,0xf7be,0xf79e,0xf79e,0xf79e,0xf79f,0xf7bf,0xef7d,0xde5a,0xcd96,0xf6fc,0xf77e,
  0xef3d,0xf77d,0xf77d,0xf77d,0xf77d,0xf77d,0xf77d,0xf77d,0xf77d,0xf77d,0xf77d,0xf77d,0xef7d,0xf77e,0xf73c,0x732c,
  0x9c70,0x9c2e,0xa4b1,0xd679,0xbe18,0x940f,0xa470,0xacb1,0xc595,0xef1b,0xe6da,0xdeb9,0xbd54,0xa4b1,0xbdd6,0xe6fa,
  0xacd1,0xa4d2,0xffff,0xbdb6,0xc574,0xd5d5,0xc553,0xc553,0xa46f,0xb511,0xacd0,0xacb0,0xacb0,0xde78,0xe71b,0xe6fb,
  0xce17,0xde99,0xe71b,0xe6da,0xdeb9,0xd657,0xd658,0xe6fb,0xde99,0xce17,0xe6da,0xe6da,0xce37,0xd637,0xef3c,0xbdb5,
  0xb575,0x0000,0xbdf7,0x0000,0xad55,0x0000,0xe71c,0x9cd3,0x9492,0xffff,0x0000,0x0000,0x0000,0x0000,0x0000,0x0000,
  0x0000,0x7bef,0x0000,0x9cb3,0x8410,0xffff,0x0000,0xffff,0x9491,0x942f,0xad13,0xad13,0x942f,0x940e,0x93ed,0x940e,
  0x7b6b,0x9c6f,0xa490,0x72e9,0x83ac,0x93ed,0x8bed,0x836b,0x9c4f,0xc594,0xc5b4,0xb533,0x7b6c,0x9470,0x62a9,0x9c90,
  0xd657,0xc595,0xa470,0x8bee,0x940e,0xacd1,0xa4d2,0x7bae,0xad33,0xc5f6,0x9cb2,0x9450,0xbdb6,0xd658,0x9450,0xbd54,
  0xd637,0xce17,0xcdd6,0xde79,0xde79,0xe699,0xde99,0xde79,0xe6ba,0xf71b,0xf75c,0xde99,0xbd55,0xcdb7,0xff1c,0xfefc,
  0xf6db,0xf6fb,0xf6fc,0xf6fc,0xf6fc,0xf71c,0xf71c,0xf73c,0xf73c,0xf73d,0xf75d,0xf75d,0xf75d,0xf79e,0xd5f8,0x2862,
  0x2821,0x2041,0x9431,0xffff,0xffff,0xffff,0xffdf,0xf7bf,0xf7bf,0xf7bf,0xf7be,0xf75d,0xe67a,0xe618,0xee9a,0xff1c,
  0xf73c,0xef3d,0xf77d,0xf77d,0xf77d,0xf77d,0xf77d,0xf77d,0xf77d,0xf77d,0xf77d,0xf77d,0xf77d,0xf77d,0xef5d,0xffbe,
  0x9430,0x7b4c,0xa491,0xa4d2,0xdeda,0x0000,0xad75,0x942f,0xacb1,0xacd2,0xcdf6,0xe71b,0xe6fa,0xde99,0xb513,0xacb1,
  0xce17,0xe6fb,0xacd1,0xa4f3,0xffff,0xc5f7,0xc5b5,0xd5d5,0xc553,0xbd12,0xac90,0xb4f1,0xacb0,0xacb0,0xacd1,0xe6da,
  0xe71b,0xd678,0xc5f7,0xe6fb,0xe6fb,0xdeda,0xdeb9,0xce37,0xd637,0xe6fb,0xd638,0xce17,0xe6da,0xdeb9,0xd678,0xcdf6,
  0xef3c,0xce37,0xa513,0x0000,0x7bef,0x0000,0x0000,0x7bef,0x0000,0xa513,0x9492,0xdedb,0x0000,0x0000,0x0000,0x0000,
  0x0000,0x0000,0x0000,0x7bef,0x0000,0x94b2,0x738e,0xffff,0x0000,0xffff,0x840f,0x9c91,0xacf2,0xa4d2,0x942f,0x93ee,
  0x93ed,0x942e,0x7b6c,0x940e,0xa490,0x940e,0x6aa8,0x8bcd,0x93ed,0x8bcd,0x838c,0xb512,0x9c6f,0x730b,0x942f,0xacd1,
  0xb532,0x734b,0x942f,0xc595,0xcdd6,0x942f,0x8bee,0x940e,0xad13,0x8c50,0x9cd2,0xa4f3,0xffff,0xb575,0x7b6d,0xa4d1,
  0xacd2,0x732b,0x730b,0x9c70,0xde58,0xe6da,0xe69a,0xe6ba,0xe69a,0xd618,0xbd75,0xa471,0x6a8a,0xac71,0xf6ba,0xff1c,
  0xf6db,0xf6db,0xf6fc,0xf6fc,0xf71c,0xf71c,0xf71c,0xf71c,0xf73c,0xf73c,0xf73d,0xf75d,0xf75d,0xf77d,0xf77d,0xf79d,
  0xe6db,0x6aeb,0x3945,0x2062,0x5a29,0xacf4,0xcdf8,0xde9a,0xe6bb,0xe6db,0xe6bb,0xee9a,0xee9a,0xee39,0xf639,0xfedc,
  0xf73c,0xef1c,0xf75d,0xf77d,0xf77d,0xf77d,0xf77d,0xf77d,0xf77d,0xf77d,0xf77d,0xf77d,0xf77d,0xf77d,0xef7d,0xef5d,
  0xffbe,0xc575,0x3985,0x8c2f,0xa4f3,0xffff,0x0000,0x52aa,0xb5b6,0x942f,0xb4d1,0xacb1,0xcdf6,0xe71b,0xe6fa,0xde99,
  0xacd2,0xacf2,0xd699,0xe6fa,0xacf2,0xa513,0xffff,0xb575,0xcdb5,0xd5d5,0xc573,0xacd1,0xb4d1,0xb4d1,0xacd1,0xa490,
  0xbd94,0xef3c,0xe6fa,0xc5d6,0xce38,0xe6fb,0xe6fb,0xdeba,0xdeb9,0xcdf6,0xc5d6,0xe6fa,0xcdf6,0xce37,0xdeb9,0xd679,
  0xdeb9,0xcdf6,0xef3b,0xd679,0x94b2,0x0000,0x52aa,0x0000,0x0000,0x7bef,0x0000,0xc638,0x9492,0xb576,0x0000,0x0000,
  0x0000,0x0000,0x0000,0x0000,0x0000,0x52aa,0x0000,0xa514,0x738e,0xffdf,0x0000,0xb595,0x83ee,0xacd2,0x9c90,0x9450,
  0x9c91,0x8bcd,0x940e,0x942e,0x83ac,0x8bcd,0xa490,0xa490,0x8bcd,0x6ac9,0x940e,0x8bed,0x8bac,0x8bed,0x9c6f,0xb512,
  0xc5b4,0xc593,0xc594,0xcdb5,0x9c4f,0x8bee,0x93ee,0x8bee,0x6b0a,0x9c70,0xa4b1,0x9471,0xef7c,0x83ef,0x9cd3,0xa4d3,
  0xbd54,0xcdd5,0xbd74,0x8bee,0x942f,0xb512,0xa491,0xacd2,0x9c91,0x838d,0x838e,0x8bae,0x938e,0xabf0,0xab8e,0x7a6a,
  0xee59,0xf73c,0xf6fb,0xf6fc,0xf6fc,0xf71c,0xf71c,0xf71c,0xf71c,0xf73c,0xf73d,0xf75d,0xf75d,0xf75d,0xf77d,0xf77d,
  0xf77d,0xf77d,0xf79e,0xffff,0xf77d,0xe6db,0xcdf8,0xc556,0xd5b7,0xddf8,0xe618,0xee39,0xee39,0xf639,0xf67a,0xf6bb,
  0xf6fc,0xf71c,0xf73d,0xf75d,0xf77d,0xf77d,0xf77d,0xf77d,0xf77d,0xf77d,0xf77d,0xf77d,0xf77d,0xf77d,0xf77d,0xf77d,
  0xef5d,0xf79e,0xe69a,0x40e4,0x49c6,0xc5f6,0xffff,0xffff,0x0000,0x7bef,0xb596,0x9c50,0xb4f2,0xacb1,0xce17,0xe71b,
  0xdeda,0xde79,0xa4b1,0xb553,0xdeda,0xe6da,0xb4f2,0xad34,0xffff,0xad34,0xcdb5,0xd5d5,0xbd53,0xac90,0xb4f1,0xacd1,
  0xacd1,0xa490,0xd638,0xef3b,0xd658,0xcdf7,0xde99,0xe71b,0xe6fb,0xdeba,0xdeb9,0xc5d5,0xc5d5,0xe6da,0xc5d6,0xd678,
  0xdeb9,0xd658,0xe6da,0xce17,0xe6fb,0xdeba,0x9492,0xffff,0x0000,0x0000,0x0000,0x0000,0x0000,0xffff,0x8c71,0x9472,
  0x0000,0x0000,0x0000,0x0000,0x0000,0x0000,0x0000,0x0000,0xffff,0xbdd7,0x7b8e,0xbdb6,0x0000,0x9471,0x8bcd,0xad12,
  0x83ad,0x9470,0xacf2,0x8bcd,0x93ee,0x940e,0x8bed,0x838c,0xa490,0x9c4f,0xa490,0x7b4b,0x72e9,0x93ee,0x8bcd,0x8bad,
  0xb512,0xcdb5,0xc574,0xbd73,0xbd53,0xcdb5,0xde36,0xcdd5,0xbd33,0xc574,0xacf2,0x8c0e,0x9c90,0x7bce,0xffff,0xffff,
  0xa4f3,0x734c,0x7b6c,0x9c70,0xb533,0xcdd6,0x9c71,0x9c50,0xbd53,0xb512,0xa490,0x7b4c,0x6aa9,0x7268,0xabce,0xdd35,
  0xdd54,0xb410,0x7a8a,0xf6bb,0xff3d,0xf6fc,0xf71c,0xf71c,0xf71c,0xf73c,0xf73c,0xf73d,0xf75d,0xf75d,0xf75d,0xf75d,
  0xf77d,0xf77d,0xf77d,0xf77d,0xf77d,0xef5d,0xf77d,0xf79e,0xff9e,0xff9e,0xff5d,0xff3c,0xf71c,0xf6fc,0xf6fc,0xf6fc,
  0xf6fc,0xf71c,0xf73c,0xef5d,0xf75d,0xf77d,0xf77d,0xf77d,0xf77d,0xf77d,0xf77d,0xf77d,0xf77d,0xf77d,0xef7d,0xef7d,
  0xf77d,0xf77d,0xf79d,0xf73c,0x6a49,0x2000,0x9430,0x9cd2,0xa4f3,0xb554,0xdedb,0x0000,0xb596,0x9c70,0xb4f1,0xacd1,
  0xd637,0xe71b,0xdeda,0xd658,0x9c6f,0xc5b5,0xe6da,0xdeda,0xb513,0xad34,0xffff,0xbd95,0xcdb5,0xd5d5,0xbd32,0xa490,
  0xb512,0xacd1,0xacb0,0xacd1,0xe6fa,0xe6da,0xcdd6,0xce17,0xdeb9,0xe71b,0xe6fb,0xdeb9,0xdeb9,0xc5b5,0xcdd5,0xe6da,
  0xc5b6,0xdeda,0xde99,0xd637,0xe6d9,0xd658,0xdeba,0xe6fb,0x9cb2,0xef7e,0x0000,0xffff,0x0000,0x0000,0x52aa,0x0000,
  0x9cd3,0x8c31,0xffff,0x0000,0x0000,0x0000,0x0000,0x0000,0xbdf7,0x0000,0xce79,0xdeba,0x83cf,0x9c92,0xffff,0x83ee,
  0x940e,0xa491,0x5a68,0xa4b1,0xad13,0x8bcd,0x93ee,0x940e,0x940e,0x7b4b,0xa46f,0xa46f,0xa470,0xa490,0x72e9,0x72ea,
  0x93ed,0x8bed,0x940e,0xc573,0xc594,0xc574,0xbd53,0xc594,0xcdd5,0xd5f5,0xcdd5,0xcdb5,0xcdd5,0x9c6f,0xa491,0x83ce,
  0xc637,0x0000,0xd679,0x9cb2,0x7b6c,0x6aea,0x62c9,0x732b,0x944f,0x8bcd,0x7b4b,0x838c,0x93ee,0xacd1,0xacb1,0xac90,
  0x7288,0x6208,0xbc31,0xe534,0x8acb,0x51a7,0xf6fb,0xff5d,0xf71c,0xf73c,0xf73d,0xf73d,0xf75d,0xf75d,0xf75d,0xf75d,
  0xf75d,0xf77d,0xf77d,0xf77d,0xf77d,0xf77d,0xf77d,0xf77d,0xf77d,0xef7d,0xef7d,0xf75d,0xf75d,0xf75d,0xf75d,0xf73d,
  0xf73c,0xf73d,0xf75d,0xef5d,0xef7d,0xf75d,0xf77d,0xf77d,0xf77d,0xf77d,0xf77d,0xf77d,0xf77d,0xf77d,0xf77d,0xf77d,
  0xf75d,0xf75d,0xef7d,0xf77d,0xff9e,0x93af,0x6a29,0x51c7,0xc617,0xbdf7,0xc5f7,0x9471,0xad34,0xef5c,0xad35,0xa491,
  0xb4f1,0xacd1,0xde78,0xe6fb,0xe6fb,0xcdf6,0x9c70,0xce37,0xe6fa,0xdeda,0xbd53,0xad34,0xe79f,0xb513,0xd5d5,0xd5f5,
  0xb4f1,0xa490,0xbd12,0xacd1,0xa490,0xc594,0xf75c,0xce16,0xcdd6,0xc5f6,0xe6fa,0xe71b,0xe6fb,0xdeb9,0xde99,0xc595,
  0xcdf6,0xdeb9,0xc5d6,0xe71b,0xd678,0xd617,0xde99,0xdeb9,0xdeb9,0xe6da,0xad34,0xb596,0x0000,0xffff,0x0000,0x0000,
  0xbdf7,0x0000,0xbdb7,0x9492,0xce59,0x0000,0x0000,0x0000,0x0000,0x0000,0x7bef,0x0000,0xc5f7,0xdeba,0x83cf,0x8bf0,
  0xce79,0x7b8d,0x9c70,0x8bce,0x5a88,0xa4f2,0xad13,0x8bed,0x93ee,0x8bcd,0x9c2f,0x7b2a,0x9c2f,0xa490,0xa470,0xa490,
  0xa46f,0x72ea,0x6ac9,0x940e,0x93ed,0xa490,0xcdd5,0xc594,0xbd53,0xc574,0xcdd5,0xd5f5,0xcdb5,0xc5b4,0xc5b4,0xbd33,
  0xbd33,0x9430,0x9491,0xb596,0xc617,0x83ef,0x9450,0x9c90,0x9c2f,0x8b8c,0xb4f1,0xcdb4,0xc594,0xc594,0xcdb5,0xcdd5,
  0xb4d1,0xac8f,0xbd12,0x62a9,0x838e,0x72aa,0x4965,0x49e6,0x6a8a,0xeefb,0xff9e,0xef1c,0xf73d,0xf75d,0xf75d,0xf75d,
  0xf75d,0xf75d,0xf77d,0xef7d,0xf77d,0xf77d,0xf77d,0xf77d,0xf77d,0xf77d,0xf77d,0xf77d,0xf77e,0xf77e,0xf77e,0xf77d,
  0xf77d,0xf75d,0xf75d,0xf75d,0xf75d,0xf77d,0xf77d,0xf77d,0xf77d,0xf77d,0xf77d,0xf77d,0xf77d,0xf77d,0xf77d,0xf77d,
  0xf77d,0xf77d,0xf77d,0xf75d,0xef7d,0xffbe,0xb4b3,0x8b6e,0xb4d3,0x628a,0xffff,0xad34,0xb5b6,0xffff,0x9cb2,0xb595,
  0xbdf7,0x9c70,0xb4f2,0xacf2,0xde99,0xe6fa,0xe71b,0xbd74,0xacf2,0xd678,0xe6fa,0xdeda,0xbd74,0xb554,0xd6db,0xb534,
  0xd5d5,0xd5d5,0xacb0,0xacb0,0xbd12,0xacd1,0xa4b0,0xd699,0xde99,0xbd74,0xcdf6,0xc5d6,0xe71b,0xe71b,0xe6da,0xdeb9,
  0xde99,0xc594,0xce16,0xd679,0xcdf7,0xef3b,0xd658,0xd617,0xd678,0xdeba,0xe6da,0xdeba,0xbdb6,0x9cf4,0x0000,0x7bef,
  0x0000,0x0000,0xad55,0x0000,0xd679,0x9cd3,0xb5b6,0x0000,0x0000,0x0000,0x0000,0x0000,0x0000,0xffff,0xc5f7,0xe73c,
  0x9451,0x736d,0x842f,0x7b8d,0x9c4f,0x732b,0x7b6c,0x9cb1,0xb554,0x8bee,0x8bcd,0x838c,0x9c2e,0x732a,0x8bad,0xa490,
  0xa46f,0xa46f,0xa490,0xa490,0x730a,0x72e9,0x940e,0x9c2e,0xc573,0xcdd5,0xbd53,0xbd53,0xcdd5,0xd5f6,0xcdb5,0xc594,
  0xcdd4,0xb4f2,0xd5f6,0x9c50,0x9cd2,0x9cb3,0x9471,0x5aaa,0xa4b1,0xa4d1,0xb512,0x93cd,0x93ee,0xc553,0xcd94,0xc594,
  0xc594,0xcd94,0xbd32,0xa46f,0xb4f1,0x8bee,0xffff,0xc5f7,0x8c2f,0xc5b4,0x9c2e,0x6269,0xe679,0xffbe,0xef3d,0xf75d,
  0xf75d,0xf75d,0xf77d,0xf77d,0xf77d,0xf77d,0xf77d,0xf77d,0xf77d,0xf77d,0xf77d,0xf77d,0xf77d,0xf77d,0xf77d,0xf77d,
  0xf77d,0xf77d,0xf77d,0xf75d,0xf75d,0xf75d,0xf75d,0xf75d,0xf75d,0xf77d,0xf77d,0xf77d,0xf77d,0xf77d,0xf77d,0xf77d,
  0xf77d,0xf77d,0xf77d,0xef7d,0xf77d,0xef7d,0xf7be,0xcdd7,0x9c10,0xc5b6,0xac92,0x72ec,0xffff,0xffff,0xa535,0xdedb,
  0xbdb6,0x9492,0xbdf7,0x9c4f,0xb512,0xb533,0xe6da,0xe6fa,0xe71a,0xacd1,0xc5b5,0xd678,0xe71b,0xdeba,0xc5b5,0xbd95,
  0xce9a,0xb554,0xd5d5,0xd5d5,0xa470,0xb4d1,0xb512,0xacb0,0xb533,0xe71b,0xc5b5,0xc5b5,0xc5d6,0xce17,0xef3b,0xe71b,
  0xdeda,0xdeb9,0xd678,0xc594,0xd617,0xd658,0xce37,0xef3b,0xce17,0xce17,0xd658,0xdeba,0xe71b,0xdeb9,0xc5d6,0x9cb2,
  0x0000,0x52aa,0x0000,0x0000,0xffff,0x0000,0xffff,0x9cd3,0xa514,0x0000,0x0000,0x0000,0x0000,0x0000,0x0000,0xe6fb,
  0xc5d6,0xffff,0xa4d3,0x7b4c,0x5a88,0x9c2e,0x8bce,0x630b,0x83ce,0x9c90,0xad33,0x942f,0x8bad,0x836c,0x940e,0x838c,
  0x72c9,0xa490,0xa46f,0xa470,0xa46f,0xa470,0xacd0,0x7b4b,0x49c6,0x5a48,0x7b6c,0xb513,0xcdd6,0xc573,0xc594,0xcdf5,
  0xcdb5,0xc594,0xcdb5,0xbd53,0xcd94,0xbd53,0xb575,0xffff,0xb575,0x9cd2,0xbdb5,0x9c4f,0xbd74,0x9c4f,0x8b8c,0xac90,
  0xcd94,0xc574,0xc594,0xcd94,0xc573,0xac90,0xbcf1,0x940f,0xb5d6,0x0000,0xffff,0xa4f2,0xbd73,0xa4b0,0x5a28,0xc576,
  0xffdf,0xf77d,0xef5d,0xf77d,0xf77d,0xf77d,0xf77d,0xf77d,0xf77d,0xf77d,0xf77d,0xf77d,0xf77d,0xf77d,0xf77d,0xf77d,
  0xf77d,0xf77d,0xf77d,0xf77d,0xf77d,0xf77d,0xf77d,0xf77d,0xf77d,0xf77d,0xf77d,0xf77d,0xf77d,0xf77d,0xf77d,0xf77d,
  0xf77d,0xf77d,0xf77d,0xf77d,0xf77d,0xef7d,0xef5d,0xf79e,0xd659,0xacb3,0xbd55,0xc576,0xac92,0x7b4d,0xffff,0x0000,
  0xb5b6,0xad55,0x0000,0x8c71,0x9cf3,0xa470,0xbd12,0xbd74,0xe6da,0xe6fa,0xdeb9,0xacb1,0xd658,0xce37,0xef3b,0xdeda,
  0xc5f6,0xbd75,0xb5b6,0xb533,0xd5d5,0xcdd5,0xa44f,0xb4f2,0xb512,0xacb1,0xce17,0xde99,0xacf2,0xde57,0xb574,0xd678,
  0xe71b,0xe6fb,0xdeb9,0xdeb9,0xde78,0xc594,0xce17,0xce37,0xd678,0xef3c,0xbd74,0xce17,0xd658,0xde99,0xe71b,0xdeb9,
  0xcdf6,0x9491,0xffff,0x0000,0x0000,0x0000,0xffff,0x0000,0xffff,0x9cd3,0xa514,0x0000,0x0000,0x0000,0x0000,0xbdf7,
  0x0000,0xce38,0xc5f7,0x0000,0xb595,0x8c0f,0x8c0e,0x942f,0x62ca,0xbdb6,0xce17,0x8c0f,0xad13,0x9c70,0x8bad,0x836c,
  0x8bcd,0x942e,0x6aa9,0x836c,0xacb0,0xa490,0xa46f,0xacb0,0x8bee,0x6a69,0x7a6a,0x828b,0x82ec,0x7b0c,0x838d,0xacd1,
  0xc5b4,0xd616,0xcdd5,0xc594,0xcdb4,0xc594,0xc553,0xc595,0x9cb2,0x0000,0x9cd3,0xbdb6,0xc5d6,0x8bee,0xc594,0xb4f2,
  0x8bcd,0x93cd,0xb4f2,0xcd94,0xc574,0xc574,0xc594,0xacb0,0xb4d1,0x942f,0xad95,0xad55,0x0000,0xffff,0xb575,0xb534,
  0xb513,0x6aca,0x9c51,0xff7e,0xffde,0xef5d,0xf75d,0xf77d,0xf77d,0xf77d,0xf77d,0xf77d,0xf77d,0xf77d,0xf77d,0xf77d,
  0xf77d,0xf77d,0xf77d,0xf77d,0xf77d,0xf77d,0xf77d,0xf77d,0xf77d,0xf77d,0xf77d,0xf77d,0xf77d,0xf77d,0xf77d,0xf77d,
  0xf77d,0xf77d,0xf77d,0xf77d,0xf77d,0xf77d,0xf77d,0xf75d,0xf79e,0xe69a,0xb4f4,0xbd55,0xbd35,0xc596,0xa492,0x7b6e,
  0x0000,0xffff,0xc638,0xb596,0x0000,0xad75,0x9471,0xa4b1,0xb512,0xc5b5,0xe6fb,0xef1b,0xc5f6,0xb533,0xce37,0xce57,
  0xef3b,0xdeda,0xce17,0xb574,0xb5b6,0xbd74,0xd5d5,0xcd94,0x9c2f,0xbd12,0xb4f1,0xb512,0xde78,0xacf2,0xad12,0xde78,
  0xb533,0xe6fa,0xe71b,0xe6fb,0xdeb9,0xdeb9,0xde78,0xc595,0xce16,0xcdf6,0xdeb9,0xe71b,0xa490,0xce16,0xd657,0xd678,
  0xe71b,0xdeda,0xce17,0x9cb2,0xdefb,0x0000,0xffff,0x0000,0xffff,0x0000,0xffdf,0xa514,0xad55,0x0000,0x0000,0x0000,
  0x0000,0x52aa,0x0000,0xc617,0xce38,0x0000,0xe71c,0x9430,0x93ee,0x8bee,0x7b8d,0xdedb,0x9471,0x9c70,0xa4d2,0xacd1,
  0x8bcd,0x838c,0x83ac,0x9c6f,0x836c,0x6ac9,0x7b2b,0x9c6f,0xacb0,0x942f,0x6229,0x7a8b,0x82ab,0x828b,0x82ac,0x9b6f,
  0x9b6f,0x7aec,0x7b2c,0xacd2,0xd616,0xcdd5,0xc594,0xcdb5,0xb512,0xcdb5,0x9491,0xffff,0x9cb2,0xb595,0xbdb5,0x8c0e,
  0xbd33,0xbd53,0x9c0e,0x8bac,0x9c0e,0xc553,0xc574,0xc573,0xc594,0xb512,0xb4b0,0x9c50,0xa514,0x0000,0xb5b6,0x0000,
  0x0000,0xce7a,0xad34,0xb574,0x83ad,0x7b4d,0xcdf7,0xffdf,0xf7be,0xef5d,0xef5d,0xf77d,0xf77d,0xf77d,0xf77d,0xf77d,
  0xf77d,0xf77d,0xf77d,0xf77d,0xf77d,0xf77d,0xf77d,0xf77d,0xf77d,0xf77d,0xf77d,0xf77d,0xf77d,0xf77d,0xf77d,0xf77d,
  0xf77d,0xf77d,0xf77d,0xf77d,0xf77d,0xf77d,0xf77d,0xf77d,0xf75d,0xf79e,0xe6bb,0xb4f4,0xbd55,0xbd55,0xbd34,0xc596,
  0x9c51,0x9430,0x0000,0x0000,0xe71c,0xc638,0x0000,0xc618,0x9471,0xa490,0xb512,0xcdf6,0xef1b,0xef1b,0xb553,0xcdf6,
  0xbdb6,0xde99,0xe71b,0xdeba,0xd637,0xbd95,0xad75,0xbd74,0xd5f6,0xc553,0xa44f,0xbd12,0xacd1,0xcdd5,0xbd94,0x9c4f,
  0xd637,0xc5d5,0xbd74,0xef1b,0xe71b,0xe6fa,0xde99,0xdeb9,0xde98,0xc5b5,0xcdf6,0xcdf6,0xe6fa,0xde99,0x93ee,0xce16,
  0xd637,0xd638,0xe71b,0xe71b,0xd637,0xad34,0xad75,0x0000,0xbbef,0x0000,0xffff,0x0000,0xdedb,0xad55,0xbdd7,0xdedb,
  0x0000,0x0000,0x0000,0x0000,0xffff,0xc5f7,0xd699,0x0000,0xdedb,0x944f,0x940e,0x83ce,0xa4f3,0x0000,0x9470,0xa4d2,
  0x9c50,0xad13,0x9c70,0x838c,0x838c,0x9c6f,0x940e,0x838c,0x7b4b,0x730a,0x942f,0x6a6a,0x7a6b,0x82ac,0x828b,0x828b,
  0x828b,0x7a4a,0x8aed,0xb452,0xa3d0,0x7aab,0x836d,0xa490,0xcdd5,0xd616,0xb4f1,0xc594,0xa4f2,0xffff,0x9451,0xc617,
  0xad33,0x9c70,0xacf1,0xbd73,0x9c4f,0x940e,0x8b8c,0xac90,0xc574,0xc553,0xc574,0xbd53,0xacb0,0x9c4f,0x9cb2,0x0000,
  0x000a,0xffff,0x52aa,0x0000,0xffff,0xb595,0xb575,0x9c71,0x6aca,0x838e,0xde5a,0xffdf,0xffbe,0xf75d,0xef5d,0xf77d,
  0xf77d,0xf77d,0xf77d,0xf77d,0xf77d,0xf77d,0xf77d,0xf77d,0xf77d,0xf77d,0xf77d,0xf77d,0xf77d,0xf77d,0xf77d,0xf77d,
  0xf77d,0xf77d,0xf77d,0xf77d,0xf77d,0xf77d,0xf77d,0xf77d,0xf77d,0xef5d,0xf79e,0xe69a,0xa451,0xbd35,0xbd55,0xbd35,
  0xbd34,0xc596,0x9410,0x8bcf,0x0000,0x52aa,0xd6ba,0xdefb,0x0000,0xe73d,0xad55,0x9c4f,0xb4f2,0xce17,0xef1b,0xe6fa,
  0xad13,0xd678,0xbd95,0xe6fa,0xe71b,0xdeb9,0xce37,0xbdb6,0xb575,0xbd54,0xde16,0xbd32,0xa470,0xb512,0xb4f1,0xc594,
  0xa4b0,0xacd1,0xe6da,0xacd2,0xcdf6,0xe71b,0xe71b,0xe6da,0xde99,0xdeb9,0xde99,0xcdd6,0xc5d5,0xc5f6,0xef1b,0xc5f6,
  0x8bcd,0xcdf6,0xd657,0xd637,0xe6fb,0xef3b,0xd658,0xbd95,0xa4f3,0x0000,0x7bef,0x0000,0xbdf7,0x0000,0xc618,0x9cf3,
  0xce38,0xbdf7,0x0000,0x0000,0x0000,0x0000,0xe6fa,0xc5d6,0xff9e,0x0000,0xa4f3,0x8bcd,0x8bed,0x840f,0xe73c,0x7bef,
  0x9471,0xa4b1,0x8bad,0x9470,0xb554,0x93ee,0x8bcd,0x942e,0xa490,0x9c6f,0xa490,0xacf1,0x7b4c,0x722a,0x82ac,0x828b,
  0x828c,0x828b,0x828b,0x828b,0x826b,0x7a6b,0xabf1,0xc4d4,0xa3b0,0x832c,0x838d,0xc594,0xc574,0xc553,0xbd54,0xce99,
  0x9cd3,0xd6ba,0xa4f2,0xacd2,0xa4d1,0xc574,0x9c4f,0xa46f,0x9c4f,0x93cd,0xbd32,0xc553,0xc553,0xc553,0xacb0,0xa44f,
  0x9491,0xffff,0x0000,0x0000,0x0000,0xad55,0x0000,0x0000,0xffff,0xc618,0xad54,0x9430,0x72ec,0x93d0,0xd639,0xffbf,
  0xffdf,0xf77e,0xef5d,0xef5d,0xf77d,0xf77d,0xf77d,0xf77d,0xf77d,0xf77d,0xf77d,0xf77d,0xf77d,0xf77d,0xf77d,0xf77d,
  0xf77d,0xf77d,0xf77d,0xf77d,0xf77d,0xf77d,0xf77d,0xf77d,0xf77d,0xf77d,0xef5d,0xf79e,0xe6db,0x9baf,0xb4f3,0xbd75,
  0xbd55,0xbd55,0xbd34,0xc575,0x9410,0x9451,0x0000,0x7bef,0x0000,0x0000,0x52aa,0xffff,0xad34,0xacb1,0xb4f1,0xd637,
  0xef3b,0xd658,0xad54,0xd678,0xbd95,0xe71b,0xe71b,0xd678,0xc5f7,0xc5f7,0xad54,0xc554,0xd5f6,0xb4f1,0xacb0,0xb512,
  0xacf1,0xacd1,0xa490,0xbd94,0xd678,0x9c50,0xde78,0xe71b,0xe71b,0xdeda,0xdeb9,0xdeda,0xde99,0xcdd6,0xbdb5,0xcdf6,
  0xef1b,0xb533,0x940e,0xd638,0xd657,0xce17,0xe6b9,0xef3c,0xdeb9,0xc5d6,0x9cd2,0x0000,0x52aa,0x0000,0x7bef,0x0000,
  0xa514,0x8c51,0xdeba,0xbdf7,0x0000,0x0000,0xbdf7,0x0000,0xce78,0xc5f6,0x0000,0xffff,0x8c0f,0x8bad,0x83cd,0xa4f3,
  0xffff,0x0000,0x8c50,0xa4b1,0x838c,0x6ac9,0xacf2,0xacf2,0x8bcd,0x8bcd,0xacb0,0xacd1,0xacf1,0x9c90,0x6a49,0x82ac,
  0x82ab,0x82ac,0x82ac,0x828b,0x828b,0x828b,0x828b,0x826b,0x722a,0x936e,0xc4d4,0xb411,0xa3af,0x832c,0x940f,0xb4d2,
  0xc595,0xbd95,0xad55,0xdedb,0xa4f3,0x8bee,0x9c90,0xc594,0xa46f,0x93ee,0xbd53,0x93cd,0x9c2e,0xc553,0xbd33,0xc573,
  0xacb1,0x9c2f,0x9450,0xffff,0x0000,0xffff,0x0000,0x0000,0xffff,0x7bef,0x0000,0x0000,0xffff,0xe71c,0xad55,0x7bae,
  0x62cb,0x834d,0xbd34,0xf73c,0xffdf,0xffbf,0xf77d,0xef5d,0xef5d,0xf77d,0xf77d,0xf77d,0xf77d,0xf77d,0xf77d,0xf77d,
  0xf77d,0xf77d,0xf77d,0xf77d,0xf77d,0xf77d,0xf77d,0xf77d,0xf77d,0xf77d,0xf77d,0xf75d,0xf79e,0xeefb,0x9b8e,0xacb3,
  0xc575,0xbd35,0xbd55,0xbd55,0xb534,0xbd55,0x93ef,0xad14,0x0000,0x7bef,0x0000,0xffff,0x7bef,0x0000,0x9491,0xb4f1,
  0xb4d1,0xd637,0xf75c,0xb574,0xc5f6,0xc5d6,0xc5d6,0xef3b,0xe71b,0xce37,0xbd95,0xce38,0x9cb2,0xc574,0xd5f5,0xacb0,
  0xb4f2,0xb4f1,0xacb1,0xacd1,0xa490,0xde78,0xbd54,0xa490,0xdeb9,0xe71b,0xe6fb,0xdeba,0xdeda,0xe6da,0xde99,0xcdf6,
  0xbd74,0xce37,0xe6fb,0xa490,0xa490,0xdeba,0xd637,0xd617,0xde78,0xef3b,0xdeba,0xc5f6,0x9cb2,0xffff,0x0000,0xbdf7,
  0x0000,0xffff,0x9cb2,0x9492,0xef5d,0xbdd7,0x0000,0x0000,0xbdf7,0x0000,0xc5f7,0xc5d6,0x0000,0xbdb6,0x83ce,0x83ac,
  0x8c0f,0xe71c,0x0000,0xffff,0x9471,0xa490,0x8bac,0x7b2b,0x7b6b,0xa4b1,0xacf2,0x940e,0x940e,0xa4b0,0xb512,0x730b,
  0x7a6b,0x8aac,0x82ac,0x82ac,0x82ac,0x828b,0x828b,0x828b,0x828b,0x828b,0x82ac,0x6a09,0x936e,0xcd16,0xabf1,0xb431,
  0x936e,0x72ca,0x9c50,0xbd54,0xb596,0xc638,0x9cd2,0x8c0f,0x9c4f,0xc574,0xacd1,0x8bcd,0xacd1,0xc5b4,0x836c,0xac90,
  0xbd53,0xbd33,0xb4f1,0x9c2f,0x8c0f,0xef5c,0x0000,0xad55,0x0000,0x0000,0x0000,0x0000,0xffff,0x7bef,0x0000,0x0000,
  0x0000,0xffff,0xce58,0x9451,0x730c,0x51c7,0x836e,0xcdd7,0xf75d,0xffff,0xffdf,0xf77e,0xef5d,0xef5d,0xf77d,0xf77d,
  0xf77d,0xf77d,0xf77d,0xf77d,0xf77d,0xf77d,0xf77d,0xf77d,0xf77d,0xf77d,0xf77d,0xf77d,0xf75d,0xff9e,0xeedb,0x8b4d,
  0xb492,0xc576,0xbd34,0xbd55,0xbd55,0xbd55,0xbd34,0xbd34,0x93ef,0xa4d3,0x0000,0xad55,0x0000,0x0000,0x7bef,0x0000,
  0x9cd2,0xacd1,0xb4d1,0xce37,0xe71b,0xad33,0xde99,0xb533,0xd679,0xef1b,0xef3b,0xc5f7,0xa4f2,0xd679,0x9470,0xc574,
  0xcdb5,0xa490,0xbd32,0xacd1,0xacd1,0xacd1,0xb512,0xdeb9,0x9c4f,0xb533,0xe6da,0xe71b,0xdeba,0xdeba,0xe6fa,0xe6da,
  0xde99,0xcdd6,0xb574,0xd658,0xde99,0x9c2e,0xa4b0,0xe71b,0xd637,0xd637,0xd658,0xef3b,0xe6da,0xce17,0x9cd2,0xdedb,
  0x0000,0x632c,0x0000,0xb595,0x9cb2,0xce38,0xffff,0xc617,0x0000,0x0000,0xbbef,0x0000,0xc617,0xbdb5,0x0000,0x9c92,
  0x8bad,0x83ad,0x9cb2,0xffff,0x0000,0xffff,0x8c30,0x9c90,0x8bad,0x7b4b,0x8bac,0x730a,0x93ee,0xacd1,0xa490,0xacd1,
  0x9c70,0x6208,0x8aac,0x828b,0x82ac,0x82ac,0x82ac,0x828b,0x828b,0x828b,0x826b,0x828b,0x7a8b,0x8aac,0x61c8,0xb4d4,
  0xcd35,0xabb0,0xb432,0xabf0,0x830c,0x628a,0x9cd2,0xce79,0x9450,0xa4f3,0x9c70,0xbd53,0xb512,0x940e,0x93ed,0xc5b4,
  0xbd53,0x836c,0xbd12,0xbd33,0xb512,0xa44f,0x940e,0xc5f7,0x0000,0xffff,0x0000,0x0000,0x0000,0x0000,0x0000,0x0000,
  0xffff,0xfd55,0x0000,0x0000,0x0000,0xffff,0xb575,0x83ce,0x6a8a,0x5186,0x4966,0x8b8e,0xc596,0xef3c,0xffdf,0xffdf,
  0xf79e,0xef5d,0xef5d,0xf77d,0xf77d,0xf77d,0xf77d,0xf77d,0xf77d,0xf77d,0xf77d,0xf77d,0xf77d,0xef5d,0xffbe,0xeebb,
  0x8b2c,0xac92,0xc576,0xbd34,0xbd55,0xbd55,0xbd55,0xbd55,0xbd35,0xbd35,0x8bef,0xb596,0x0000,0xad55,0x0000,0x0000,
  0xbbef,0x0000,0xa513,0xacb1,0xacd1,0xd658,0xce17,0xc5d6,0xce17,0xb574,0xe6da,0xe71b,0xef3c,0xbdd6,0x9cb2,0xd679,
  0x83ce,0xc594,0xc573,0xa490,0xbd32,0xa4b0,0xacf1,0xacb0,0xc5d6,0xcdf6,0x9c0e,0xc5b5,0xe6fa,0xe71b,0xce37,0xdeda,
  0xe6fb,0xe6da,0xde99,0xc5d6,0xb553,0xde99,0xcdf6,0x940e,0xacd1,0xffff,0xc5f7,0xd658,0xce37,0xe6fb,0xe71b,0xd658,
  0xad54,0xbdd6,0x52aa,0x0000,0xbdd7,0x9cd2,0x9cf2,0xffff,0xffff,0xce17,0x0000,0x0000,0xbbef,0x0000,0xc617,0xbdb5,
  0xffff,0x83ce,0x838c,0x83ee,0xdf1c,0x0000,0x0000,0xffff,0x8bee,0x9c70,0x8bed,0x7b4b,0x8bac,0x8bac,0x730a,0x7b2b,
  0x8bcd,0x942f,0x5a69,0x724a,0x8aac,0x82ab,0x82ac,0x82ac,0x82ac,0x828b,0x826b,0x826b,0x826b,0x828b,0x828b,0x828b,
  0x826b,0x6a6a,0xde39,0xb453,0xabd0,0xb411,0xb411,0x9b6f,0x6a6a,0x9450,0x9c71,0x9471,0x9c50,0xb512,0xb533,0x9c4f,
  0x940e,0x9c2f,0xd637,0xa490,0x8bad,0xbd53,0xb512,0xa490,0x942e,0xad33,0x0000,0x7bef,0x0000,0x0000,0x0000,0x0000,
  0x0000,0x0000,0x0000,0x0000,0xffff,0x0000,0xffff,0xa4b2,0x9410,0xacf3,0xce38,0xce58,0x30e3,0x3062,0x6a49,0x7aab,
  0x9bf0,0xc596,0xef1b,0xffdf,0xffdf,0xf79e,0xef5d,0xef5d,0xf75d,0xf77d,0xf77d,0xf77d,0xf77d,0xf77d,0xef5d,0xffbf,
  0xeedb,0x8b4d,0xac92,0xc576,0xbd34,0xbd55,0xbd55,0xbd55,0xbd55,0xbd55,0xbd35,0xbd34,0x8bef,0xce79,0x0000,0xffff,
  0x0000,0x0000,0xbdf7,0x0000,0xad75,0xa4d1,0xacd1,0xc5d6,0xbd95,0xe6da,0xb554,0xce17,0xe6fa,0xe6fb,0xef3b,0xb5b5,
  0x9cd2,0xce38,0x7b8d,0xcdb4,0xbd12,0xa490,0xb512,0xacd1,0xb512,0xacd1,0xd658,0xa4b1,0xa44f,0xcdf6,0xe73b,0xde99,
  0xc5f6,0xe6fb,0xe6fa,0xe6da,0xde99,0xc5d6,0xb553,0xdeb9,0xbd74,0x940e,0xad12,0xffff,0xbdf6,0xce17,0xd638,0xdeba,
  0xef1b,0xde99,0xb595,0x9cd2,0x0000,0xc618,0xa4b2,0xa4d2,0xbdd7,0x0000,0x0000,0xc5d6,0x0000,0x0000,0xbdf7,0x0000,
  0xc5f6,0xc5d6,0xb5b6,0x7b8d,0x7b6c,0x9cd2,0x0000,0x9cd3,0x0000,0xc638,0x83ce,0xa470,0x940e,0x7b2b,0x8bac,0x8b8c,
  0x8bad,0x838c,0x836c,0x7b4b,0x51c7,0x82ac,0x828b,0x82ac,0x828b,0x828b,0x828b,0x826b,0x828b,0x828b,0x828b,0x828b,
  0x828b,0x828b,0x828b,0x7209,0xa431,0xee7a,0xabd1,0xabd0,0xb3f1,0xb3f1,0xb411,0x726a,0x7b6d,0xa4f3,0x83ad,0xb4f2,
  0xb4f2,0xacd1,0x93ee,0xa470,0xacb1,0xe6d9,0x942f,0x940e,0xbd53,0xac90,0x9c2e,0x9c71,0x0000,0x0000,0x0000,0x0000,
  0x0000,0x0000,0x0000,0x0000,0x0000,0xffff,0x52aa,0xffff,0x9cd3,0x8c30,0xacf4,0xffdf,0xffff,0xffff,0x49e7,0x832d,
  0xac92,0x9bef,0x834d,0x72aa,0x7acb,0x9bef,0xc555,0xeedb,0xffbe,0xffdf,0xf79e,0xef7d,0xef5d,0xf75d,0xf75d,0xef5d,
  0xffbf,0xe6ba,0x8b4d,0xb4d3,0xc576,0xbd34,0xbd55,0xbd55,0xbd55,0xbd55,0xbd55,0xbd55,0xbd35,0xbd34,0x838e,0xe6db,
  0x0000,0x7fff,0x0000,0x0000,0xbdf7,0x0000,0xbdd7,0xa4b1,0xacf1,0x9c90,0xdeb9,0xcdf6,0xb554,0xd638,0xe6fb,0xe6fb,
  0xef3c,0xb595,0xa513,0xc617,0x7b8d,0xcdd5,0xacb0,0xacd1,0xb4f1,0xb4f2,0xacf1,0xbd73,0xcdf6,0x940e,0xacb1,0xd637,
  0xef3b,0xce17,0xc5f7,0xe71b,0xe6fb,0xe6da,0xdeb9,0xc5d6,0xbd53,0xde99,0xacf2,0x9c4f,0xb533,0xffff,0xbdb5,0xad54,
  0xd658,0xd678,0xef1b,0xe6da,0xbdb5,0xbdd6,0xbdd7,0x9cd2,0xb533,0x9471,0xffff,0x0000,0x0000,0xc5d6,0x0000,0x0000,
  0x0000,0x0000,0xce17,0xce17,0x9cd2,0x732b,0x8bef,0xffff,0x0000,0xb5b6,0x0000,0xad75,0x8bce,0x9c6f,0x9c6f,0x7b4b,
  0x8bac,0x8bac,0x8bac,0x8b8c,0x93cd,0x6ac9,0x6229,0x8aac,0x828b,0x82ac,0x828b,0x828b,0x828b,0x8aac,0x828b,0x826b,
  0x7a6a,0x7a4a,0x7a4a,0x7a4a,0x7a6b,0x826b,0x724a,0xe67a,0xe619,0xb431,0xb3d1,0xb3f1,0xabd0,0xb432,0x830d,0x734d,
  0x838d,0xb4f2,0xa4b1,0xacf2,0xa4b0,0xb4f1,0xa490,0xc5b5,0xeefa,0x8bac,0xac90,0xacd1,0x9c2f,0x8c0f,0xffff,0x0000,
  0xffff,0x0000,0x0000,0x0000,0x0000,0x0000,0x0000,0xad55,0x0000,0xb595,0x9491,0xbdf7,0x0000,0x0000,0x0000,0xdefa,
  0x5a8a,0x93f0,0x9c30,0x9c30,0xa451,0xac71,0x9c10,0x8b6d,0x7aab,0x7a8a,0x8b6d,0xbd14,0xe6ba,0xff9e,0xffdf,0xf7be,
  0xf79e,0xffdf,0xd618,0x832c,0xb4d3,0xbd55,0xb534,0xbd55,0xbd55,0xbd55,0xbd55,0xbd55,0xbd55,0xbd55,0xbd55,0xb514,
  0x83ae,0xffff,0x0000,0xffff,0x0000,0x0000,0xad55,0x0000,0xbdb6,0xa4b1,0x940e,0xce16,0xef1b,0xb533,0xd617,0xd638,
  0xef1b,0xe6fb,0xef3c,0xad54,0xa513,0xbdd6,0x83ad,0xcdd5,0xa44f,0xb4f2,0xacd1,0xb512,0xacf1,0xcdf6,0xad13,0x9c0e,
  0xb512,0xd678,0xef1b,0xc5b5,0xd658,0xe71b,0xe6fb,0xe6da,0xdeb9,0xc5b5,0xb533,0xd678,0xa491,0xa490,0xbd74,0xf79e,
  0xce58,0xa4f2,0xd658,0xd658,0xe71b,0xef1b,0xbdb5,0x738d,0x9471,0xd637,0x9c92,0xbdf8,0x0000,0x9b2c,0x0000,0xce17,
  0x0000,0x0000,0x0000,0x0000,0xffbe,0xbdb6,0x83ce,0x736d,0xad55,0x0000,0xad55,0x52aa,0x0000,0xa4f3,0x83ad,0x9c2e,
  0xacd1,0x7b4b,0x838c,0x838c,0x838c,0x838c,0x8bac,0x6289,0x8b2d,0x826b,0x82ac,0x828b,0x82ac,0x8acc,0x7a4a,0x69e9,
  0x6a09,0x724a,0x7a6b,0x7a8b,0x7a8b,0x726b,0x726b,0x728b,0x5187,0xb4f4,0xff1c,0xe619,0xbc73,0xabd0,0xabd0,0xa3b0,
  0xb3d1,0x82ac,0x6289,0xacd2,0xa4b0,0xa490,0xacd1,0xbd53,0xbd54,0xacd2,0xce37,0xde78,0x836c,0xa470,0xa46f,0x940f,
  0xce38,0x0000,0xffff,0x0000,0x0000,0x0000,0x0000,0x0000,0xad55,0x0000,0xffff,0x8c30,0xb595,0x0000,0x0000,0xd6ba,
  0x7bef,0xdf1b,0x62cb,0x93f0,0x9c30,0x9c30,0x9c30,0x9c30,0x9c30,0xa431,0xa451,0x9c30,0x8b6d,0x7aab,0x72ab,0x8b2d,
  0xac72,0xd618,0xe6bb,0xb4f4,0x7b0c,0xb4f3,0xbd55,0xbd34,0xbd34,0xbd55,0xbd55,0xbd55,0xbd55,0xbd55,0xbd35,0xbd35,
  0xbd55,0xb4f4,0x83f0,0xffff,0x0000,0xffff,0x0000,0x0000,0xbdf7,0x0000,0xef5c,0x8bef,0xb575,0xf75c,0xd637,0xbd95,
  0xd658,0xd658,0xef1b,0xe6fb,0xef3b,0xa514,0xad54,0xb554,0x8c2f,0xc574,0x9c4f,0xb532,0xacd1,0xb512,0xb532,0xce16,
  0xa490,0xa44f,0xbd53,0xded9,0xe6fa,0xbd74,0xe6da,0xe71b,0xe6fb,0xdeba,0xdeb9,0xbd74,0xb533,0xce16,0xa470,0xacb0,
  0xbd54,0xdebb,0xef3c,0x94b2,0xc617,0xd658,0xe6da,0xef5c,0xbd95,0x7b4c,0xd679,0xad34,0x9cd3,0x0000,0xad55,0x0000,
  0x0000,0xce38,0x0000,0x0000,0x0000,0x0000,0x0000,0xb575,0x6aca,0x8c51,0xffff,0x0000,0xffff,0x0000,0xffff,0x9470,
  0x838c,0x940e,0xa4b0,0x8bed,0x730a,0x93cd,0x8b8c,0x940e,0x838c,0x7aec,0x932e,0x826b,0x82ac,0x8acc,0x7a6b,0x59c8,
  0x6a29,0x8aed,0xa3b0,0xabf1,0xb432,0xb412,0xa3b0,0xa38f,0xa390,0xabd1,0x934e,0x9c31,0xf6fc,0xee9b,0xee7a,0xcd15,
  0xabf1,0xa3b0,0xa3b0,0xb411,0x830c,0x940f,0xacf1,0x9c4f,0xa490,0xbd94,0xce16,0xd637,0xb574,0xde78,0xcdd5,0x7b4b,
  0xacb0,0x9c2f,0xad34,0x0000,0x7be7,0x0000,0x0000,0x0000,0x0000,0x0000,0x52aa,0x0000,0x9492,0x9492,0x0000,0x0000,
  0xffff,0xffff,0x0000,0xce99,0x62cb,0x9bf0,0x9c30,0x9c30,0x9c30,0x9c30,0x9c30,0x9c10,0x9c10,0x9c10,0xa451,0xa451,
  0x9c30,0x938e,0x82cb,0x7a8b,0x82cc,0x8b8e,0xbd55,0xbd55,0xbd34,0xbd34,0xbd34,0xbd55,0xbd55,0xbd55,0xbd55,0xbd55,
  0xbd35,0xbd35,0xbd55,0xacf3,0x83ef,0xffff,0x0000,0xffff,0x0000,0xffff,0x0000,0x0000,0xa514,0xb555,0xf75d,0xdeb9,
  0xbd74,0xce17,0xce17,0xde99,0xe71b,0xe71b,0xe71b,0xa4f3,0xb596,0xad13,0x9450,0xbd33,0xa46f,0xb532,0xacf1,0xb4f2,
  0xbd94,0xbd95,0xa490,0xac90,0xc594,0xe6fa,0xce37,0xc5b5,0xef3b,0xe6fa,0xe6fb,0xdeb9,0xde99,0xbd74,0xbd54,0xc594,
  0xa470,0xacd1,0xacf2,0xb576,0xe73c,0xad55,0xad54,0xd678,0xde78,0xef5c,0xc5d6,0xcdd6,0xb595,0x8c51,0xffff,0x0000,
  0x0000,0x0000,0x0000,0xc617,0x0000,0x0000,0x0000,0x52aa,0x0000,0xa4f3,0x734c,0xc617,0x0000,0xbdf7,0xffff,0x0000,
  0xffff,0x8c0f,0x838c,0x940e,0xa470,0xacb1,0x838c,0x836c,0xac90,0xacb1,0x6acb,0xa3d0,0x82ac,0x8aac,0x8acc,0x6a09,
  0x59c7,0x8b2d,0xb411,0xb432,0xabf1,0xabd1,0x9b8f,0x92ed,0x932e,0xa390,0x9b4f,0xa3b0,0xa3b0,0x93af,0xeedb,0xe69a,
  0xee9b,0xee9b,0xddf8,0xb452,0xabb0,0xabd0,0x9b8f,0x8bae,0xacd1,0xa470,0x9c2f,0xacd2,0xde58,0xce17,0xd638,0xbd95,
  0xd617,0xa4b1,0x836b,0xa490,0x9471,0xffff,0xffff,0xffff,0x0000,0x0000,0x0000,0xffff,0x0000,0xffff,0xa4f4,0xd6ba,
  0x0000,0xffff,0x0000,0xbdf7,0x0000,0xc658,0x6aeb,0x9c10,0x9c30,0x9c30,0x9c30,0x9c30,0x9c30,0x9c30,0x9c30,0x9c10,
  0x9c10,0x9c10,0x9c10,0x9c30,0xac51,0xb452,0xbcf4,0xc596,0xbd35,0xbd34,0xbd35,0xbd35,0xbd35,0xbd55,0xbd55,0xbd55,
  0xbd55,0xbd55,0xbd55,0xbd55,0xbd55,0xb514,0x83af,0xffff,0x0000,0x0000,0xbdf7,0x0000,0xffff,0xad34,0xce38,0xf77c,
  0xe6da,0xcdf6,0xb533,0xde99,0xc5d6,0xe6fa,0xe6fb,0xe71b,0xe71b,0x9492,0xb575,0x9cd2,0x944f,0xb4f2,0xa46f,0xb512,
  0xb4f2,0xacf1,0xcdf5,0xb533,0xacb0,0xacb0,0xc5d5,0xe6fa,0xbd94,0xd678,0xe71b,0xe6fb,0xe6fa,0xdeb9,0xde99,0xb553,
  0xbd74,0xbd53,0xa470,0xb4f1,0xa4b1,0xb576,0xce79,0xbdf7,0x8c50,0xce37,0xd658,0xe6fb,0xef1b,0xc5b6,0x7bce,0xffdf,
  0x0000,0xffff,0x0000,0x0000,0x0000,0xce38,0x0000,0x0000,0x0000,0x0000,0x0000,0x840f,0x840f,0xce59,0x0000,0x9cd3,
  0xffff,0x0000,0xef5d,0x8bee,0x838c,0x940e,0xa490,0xa490,0xacd1,0x940e,0x7b4b,0x49e7,0x93af,0xabf0,0x828b,0x8aac,
  0x59a7,0x6209,0xabf1,0xb452,0xac11,0xa38f,0x9b6f,0x932e,0x8aed,0xa3b0,0xb411,0xac11,0x9b6f,0x9b8f,0xabd0,0x834e,
  0xe67a,0xee9b,0xee9b,0xe67a,0xee9a,0xddd7,0xabd0,0xabd0,0xa3b0,0x8b6d,0xa490,0xa4b1,0x9c4f,0x942f,0xbd74,0xe6fa,
  0xde99,0xe6b9,0xbd74,0xcdf6,0x93ee,0x72ea,0x9c71,0xd6ba,0x0000,0xce79,0x0000,0x0000,0x0000,0xffff,0x0000,0xd6ba,
  0xd6ba,0x0000,0x0000,0x0000,0xffff,0xbdf7,0x0000,0xad55,0x6aeb,0xa431,0x9c30,0x9c30,0x9c30,0x9c30,0x9c30,0x9c30,
  0x9c30,0x9c10,0x9c10,0x9c10,0xa410,0xa410,0xa431,0xb4d3,0xbd35,0xbd34,0xbd55,0xbd35,0xbd35,0xbd35,0xbd35,0xbd55,
  0xbd55,0xbd55,0xbd55,0xbd55,0xbd55,0xbd55,0xbd75,0xb4f3,0x83cf,0x0000,0x7bef,0x52aa,0x0000,0xffff,0xad54,0xde9a,
  0xce38,0x9cd2,0xce17,0xbd54,0xc5b5,0xde99,0xc5d6,0xef1b,0xe6fb,0xe71b,0xdeba,0x9492,0xc638,0x9cb1,0x9c90,0xacd1,
  0xa490,0xb512,0xb512,0xb4f2,0xc5b4,0xacf2,0xacb0,0xac90,0xce17,0xde79,0xbd74,0xef1b,0xe6fa,0xe6fb,0xe6fa,0xde99,
  0xde99,0xb533,0xbd74,0xb512,0xa490,0xb4f1,0xa4b1,0xb576,0xc638,0xb5b6,0x9491,0xb533,0xde99,0xdeba,0xf77d,0xb575,
  0x9cb2,0x0000,0xbdf7,0x0000,0x0000,0x0000,0xffff,0xd679,0x0000,0x0000,0x0000,0x0000,0xffff,0x738e,0x9cd3,0xce59,
  0xc618,0x0000,0xad55,0xffff,0xd679,0x8bee,0x83ac,0x9c6f,0xacd1,0x9c70,0x8bce,0x730c,0x5208,0x832d,0xbc93,0x8aac,
  0x828c,0x5187,0x82ec,0xb452,0xac32,0xac11,0xa3b0,0x9b4e,0x9b6f,0x8aed,0xac11,0xac31,0xac11,0xac11,0xa38f,0x9b6f,
  0xabf1,0x832d,0xd618,0xeebb,0xee9b,0xee9b,0xe67a,0xe65a,0xb432,0xabd0,0xabd0,0x934d,0x9c30,0xa4b1,0xacb1,0x9c4f,
  0x942f,0xd678,0xef5c,0xef1b,0xde99,0xc5d6,0xeefb,0xa4d2,0x62ca,0x9450,0xffff,0x0000,0x9cd3,0xffff,0x0000,0x0000,
  0x0000,0x0000,0x0000,0xffff,0x0000,0x52aa,0x0000,0x52aa,0x0000,0x94b1,0x72eb,0xa451,0x9c10,0x9c30,0x9c30,0x9c10,
  0x9c10,0x9c10,0x9c10,0x9c10,0x9c10,0x9c30,0xac30,0xac31,0xb4f3,0xbd55,0xbd34,0xbd55,0xbd55,0xbd55,0xbd55,0xbd34,
  0xbd35,0xbd35,0xbd35,0xbd55,0xbd35,0xbd35,0xbd35,0xbd35,0xc575,0xacd3,0x8c10,0xffff,0x0000,0x0000,0xbdd7,0xad55,
  0xde9a,0xce58,0x7bce,0x9470,0xd617,0xacf2,0xd678,0xc5d6,0xd658,0xef1b,0xe6fb,0xef3b,0xd679,0x8c71,0xd679,0xa4f3,
  0xacd2,0xacd1,0xac90,0xb4f1,0xb4f1,0xb512,0xbd94,0xacb0,0xacd1,0xa470,0xd637,0xc5d5,0xce17,0xef1b,0xe6fb,0xe6fb,
  0xe6da,0xde99,0xde78,0xb533,0xbd74,0xacd1,0xa4b1,0xb4f2,0xacd1,0xa4f2,0xce39,0xa514,0xe71b,0x9471,0xd658,0xde99,
  0xf75c,0xce58,0x9cf3,0x0000,0x7bef,0x0000,0x0000,0x0000,0xf79e,0xce59,0x0000,0x0000,0x0000,0x0000,0xdeba,0x7baf,
  0xad55,0xffff,0xc5f7,0xce59,0x0000,0x0000,0xde99,0x944f,0x838c,0x838d,0x730b,0x72cb,0x8b6f,0xac32,0xc4d5,0xbc73,
  0x92ed,0x828c,0x4166,0x936e,0xb453,0xac11,0xac11,0xac11,0x9b4f,0xa3b0,0x932e,0x9baf,0xac31,0xac11,0xac11,0xac11,
  0xa3b0,0x934e,0xac11,0x832d,0xc596,0xf6dc,0xe69b,0xee9b,0xe67a,0xee9b,0xddd8,0xc4b4,0xb3f1,0x9b6e,0x8bae,0x6aca,
  0x8bee,0xacf2,0x9c4f,0xa470,0xd637,0xe6fa,0xf75c,0xdeda,0xc5f6,0xf75c,0xce37,0x736c,0x8c71,0xffff,0x0000,0x0000,
  0x0000,0x7bef,0xffff,0xbdf7,0xd6ba,0xffff,0x0000,0x0000,0xffff,0x738e,0x0000,0x7bcf,0x730c,0xa471,0x9c10,0x9c10,
  0x9c30,0x9c10,0x9c10,0x9c10,0xa410,0xa410,0xa410,0xac31,0xac71,0xbd14,0xbd54,0xbd34,0xbd34,0xbd55,0xbd55,0xbd55,
  0xbd55,0xbd34,0xbd35,0xbd35,0xbd35,0xbd55,0xbd75,0xbd35,0xbd34,0xb534,0xc575,0xa4b3,0x9451,0x0000,0xef1d,0xbdb7,
  0xbdb7,0xdedb,0xb596,0xbdd6,0xb595,0xc595,0xbd74,0xb554,0xe6da,0xad13,0xe6fa,0xe71b,0xe6fb,0xef3c,0xd658,0x7bef,
  0xd69a,0xa4f3,0xb533,0xacd1,0xa490,0xb4f1,0xacd1,0xbd53,0xbd74,0xa4b0,0xacb1,0xa490,0xcdf6,0xb554,0xe6da,0xe6fb,
  0xe6fb,0xe6fb,0xdeb9,0xde99,0xd658,0xb533,0xbd74,0xacd1,0xacd1,0xb4f2,0xacd1,0xa4f2,0xc618,0xad55,0xffff,0x8c30,
  0xbdb6,0xdeb9,0xef3c,0xdeba,0x9cd2,0x0000,0x0000,0x0000,0xad55,0x0000,0xdeba,0xd679,0x0000,0x0000,0xbdf7,0x0000,
  0xa534,0x8410,0xe6fb,0x0000,0xe71c,0xbdf7,0xc638,0xffff,0xa513,0x6aaa,0x728a,0x8b0d,0xa3d1,0xbc73,0xb433,0xa3b0,
  0x930d,0x828c,0x8aed,0x4946,0x830d,0xb432,0xac11,0xac11,0xac12,0xa3d0,0x934e,0xa3d0,0x932d,0xa3d0,0xac11,0xac11,
  0xac11,0xac11,0xabd0,0x934e,0xabd0,0x934e,0xac93,0xf6dc,0xe67a,0xee9b,0xe69b,0xe69a,0xeebb,0xee7a,0xd597,0xbc93,
  0x93af,0x72cb,0x5a28,0x838d,0xacb1,0x9c6f,0x9c2f,0xacb1,0xbd54,0xd637,0xe6b9,0xd658,0xef1b,0xf73c,0xbd96,0xa513,
  0xa513,0xd6ba,0x0000,0x0000,0x0000,0x0000,0x0000,0x0000,0x0000,0xb576,0x9cd3,0xffff,0xffff,0x736d,0x836d,0xa451,
  0x9c51,0xacb2,0xa491,0x9c30,0x9c30,0xa430,0xa430,0xa431,0xac51,0xb4b3,0xbd34,0xbd54,0xbd34,0xbd55,0xbd55,0xbd55,
  0xbd55,0xbd55,0xbd55,0xbd55,0xbd55,0xbd35,0xbd55,0xb4f3,0xa472,0xbd55,0xc596,0xbd75,0xc5b6,0xa492,0x8c10,0xce59,
  0xb575,0xd67a,0xc618,0xb596,0xc618,0xffff,0xa4d2,0xc595,0xa4d1,0xd678,0xc5d6,0xb554,0xef3c,0xe6fb,0xe6fb,0xf75c,
  0xc5f6,0x840f,0xdeba,0x9cb2,0xb533,0xa4b1,0xa490,0xb4f1,0xacd0,0xc5b5,0xb533,0xacb0,0xacb0,0xacb1,0xb513,0xbdb5,
  0xef3b,0xe6da,0xe6fa,0xe6fa,0xdeb9,0xdeb9,0xce37,0xc5b5,0xc5d5,0xacb1,0xacd1,0xb4f2,0xacd1,0xa513,0xc638,0xa535,
  0x0000,0xad54,0x9c91,0xdeb9,0xe6fb,0xe6fb,0x9cd2,0xffff,0x0000,0x0000,0xbdf7,0x0000,0xd69a,0xd699,0x0000,0x0000,
  0x7be7,0x0000,0x9cd3,0x9492,0xffff,0x0000,0x0000,0xffff,0xd69a,0x8c10,0x72ab,0x7aab,0x92ed,0x92ed,0x8aed,0x8acc,
  0x828b,0x826b,0x826b,0x8aed,0x59a8,0x7acc,0xac11,0xa3b0,0xac31,0xac11,0xac12,0x9b6f,0x9b8f,0xa3d0,0x932e,0xabf0,
  0xac11,0xac11,0xac11,0xac11,0xabf1,0x9b6e,0xa3b0,0xa3d0,0x8b8f,0xeebb,0xee9b,0xee9b,0xee9b,0xee7a,0xe639,0xe619,
  0xddf8,0xcd56,0xbcb3,0x8b8e,0x8aed,0x82cc,0x7b2c,0xa4b0,0x9c4f,0xacf1,0xbd53,0xa490,0x9c70,0xacd2,0xacf2,0xcdd6,
  0xdeda,0xdeba,0xd679,0xb575,0xb596,0xc638,0xef5d,0xffff,0xffbf,0xd67a,0x9492,0x83f0,0xad55,0x0000,0xffff,0x6b0c,
  0x8baf,0xa471,0xb4f3,0xb514,0xb4f3,0xb4b3,0xac92,0xac71,0xac71,0xacb2,0xbd14,0xbd35,0xb534,0xb534,0xbd34,0xbd55,
  0xbd55,0xbd55,0xbd55,0xbd55,0xbd55,0xbd55,0xbd55,0xbd35,0xbd35,0xbd34,0x9410,0x7b4d,0x838e,0x8bcf,0x8bef,0x734d,
  0x7b8e,0xbdd7,0xb596,0xb5b6,0xc618,0x0000,0x0000,0xc617,0xad33,0xb4f2,0xb513,0xe6fa,0xacf2,0xd638,0xef1b,0xe6fb,
  0xe6fb,0xef3b,0xb574,0x8c50,0xde9a,0x9c91,0xb553,0xa490,0xa46f,0xb4f1,0xacb0,0xc5d5,0xacf1,0xacd1,0xacb0,0xacd1,
  0xa470,0xde79,0xe71b,0xe6da,0xe6fa,0xe6da,0xdeb9,0xdeb9,0xc5d6,0xdeb9,0xcdf6,0xacb1,0xacd1,0xb4f2,0xacf2,0x9491,
  0xb5b6,0x9cf3,0x0000,0xffff,0x840f,0xc5f7,0xe71b,0xef3b,0xa534,0xd69a,0x0000,0xffff,0xad55,0x0000,0xd679,0xd699,
  0x0000,0x0000,0x0000,0x0000,0xa533,0xa513,0xffff,0x0000,0x9cf3,0x0000,0x9cb2,0x6a4a,0x8a8b,0x82ab,0x828b,0x828b,
  0x82ab,0x82ab,0x82ac,0x8aac,0x8acc,0x6a2a,0x6249,0xb452,0x9b8f,0xa3f0,0xac11,0xac11,0xabf1,0x9b6f,0xa3d0,0xa3af,
  0x934e,0xabf1,0xac11,0xac11,0xac11,0xac11,0xac11,0x9b8f,0x9baf,0xac11,0x832d,0xcdb7,0xeebb,0xe67a,0xee5a,0xe5f8,
  0xd577,0xcd15,0xc4f5,0xc4d4,0xbcb3,0xb471,0x7aab,0xab90,0x8aec,0x836d,0xa490,0x9c4f,0xcdb5,0xcdf6,0xb4f2,0x940f,
  0x940e,0x8bcd,0x9c4f,0x734c,0xa4f3,0xbdd7,0xbdd7,0xbdd7,0xbdd7,0xbdb6,0x9cd3,0x8430,0x9472,0xdefb,0x0000,0x0000,
  0xc618,0x6acb,0x9c31,0xb4f3,0xb4f4,0xb4f3,0xb4f3,0xb4d3,0xb4f3,0xb4f3,0xbd34,0xbd34,0xbd34,0xbd34,0xbd34,0xbd34,
  0xbd34,0xbd55,0xbd55,0xbd55,0xbd55,0xbd55,0xbd55,0xbd55,0xbd55,0xbd55,0xbd55,0xbd55,0xc576,0xb4f4,0x9c51,0x93f0,
  0x9c51,0x8bef,0x9471,0xdedb,0xffff,0x0000,0x0000,0x632c,0xad55,0xad75,0xb553,0xa4b1,0xde99,0xce17,0xbd95,0xde99,
  0xef1b,0xe6fb,0xe71b,0xef1b,0xad13,0x8c72,0xdeb9,0x9c91,0xbd95,0xa490,0x9c70,0xacf1,0xacd1,0xc595,0xa4b0,0xacd1,
  0xacb0,0xacb0,0xb533,0xe6fb,0xe6fa,0xe6da,0xe6fa,0xdeb9,0xdeb9,0xd678,0xc5f6,0xe71b,0xce17,0xa4b1,0xacd1,0xb4f2,
  0xacd1,0x9cb1,0xb596,0xad55,0x0000,0x0000,0x9cd2,0xa513,0xef3c,0xef3b,0xb595,0xa555,0x0000,0xbdf7,0x0000,0xffff,
  0xce38,0xe71b,0x0000,0x0000,0x0000,0x0000,0xad54,0xb595,0xef1d,0x0000,0x39e7,0xffff,0x8bf0,0x7a8b,0x8aac,0x82ac,
  0x82ac,0x82ac,0x8aac,0x82ac,0x82ac,0x82ac,0x828c,0x51c7,0xac11,0xabf1,0x9b8f,0xac11,0xac11,0xac11,0xa3d0,0xa390,
  0xabf1,0x9b8f,0x9b6f,0xac11,0xac11,0xac11,0xabf1,0xabf1,0xabf1,0xa3f0,0xa3d0,0xac11,0x9b8f,0x9c11,0xf6dc,0xe67a,
  0xe619,0xd577,0xc4f5,0xc4f5,0xccf5,0xc4f5,0xc4f4,0xbcb3,0x936e,0x82ec,0xabd0,0x726a,0x9c70,0xacb0,0x940e,0xcdb5,
  0xcdf6,0xacd1,0xa490,0x9c2f,0x940e,0x8bee,0x62ea,0xbdd6,0xc618,0xb596,0xb5b6,0xad55,0xad75,0xffff,0x0000,0x0000,
  0x4a49,0x0000,0x9471,0x730c,0xb4f4,0xb4f3,0xb4f4,0xb4f4,0xb4f4,0xb4f3,0xb4f3,0xb514,0xbd34,0xbd34,0xbd34,0xbd34,
  0xbd34,0xbd34,0xbd34,0xbd55,0xbd55,0xbd55,0xbd55,0xbd55,0xbd55,0xbd55,0xbd55,0xbd55,0xbd55,0xbd55,0xbd34,0xbd55,
  0xc575,0xc575,0xcd96,0xa4d3,0x9471,0x0000,0x0000,0x52aa,0xad55,0x52aa,0x0000,0xa534,0xa4b1,0xc5b5,0xdeb9,0xbd95,
  0xce17,0xdeb9,0xef1b,0xe6fb,0xe71b,0xde99,0xa4f3,0x9cd3,0xc5d7,0x9450,0xce16,0x9c70,0xa470,0xacd1,0xb512,0xbd53,
  0xa490,0xacd1,0xacd1,0xa490,0xcdf6,0xef3b,0xdeda,0xe6fb,0xdeb9,0xd678,0xe6da,0xce37,0xd658,0xe6fb,0xd638,0xacb1,
  0xacd1,0xb4f2,0xacb0,0xa4b1,0xa555,0x9cf4,0x0000,0x0000,0xf77d,0x8c50,0xdeba,0xef3c,0xce38,0x9cf3,0x0000,0x9cf3,
  0x0000,0xde9a,0xce38,0x0000,0x0000,0x0000,0x0000,0x0000,0xad34,0xbdb6,0xd69a,0x0000,0x7bef,0x0000,0x9431,0x7a8b,
  0x8aac,0x82ac,0x8aac,0x8aac,0x8aac,0x82ac,0x82ab,0x8acc,0x61e8,0x834d,0xb452,0x9b8f,0xa3d0,0xac11,0xabf1,0xac11,
  0xa3b0,0xa38f,0xa3b0,0xa3b0,0xa3d0,0xb411,0xabf1,0xbc73,0xc4b4,0xabf0,0xabf1,0xabf0,0xa3f0,0xabf0,0xac11,0x830d,
  0xcd96,0xf6fc,0xddf8,0xcd56,0xc4f5,0xccf5,0xc4f5,0xc4d4,0xc4d4,0xc4d4,0xb452,0x8b2d,0xa38f,0x9b8f,0x6269,0xbd74,
  0xb4f2,0xa450,0xc594,0xbd53,0xa490,0xa4b0,0x9c2f,0xacf2,0xacf2,0x83ad,0xd67a,0x0000,0x0000,0x0000,0x0000,0x0000,
  0x0000,0xad55,0x0000,0xffff,0x7b6e,0x93ef,0xbd34,0xb4f3,0xb4f4,0xb4f4,0xb4f4,0xb4f3,0xb4f3,0xb514,0xb514,0xbd34,
  0xbd34,0xbd34,0xbd34,0xbd34,0xbd34,0xbd34,0xbd34,0xbd55,0xbd55,0xbd55,0xbd55,0xbd55,0xbd55,0xbd55,0xbd55,0xbd55,
  0xbd35,0xbd35,0xbd34,0xbd34,0xc575,0x9c92,0x9c92,0xfd55,0x9cd3,0x0000,0xffff,0x0000,0xffff,0x9cb2,0xacd2,0xeefa,
  0xb554,0xd658,0xcdf7,0xe6fa,0xe71b,0xe6fb,0xe6fa,0xd637,0xad13,0x9cd3,0xbdb6,0x9430,0xd678,0x838c,0x9c70,0xacd1,
  0xbd33,0xacd2,0xa4b0,0xacd1,0xacb1,0xa4b1,0xdeb9,0xd678,0xdeda,0xe71b,0xd658,0xd658,0xe6da,0xce37,0xdeb9,0xe6fa,
  0xd658,0xacd1,0xacd1,0xacf1,0xacb0,0xa4d2,0xad55,0xbdd7,0x0000,0x7bef,0x0000,0x9cd2,0xce38,0xf75c,0xd6b9,0x9d13,
  0x0000,0x7bef,0x0000,0xd638,0xd658,0x0000,0x0000,0x0000,0x0000,0x0000,0xad54,0xbdb6,0xd6ba,0x0000,0xad55,0x0000,
  0xad55,0x6a6a,0x8acc,0x82ac,0x82ac,0x8aac,0x8aac,0x82ac,0x8aac,0x826b,0x6249,0xb493,0xabf1,0x9b8f,0xa3f0,0xabf1,
  0xabf1,0xabf1,0x9b6f,0xac11,0xddd8,0xbcb3,0xabd0,0xb432,0xac11,0xcd15,0xdd97,0xbc72,0xabf0,0xabf0,0xa3f0,0xabf1,
  0xabf1,0xa3d0,0x7b0d,0xcd97,0xee7a,0xe5d8,0xcd15,0xc4b4,0xc4d4,0xc4d4,0xc4d4,0xc4b4,0xc4b3,0xac31,0x82ec,0xa38f,
  0x82cc,0x6aca,0xb553,0xb533,0xb4f2,0xb513,0xa470,0xa4b0,0xa490,0x9c2f,0xc5b5,0xb533,0x7bae,0xdedb,0x0000,0xb5b6,
  0xffff,0xffff,0x0000,0xbdf7,0x0000,0xe75c,0x734d,0xacb2,0xb4f4,0xb4f4,0xb4f4,0xb4f4,0xb4f4,0xb4d3,0xb4d3,0xb514,
  0xb514,0xbd34,0xbd34,0xbd34,0xbd34,0xbd34,0xbd34,0xbd34,0xbd34,0xbd55,0xbd55,0xbd55,0xbd55,0xbd55,0xbd55,0xbd55,
  0xbd55,0xbd55,0xbd35,0xbd35,0xbd35,0xbd34,0xc575,0x9c92,0xa514,0x0000,0x7bef,0x0000,0xad55,0x7bef,0xef7d,0x9450,
  0xde78,0xce37,0xbd95,0xdeb9,0xce17,0xef1b,0xe6fb,0xe71b,0xde99,0xd616,0xad13,0x9cd3,0xbdb6,0x9c91,0xd678,0x7b6c,
  0xa490,0xb4f1,0xacd1,0x9c70,0xacd1,0xacd1,0xac90,0xbd74,0xdeb9,0xb554,0xe71b,0xe71b,0xcdf6,0xde78,0xde99,0xd658,
  0xdeb9,0xe6da,0xde78,0xacf1,0xacb1,0xacd1,0xacd1,0x9470,0x9492,0xffff,0x0000,0xce79,0x0000,0xbdd6,0xb575,0xef3c,
  0xdeda,0xa514,0xffff,0x0000,0xffff,0xce18,0xe6ba,0x0000,0x0000,0x0000,0x0000,0x0000,0xad34,0xbdd6,0xe6fb,0x0000,
  0x9cf3,0x0000,0xb596,0x6a8a,0x828b,0x82ab,0x82ab,0x82ac,0x82ac,0x8a8c,0x8acc,0x6209,0x9bd0,0xb473,0xa3d0,0xa3b0,
  0xa3d0,0xabf1,0xabf1,0xa3b0,0xabf1,0xe639,0xf6fc,0xcd35,0xabd0,0xb452,0xac11,0xd576,0xe639,0xcd35,0xb432,0xabd0,
  0xabf0,0xabf1,0xabf0,0xac11,0xa3d0,0x830c,0x93af,0xbd35,0xe619,0xddd8,0xcd16,0xc493,0xc493,0xc4b4,0xbc93,0xc4b3,
  0xa3f0,0x7aab,0x7aab,0x934d,0x7b0b,0xacf2,0xbd54,0xcdd5,0xb533,0x9c4f,0x9c4f,0xa470,0xacf2,0xd658,0xa4f2,0x8c50,
  0xffff,0x0000,0xce79,0x7bef,0x7bef,0x0000,0x0000,0x8c71,0x838e,0xbd34,0xb4f4,0xb514,0xb513,0xb513,0xb513,0xb4f3,
  0xb4d3,0xb4f4,0xbd34,0xbd34,0xbd34,0xbd34,0xbd34,0xbd34,0xbd34,0xbd34,0xbd34,0xbd55,0xbd55,0xbd55,0xbd55,0xbd55,
  0xbd55,0xbd34,0xbd34,0xbd55,0xbd35,0xbd34,0xbd34,0xbd35,0xc575,0x9c92,0xad54,0x0000,0x7bef,0x0000,0x9cd3,0x0000,
  0xad34,0xc5d6,0xe6d9,0xa4d1,0xe6b9,0xd637,0xce37,0xef1b,0xe6fb,0xef1b,0xd637,0xce16,0xa4f2,0xad54,0xad33,0xa4d2,
  0xbd95,0xad55,0xa4b1,0xb4f1,0xa470,0x9c6f,0xb4f2,0xacd1,0xa490,0xd657,0xb554,0xbd95,0xe73b,0xe6fa,0xc594,0xde99,
  0xd678,0xde99,0xdeb9,0xe6da,0xde99,0xacf2,0xacb1,0xacb1,0xb512,0x8bee,0x7bef,0xffff,0x0000,0xffff,0x0000,0xffff,
  0x9cf3,0xdeba,0xef3c,0xa534,0xc659,0x0000,0xdeba,0xd618,0xffff,0x0000,0x0000,0x0000,0xbdf7,0x0000,0xbdf7,0xad54,
  0xce58,0x0000,0x7bef,0x0000,0xa513,0x6aeb,0x724a,0x8aac,0x82ab,0x82ac,0x82ac,0x8aac,0x7a6b,0x728b,0xbc93,0xac11,
  0xa3d0,0xa3d0,0xa3d0,0xa3d0,0xa3d0,0x9b8f,0xddd8,0xee9b,0xeebb,0xcd36,0xabf1,0xb432,0xb431,0xd5b7,0xeebb,0xe619,
  0xcd76,0xac11,0xabd0,0xabf1,0xabf1,0xabf0,0xabf1,0xb411,0x9baf,0x8b2e,0x8b4e,0xb4b3,0xddf8,0xee7a,0xdd97,0xc494,
  0xc473,0xbc73,0xc473,0xb411,0x8aec,0xa3d0,0xa3af,0x7b2c,0xa4b1,0xb513,0xde78,0xde58,0xa4b1,0xc595,0xe6da,0xe6fa,
  0xef1b,0xb575,0xb595,0xffff,0x0000,0x0000,0x0000,0xffff,0xad55,0x62cb,0xacb2,0xbd14,0xb4f4,0xb514,0xb513,0xb513,
  0xb513,0xb4f3,0xacb2,0xb4f3,0xbd34,0xbd34,0xbd34,0xbd34,0xbd34,0xbd34,0xbd34,0xbd34,0xbd34,0xbd55,0xbd55,0xbd55,
  0xbd55,0xbd55,0xbd55,0xbd34,0xbd34,0xbd35,0xbd35,0xbd14,0xcdb6,0xcdb6,0xc555,0xa4b2,0xad34,0x0000,0x7bef,0xce79,
  0x0000,0xce59,0xb596,0xef1b,0x944f,0xc595,0xe6fa,0xce16,0xd658,0xef1b,0xe6fb,0xef1b,0xc5d6,0xd637,0xa4f3,0xad13,
  0xad13,0xad13,0xad34,0xd69a,0x9c91,0xacd1,0x942e,0xa490,0xb4f2,0xacb1,0xacd1,0xd637,0x9c70,0xd658,0xef3b,0xdeb9,
  0xbd94,0xce37,0xd658,0xdeb9,0xdeb9,0xe6da,0xdeb9,0xacd1,0xac90,0xa490,0xb512,0x940e,0x8c50,0x0000,0x0000,0x0000,
  0x7bef,0x0000,0xa534,0xc617,0xf79d,0xbdb6,0xa514,0x0000,0xd638,0xd659,0x0000,0x0000,0x0000,0x0000,0x0000,0x0000,
  0xffde,0xa4f3,0x8c50,0xffff,0x52aa,0x0000,0x9491,0x736c,0x6249,0x8aac,0x82ac,0x82ac,0x82ac,0x8acc,0x6a29,0x9bd0,
  0xbc93,0xabf1,0xa3b0,0xa3b0,0xa3d0,0xabd0,0x9b6f,0xc4f4,0xeebb,0xe67a,0xeebb,0xcd56,0xabf1,0xb452,0xb452,0xddf8,
  0xe6bb,0xee9a,0xee9b,0xc4f4,0xa3b0,0xac11,0xb411,0xb3f1,0xabf1,0xabf0,0xac11,0xb412,0xabd1,0x934e,0x8b2d,0x93f0,
  0xcdb7,0xf6bb,0xd577,0xccf5,0xc494,0xc4b4,0xabf1,0x932e,0xabf0,0x9baf,0x7b0b,0xa470,0xa491,0xd637,0xe6b9,0xce37,
  0xe6fb,0xe6fa,0xef1b,0xe6da,0xb575,0xad34,0xbdf7,0xad55,0x94b2,0x736d,0x5a69,0x9c31,0xbd14,0xb4f4,0xb514,0xb514,
  0xb513,0xb513,0xb513,0xb4f3,0xacb2,0xacd3,0xb514,0xbd34,0xbd34,0xbd34,0xbd34,0xbd34,0xbd34,0xbd34,0xbd34,0xbd55,
  0xbd55,0xbd55,0xbd55,0xbd34,0xbd34,0xbd34,0xbd34,0xbd34,0xbd34,0xc575,0xeedb,0xde59,0xc555,0x9cb2,0xad54,0xffff,
  0x7bef,0x0000,0xd69a,0xb596,0xdeba,0x8c30,0x8c0f,0xde78,0xe6da,0xc5d6,0xde78,0xef1b,0xe6fb,0xef1b,0xbd54,0xde98,
  0x9cb1,0x9471,0xb574,0xad34,0xad74,0xffff,0x9c91,0xa4b0,0x942e,0xacd1,0xacf1,0xa490,0xbd74,0xbd74,0xa470,0xdeb9,
  0xef3b,0xd678,0xc595,0xb534,0xde79,0xdeb9,0xdeb9,0xdeba,0xdeb9,0xa4b0,0xac90,0xa490,0xb4f1,0x9c2f,0x8c71,0x0000,
  0x0000,0x0000,0xffff,0x0000,0xe71b,0xa534,0xef3c,0xd679,0x94b2,0xffff,0xd658,0xffbe,0x0000,0x0000,0x0000,0x0000,
  0x0000,0x0000,0xffff,0xb575,0x7bae,0xd6ba,0x0000,0xffff,0x83ef,0x9c70,0x7b6d,0x7a6a,0x8acc,0x8aac,0x8aac,0x828b,
  0x6a6a,0xbcb3,0xb452,0xa3d0,0xa3b0,0xa3af,0xa3d0,0xa3b0,0xa3b0,0xe65a,0xee9b,0xe67a,0xeebb,0xcd56,0xb411,0xb452,
  0xbc73,0xe619,0xe69b,0xe67a,0xeebb,0xddd7,0xabd0,0xac11,0xb432,0xb411,0xb411,0xabf1,0xabf1,0xabf1,0xabf1,0xb412,
  0xb412,0x9b8f,0x72ab,0x93f0,0xeebb,0xee9b,0xe639,0xf69b,0xbc93,0x82ac,0xa3d0,0xac11,0x93ae,0x7b2c,0xacd1,0xa470,
  0xd657,0xde78,0xd658,0xef1b,0xe6fa,0xe71b,0xce18,0x83cf,0x6b0c,0x734d,0x7b4d,0x838e,0xacb3,0xbd34,0xb4f3,0xb4f4,
  0xb514,0xb514,0xb514,0xb514,0xb514,0xb514,0xb4d3,0xacb2,0xb514,0xbd34,0xbd34,0xbd34,0xbd34,0xbd34,0xbd34,0xbd34,
  0xbd34,0xbd34,0xbd34,0xbd35,0xbd35,0xbd34,0xbd34,0xbd34,0xbd34,0xbd34,0xbd14,0xde18,0xffde,0xde9a,0xc555,0x9c92,
  0xa513,0x0000,0x0000,0xce59,0xad55,0xc5f7,0xbdb6,0x8c30,0xacf2,0xde98,0xdeb9,0xbd94,0xde99,0xe71b,0xe71b,0xe6b9,
  0xb533,0xe71a,0x8c2f,0xa4d2,0xa4f2,0xad34,0xc618,0x0000,0x9cb1,0x9c6f,0x9c4f,0xb4f2,0xacd1,0xacd1,0xc5b5,0xa4b1,
  0xacd1,0xe6da,0xef3b,0xd658,0xbd74,0x9c91,0xde99,0xdeb9,0xdeb9,0xdeba,0xdeda,0x9c90,0xac90,0xa470,0xacd1,0xa490,
  0x8c50,0xffff,0x0000,0x0000,0x0000,0x7bef,0x0000,0xa4f3,0xd6b9,0xe6da,0xb595,0xdeb9,0xce37,0x0000,0x0000,0x0000,
  0x0000,0x0000,0x0000,0xd6ba,0x52aa,0xf77d,0x9c91,0x840f,0x0000,0xe71b,0x8c0f,0xa490,0x9c70,0x5a28,0x8acc,0x82ac,
  0x8acd,0x722a,0x8b6e,0xc4d4,0xac11,0xa3d0,0xa3b0,0x9b8f,0xabd0,0x9b4e,0xbcb4,0xeebb,0xe67a,0xe67a,0xeebb,0xcd76,
  0xb432,0xb452,0xbc93,0xe63a,0xe69b,0xee7a,0xee9b,0xee7a,0xb452,0xabf1,0xb411,0xb411,0xbc32,0xb411,0xabf1,0xabf1,
  0xabd0,0xabf1,0xb3f1,0xb411,0xbc32,0x8b2d,0x8b6e,0xeebb,0xf6fc,0xde19,0x9b8f,0x9b6e,0xa3b0,0xabf0,0xac11,0x8b2d,
  0x836c,0xacf2,0xacd1,0xe699,0xbd95,0xcdf6,0xe6fa,0xf75c,0xbdb5,0x9471,0x9c71,0xbd35,0xbd34,0xbd55,0xb514,0xb4f4,
  0xb4f4,0xb514,0xb514,0xb4f4,0xb4f4,0xb514,0xb514,0xb514,0xb4d3,0xac92,0xb4f3,0xbd34,0xbd34,0xbd34,0xbd34,0xbd34,
  0xbd34,0xbd34,0xbd34,0xbd34,0xbd34,0xbd34,0xbd34,0xbd34,0xbd34,0xbd34,0xbd34,0xbd14,0xde18,0xce38,0xce59,0xf71c,
  0xcdb6,0xa4b2,0xa4f3,0xffff,0xad55,0xa514,0xbdb7,0xb5b6,0xffff,0x9c70,0xbd53,0xded9,0xde99,0xb553,0xe6da,0xe71b,
  0xe6fa,0xd637,0xbd54,0xef1b,0x9491,0xad54,0x9cb1,0x8c50,0xf7be,0xffff,0x9cd2,0x9c2f,0xa490,0xacf1,0xacd1,0xb4f2,
  0xb4f2,0xa490,0xacf2,0xe6fa,0xe71b,0xde78,0xb553,0x9c2f,0xde99,0xdeb9,0xdeb9,0xdeb9,0xe6da,0x9c70,0xa490,0xa490,
  0xacb0,0xa4b0,0x8c50,0xffff,0x0000,0xffff,0x0000,0xbdf7,0x0000,0xb596,0xb5b6,0xef3c,0xad13,0xce37,0xf79d,0x0000,
  0x0000,0x0000,0x0000,0x0000,0x0000,0x0000,0x0000,0xffff,0xb595,0x630b,0xc618,0xbdb5,0x83ad,0xa4b1,0x9c91,0x5269,
  0x7a6b,0x8acd,0x8acc,0x6a2a,0xb493,0xbc93,0xabf1,0xa3d0,0xa3b0,0x9b6f,0xa3d0,0x9b4e,0xd5b8,0xeebb,0xe67a,0xe67a,
  0xeebb,0xd597,0xb432,0xb472,0xbcb3,0xe65a,0xe69b,0xee7b,0xee7a,0xeebb,0xd576,0xa3b0,0xb411,0xb411,0xbc32,0xb432,
  0xabf1,0xabf1,0xabf1,0xabf1,0xb411,0xb3f1,0xabd0,0xbc52,0x726b,0xc555,0xddf8,0xa3b0,0xabd0,0xa38f,0xa38f,0xabf0,
  0xa3d0,0xabf0,0x6a8a,0x940f,0xa491,0xc595,0xe6b9,0xbd95,0xbdb5,0xe6da,0xe6da,0x9450,0x9c71,0xa4b2,0xb514,0xb4f3,
  0xb4f4,0xb4f4,0xb4f4,0xb514,0xb514,0xb4f4,0xb4f4,0xb514,0xb514,0xb514,0xb4f3,0xac92,0xb4d3,0xbd34,0xbd34,0xbd34,
  0xbd34,0xbd34,0xbd34,0xbd34,0xbd34,0xbd34,0xbd34,0xbd34,0xbd34,0xbd34,0xbd34,0xbd34,0xc514,0xcd96,0xef1c,0xf79d,
  0xad34,0x9471,0x9c72,0x83ae,0x83ef,0xa4f3,0xad55,0xb596,0xd69a,0x0000,0xbdf7,0x9c70,0xcdd5,0xe6da,0xd678,0xb533,
  0xe6da,0xe71b,0xe6da,0xc5b5,0xbd95,0xef3c,0x9491,0xa4f3,0xad13,0x8c51,0xffff,0x0000,0xad13,0x940e,0xacd1,0xacd1,
  0xacd1,0xacd1,0xacb1,0xacb0,0xb512,0xe6fa,0xe6fb,0xde78,0xacf2,0x940e,0xde98,0xdeda,0xdeb9,0xdeb9,0xe6fa,0x9c4f,
  0xa44f,0xa490,0xa490,0xacb1,0x8c2f,0xdefb,0x0000,0xffff,0x0000,0xffff,0x0000,0xffff,0x9492,0xef3b,0xa4f3,0xbdd6,
  0x0000,0x0000,0x0000,0x0000,0x0000,0x0000,0xe73b,0xd69a,0xc638,0xbdd7,0xce59,0x9cb2,0x736d,0x83ad,0x8bee,0x942f,
  0xad33,0xc638,0x51c8,0x930d,0x7a6b,0x7aec,0xc4f5,0xb452,0xa3f0,0xa3f0,0xa3af,0x9b6f,0x9b6f,0xa3f0,0xee9a,0xee9b,
  0xee9b,0xe69b,0xeebb,0xd5b7,0xb452,0xb452,0xbcb4,0xe65a,0xe69b,0xee7b,0xee7a,0xee9a,0xee7a,0xac31,0xabf1,0xb411,
  0xbc32,0xbc32,0xabf1,0xabd0,0xabf1,0xabf1,0xb3f1,0xabf1,0xb3f1,0xabf0,0x728b,0xb472,0xabf0,0xabd0,0xabf1,0xa38f,
  0xa3af,0xabf0,0xabd0,0xa3d0,0x9baf,0x6aca,0xacd1,0xa4b1,0xd678,0xde78,0xce16,0xce37,0xef1b,0xb534,0x9c71,0xa492,
  0xb514,0xb4f4,0xb514,0xb514,0xb514,0xb514,0xb514,0xb514,0xb514,0xb514,0xb514,0xb514,0xb4f4,0xac92,0xacd2,0xbd34,
  0xbd34,0xbd34,0xbd34,0xbd34,0xbd34,0xbd34,0xbd34,0xbd34,0xbd34,0xbd34,0xbd34,0xbd34,0xbd34,0xbd34,0xcd96,0xeedb,
  0xf77d,0xef7d,0xf7be,0xc5f7,0x9c51,0x83cf,0x83ef,0xc618,0xef3c,0x0000,0x0000,0x7bef,0xb595,0xa4d2,0xd637,0xe6fa,
  0xce37,0xb533,0xe6da,0xe71b,0xd699,0xbd54,0xce17,0xef5c,0x738d,0xbdd6,0xa513,0x9471,0x0000,0x0000,0xad34,0x9c2f,
  0xb4f2,0xacf1,0xacd1,0xacd1,0xacd1,0xacb0,0xb512,0xe71b,0xe6fa,0xd657,0x9c70,0x940e,0xd657,0xe6da,0xdeb9,0xdeb9,
  0xe6fa,0x9c70,0x940e,0xacb0,0xa46f,0xacb1,0x9450,0xad75,0x0000,0xbdf7,0x0000,0x0000,0x7bef,0x0000,0xa514,0xce38,
  0xce58,0xad34,0x0000,0xbdf7,0x0000,0x0000,0xb575,0xb596,0xbdb6,0xbdd7,0xce38,0xd699,0x0000,0xdeba,0x9c91,0x7b6c,
  0x838c,0xa4f2,0xf79d,0x8c10,0x6a4a,0x92ed,0x724a,0x9bd0,0xc4d4,0xac32,0xa3d0,0xabd0,0xa38f,0x9b4e,0x932e,0xc515,
  0xeebb,0xe67a,0xe69b,0xe69b,0xeebb,0xd5d7,0xb452,0xb452,0xbcb4,0xe65a,0xe69b,0xee7b,0xe69a,0xe69a,0xee9a,0xb493,
  0xabf1,0xb411,0xb432,0xbc52,0xc4b4,0xabf1,0xb411,0xabf1,0xb3f1,0xabf1,0xb411,0x728a,0x9b6e,0xabf1,0xabf1,0xabf1,
  0xabf1,0xa3b0,0x9b8f,0xa3f0,0xabf0,0xa3b0,0xac11,0x8b0d,0x83ad,0xacd2,0xb533,0xde99,0xd657,0xde78,0xe6da,0xd658,
  0x9430,0x9cb2,0xa4b2,0xbd14,0xb514,0xb514,0xb514,0xb514,0xb514,0xb514,0xb514,0xb514,0xb514,0xb514,0xb514,0xac92,
  0xacb2,0xbd34,0xbd34,0xbd34,0xbd34,0xbd34,0xbd34,0xbd34,0xbd34,0xbd34,0xbd34,0xbd34,0xbd34,0xbd34,0xbd14,0xcd76,
  0xe6ba,0xf77d,0xf75d,0xef5d,0xef9d,0xeefb,0xc555,0xb4f3,0x8410,0x0000,0x0000,0x0000,0x9492,0x0000,0xad34,0xb533,
  0xc5b5,0xde99,0xcdf6,0xad13,0xe6fa,0xdeda,0xd658,0xbd74,0xded9,0xe6fb,0x83ef,0xef3c,0xad34,0xa4d3,0x0000,0x0000,
  0xa4f3,0xa491,0xb512,0xb4f2,0xacd1,0xacd1,0xacd1,0xacb0,0xb512,0xe6fb,0xe6da,0xc5d5,0x9c6f,0x9c2e,0xcdf6,0xe6fa,
  0xdeb9,0xdeb9,0xe6fa,0xa4b1,0x838d,0xacb0,0x9c4e,0xb512,0xb534,0x9cd2,0x0000,0x7be7,0x0000,0x0000,0xffff,0x0000,
  0xf79e,0xbdb6,0xd679,0xa514,0x0000,0x7bef,0x0000,0x0000,0xdefb,0xdefb,0xffff,0x0000,0x0000,0x0000,0x0000,0xf79d,
  0x942f,0x836c,0x8c0f,0xb595,0x7b6e,0xac93,0x9b6f,0x8aac,0x726a,0xb493,0xbc93,0xac11,0xa3b0,0xabf0,0xa38f,0x930e,
  0x9b4f,0xe65a,0xee9b,0xe69a,0xe69b,0xe67a,0xeebb,0xddf8,0xb452,0xb472,0xc4d4,0xe67a,0xe69b,0xee7b,0xe69b,0xe69a,
  0xee9b,0xbcb3,0xabd0,0xb411,0xb411,0xbc73,0xe619,0xb452,0xb3f1,0xb411,0xb411,0xb411,0x728a,0x8b0d,0xb411,0xabf0,
  0xabf1,0xabf1,0xabf1,0xabb0,0x9b4e,0xa3d0,0xabf0,0xabd0,0x9b6f,0xa3d0,0x5a08,0xacb1,0xa490,0xc5d5,0xd678,0xd658,
  0xd678,0xeefa,0x9c70,0x9430,0x9471,0xbd14,0xb514,0xb514,0xb514,0xb514,0xb514,0xb514,0xb514,0xb514,0xb514,0xb514,
  0xb514,0xac92,0xac92,0xb514,0xbd34,0xbd34,0xbd34,0xbd34,0xbd34,0xbd34,0xbd34,0xbd34,0xbd34,0xbd34,0xbd34,0xbd14,
  0xcd55,0xe67a,0xf75d,0xef7d,0xf75d,0xef5d,0xf79e,0xcdf8,0xb4f4,0xb4f4,0x8bef,0xffff,0xad55,0xffff,0x52aa,0x0000,
  0x9cb2,0xbd53,0x83ce,0xd678,0xc5b5,0xb533,0xe6fa,0xd699,0xd637,0xbd95,0xef1b,0xd699,0x9cb2,0xdedb,0xa4f3,0xad34,
  0x0000,0x0000,0xad34,0xa4b1,0xb532,0xbd53,0xacd1,0xacd1,0xacd1,0xa4b0,0xb533,0xe6fa,0xdeb9,0xb512,0x9c70,0x944e,
  0xbd74,0xe6fa,0xdeb9,0xdeb9,0xe6d9,0xb533,0x83ad,0xacb0,0x9c2e,0xcdd6,0xd679,0x9491,0xffff,0x0000,0x0000,0x0000,
  0x0000,0x52aa,0x0000,0xbdb6,0xce38,0x9cf3,0x0000,0x39e7,0x0000,0x0000,0x0000,0x0000,0x0000,0x0000,0xce79,0x9b2c,
  0xffff,0x9c92,0x9c50,0x8c2f,0x736d,0x7b4d,0xc556,0xcd36,0x8acd,0x7a6b,0x72ab,0xc4f5,0xb473,0xabf1,0xa3d0,0xabf0,
  0xa38f,0x8acd,0xb432,0xddf9,0xeebb,0xee9b,0xe69b,0xeebb,0xeebb,0xde19,0xb452,0xb472,0xc4f4,0xe67a,0xe69b,0xee7b,
  0xe69b,0xe67a,0xeebb,0xc535,0xa3b0,0xb411,0xabf1,0xc4b4,0xee9b,0xc4d4,0xabf1,0xb432,0xa3af,0x724a,0x930d,0xabf1,
  0xa3b0,0xabb0,0xabb0,0xabb0,0xabd0,0xabd0,0x9b4e,0xa3af,0xabf0,0xabf0,0x9b8f,0xa38f,0x6aaa,0x838d,0xb513,0xa491,
  0xd657,0xde78,0xd658,0xdeb9,0xcdf6,0x838d,0x9c91,0xacb3,0xbd14,0xb514,0xb514,0xb514,0xb514,0xb514,0xb514,0xb514,
  0xb514,0xb514,0xb514,0xacb2,0xa471,0xb4f3,0xbd34,0xbd34,0xbd34,0xbd34,0xbd34,0xbd34,0xbd34,0xbd34,0xbd34,0xbd34,
  0xbd14,0xcd55,0xe67a,0xf75d,0xef7d,0xef7d,0xef5d,0xf79e,0xef1c,0xc535,0xbd14,0xbd35,0x8bcf,0xce79,0x0000,0xbdf7,
  0x0000,0xffff,0x9c91,0xb513,0x6b4c,0xde78,0xbd73,0xbd53,0xe6da,0xd658,0xc5d6,0xc5b5,0xef3b,0xd658,0xa4f3,0xbdb6,
  0xad34,0xad34,0x0000,0x0000,0xa4d2,0xa4b1,0xbd53,0xbd53,0xacb1,0xacd1,0xacd1,0xa490,0xb533,0xe6da,0xd658,0xa490,
  0xacb0,0x9c4f,0xacd1,0xe6fa,0xdeb9,0xdeb9,0xded9,0xc595,0xb533,0x9c70,0x9c4f,0xc5b5,0xe6fa,0x9471,0xffff,0x0000,
  0xffff,0x0000,0x0000,0xbdef,0x0000,0xb575,0xb575,0xad34,0x0000,0x0000,0x0000,0x0000,0x0000,0x0000,0x0000,0x0000,
  0xad55,0x0000,0xb575,0xad33,0xce79,0x6b2c,0x832d,0xb411,0xabd1,0x8aed,0x8aac,0x722a,0x8b8e,0xc4f5,0xb452,0xa3d0,
  0xabd0,0xabd0,0x9b4e,0x9b6f,0xbc73,0xd556,0xee7a,0xcd36,0xcd56,0xd597,0xee7b,0xe65a,0xb473,0xb472,0xc4f4,0xe67a,
  0xe69a,0xee7b,0xe69b,0xe67a,0xeebb,0xd597,0xa3d0,0xac11,0xabd0,0xc4d4,0xeebb,0xcd56,0xabf1,0xabf1,0x8b2d,0xc4d4,
  0xc493,0xb432,0xb452,0xbc93,0xc4d4,0xcd15,0xbc93,0xa3b0,0x9b4e,0x9b6e,0xabf0,0xa3d0,0xa38f,0x934e,0x834d,0x838d,
  0xacb1,0xacb1,0xbd74,0xde78,0xde99,0xd658,0xe699,0x9c50,0x8c30,0xa4b2,0xbd14,0xb514,0xb514,0xb514,0xb514,0xb514,
  0xb514,0xb514,0xb514,0xb514,0xb514,0xac92,0xa451,0xacd2,0xbd34,0xbd34,0xbd34,0xbd34,0xbd34,0xbd34,0xbd34,0xbd34,
  0xbd34,0xbd14,0xcd56,0xe67a,0xf75d,0xf77d,0xf77e,0xf79e,0xf79e,0xf73c,0xcdb7,0xbd35,0xbd14,0xc576,0x9410,0x9492,
  0x0000,0x7bef,0x0000,0xefff,0x9cb1,0xa4b2,0x7bef,0xd637,0xb533,0xbd74,0xd658,0xd638,0xbd94,0xd658,0xef3b,0xde99,
  0x8c10,0xad14,0xc5f7,0xa4f3,0x0000,0xef9e,0x8c2f,0xacd1,0xbd53,0xb512,0xacb0,0xacb1,0xacd1,0xa490,0xbd53,0xdeb9,
  0xc5d5,0x9c4f,0xacd1,0xa48f,0x9c2f,0xde99,0xdeb9,0xdeb9,0xe6da,0xbd95,0xd658,0x9c70,0xa46f,0xbd54,0xef3b,0xa4f3,
  0xce79,0x0000,0xad55,0x0000,0xffff,0xffff,0xffff,0xd699,0xa4f2,0x9492,0xffff,0x0000,0x0000,0x0000,0x0000,0x0000,
  0x0000,0xad55,0x0000,0xffde,0xa4f3,0x9cb2,0x7b2d,0xa411,0xa38f,0x82ac,0x828b,0x8a8c,0x92ed,0x61e9,0xa452,0xc4d4,
  0xac32,0xa3d0,0xabf0,0xabd0,0x9b4e,0xa390,0xbc94,0xdd98,0xabf1,0xb412,0xc4d5,0xbc93,0xabf1,0xd556,0xc4b4,0xb452,
  0xc4f4,0xe65a,0xe69b,0xee7b,0xee9b,0xe67a,0xee9b,0xde19,0xabf1,0xabf1,0xabd0,0xcd15,0xeedb,0xddf8,0xabf1,0xabf1,
  0x832d,0xee39,0xe619,0xe619,0xee5a,0xee9b,0xee9b,0xf6bb,0xe5f8,0xabd0,0x9b6f,0x932e,0xa3b0,0x9b8f,0x9b6f,0x9b4e,
  0x7aec,0x9c71,0x836d,0xb513,0xa490,0xd637,0xde98,0xde99,0xde98,0xbd75,0xa4b1,0xa491,0xacd3,0xb514,0xb4f4,0xb514,
  0xb514,0xb514,0xb514,0xb514,0xb514,0xb514,0xb514,0xac92,0xa451,0xac92,0xbd34,0xbd34,0xbd34,0xbd34,0xbd34,0xbd34,
  0xbd34,0xbd14,0xbd14,0xcd76,0xe69a,0xf75d,0xef5d,0xe71c,0xeefc,0xeefc,0xde7a,0xbd55,0xc555,0xde18,0xc555,0xc555,
  0xa4b2,0x7b8e,0xffff,0x52a0,0x0000,0xc658,0xa4d2,0x9cb2,0x9491,0xcdd5,0xb533,0xbd54,0xc5d6,0xd658,0xb553,0xe6da,
  0xe6fb,0xe6fb,0x736d,0xbdb6,0xbdd7,0x9cd3,0x0000,0xad54,0x942f,0xb512,0xbd53,0xacf1,0xa4b0,0xacb1,0xacd1,0xa490,
  0xbd53,0xde99,0xbd53,0xa46f,0xacd1,0xacb0,0x93ee,0xcdf6,0xe6da,0xde99,0xe6da,0xc5d6,0xe6ba,0xa4d2,0xa470,0xad12,
  0xef5c,0xb595,0xad55,0x0000,0xbdf7,0x0000,0xffff,0x0000,0xce59,0xe71c,0x8c50,0x8c30,0xffff,0x0000,0x0000,0x0000,
  0x0000,0x0000,0x0000,0x0000,0xffff,0x8c10,0x6269,0x7aab,0x9b4e,0x9b6f,0x8b0d,0x8acc,0x8acc,0x8acc,0x828c,0x624a,
  0xbcb4,0xb473,0xabf1,0xabf1,0xabd0,0xa3b0,0x930d,0xabd1,0xe5f9,0xc4f5,0xd536,0xddf9,0xddf9,0xee7a,0xa3b0,0x92ed,
  0xbc52,0xbc53,0xbcb4,0xe63a,0xee9b,0xe67b,0xe69b,0xee9b,0xe67a,0xe69b,0xc4d4,0xabd0,0xabd0,0xcd56,0xeebb,0xe65a,
  0xb452,0xbc32,0x830d,0xa452,0xee9b,0xe639,0xee7a,0xee9b,0xee7a,0xee9b,0xd597,0x9b6f,0xabd0,0x930d,0x9b6f,0x9b6f,
  0x9b8f,0x9b6f,0x7aab,0xacf3,0x8bae,0xa471,0xacd1,0xbd74,0xde99,0xde99,0xde99,0xd658,0xc5b5,0xad33,0x9c51,0xbd34,
  0xb4f4,0xb514,0xb514,0xb514,0xb514,0xb514,0xb514,0xb514,0xb514,0xac92,0xa451,0xa471,0xb514,0xbd34,0xbd34,0xbd34,
  0xbd34,0xbd34,0xbd34,0xbd14,0xd5b7,0xe6bb,0xf75d,0xf77d,0xf75d,0xeefc,0xde9a,0xd618,0xcdd8,0xde7a,0xef3c,0xe67a,
  0xc535,0xbd34,0xc576,0x83ce,0xa554,0x0000,0xffff,0xb5b5,0xacf2,0xa4f3,0xa4f3,0xbd54,0xbd53,0xbd33,0xc5d6,0xce17,
  0xbd94,0xef1b,0xe6fb,0xe6fa,0x8c30,0xce79,0xb596,0x9cf3,0xffff,0xa4b2,0x9c50,0xb512,0xbd53,0xacb1,0xacb1,0xacd1,
  0xacd1,0xacb0,0xbd53,0xde78,0xacd1,0xa490,0xacd1,0xacd1,0x940e,0xbd54,0xe6da,0xde99,0xe6fb,0xcdd6,0xcdf6,0xc617,
  0xacb1,0xacf1,0xe73b,0xce58,0xa4f3,0x0000,0x52aa,0x7bef,0x7bef,0xf79e,0xce38,0xffff,0xa514,0x9491,0xdefb,0x0000,
  0x0000,0x0000,0x0000,0x0000,0x0000,0x0000,0xffff,0x62ab,0x7a6b,0x92ed,0x8acc,0x8acc,0x8aed,0x8acc,0x8aac,0x8acc,
  0x7a2a,0x7acc,0xc4d4,0xb452,0xabd0,0xabf1,0xa3d0,0x9b4e,0x8aac,0xb493,0xde39,0xd5b8,0xe619,0xde39,0xe67a,0xee9b,
  0xbc73,0x930e,0x9b8f,0xbc73,0xccf5,0xcd56,0xe67a,0xe69b,0xe69b,0xee9b,0xee7a,0xee9b,0xddd8,0xabd1,0xac32,0xd597,
  0xee9b,0xee9b,0xc4d4,0xabf1,0xac11,0x6aab,0xe67a,0xe69a,0xe67a,0xee7b,0xee7b,0xf6bb,0xbcb3,0x9b8f,0xb431,0x930d,
  0x9b4e,0xa38f,0xa38f,0xa36f,0x72ab,0xa492,0xb4d3,0x838d,0xb513,0xa4b1,0xd678,0xde99,0xde99,0xdeb9,0xcdf6,0xb534,
  0x9c51,0xbd34,0xb4f4,0xb514,0xb514,0xb514,0xb514,0xb514,0xb514,0xb514,0xbd34,0xacb2,0xa451,0xa451,0xb4d3,0xbd34,
  0xbd34,0xbd14,0xbd14,0xbd14,0xc535,0xd5f7,0xe6db,0xf75d,0xef7d,0xf77d,0xf77d,0xf77d,0xf77e,0xf77d,0xef1c,0xeefb,
  0xeefb,0xde59,0xc555,0xbd34,0xc555,0xacf3,0x736d,0xf7de,0x0000,0xb596,0xacd2,0xb554,0xa513,0xb553,0xbd53,0xb513,
  0xd637,0xbd95,0xce17,0xe71b,0xe6fb,0xe6da,0x9cd2,0xffbe,0xad55,0x9d14,0xce18,0xacf2,0xacb1,0xbd53,0xbd73,0xa490,
  0xacd1,0xacd1,0xacd1,0xacb0,0xb512,0xce17,0xa470,0xacd1,0xacd1,0xacd1,0x9c4f,0xacd2,0xe6d9,0xde99,0xe6da,0xc5d6,
  0xb533,0xf79d,0xa4d2,0xacd2,0xdeb9,0xe6fa,0x9cb2,0xffff,0x0000,0xce79,0x0000,0xd659,0xce59,0x0000,0xd69a,0x8c50,
  0xb5b6,0x0000,0x0000,0x0000,0x0000,0x0000,0x0000,0x0000,0xdeba,0x7b6d,0x8aed,0x8aed,0x8aed,0x8aed,0x8acc,0x8acc,
  0x8aac,0x8aed,0x6a09,0x938f,0xc4d4,0xac11,0xabd1,0xabd0,0x9b4e,0x9b4e,0x8acc,0xc515,0xe65a,0xddf8,0xddf8,0xde19,
  0xe67a,0xe69b,0xcd15,0xa36f,0xabd1,0xabf1,0xd577,0xddf9,0xde5a,0xee9b,0xe67a,0xe69a,0xee7a,0xee9b,0xde19,0xabf1,
  0xc4b4,0xddf8,0xe69a,0xee9b,0xd576,0xabf1,0xb432,0x82ed,0x9410,0xf71c,0xe67a,0xee7b,0xee9b,0xee5a,0xb432,0xac11,
  0xb432,0x9b4e,0x932e,0xa38f,0x9b6f,0xa36f,0x7acb,0x9430,0xc575,0x7b8d,0xa491,0xa470,0xc5f6,0xdeb9,0xde99,0xde99,
  0xde99,0xb554,0x8bef,0xb4f4,0xb514,0xb514,0xb514,0xb514,0xb514,0xb514,0xb514,0xb514,0xbd34,0xb4f3,0xa451,0x9c30,
  0xac92,0xbd14,0xbd14,0xbd14,0xbcf4,0xc535,0xd618,0xeedb,0xf75d,0xef7d,0xf77d,0xf77d,0xf77d,0xf75d,0xf75d,0xf75d,
  0xf77d,0xef5d,0xf75d,0xde39,0xbd35,0xbd34,0xbd14,0xc555,0x9c51,0x7bae,0xffff,0xad14,0xacf2,0xce37,0x9cb2,0xbd54,
  0xb553,0xb532,0xde78,0xb512,0xd678,0xe71b,0xe6fb,0xe6fa,0xa4f3,0xffff,0xb5b6,0xad75,0xad34,0xacd2,0xbd53,0xbd32,
  0xc573,0xa490,0xacd1,0xacd1,0xacd1,0xacb0,0xb512,0xcdd6,0x9c4f,0xb4f1,0xacd1,0xacd0,0xa490,0x9c90,0xd678,0xdeb9,
  0xe6da,0xce16,0xb513,0xce5a,0xc5f6,0xb533,0xd638,0xef3c,0xa4f3,0xce79,0xffff,0x0000,0xe6db,0xd679,0xffff,0x0000,
  0xf75d,0x840f,0xad55,0x0000,0x0000,0x0000,0x0000,0x0000,0x0000,0xffdf,0xad14,0xbdb6,0x832d,0x8aec,0x8aed,0x8aed,
  0x8aed,0x8acc,0x8acc,0x8acc,0x6209,0xac52,0xbc93,0xa38f,0xa36f,0x932e,0xa3b0,0x9b8f,0x930e,0xd597,0xe65a,0xddf8,
  0xddf9,0xde39,0xe69b,0xe69a,0xd597,0xa36f,0xac11,0xabd1,0xabd1,0xcd36,0xe63a,0xee7b,0xee9b,0xee9b,0xee7a,0xeebb,
  0xde19,0xb452,0xddb8,0xde19,0xe65a,0xee9b,0xddf9,0xb412,0xabd1,0xb3f1,0x6a8b,0xb4f4,0xfefc,0xe65a,0xee9b,0xee7a,
  0xbc73,0xb431,0xb452,0xa3af,0x932d,0xa38f,0x9b6f,0xa38f,0x82ec,0x8bef,0xc595,0x9c50,0x8bce,0xb513,0xb513,0xe6da,
  0xde99,0xde99,0xdeb9,0xd638,0x8bcf,0x9bf0,0xb4b3,0xb514,0xbd34,0xb514,0xb514,0xb514,0xb514,0xb514,0xbd34,0xb4f3,
  0xa451,0xa430,0xa451,0xbd14,0xbcf4,0xbcd3,0xcd76,0xde79,0xef1c,0xf77d,0xf75d,0xf77d,0xf77d,0xf77d,0xf77d,0xf75d,
  0xf77d,0xf75d,0xf75d,0xf77d,0xf77d,0xd5f7,0xbd34,0xbd34,0xbd34,0xbd14,0xc596,0x9410,0x8c50,0xb595,0x9470,0xf79c,
  0x9450,0xbd53,0xb533,0xb553,0xd637,0xacb1,0xde99,0xe71b,0xe71b,0xe6fb,0xa513,0xffff,0xc5f8,0xbdf7,0xa4d2,0xbd53,
  0xcd94,0xbd33,0xbd53,0xa470,0xacd1,0xacd1,0xacd1,0xa490,0xb553,0xbd94,0xa46f,0xb4f1,0xacd1,0xacb0,0xacb0,0x9c4f,
  0xc5d6,0xdeb9,0xdeda,0xce17,0xb533,0xad34,0xffff,0xbd95,0xcdf7,0xef5c,0xbdf6,0xad54,0x0000,0xef5c,0xd679,0xdeda,
  0x0000,0x0000,0xff9e,0x8c10,0xa4f3,0x0000,0x0000,0x0000,0x0000,0x0000,0x0000,0xbd75,0xb555,0xffff,0x9c51,0x82ac,
  0x92ed,0x8aed,0x8aed,0x8aed,0x8aed,0x8aac,0x6a4a,0xbcb4,0xabf1,0x8aed,0x930d,0xabd0,0xb432,0x934e,0x9b4f,0xddd8,
  0xe65a,0xddf8,0xddf9,0xe63a,0xe69b,0xe67a,0xe619,0xa3b0,0xabf1,0xabf1,0xb3f1,0xb432,0xb432,0xcd15,0xd577,0xe639,
  0xee9b,0xeebb,0xde19,0xc515,0xe65a,0xe619,0xe639,0xe65a,0xe65a,0xbc73,0xabd1,0xabd0,0xabd0,0x72ab,0xb4f4,0xf6fc,
  0xe67a,0xee9b,0xddf8,0xb452,0xb411,0xabd0,0x932d,0xa3d0,0x9b6f,0xa38f,0x8b0d,0x838e,0xc575,0xb513,0x730b,0xc595,
  0xad13,0xd658,0xdeba,0xde99,0xdeb9,0xde78,0xb554,0x8b6d,0xa3f0,0xa431,0xb4b2,0xbd14,0xbd34,0xbd14,0xb514,0xb514,
  0xb514,0xac92,0xa431,0xa430,0xa430,0xb4d3,0xbcf4,0xd5f8,0xeefb,0xf75d,0xf77d,0xef5d,0xef7d,0xf77d,0xf77d,0xf77d,
  0xf75d,0xf75d,0xf75d,0xef5d,0xef5d,0xf77d,0xef1c,0xcd96,0xbd34,0xbd34,0xbd34,0xbd34,0xbd14,0xc575,0x8bcf,0x7b8d,
  0xa4d2,0xffff,0x9c91,0xbd33,0xacd2,0xbd95,0xcdd6,0xa4b1,0xdeb9,0xe6fb,0xe71b,0xdeda,0xa534,0xffff,0xce59,0xad54,
  0xa4b1,0xd5f6,0xc594,0xbd53,0xbd53,0x9c4f,0xacd1,0xacd1,0xacd1,0xa46f,0xbd74,0xb512,0xa46f,0xacf1,0xacf1,0xacb0,
  0xacb0,0x9c4f,0xacf2,0xe6b9,0xdeda,0xce37,0xacf2,0xa4d2,0xffff,0xc5f7,0xd658,0xef3c,0xd698,0x9cd2,0xffff,0xce79,
  0xd6ba,0x0000,0xb5b6,0x0000,0xdeda,0x9450,0x8c71,0x0000,0x0000,0x0000,0x0000,0x0000,0xce38,0xbdb6,0xf79d,0x0000,
  0xe71c,0x7b2d,0x8acc,0x8aed,0x8aed,0x8aed,0x8b0d,0x7a8b,0x7aec,0xbc93,0x9b6f,0x8aed,0xa3d0,0xbc73,0xabf1,0x932e,
  0x9b6f,0xddf8,0xe65a,0xddf9,0xddd8,0xe63a,0xe69b,0xe67a,0xe65a,0xb432,0xabd0,0xabf1,0xbc73,0xccf5,0xe639,0xd5b8,
  0xcd15,0xcd56,0xee9b,0xeebb,0xe63a,0xcd36,0xe63a,0xe639,0xde39,0xe63a,0xe67a,0xcd36,0xa3b0,0xabd0,0xa3b0,0xb452,
  0x72ac,0xacd4,0xf6fc,0xe67a,0xeebb,0xe639,0xc4f5,0xb411,0x8b0d,0xabf1,0xa3af,0xa38f,0x934e,0x7b2c,0xbd55,0xbd54,
  0x836d,0xa491,0xc5b5,0xbd74,0xe6da,0xde99,0xe6da,0xce17,0xce58,0x9c91,0x9bf0,0xa3f0,0x9baf,0xa3f0,0xac92,0xb4f3,
  0xbcf3,0xb4f3,0xac92,0xa451,0xa431,0xa410,0x9c10,0xb4b2,0xc535,0xef1c,0xf79d,0xf77d,0xef7d,0xef7d,0xef7d,0xf77d,
  0xf77d,0xf77d,0xef5d,0xef5d,0xef5d,0xef3d,0xef3d,0xf77d,0xeebb,0xcd75,0xbd14,0xbd34,0xbd34,0xbd34,0xbd34,0xbd34,
  0xbd35,0x8bee,0x734c,0xe73c,0x9cd2,0xb533,0xa4b1,0xcdf6,0xbd74,0xacd2,0xdeda,0xe6fa,0xef3b,0xd699,0xad55,0xd6ba,
  0xce59,0x8c51,0xb513,0xde37,0xc594,0xbd53,0xbd53,0x9c2f,0xacf1,0xacd1,0xacd1,0xa46f,0xc5d5,0xacd1,0xa490,0xacd1,
  0xb4f1,0xacb0,0xacb0,0xa490,0xa491,0xd678,0xe6da,0xd678,0xb513,0xad13,0x9cd2,0xffff,0xbdb6,0xe6da,0xdeda,0x9491,
  0xdedb,0xd69a,0x0000,0xbdf7,0x7bef,0x0000,0xbdb6,0x9450,0x9471,0x0000,0x0000,0x0000,0x0000,0xffff,0xc5d6,0xc617,
  0x0000,0x9cf3,0x0000,0x9c92,0x6a4a,0x930d,0x8aed,0x8aed,0x932d,0x6229,0x936f,0xb411,0x930d,0x9b4f,0xb452,0xb472,
  0xabd1,0x9b4e,0xa3b0,0xe619,0xe65a,0xddf9,0xddf8,0xe619,0xe69b,0xe67a,0xee9b,0xc4d4,0xa3b0,0xb453,0xbc93,0xc4d5,
  0xee9b,0xddf8,0xc4f5,0xd597,0xd597,0xee7b,0xee9b,0xcd36,0xe639,0xe639,0xde39,0xde5a,0xe67a,0xe619,0xb411,0xabd0,
  0xa3b0,0xb432,0xbc93,0x7aac,0xbcf5,0xf6fc,0xe67a,0xeebb,0xf6bb,0xddb7,0x8aed,0xabf0,0xabf0,0xabd0,0xa3d0,0x72eb,
  0xbd55,0xbd54,0xa491,0x7b8d,0xd637,0xad13,0xdeb9,0xdeb9,0xe6da,0xce17,0xb513,0xde79,0x9c71,0xcdd6,0xb4b2,0xa410,
  0x9baf,0x9bae,0xa3f0,0xac30,0xa430,0xa430,0xa410,0xa410,0x9bcf,0xac71,0xc514,0xe6ba,0xf79e,0xf77d,0xf77d,0xf75d,
  0xf75d,0xf77d,0xf77d,0xf77d,0xef5d,0xef5d,0xef3d,0xef3c,0xef3c,0xf75d,0xde39,0xc555,0xbd34,0xbd34,0xbd34,0xbd34,
  0xbd34,0xbd34,0xbcf4,0x942f,0x7b6d,0x62cb,0x83ae,0xbd33,0xa491,0xd637,0xacf2,0xb533,0xe6fa,0xe6fa,0xef1b,0xbdf7,
  0xbdf7,0xbdb6,0xce59,0x8c10,0xcdb5,0xd5f6,0xcdd5,0xc574,0xbd53,0x9c4f,0xacf1,0xacd1,0xacd1,0xa490,0xcdd5,0xacb1,
  0xacb0,0xacd1,0xb4f1,0xacd1,0xacb0,0xa490,0xa4d1,0xbdb5,0xe6fa,0xdeb9,0xacd2,0xbd74,0x9491,0xffff,0xbdd7,0xd678,
  0xe71b,0xb555,0xad34,0x0000,0xabef,0x0000,0x7bef,0x0000,0xad54,0x9c70,0x9c91,0x0000,0x0000,0x0000,0x0000,0xce38,
  0xce38,0xffff,0xbdf7,0x0000,0xffff,0x9cb2,0x6aca,0x82ac,0x92ed,0x8acd,0x8aac,0x51c7,0x9bd0,0x9b4e,0x9b6f,0xa3d0,
  0xb473,0xb472,0xabd0,0x9b4e,0xa3d0,0xe65a,0xe65a,0xde19,0xddf9,0xde19,0xe67a,0xe67a,0xe69a,0xd577,0xabd1,0xbc93,
  0xbc73,0xc4d5,0xe69a,0xe63a,0xc4f5,0xddf8,0xddf8,0xb473,0xe63a,0xd577,0xddf8,0xe639,0xde39,0xe65a,0xe67a,0xee9b,
  0xc4d4,0xa3b0,0xabb0,0xac11,0xb452,0xb432,0x6229,0xc576,0xf6dc,0xe67a,0xeebb,0xee7a,0x932e,0xa3d0,0xac11,0xabf1,
  0xa3d0,0x6acb,0xbd34,0xbd14,0xb534,0x7b4c,0xc5d6,0xb553,0xce16,0xe6da,0xe6b9,0xde78,0x838d,0xcdf6,0xbdb6,0xde9a,
  0xf77d,0xe69a,0xcdd7,0xb4b2,0x9bcf,0x9b6e,0x9b8f,0xa3cf,0xa3ef,0xa3ef,0x9bcf,0xa430,0xbcf4,0xde38,0xf79d,0xf75d,
  0xf77d,0xf77d,0xf77d,0xf77d,0xf75d,0xef5d,0xef5d,0xef5d,0xef1c,0xef1c,0xef5d,0xef1c,0xd5b7,0xc555,0xbd14,0xbd14,
  0xbd34,0xbd34,0xbd34,0xbd34,0xbd14,0x7bae,0xb514,0xa471,0x836d,0xb4f2,0xacd2,0xd637,0xacb1,0xc595,0xe6fa,0xe6fb,
  0xe71b,0xa534,0xffff,0xa534,0xc638,0x942f,0xde37,0xcdb5,0xd616,0xc594,0xc574,0xa470,0xacd1,0xb4f1,0xacd1,0xa490,
  0xc5b4,0xa4b0,0xacd1,0xacd1,0xacf1,0xacd1,0xa4b0,0xa490,0xacd1,0xb533,0xde99,0xe6da,0xacf2,0xc5b5,0xb575,0xa4f3,
  0x0000,0xbdd6,0xdeba,0xe6da,0xa4f3,0xffff,0xffff,0xffff,0x0000,0x0000,0xa4f2,0x9c70,0x9471,0x0000,0x0000,0x0000,
  0xe71b,0xdeba,0xdefb,0x0000,0x632c,0x0000,0xad34,0x9450,0xbd74,0x6a6a,0x92ed,0x82ac,0x71e9,0x6229,0xa3b0,0x9b6f,
  0xabf1,0xa3d0,0xb493,0xb452,0xa3d0,0x9b2e,0xabf1,0xe65a,0xe67a,0xe639,0xde19,0xde19,0xe67a,0xe67a,0xe67a,0xde19,
  0xb452,0xbc93,0xbc73,0xc4d4,0xe67a,0xe67a,0xcd56,0xd5d8,0xeebb,0xd577,0xb432,0xc4d4,0xcd56,0xe65a,0xde39,0xe65a,
  0xe67a,0xeebb,0xddf8,0xa3d0,0xa390,0xac11,0xb432,0xb452,0x82ac,0x6209,0xd639,0xeedb,0xe67a,0xee9b,0xa3b0,0xa3b0,
  0xac11,0xabf1,0xa3f0,0x72cb,0xb534,0xb514,0xc575,0x7b6d,0x9c91,0xcdf6,0xb554,0xe6fa,0xde78,0xd658,0x8bee,0x8bee,
  0xce17,0xa4f3,0xf77d,0xff9e,0xff9e,0xf77d,0xe6ba,0xcdb7,0xb493,0xa3d0,0x9b8f,0x9b8e,0xa3af,0xa3f0,0xbcd3,0xd5d7,
  0xf77d,0xf77d,0xf77d,0xf77d,0xf77d,0xf77d,0xf75d,0xef5d,0xef5d,0xef3d,0xef1c,0xef1c,0xef5d,0xde59,0xd576,0xc534,
  0xbd14,0xbd14,0xbd34,0xbd34,0xbd34,0xbd35,0xb4f4,0x83ce,0xacd3,0xbd55,0x940f,0xacb1,0xbd74,0xc5d6,0xb533,0xc5d5,
  0xe6fb,0xe6fb,0xe6fa,0x9cb2,0xffff,0x9d14,0xbdf7,0xa4b1,0xde36,0xcdb4,0xde16,0xcdb5,0xc594,0xa470,0xacb1,0xb4f1,
  0xacd1,0xa490,0xc573,0xacb0,0xacd1,0xacd1,0xacf1,0xb4f2,0xacb1,0xa490,0xa490,0xb533,0xc617,0xe6da,0xb513,0xbd94,
  0xd658,0x9471,0xffff,0xce58,0xc5f7,0xe6da,0xce38,0xad75,0x0000,0x9cd3,0x0000,0xffff,0x9c91,0xa491,0x8c30,0x0000,
  0x0000,0x0000,0xbdd7,0xce59,0x0000,0x0000,0x0000,0xb575,0x8c0f,0xb574,0xacd1,0x6aaa,0x724a,0x7a4a,0x61c8,0x728b,
  0x9b6f,0xac32,0xa3b0,0xabf1,0xbc93,0xac11,0xa3d0,0x932e,0xac32,0xe67a,0xe67a,0xe65a,0xe65a,0xe67a,0xe67a,0xe69a,
  0xe67a,0xe65a,0xc4d4,0xbc73,0xbc93,0xc4d5,0xe65a,0xe69b,0xddf9,0xddf9,0xe65a,0xeebb,0xe619,0xabd1,0xb452,0xcd36,
  0xe65a,0xe65a,0xe67a,0xe69b,0xeebb,0xc4f4,0x9b8f,0xabf1,0xb432,0xb452,0x932e,0x69c9,0x7aec,0xeedc,0xee7a,0xeebb,
  0xa411,0x9baf,0xac11,0xabf1,0xac11,0x72ec,0xb514,0xbd14,0xc575,0x940f,0x7b6c,0xd637,0xad13,0xe6da,0xd658,0xd658,
  0x8bce,0xacd2,0x9c50,0xce17,0xad54,0xf79d,0xef5d,0xf77d,0xf77e,0xf79e,0xf75d,0xe6bb,0xd5f7,0xbcd3,0xa3d0,0xa3cf,
  0xbcb3,0xcd76,0xef3c,0xf77d,0xf77d,0xf77d,0xf77d,0xf77d,0xf75d,0xef5d,0xef5d,0xef1c,0xeefc,0xef1c,0xef1c,0xd5b7,
  0xd597,0xc575,0xbd14,0xbd14,0xbd14,0xbd34,0xbd14,0xbd34,0xbd14,0x83ef,0xacd3,0xbd34,0x8bee,0xa490,0xc5b5,0xbd95,
  0xc574,0xc5d5,0xe6fa,0xef1b,0xdeb9,0x9491,0xef3e,0xa514,0xb595,0xc595,0xd5f6,0xcdd5,0xde36,0xd5d5,0xc594,0xb4f1,
  0xa490,0xb512,0xacd1,0xacb0,0xbd33,0xacb0,0xacd1,0xacd1,0xacd1,0xb4f2,0xacd1,0xa490,0xa46f,0xa4d1,0xbdb5,0xe6da,
  0xbd74,0xbd74,0xdeb9,0xbdb6,0x9cd3,0x0000,0xbdd6,0xd679,0xd679,0xb595,0xfffe,0x0000,0x0000,0xc658,0x9c91,0xa490,
  0x9cd2,0x0000,0x0000,0x0000,0xbdb6,0xffff,0x0000,0xffff,0xad55,0x9491,0xb534,0xad13,0x7b4b,0x838d,0x6269,0x7209,
  0x61c8,0x728b,0xac11,0xb473,0xa3b0,0xac11,0xb452,0xabf1,0xabd0,0x930e,0xb452,0xe67a,0xe67a,0xe67a,0xe67a,0xe67a,
  0xe67a,0xe69a,0xe69a,0xe67a,0xd556,0xbc73,0xbc93,0xc4d5,0xe65a,0xe69b,0xe65a,0xde19,0xe65a,0xe69a,0xee9b,0xb412,
  0xabd1,0xccf5,0xcd35,0xe63a,0xee9b,0xe69b,0xeebb,0xee7a,0xac11,0xa3d0,0xac32,0xb452,0x9b4e,0x7a2a,0x6188,0xac93,
  0xf6fc,0xf6bb,0xac31,0x9b4e,0xabd0,0xa3d0,0xb432,0x72eb,0xacf3,0xbd34,0xbd54,0xacf3,0x62a9,0xc5d5,0xa4f2,0xd678,
  0xce37,0xd638,0x734c,0x940f,0xa450,0xbd54,0xacf3,0xc5d6,0xef3c,0xef3c,0xf75d,0xef5d,0xef7d,0xef9d,0xf77e,0xeefb,
  0xd5f7,0xb472,0xb472,0xc535,0xe6db,0xf77e,0xf75d,0xf77d,0xf77d,0xf75d,0xef5d,0xef3d,0xef3c,0xeefc,0xe6fb,0xef3c,
  0xe6ba,0xd576,0xe679,0xde38,0xbcf4,0xbd14,0xbd14,0xbd34,0xbd34,0xbd34,0xbd14,0x8bef,0xacb3,0xbd35,0x8bee,0xa490,
  0xc594,0xc595,0xbd74,0xce16,0xdeba,0xef1b,0xc5f6,0x9cf2,0xbdb7,0xa514,0xb554,0xd5d6,0xcd94,0xd5f5,0xde16,0xd616,
  0xc594,0xc574,0xa44f,0xb4f2,0xacd1,0xacb1,0xb532,0xacd1,0xacd1,0xacd1,0xacd1,0xb4f1,0xb4f2,0xacb0,0xa46f,0x9c4f,
  0xad33,0xdeb9,0xcdd5,0xbd94,0xce16,0xe6fa,0x9491,0xd6db,0xdefa,0xbdb6,0xdeba,0xbdb5,0xad54,0x0000,0x0000,0xa534,
  0xa4b1,0x9c90,0xa513,0x0000,0x0000,0x0000,0xe71b,0x0000,0xffff,0x9cf3,0x9cb2,0xb575,0xacf3,0x8bee,0x7b4b,0x8bcd,
  0x940e,0x59e7,0x5187,0x8b2d,0xbc93,0xb473,0xa3b0,0xb432,0xac12,0xa3d0,0xabd0,0x930e,0xb493,0xe69a,0xe67a,0xe67a,
  0xe67a,0xe67a,0xe67a,0xe67a,0xe69a,0xe67a,0xddd8,0xbc93,0xbc93,0xc4d5,0xe67a,0xe69b,0xe67a,0xde39,0xde39,0xe69b,
  0xee9b,0xbc73,0x9b4f,0xccd4,0xd556,0xcd15,0xe65a,0xeebb,0xe67a,0xeebb,0xc4f5,0xa38f,0xac11,0xb432,0x9b8f,0x7209,
  0x828b,0x932e,0xc535,0xf6fc,0xac31,0x92ed,0xa3b0,0xa3f0,0xb472,0x72ec,0xa4b2,0xbd55,0xbd34,0xbd55,0x6aca,0xb553,
  0xb533,0xbd95,0xce16,0xcdf6,0x83ae,0x9410,0x8bce,0x9410,0xc5b6,0x8c0f,0xd658,0xeefb,0xef3c,0xf77d,0xef7d,0xef7d,
  0xf77d,0xf75d,0xe6bb,0xddf8,0xbcd3,0xbcf4,0xde59,0xf79e,0xf77d,0xf77d,0xf77d,0xef5d,0xef5d,0xef3d,0xe6fc,0xe6fb,
  0xe6fc,0xef3c,0xe658,0xd596,0xf73c,0xe6ba,0xbd14,0xbcf4,0xbd14,0xbd14,0xbd34,0xbd34,0xbd34,0x8bef,0xa492,0xc555,
  0x8bce,0xa491,0xb553,0xc5b5,0xbd54,0xde78,0xd658,0xde58,0xb533,0xb596,0x9cf3,0xad75,0xb533,0xd616,0xc574,0xd5f6,
  0xd616,0xd616,0xc574,0xcdd5,0xacb0,0xacd1,0xacf1,0xacd1,0xb512,0xacd1,0xacf1,0xacf1,0xacf1,0xacf1,0xacf1,0xacf1,
  0xa490,0x9c2f,0xa4f2,0xd658,0xce37,0xcdf6,0xc5b5,0xef3b,0xc617,0x9491,0x0000,0xad55,0xb5b6,0xef5c,0x9cd3,0xb595,
  0x0000,0x8c50,0xa4b1,0x9470,0xad55,0x0000,0x0000,0xdeb9,0x0000,0xef7d,0x9492,0xa4f3,0xbd75,0x9c91,0x83ad,0x8bee,
  0x7b4b,0x9c4f,0xacb1,0x7b4c,0x3925,0xac52,0xbc93,0xb452,0xa3b0,0xb432,0xabf1,0xabf1,0xa3d0,0x930e,0xbcd4,0xe69a,
  0xe67a,0xe67a,0xe67a,0xe67a,0xe67a,0xe67a,0xe67a,0xe67a,0xe639,0xc4b4,0xbc73,0xc4d5,0xe67a,0xe69b,0xe67a,0xe63a,
  0xde39,0xe67a,0xeebb,0xc4f5,0xa38f,0xabb0,0xcd36,0xd577,0xcd16,0xe63a,0xe6bb,0xeebb,0xddd8,0xa3b0,0xac11,0xb432,
  0xa3b0,0x7209,0x930e,0xabf1,0x9b6f,0xcd76,0xb472,0x8aed,0xabf1,0xac31,0xb472,0x7b0c,0xa4b2,0xbd55,0xbd14,0xc576,
  0x7b6d,0x9c70,0xd617,0xad12,0xc5b5,0xcdf6,0x7b4d,0xbd54,0xacb2,0x7b6d,0xb514,0xc5b6,0x9430,0xe69a,0xe69a,0xef1c,
  0xf77d,0xf77d,0xf77d,0xf75d,0xe6db,0xe659,0xd5d7,0xbcf4,0xd5f7,0xf77d,0xef7d,0xf75d,0xf77d,0xef5d,0xef3d,0xef1c,
  0xe6db,0xe6db,0xe6db,0xef3c,0xddf7,0xd5d8,0xf75d,0xef5d,0xd5f7,0xbcd3,0xbd14,0xbd14,0xbd14,0xbd14,0xc555,0x8c0f,
  0x9c51,0xc576,0x9c30,0xa490,0xb512,0xc5b5,0xb533,0xde99,0xc5d6,0xc5d6,0x940f,0xad34,0xa534,0xbe17,0xb533,0xd616,
  0xbd53,0xd616,0xd616,0xde16,0xc594,0xcd94,0xc574,0xa46f,0xb4f1,0xacd1,0xbd32,0xa4b0,0xacf1,0xacf1,0xacf1,0xacf1,
  0xacf1,0xacf1,0xacd1,0xa46f,0xacd1,0xde78,0xce17,0xd637,0xc5b5,0xd637,0xef1b,0xb554,0xad13,0xffff,0xb575,0xc5d7,
  0xe71c,0x8c50,0xb575,0x83ae,0xacd2,0x8c0f,0xe71c,0x0000,0xf73c,0xd679,0xad54,0x7bae,0x8c2f,0x9c70,0x8bee,0x7b8c,
  0x9c2f,0x838c,0x93ee,0xa470,0xa470,0x940f,0x5a49,0xbcd4,0xb493,0xb432,0xa3b0,0xac12,0xa3d0,0xac11,0xa3d0,0x930d,
  0xc515,0xe69b,0xe67a,0xe67a,0xe67a,0xe67a,0xe67a,0xe69a,0xe69a,0xe67a,0xe65a,0xcd15,0xbc73,0xc4f5,0xe67a,0xe69a,
  0xe69a,0xe65a,0xde39,0xe67a,0xeebb,0xd576,0xab90,0xbc32,0xbc73,0xddd8,0xd577,0xcd56,0xe639,0xeebb,0xe659,0xac11,
  0xabd0,0xac32,0xa3d0,0x7a4a,0xa36f,0xabb0,0xab90,0xabf1,0xbc93,0x932e,0xac31,0xac31,0xb472,0x7b2d,0xa492,0xc555,
  0xbd34,0xc575,0x8bef,0x83ad,0xde78,0xa4d2,0xbd54,0xcdf6,0x7b6d,0xb514,0xc595,0xa4b2,0x7b4c,0xd638,0xacf3,0xa4b2,
  0xe6ba,0xde79,0xeefc,0xf75d,0xef7d,0xf77d,0xef1c,0xe69a,0xde59,0xcdb6,0xc555,0xef1c,0xf77d,0xf75d,0xf75d,0xef5d,
  0xef3c,0xeefc,0xe6db,0xe6db,0xe71c,0xef1c,0xd5b7,0xde18,0xf79e,0xf79e,0xeefb,0xbd34,0xb492,0xb4d3,0xbcf3,0xbd14,
  0xc555,0x9c50,0x8bcf,0xc555,0xa471,0x9c4f,0xbd53,0xc5b5,0xb533,0xde98,0xbd95,0xc594,0x7b8d,0x7b4d,0x62eb,0xbdd6,
  0xbd74,0xd5f6,0xb512,0xd5f6,0xd616,0xd616,0xcdb5,0xbd53,0xd5f6,0xacd1,0xa490,0xb512,0xbd32,0x9c6f,0xacd1,0xacd1,
  0xacd1,0xb4f1,0xb512,0xb513,0xb513,0xa490,0x83ad,0xbd95,0xde99,0xcdd6,0xbd54,0xb533,0xbd74,0xce17,0x9cb2,0xc5d6,
  0xffff,0xad54,0xb5b6,0xef3c,0x840f,0xa491,0xb512,0x8c50,0xffff,0x0000,0xde79,0xde99,0x7b8d,0x83ad,0x8bee,0x838c,
  0x6aea,0x8bcd,0x9c4f,0x838c,0xa470,0x9c4f,0xa490,0x838d,0x832d,0xbcf4,0xb493,0xac32,0xa3b0,0xabf1,0xa3d0,0xb432,
  0xa3b0,0x930d,0xcd56,0xe69b,0xe67a,0xe67a,0xe67a,0xe67a,0xe67a,0xe69a,0xe69a,0xe67a,0xe67a,0xd597,0xbc73,0xcd15,
  0xe69b,0xe69a,0xe69a,0xe65a,0xde39,0xe65a,0xeebb,0xe619,0xabd1,0xc493,0xbc52,0xddb8,0xddf8,0xc4f5,0xccf5,0xe619,
  0xeedb,0xc4d4,0xa38f,0xb432,0xa3d0,0x828b,0xabd0,0xabb0,0xabb0,0xabd1,0x82cc,0x932e,0xb452,0xac31,0xb472,0x832d,
  0x9c51,0xc555,0xbd34,0xc555,0xa491,0x7b6c,0xcdf6,0xad12,0xb533,0xcdf6,0x8bce,0xc575,0xbd34,0xcdb6,0x940f,0x9c71,
  0xeefb,0x83cf,0xce17,0xe6da,0xe6bb,0xe71c,0xef5d,0xef7d,0xef3d,0xeefb,0xe69a,0xde39,0xd5d7,0xe69b,0xf77e,0xef5d,
  0xf75d,0xef3d,0xef1c,0xe6db,0xe6db,0xe6db,0xef5d,0xeefb,0xd5b6,0xd596,0xd5f8,0xcd55,0xbcd3,0xb472,0xa410,0xac31,
  0xac71,0xb4b2,0xbd14,0xacd2,0x7b2c,0xbd35,0xa491,0x940f,0xd637,0xbd74,0xb553,0xde78,0xbd74,0xb533,0x838d,0xacb2,
  0x93f0,0x6aec,0x83ad,0xcd95,0xbd53,0xd5f6,0xd5f6,0xd5f6,0xde16,0xc574,0xcdd5,0xd616,0xa490,0xb532,0xbd53,0x9c4f,
  0xa490,0xb512,0xb512,0xacf1,0x9c4f,0x8bad,0x834c,0x834d,0x7acb,0x6a69,0xacb2,0xacd2,0xa471,0xa450,0x9c30,0x940f,
  0x8bef,0x83ae,0x9cb2,0xc638,0x6b2c,0x62eb,0xb534,0x83ad,0x8bce,0xad54,0x0000,0xffbe,0xde79,0xf73b,0x940e,0x93ee,
  0x838d,0x83ce,0x7b6c,0x9c70,0x83ad,0x9c2f,0xa470,0x9c4f,0xa490,0x730b,0x93d0,0xbcd4,0xb493,0xac11,0xa3af,0xa3d0,
  0xabf1,0xb452,0xa38f,0x932e,0xcd97,0xe69b,0xe67a,0xe67a,0xe67a,0xe67a,0xe67a,0xe69a,0xe69a,0xe69b,0xe67a,0xddf9,
  0xc473,0xcd16,0xe69b,0xe67a,0xe67a,0xe67a,0xde5a,0xe65a,0xe69a,0xee9b,0xb432,0xbc52,0xc4b4,0xc4d4,0xee5a,0xd5d8,
  0xcd16,0xbc94,0xd5d8,0xd577,0xa3b0,0xac32,0xa3b0,0x8acc,0xabd1,0xabb0,0xa3b0,0x9b6f,0x722a,0x934e,0xac11,0xac31,
  0xb472,0x834d,0x9c31,0xbd75,0xbd34,0xbd55,0xacb3,0x7b8d,0xc553,0xb533,0xc5b5,0xc5f6,0x940f,0xc575,0xbd34,0xc555,
  0xbd55,0x838e,0xeefb,0xc5d7,0x9c92,0xef1c,0xe6fb,0xef1c,0xef3d,0xef5d,0xf75d,0xef3c,0xe6db,0xde79,0xde39,0xde59,
  0xef3c,0xef7d,0xf75d,0xef3d,0xef1c,0xe6fb,0xe6db,0xef3c,0xf79d,0xe69a,0xcd96,0xcd76,0xc535,0xc535,0xc514,0xbcd3,
  0xb472,0xac31,0xac31,0xac31,0xa451,0xb4d3,0x6acb,0xacb2,0x940f,0xa491,0xe6da,0xbd74,0xbd74,0xd637,0xbd74,0xa4b1,
  0x93ef,0xbd54,0xbd35,0xc555,0xa451,0x836d,0x83ad,0xc575,0xde58,0xe678,0xbd33,0x72ca,0x6289,0x940f,0xb533,0xc574,
  0xbd52,0xa48f,0xa46f,0x9c0f,0x836c,0x7aec,0x8b2d,0xa3d0,0xac11,0xa3b0,0xa3b0,0x9b6f,0x930d,0x936f,0x936e,0x9b4e,
  0x934e,0x934f,0xa431,0xc515,0xcd97,0xcdb7,0xc576,0xb4d4,0xb4f4,0xa492,0x838f,0x9431,0x9411,0xad14,0xe6fc,0x0000,
  0x83ae,0x8bef,0x9471,0xbdb6,0x9c70,0x942f,0x8bcd,0xa470,0x9c6f,0x9c4f,0xa490,0x6aaa,0xac72,0xbcb4,0xb493,0xabf1,
  0x9b8f,0xa3b0,0xac11,0xb452,0x9b8f,0x934e,0xd5d8,0xe69a,0xe67a,0xe67a,0xe67a,0xe67a,0xe67a,0xe69a,0xe69a,0xe69b,
  0xe67a,0xe65a,0xc494,0xcd16,0xe69b,0xe67a,0xe67a,0xe67a,0xe65a,0xe65a,0xe67a,0xeedb,0xc4d4,0xb3d1,0xccd4,0xc493,
  0xddb7,0xe639,0xe63a,0xe619,0xc515,0xddf9,0xb452,0xabf1,0x9b6f,0x932e,0xabb0,0xa38f,0xa38f,0xabf1,0x82ac,0x932e,
  0xabd0,0xac11,0xb472,0x8b6e,0x9410,0xc575,0xbd34,0xbd55,0xacd3,0x7b6d,0xb512,0xacf2,0xc5d5,0xcdf7,0x8bef,0xc575,
  0xc534,0xbd34,0xcd96,0x8bef,0xbd75,0xf77d,0x9451,0xc5f7,0xf75d,0xef1c,0xef3d,0xef5d,0xf75d,0xf75d,0xef1c,0xe6db,
  0xe67a,0xde7a,0xe6fc,0xf77d,0xf75d,0xef3d,0xef1c,0xeefb,0xe6db,0xe6ba,0xde39,0xcdb7,0xd5b7,0xd5b7,0xd5b7,0xcdb6,
  0xd5f8,0xe6db,0xe6da,0xc596,0xbcd3,0xb4b3,0xac72,0xb4b2,0x7b2c,0x7b2c,0x8bce,0xc5b5,0xe6da,0xbd74,0xc594,0xc5d6,
  0xbd74,0x942f,0xa471,0xbd55,0xbd14,0xbd14,0xc555,0xc555,0x9c30,0x7b2c,0x8bce,0x7b4c,0x4945,0x6188,0x930e,0x82cc,
  0x72aa,0x9c30,0xc554,0x93ef,0x6aaa,0x830c,0x9b6f,0xac11,0xb432,0xabd1,0x9b6f,0x9b4f,0x9b6f,0xabd0,0xabd1,0xabd1,
  0xabf1,0xbc93,0xd576,0xe63a,0xf69b,0xf6bc,0xf6dc,0xf6dc,0xf6dc,0xf6fc,0xf6dc,0xf6fc,0xf6fc,0xe67a,0xde39,0xa4d3,
  0x9492,0x0000,0x9cb2,0xbdb6,0xffff,0x9491,0x9c70,0x83ad,0x9c70,0xa470,0x9c6f,0xa470,0x7b4c,0x5a28,0xbcd4,0xb493,
  0xbc93,0xa3d0,0x9b6f,0xa3d0,0xac31,0xb452,0x9b6f,0x9b6f,0xddf8,0xe69b,0xe69a,0xe67a,0xe67a,0xe69a,0xe69a,0xe67a,
  0xe67a,0xe67a,0xe67a,0xe67a,0xc4f5,0xcd36,0xe6bb,0xe67a,0xe67a,0xe67a,0xe67a,0xe65a,0xe67a,0xeebb,0xd5b7,0xabd0,
  0xccd4,0xc493,0xd536,0xe639,0xde19,0xe67a,0xee9b,0xd5d8,0xc4d4,0xa3b0,0x8b2e,0x932e,0xa3d0,0xac31,0xabf1,0xb411,
  0x82ac,0x932e,0xa3d0,0xa3d0,0xb452,0x938e,0x93f0,0xc575,0xbd34,0xbd34,0xacd3,0x838d,0xb512,0xacd2,0xb554,0xe6ba,
  0x8bef,0xbd34,0xbd34,0xbd55,0xc575,0xacd3,0x9c71,0xff9e,0xd639,0x9451,0xf75d,0xef3d,0xef5d,0xf75d,0xf75d,0xef7d,
  0xf75d,0xef3c,0xeefb,0xe6db,0xef3c,0xf75d,0xf75d,0xef5d,0xef3c,0xe6db,0xde59,0xcdd7,0xcd96,0xd5b6,0xcd96,0xcd96,
  0xcdb7,0xe679,0xf75d,0xf79d,0xf79d,0xef1b,0xc555,0xbd14,0xbd14,0xbd14,0xac92,0x41a6,0x8c0f,0xdeb9,0xdeb9,0xbd54,
  0xc595,0xbd74,0xbd54,0x8bad,0xacb2,0xb4f3,0xbd14,0xbd14,0xbd14,0xbd34,0xcd75,0xc555,0x9c30,0x5a49,0x4966,0x4926,
  0x5947,0xabb0,0xabd0,0x7aec,0x72eb,0x59e8,0x82ed,0xac11,0xa390,0x9b6f,0x932e,0x9b2e,0xa38f,0xabd0,0xabf1,0xabf1,
  0xabd0,0xa3d0,0xcd15,0xeebb,0xeebb,0xee9b,0xe69b,0xe67a,0xe67a,0xe69b,0xe67a,0xe67a,0xe67a,0xe67a,0xe67a,0xee9b,
  0xf6dc,0xeedb,0x83f0,0xffff,0x0000,0x0000,0xa4f3,0x9c90,0x940e,0x8c0e,0xa490,0x9c70,0x9c70,0x93ee,0x59e7,0x72ec,
  0xc4f5,0xb493,0xbc93,0xa3b0,0x9b6f,0xa3f0,0xac31,0xac32,0x9b4f,0x9b8f,0xde19,0xe69b,0xe69a,0xe67a,0xe67a,0xe69a,
  0xe69a,0xe67a,0xe65a,0xe67a,0xe67a,0xee9b,0xd556,0xd577,0xeebb,0xe67a,0xe67a,0xe67a,0xe67a,0xe67a,0xe67a,0xe69a,
  0xe67a,0xb411,0xc493,0xccb4,0xc4d4,0xde19,0xde39,0xe639,0xeebb,0xd597,0xb452,0xa3b0,0x7aec,0xa3f1,0xcd36,0xccf5,
  0xabf1,0xb411,0x8aac,0x9b2e,0xa3b0,0xa3b0,0xb431,0x93af,0x8baf,0xc576,0xbd34,0xbd34,0xb4f3,0x838d,0xb512,0xa4b1,
  0xbd74,0xef3b,0x9430,0xacd3,0xc555,0xbd34,0xbd55,0xc555,0x9430,0xef3c,0xff7e,0x9471,0xce38,0xff9e,0xef5d,0xf75d,
  0xf75d,0xf77d,0xef7d,0xf75d,0xf75d,0xef5d,0xf75d,0xf77d,0xef7d,0xef5d,0xef3c,0xe6ba,0xd618,0xd5d7,0xcdb7,0xd5d7,
  0xd5f8,0xde59,0xeefb,0xf77d,0xef7d,0xef7d,0xf77d,0xf75d,0xcdb6,0xbd14,0xbd34,0xbd14,0xc596,0x6aeb,0xa4f2,0xdeb9,
  0xce37,0xbd74,0xc5b5,0xbd54,0xa4b1,0x8bae,0xb4f3,0xb4b3,0xb4b3,0xb4d3,0xb4d3,0xb4d3,0xb4f3,0xbcf4,0xcd75,0xd5b6,
  0xb4d3,0x836d,0x5208,0x51a7,0xabf1,0xb411,0xa3af,0xa3b0,0x8aed,0x828b,0x9b4e,0xa38f,0xabb0,0xabf1,0xac11,0xb411,
  0xb411,0xabf1,0xabd1,0xb432,0xc4f5,0xd5b7,0xee9a,0xee9b,0xe69b,0xee9b,0xee9b,0xee9b,0xee9b,0xe69b,0xe69b,0xe69b,
  0xe69b,0xee9b,0xee9b,0xee9b,0x8c10,0xce59,0x0000,0xce79,0x9471,0x9c70,0x838c,0xa470,0xa470,0x9c70,0xa490,0x832c,
  0x59e8,0x8b6f,0xbcf5,0xb4b3,0xb473,0x9b8f,0x9b6f,0xac11,0xac52,0xac32,0x9b2e,0xa3d0,0xe659,0xe69a,0xe69a,0xe67a,
  0xe67a,0xe67a,0xe67a,0xe67a,0xde5a,0xe65a,0xe67a,0xee9b,0xddd8,0xd597,0xeebb,0xe69a,0xe69a,0xe69a,0xe69a,0xe69a,
  0xe69a,0xe67a,0xeebb,0xc4d5,0xbc32,0xccd4,0xc494,0xddb8,0xe639,0xe65a,0xe6bb,0xddf9,0xabb0,0xa38f,0x7aec,0xcd76,
  0xd577,0xcd36,0xabf1,0xac11,0x8acc,0x9b2e,0xabb0,0xa3b0,0xabf1,0x9baf,0x8bae,0xc555,0xbd14,0xbd34,0xb4f4,0x7b8d,
  0xb4f1,0xa4b1,0xc5f6,0xe6fa,0xa4f3,0x9c50,0xc575,0xb514,0xc575,0xde38,0x8c30,0xe71b,0xffdf,0xbdb6,0xa514,0xffbe,
  0xef5d,0xf77d,0xf77d,0xf77d,0xf77d,0xf77d,0xf77d,0xf75d,0xf75d,0xf77d,0xf77d,0xef5d,0xef5d,0xe6fc,0xde59,0xde39,
  0xde59,0xe69a,0xeefb,0xf75d,0xf77d,0xf77d,0xf77d,0xf75d,0xef7d,0xf75d,0xcdb7,0xbcf4,0xbd34,0xbd14,0xc555,0x8bcf,
  0xd699,0xc5f5,0xc5f6,0xbd94,0xc5b5,0xbd54,0x940f,0xa471,0xc596,0xc596,0xc576,0xc555,0xbd35,0xbcf4,0xb4b3,0xac92,
  0xa451,0xa431,0xb492,0xbcd3,0xc4f4,0x8b4d,0x728b,0xabf1,0xabd0,0xabd0,0xb411,0x932e,0xa38f,0xb432,0xb432,0xb432,
  0xac11,0xabf1,0xac32,0xb412,0xb432,0xbc73,0xc4d4,0xc4b4,0xcd36,0xe65a,0xee9b,0xe67a,0xee7b,0xe69b,0xe69b,0xe69b,
  0xe69b,0xe69b,0xe69b,0xe69b,0xe69b,0xee7b,0x83f0,0xce79,0xffff,0x9471,0x9c70,0x8bcd,0x8bee,0xa4b1,0xa490,0xa470,
  0xacd1,0x834c,0x51c7,0x9c11,0xbcd4,0xb4b3,0xb453,0x9b6f,0x9b8f,0xac32,0xac52,0xac32,0x9b2e,0xac11,0xe67a,0xe69a,
  0xe69a,0xe67a,0xe67a,0xe67a,0xe67a,0xe67a,0xe65a,0xde39,0xe67a,0xe67a,0xe639,0xd5b8,0xe69b,0xe67a,0xe69a,0xe69a,
  0xe69a,0xe69a,0xe69a,0xe67a,0xeebb,0xddb8,0xbc53,0xccd4,0xc493,0xd577,0xe639,0xe65a,0xe69b,0xe65a,0xbc32,0xa36f,
  0x9b6f,0xa452,0xe65a,0xd597,0xc4d4,0xabd0,0x8acc,0x932e,0xabb0,0xa38f,0xabd0,0x9bf0,0x8b8e,0xc555,0xbd14,0xbd34,
  0xb4f4,0x838d,0xacd1,0xad12,0xd658,0xce17,0xc5d6,0x940f,0xc575,0xb4f3,0xce18,0xff7d,0x9451,0xdedb,0xffdf,0xdedb,
  0x9471,0xf77e,0xf77d,0xf77d,0xf77d,0xf77d,0xf77d,0xf77d,0xf77d,0xf77d,0xf77d,0xf77d,0xf77d,0xf77d,0xf75d,0xf75d,
  0xef1c,0xef1c,0xef3c,0xf75d,0xf75d,0xf75d,0xf75d,0xef5d,0xef5d,0xef3d,0xef3d,0xef1c,0xcd96,0xbcf4,0xbd14,0xbd35,
  0xb4f4,0x9450,0xef5c,0xacf2,0xc5d5,0xbdb5,0xc574,0xbd74,0x83ad,0xd638,0xeefb,0xe69a,0xde9a,0xde79,0xd659,0xd639,
  0xd618,0xd5d7,0xc596,0xbd14,0xa472,0xa410,0xac31,0xbc93,0x7acb,0x9b8f,0xabf0,0xabd0,0xabd0,0xabf1,0x9b6f,0x9b6f,
  0xa3b0,0xabd0,0xa390,0xcd76,0xe639,0xbc93,0xb432,0xc4d4,0xc4f5,0xccf5,0xc4f5,0xc515,0xe63a,0xee9b,0xe69a,0xe69b,
  0xe69b,0xe69b,0xe69b,0xe69b,0xe69b,0xe69b,0xe69b,0xe67a,0x8c10,0xffff,0xad34,0x8c0f,0xa470,0x836c,0xa4b0,0xa4b1,
  0xa4b1,0xa4b0,0xacd1,0x942f,0x49c7,0xb493,0xb4b4,0xb4b4,0xb432,0x934e,0xa3b0,0xb432,0xac52,0xac11,0x9b2e,0xb452,
  0xe67a,0xe69a,0xe69a,0xe67a,0xe67a,0xe67a,0xe67a,0xe67a,0xe65a,0xde39,0xde5a,0xe67a,0xe67a,0xddf8,0xe67a,0xe67a,
  0xe67a,0xe69a,0xe69a,0xe69a,0xe69a,0xe69a,0xee9b,0xe65a,0xbc93,0xccb4,0xc493,0xcd36,0xe639,0xe65a,0xe69b,0xee9b,
  0xc4b4,0x9b2e,0xb453,0x7acc,0xde39,0xe619,0xe639,0xc4d4,0x8aac,0x932e,0xabb0,0xa38f,0xabd0,0xa411,0x838e,0xbd55,
  0xbd14,0xbd14,0xb514,0x83ad,0xacb0,0xbd74,0xd678,0xd637,0xce38,0x93ef,0xbd34,0xb514,0xe6fb,0xffde,0x9471,0xdeba,
  0xffdf,0xef3c,0x9491,0xef3c,0xf79e,0xf77d,0xf77d,0xf77d,0xf77d,0xf77d,0xf77d,0xf77d,0xf77d,0xf77d,0xf77d,0xf77d,
  0xf77d,0xf77d,0xf77d,0xf77d,0xef7d,0xef5d,0xef5d,0xef5d,0xef3c,0xef1c,0xef1c,0xeefb,0xeefb,0xde59,0xbd14,0xbd14,
  0xbd14,0xc555,0xa471,0xb555,0xef1b,0xa470,0xc5b5,0xc5d5,0xbd94,0xad13,0x8c30,0xffde,0xf77d,0xf77e,0xf77d,0xf77d,
  0xf75d,0xf75d,0xf75d,0xf75d,0xf77d,0xf77d,0xe6db,0xcd96,0xac72,0xb452,0x8b6e,0x8aec,0xb411,0xabd0,0xabd0,0xabb0,
  0xabd0,0x930e,0xa36f,0xa36f,0xb432,0xe67a,0xeedc,0xe65a,0xcd36,0xbcb4,0xc4d4,0xc4f5,0xcd15,0xc4f5,0xcd36,0xe63a,
  0xee9b,0xe69b,0xe69b,0xe69b,0xe69b,0xe69b,0xe67a,0xe67a,0xee9b,0xe65a,0x8c31,0x0000,0x7b8d,0x9c90,0x8bcd,0x940e,
  0xacd1,0xa4b1,0xa4b1,0xa4b1,0xacd1,0x942f,0x628a,0xb493,0xb493,0xb4b3,0xac12,0x932e,0xabf1,0xb432,0xac52,0xac11,
  0x932e,0xb473,0xe67a,0xe69a,0xe69a,0xe67a,0xe67a,0xe67a,0xe67a,0xe67a,0xe67a,0xde19,0xde39,0xe65a,0xe67a,0xde19,
  0xe65a,0xe69a,0xe67a,0xe69a,0xe69a,0xe69a,0xe69a,0xe69a,0xe67a,0xee9b,0xcd15,0xc473,0xcc94,0xc4d5,0xe619,0xde3a,
  0xe67a,0xeebb,0xd577,0x9b2e,0xc4f5,0xa3b0,0x938f,0xf6dc,0xe619,0xe619,0x8acc,0x930d,0xa3b0,0xa3b0,0xabf0,0xac31,
  0x838e,0xbd55,0xbd14,0xbd14,0xb514,0x83ad,0xacb1,0xcdf6,0xd678,0xde99,0xd658,0x9c71,0xacb2,0xcdf7,0xf79e,0xff9e,
  0x9471,0xdeda,0xffde,0xe73c,0x9cb2,0xef3c,0xf77e,0xf77d,0xf77d,0xf77d,0xf77d,0xf77d,0xf77d,0xf77d,0xf77d,0xf77d,
  0xf77d,0xf77d,0xf77d,0xf77d,0xf77d,0xef7d,0xef5d,0xef5d,0xef5d,0xef1c,0xef1c,0xeefc,0xe6db,0xe6db,0xe6ba,0xc596,
  0xbd35,0xbd14,0xbd14,0xc555,0x9410,0xd679,0xd658,0xacb1,0xb533,0xcdf6,0xbd54,0x9c91,0xa513,0xffdf,0xef5d,0xef7d,
  0xef7d,0xf77d,0xf77d,0xf77d,0xef7d,0xef7d,0xef7d,0xef7d,0xf79d,0xe6db,0xcdb7,0xac51,0x9bd0,0x7aab,0xb411,0xabf1,
  0xabf1,0xa3d0,0xabd0,0x9b4f,0x9b4f,0xabd0,0xbc73,0xccf5,0xe619,0xee7b,0xeebb,0xe619,0xcd56,0xc4f5,0xc4f5,0xc515,
  0xc4f5,0xcd36,0xe65a,0xe69b,0xe67a,0xe69b,0xe69b,0xe69b,0xe67a,0xe67a,0xeebb,0xd5f8,0x9451,0x0000,0x9c4f,0x9c70,
  0x838c,0xa4b1,0xa4d1,0xa4d1,0xa4b1,0xa4d1,0xa4b0,0x7b8d,0x6acb,0xbcb4,0xb493,0xb493,0xabf1,0x9b4f,0xac31,0xac32,
  0xac52,0xabf1,0x932e,0xbcd4,0xe69a,0xe67a,0xe69a,0xe67a,0xe67a,0xe67a,0xe67a,0xe67a,0xe67a,0xe63a,0xde19,0xde5a,
  0xe69a,0xe63a,0xe639,0xe69b,0xe69a,0xe69a,0xe69a,0xe69b,0xe69b,0xe69b,0xe67a,0xeebb,0xddb8,0xc473,0xcc94,0xc4b4,
  0xde19,0xe63a,0xe65a,0xeebb,0xe639,0x9b4f,0xbcb4,0xd576,0x61a8,0xcd56,0xeebb,0xee7a,0x932e,0x92ed,0xab90,0xabf0,
  0xabd0,0xac31,0x7b6d,0xbd35,0xbd14,0xbd14,0xb514,0x83ad,0xacf1,0xd637,0xd658,0xe6b9,0xc595,0xad13,0xa492,0xf75d,
  0xf79d,0xf77d,0x9c72,0xe73c,0xffbe,0xdeda,0x9cd3,0xf77e,0xf77d,0xf77d,0xf77d,0xf77d,0xf77d,0xf77d,0xf77d,0xf77d,
  0xf77d,0xf77d,0xf77d,0xf77d,0xf77d,0xf77d,0xf77d,0xf77d,0xf75d,0xf75d,0xef5d,0xef1c,0xef1c,0xe6db,0xe6db,0xeefc,
  0xcdf7,0xd618,0xcdf7,0xbcf4,0xbd34,0xbd34,0x9450,0xef3b,0xbd74,0xbd53,0xacf2,0xcdf6,0xacf2,0xbd74,0xa514,0xffbe,
  0xf77d,0xf77d,0xf77d,0xf75d,0xf75d,0xf75d,0xef7d,0xf77d,0xf75d,0xf77d,0xf77d,0xeefb,0xde59,0xb4b3,0xa411,0x82ec,
  0xb452,0xabf1,0xac11,0xabf1,0xabd0,0xa390,0x9b2e,0xb3f1,0xb432,0xb432,0xbc73,0xddd8,0xee9b,0xee9b,0xee9b,0xe639,
  0xddd8,0xd597,0xd577,0xd577,0xde19,0xee9b,0xe67a,0xe69b,0xe69a,0xe67a,0xe69b,0xe67a,0xf6dc,0xcdb7,0x8c51,0x0000,
  0xa4b1,0x8bee,0x942e,0xacd1,0xa4d1,0xa4d1,0xa4b1,0xacd1,0x9c2f,0x7b4c,0x832d,0xbcd4,0xb493,0xb493,0xa3d0,0x9b6f,
  0xac32,0xac32,0xac32,0xa3f1,0x932e,0xc515,0xe69a,0xe67a,0xe69a,0xe67a,0xe67a,0xe67a,0xe67a,0xe67a,0xe67a,0xe65a,
  0xde39,0xde39,0xe65a,0xe67a,0xde19,0xe67a,0xe69b,0xe69a,0xe69a,0xe69b,0xe69b,0xe69b,0xe69a,0xee9b,0xe65a,0xc493,
  0xc494,0xc473,0xddd8,0xe63a,0xe63a,0xe69b,0xee9b,0xa3b0,0xac32,0xddd8,0x826b,0x720a,0xde19,0xf6fc,0x936e,0x92ed,
  0xabb0,0xabf0,0xa3b0,0xac31,0x7b2d,0xbd34,0xbd14,0xbd14,0xb514,0x83ad,0xb533,0xd657,0xde99,0xde78,0xa4d1,0xb533,
  0xacd2,0xf77d,0xf7be,0xe6db,0x9451,0xf7be,0xffde,0xbdd7,0xad55,0xffbe,0xef5d,0xf77d,0xf77d,0xf77d,0xf77d,0xf77d,
  0xf77d,0xf77d,0xf77d,0xf77d,0xf77d,0xf77d,0xf77d,0xf77d,0xf77d,0xf77d,0xf75d,0xf75d,0xf75d,0xef5d,0xef3c,0xeefc,
  0xeefc,0xe6fb,0xcd96,0xef1c,0xc596,0xbd14,0xc555,0xa492,0xacf3,0xf75c,0xa4d2,0xc5d5,0xacf2,0xc5d5,0xb513,0xd658,
  0xa514,0xf79d,0xf77d,0xf77d,0xf77d,0xf75d,0xef5d,0xef3c,0xef3c,0xef1c,0xef3c,0xf75d,0xef1c,0xe6ba,0xe679,0xbcf4,
  0xa410,0x8b4e,0xe5f8,0xbcb3,0xabf1,0xabf1,0xabf1,0xa3b0,0xa36f,0xbc53,0xcd35,0xddd8,0xe639,0xee7b,0xee9b,0xe69b,
  0xe69b,0xee9b,0xee9b,0xee9b,0xee9b,0xee9b,0xee9b,0xe69b,0xee9b,0xee9b,0xee7a,0xee7a,0xe65a,0xe639,0xee9b,0xb514,
  0x9cd3,0x0000,0xa490,0x83ad,0xa4b1,0xacd1,0xa4d1,0xa4b1,0xacd1,0x9c6f,0x9c2f,0x732b,0x93af,0xbcb4,0xac72,0xb452,
  0xa3b0,0xa3b0,0xac52,0xac32,0xac32,0xa3d0,0x932e,0xcd35,0xe69a,0xe67a,0xe69a,0xe67a,0xe67a,0xe67a,0xe67a,0xe67a,
  0xe67a,0xe67a,0xe65a,0xde39,0xe639,0xe69a,0xde19,0xe639,0xe69b,0xe69a,0xe69a,0xe69b,0xe69b,0xe67a,0xe67a,0xe67b,
  0xee9b,0xccf5,0xc494,0xc473,0xdd97,0xe65a,0xe639,0xe65a,0xf6db,0xb432,0xa3d1,0xe619,0xa3b0,0x71ea,0x7a8b,0xee9b,
  0x9baf,0x8acc,0xabb0,0xabf1,0xa38f,0xac11,0x7b2d,0xbd14,0xbd34,0xbd34,0xb4f4,0x838d,0xc594,0xde98,0xd678,0xce17,
  0xa4d1,0xa4b1,0xacd2,0xc5f7,0xffff,0xbd75,0xb555,0xffff,0xf75d,0x8c30,0xce59,0xffbe,0xef5d,0xf77d,0xf77d,0xf77d,
  0xf77d,0xf77d,0xf77d,0xf77d,0xf77d,0xf77d,0xf77d,0xf77d,0xf77d,0xf77d,0xf77d,0xf77d,0xf77d,0xf75d,0xf75d,0xf75d,
  0xf75d,0xef3d,0xf75d,0xde79,0xd618,0xf75c,0xbd34,0xbd14,0xc555,0x9c30,0xc5f6,0xe6ba,0xa491,0xce16,0xbd73,0xbd94,
  0xc5b5,0xdeb9,0xa513,0xef3c,0xf77d,0xf77d,0xf77d,0xef5d,0xef3c,0xe6fb,0xe6fb,0xeefb,0xe6fb,0xde9a,0xde79,0xe679,
  0xde59,0xbcd3,0xa410,0x8b4e,0xf6bb,0xe659,0xcd55,0xac11,0xabd0,0xa3b0,0xbc73,0xddd8,0xe5f9,0xe63a,0xee7a,0xee9b,
  0xee9b,0xee9b,0xee9b,0xee9b,0xe67b,0xee7a,0xee7b,0xee9b,0xee9b,0xe69b,0xee7b,0xe65a,0xe639,0xde19,0xddf9,0xddf9,
  0xe63a,0x9c72,0xb5b6,0x0000,0x942e,0x8bee,0xacd1,0xa4b1,0xa4d1,0xa4d1,0xacd1,0x8bcd,0xa470,0x62aa,0xa411,0xb473,
  0xac52,0xb452,0xa390,0xa3d0,0xac52,0xac32,0xac32,0xa3d0,0x9b2e,0xd577,0xe67a,0xe67a,0xe69a,0xe67a,0xe67a,0xe67a,
  0xe67a,0xe67a,0xe67a,0xe67a,0xe67a,0xe63a,0xde39,0xe67a,0xe65a,0xddf8,0xee9b,0xe69a,0xe69a,0xe69b,0xe69b,0xe67a,
  0xe67a,0xe67a,0xeebb,0xd597,0xc473,0xc494,0xd577,0xe65a,0xe639,0xe63a,0xeedb,0xcd15,0xa390,0xe639,0xb473,0x8acd,
  0x6988,0x9b6f,0xa3f0,0x8aec,0xabb0,0xabd0,0xa38f,0xabf1,0x72ec,0xb514,0xbd34,0xbd34,0xb4f3,0x7b6c,0xcdf5,0xe6d9,
  0xc5d6,0xce17,0xad12,0x8c0e,0x9450,0xad14,0xe6fb,0x8c10,0xe71c,0xffff,0xa514,0x8c30,0xef5d,0xf77d,0xf77d,0xf77d,
  0xf77d,0xf77d,0xf77d,0xf77d,0xf77d,0xf77d,0xf77d,0xf77d,0xf77d,0xf77d,0xf77d,0xf77d,0xf77d,0xf77d,0xf77d,0xf75d,
  0xf77d,0xf77d,0xf77d,0xf75d,0xf79e,0xd5f8,0xe6fb,0xe6db,0xbcf4,0xbd34,0xc535,0x9410,0xd699,0xce17,0x9c70,0xad33,
  0xd657,0xb553,0xd637,0xe6ba,0xb554,0xdedb,0xf79e,0xf77d,0xf77d,0xf75d,0xef1c,0xe6fb,0xe6fb,0xe6db,0xde9a,0xde79,
  0xde79,0xe69a,0xd5f7,0xb4b3,0xa3f0,0x93af,0xf6db,0xe69a,0xee9b,0xddd8,0xbcb3,0xac11,0xddf8,0xc4f4,0xccd5,0xd556,
  0xddb8,0xe5f9,0xe65a,0xee7a,0xee9b,0xee9b,0xee9b,0xe69b,0xe69b,0xe69b,0xe69b,0xe69b,0xe67a,0xde19,0xddf9,0xddf9,
  0xddf9,0xddf9,0xe619,0x83af,0xd69a,0x0000,0x8bed,0x9c4f,0xacd1,0xa4d1,0xa4d1,0xacf1,0x9c70,0x8bed,0x9c70,0x628a,
  0xb473,0xac32,0xac32,0xb452,0xa3b0,0xa3f1,0xac32,0xac32,0xac32,0xa3b0,0x9b6f,0xd5b8,0xe67a,0xe69a,0xe69a,0xe67a,
  0xe65a,0xe65a,0xe67a,0xe67a,0xe67a,0xe67a,0xe67a,0xe65a,0xde39,0xe65a,0xe69b,0xddd8,0xe65a,0xe69b,0xe69a,0xe69a,
  0xe69a,0xe69a,0xe69a,0xe69a,0xe69b,0xe63a,0xc474,0xc473,0xcd36,0xe65a,0xe639,0xe639,0xee9b,0xddf8,0xa390,0xe5f9,
  0xc4f5,0x92ed,0x7a2b,0x69e9,0x728a,0x932e,0xabb0,0xabd0,0x9b8f,0xabd0,0x72cb,0xb4d3,0xbd34,0xbd35,0xa492,0x83ad,
  0xde98,0xd678,0xb513,0xd678,0xa4d1,0xb4f2,0x9450,0xbd75,0x8bef,0xb575,0xffff,0xc5d7,0x83cf,0xc5f7,0xffbe,0xf75d,
  0xf77d,0xf77d,0xf77d,0xf77d,0xf77d,0xf77d,0xf77d,0xf77d,0xf77d,0xf77d,0xf77d,0xf77d,0xf77d,0xf77d,0xf77d,0xf77d,
  0xf77d,0xf77d,0xf77d,0xf77d,0xf77d,0xf77d,0xf77d,0xcdf7,0xef3c,0xde59,0xb4d3,0xc535,0xbd14,0x9451,0xe6fa,0xb554,
  0x83ad,0x6aeb,0xdeb9,0xacf2,0xd658,0xde99,0xbdd6,0xce38,0xffbe,0xef5d,0xf77d,0xf75d,0xef3d,0xe71c,0xe6fb,0xe6ba,
  0xde79,0xde79,0xde79,0xde79,0xc575,0xb4b3,0xa3d0,0x9c10,0xf6fc,0xe67a,0xee9b,0xee9b,0xe65a,0xc515,0xe619,0xb473,
  0xabd1,0xb432,0xc4b4,0xd556,0xddb8,0xddb7,0xd5b7,0xddd8,0xe639,0xe67a,0xee9b,0xe69b,0xe69b,0xe69b,0xee9b,0xe65a,
  0xde19,0xe619,0xde19,0xe619,0xd5d8,0x83af,0xffff,0x0000,0x8bcd,0xa490,0xacd1,0xa4d1,0xa4b1,0xacf1,0x8bee,0x9c4f,
  0x8bee,0x72cc,0xbc94,0xac32,0xac32,0xb452,0xa3b0,0xac11,0xac32,0xac32,0xac32,0xa3b0,0xa390,0xddd8,0xe67a,0xe69a,
  0xe69a,0xe67a,0xde39,0xe63a,0xe65a,0xe67a,0xe67a,0xe67a,0xe67a,0xe67a,0xe65a,0xde39,0xe69b,0xddf8,0xddf9,0xeebb,
  0xe69a,0xe69a,0xe69a,0xe69a,0xe69a,0xe69a,0xe69a,0xee9b,0xccf5,0xc453,0xcd15,0xe65a,0xe639,0xe639,0xe67a,0xee7a,
  0xa3d0,0xd5b7,0xd597,0x9b4f,0x720a,0x5146,0x7a8b,0x932e,0xa390,0xabb0,0x9b4f,0xabb0,0x6aab,0xacd3,0xbd55,0xc555,
  0x9430,0x940e,0xeefa,0xbd74,0xb513,0xde99,0xa4b1,0xb4f2,0xc5b5,0xad14,0x9c71,0xef3c,0xbdb6,0x9451,0xa4f3,0xf75d,
  0xf77d,0xf75d,0xf77d,0xf77d,0xf77d,0xf77d,0xf77d,0xf77d,0xf77d,0xf77d,0xf77d,0xf77d,0xf77d,0xf77d,0xf77d,0xf77d,
  0xf77d,0xf77d,0xf77d,0xf77d,0xf77d,0xf77d,0xf77d,0xf77d,0xf77d,0xcdd7,0xf73c,0xcdf7,0xacd3,0xbd14,0xb4f3,0xa4b2,
  0xe6fa,0x940f,0x8bae,0x9430,0xb574,0xbd94,0xc5f6,0xdeb9,0xce58,0xad34,0xffbe,0xef5d,0xf77d,0xf77d,0xf75d,0xef3d,
  0xe71c,0xe6ba,0xde7a,0xde79,0xe69a,0xd5f8,0xbd14,0xb4b3,0x936e,0xac72,0xf6fc,0xe67a,0xe69b,0xe69b,0xeebb,0xddf8,
  0xde19,0xddd8,0xabd0,0xac11,0xabf1,0xb452,0xd556,0xd577,0xd577,0xd597,0xd597,0xddd8,0xe65a,0xee9b,0xe69b,0xe69b,
  0xe67a,0xe67a,0xe65a,0xe639,0xde19,0xe65a,0xc576,0x83cf,0x0000,0x0000,0x8bed,0xa4b1,0xacd1,0xacd1,0xacd1,0xa490,
  0x8bcd,0xacb1,0x7b6c,0x8b4e,0xb493,0xac32,0xac32,0xb452,0xa3d0,0xac32,0xb432,0xac32,0xac32,0x9b90,0xa3b0,0xddf9,
  0xe69a,0xe69a,0xe69b,0xe65a,0xde39,0xe639,0xde39,0xe65a,0xe67a,0xe67a,0xe67a,0xe67a,0xe67a,0xe63a,0xe65a,0xde5a,
  0xd5b8,0xe69b,0xe67a,0xe69a,0xe69a,0xe69b,0xe69b,0xe69a,0xe67a,0xe6bb,0xd597,0xc453,0xccf5,0xe63a,0xe63a,0xe63a,
  0xe639,0xeebb,0xb452,0xcd36,0xe639,0x9b4f,0x5146,0x7aab,0xa38f,0x9b4f,0xa38f,0xabb0,0xa36f,0xabd0,0x6249,0x9410,
  0xacd3,0xc555,0x83ad,0xad32,0xd658,0xacd1,0xbd94,0xde99,0xa4d1,0xacb1,0xb513,0xb575,0xa4d2,0x9cb2,0xa4d2,0x9451,
  0xe6db,0xf79e,0xef5d,0xf75d,0xf75d,0xf75d,0xf75d,0xf77d,0xf77d,0xf77d,0xf77d,0xf77d,0xf77d,0xf77d,0xf77d,0xf77d,
  0xf77d,0xf77d,0xf77d,0xf77d,0xf77d,0xf77d,0xf77d,0xf77d,0xf77d,0xf75d,0xf79e,0xd5f7,0xe6ba,0xc576,0xbd55,0xc596,
  0xac92,0xb534,0xdeb9,0x7b2c,0xb4d3,0xb513,0x8c0f,0xd657,0xb533,0xdeba,0xe6fb,0xa4f3,0xe6db,0xf79e,0xf77d,0xf77d,
  0xf75d,0xf75d,0xf75d,0xeefc,0xe69a,0xe6ba,0xde39,0xcd96,0xb4b3,0xb492,0x934e,0xbd14,0xf6db,0xe65a,0xe65a,0xe67a,
  0xeebb,0xde19,0xe619,0xd5b7,0xa36f,0xabf1,0xb452,0xb432,0xd556,0xe639,0xe619,0xe639,0xe639,0xddd8,0xd5b8,0xe619,
  0xee7a,0xee9b,0xe67b,0xe67a,0xee7a,0xe65a,0xde19,0xee9b,0xacd3,0x9492,0x0000,0x0000,0x83ad,0xacd1,0xacd1,0xacf2,
  0x8bcd,0x8bee,0x940e,0xacd1,0x730b,0x9bf0,0xb452,0xac32,0xac32,0xb452,0xabf1,0xac32,0xac32,0xac32,0xac32,0x9b6f,
  0xabf1,0xe619,0xe67a,0xe69a,0xe69b,0xe65a,0xde39,0xde39,0xde39,0xe65a,0xe67a,0xe67a,0xe67a,0xe67a,0xe67a,0xe65a,
  0xde39,0xe67a,0xd5b8,0xe63a,0xee9b,0xe69a,0xe69a,0xe69a,0xe69a,0xe67a,0xe69a,0xe69b,0xe639,0xc473,0xccb4,0xe63a,
  0xe65a,0xe65a,0xe639,0xeebb,0xc4f5,0xbcb4,0xe65a,0x7a8b,0x722a,0x9b4e,0x9b0e,0xa34f,0x9b2e,0xa34f,0x9b2e,0xabb0,
  0x82ec,0x6209,0x7a8b,0x728b,0x6aca,0xcdd5,0xb533,0xacf2,0xd637,0xde99,0x942f,0x734b,0x9c91,0x9c91,0xbd95,0xacf3,
  0x9430,0xde9a,0xff9e,0xf75d,0xf77d,0xf75d,0xf75d,0xf75d,0xf75d,0xf77d,0xf77d,0xf77d,0xf77d,0xf77d,0xf77d,0xf77d,
  0xf77d,0xf77d,0xf77d,0xf77d,0xf77d,0xf77d,0xf77d,0xf77d,0xf77d,0xf77d,0xf77d,0xf75d,0xf79e,0xde59,0xc575,0xbd34,
  0xef1c,0xe69a,0x9c10,0xc5d6,0xc5b5,0x838e,0xc555,0xbd55,0x83ae,0xbd95,0xbd94,0xc5f6,0xef1b,0xce17,0xa4f3,0xffdf,
  0xef5d,0xf77d,0xf75d,0xef5d,0xf77d,0xef3c,0xe6db,0xe69a,0xd5f8,0xcd76,0xac92,0xb492,0x8b2d,0xcd96,0xeebb,0xe639,
  0xe619,0xe619,0xe63a,0xd577,0xc515,0xabd1,0xa370,0xa390,0xabb0,0xb412,0xcd36,0xe639,0xe619,0xe619,0xe639,0xe619,
  0xddd8,0xd5b8,0xddf8,0xee7a,0xee9b,0xe67b,0xe67a,0xee7b,0xee7b,0xde19,0x83f0,0xffff,0x0000,0x0000,0x83ad,0xa4d1,
  0xb513,0x8bee,0x7b8c,0x940e,0x9c4f,0xa4b1,0x6acb,0xac32,0xac52,0xb432,0xabf1,0xb452,0xac11,0xac32,0xac32,0xac32,
  0xac32,0x9b6f,0xb452,0xde19,0xe69a,0xe69a,0xe69b,0xe65a,0xde19,0xde39,0xde39,0xde39,0xe65a,0xe67a,0xe67a,0xe67a,
  0xe67a,0xe67a,0xde5a,0xe65a,0xddf8,0xd5d8,0xee9b,0xe69a,0xe69a,0xe67a,0xe67a,0xe67a,0xe67a,0xe67a,0xeebb,0xccd5,
  0xc453,0xde19,0xe67a,0xe65a,0xe65a,0xe69a,0xd597,0xb452,0xe659,0x8b0d,0x8acc,0xa3b0,0x92ed,0x930d,0x92ed,0x930d,
  0x92ed,0x9b4f,0xabf1,0xabb0,0xabb1,0x82cc,0x7b4c,0xbd33,0xa491,0xc5d5,0xdeb9,0xd658,0x734c,0x942f,0xb513,0xb513,
  0x9c51,0x8c0f,0xce17,0xffdf,0xef5d,0xf77d,0xf75d,0xef5d,0xef5d,0xef5d,0xef5d,0xf75d,0xf77d,0xf77d,0xf77d,0xf77d,
  0xf77d,0xf77d,0xf77d,0xf77d,0xf77d,0xf77d,0xf77d,0xf77d,0xf77d,0xf77d,0xf77d,0xf77d,0xf77d,0xf75d,0xf79d,0xef1c,
  0xbcf3,0xcdd7,0xffdf,0xeedb,0x9c30,0xce58,0xacb2,0xacb3,0xbd55,0xbd34,0xb4f3,0x8bef,0xd658,0xb554,0xde99,0xef3c,
  0x9cb2,0xdeba,0xff9e,0xf75d,0xf75d,0xf75d,0xf77d,0xef5d,0xe6fb,0xe6ba,0xd5d7,0xc555,0xac72,0xb452,0x8b2d,0xde39,
  0xee7a,0xde19,0xe619,0xddd8,0xc515,0xbcb4,0xa3b0,0x9b4f,0xabd1,0xbcb4,0xbcd4,0xb452,0xbc93,0xddf8,0xe639,0xe639,
  0xe639,0xe639,0xe619,0xddd8,0xd5b8,0xddf8,0xe65a,0xee7b,0xe69b,0xe67a,0xf6dc,0x9c72,0x94b2,0x0000,0x0000,0x0000,
  0x83ad,0xb513,0x9c90,0x62c9,0xa4b1,0x93ee,0xa4b1,0x9c50,0x72ec,0xb472,0xac32,0xabf1,0xa3d0,0xb452,0xac11,0xac32,
  0xac32,0xac32,0xac32,0x9b4f,0xbc73,0xe639,0xe67a,0xe67a,0xe69b,0xe63a,0xde19,0xde19,0xde39,0xde39,0xde39,0xe67a,
  0xe67a,0xe67a,0xe67a,0xe67a,0xe67a,0xde39,0xe639,0xd577,0xe67a,0xe69a,0xe69a,0xe67a,0xe67a,0xe67a,0xe67a,0xe67a,
  0xeebb,0xddb8,0xbc12,0xddd8,0xee9b,0xe67a,0xe67a,0xe67a,0xe639,0xac32,0xe639,0xa3d0,0x82ac,0xb411,0x930d,0x9b4e,
  0xa38f,0x8acc,0x8aac,0x92ed,0x9b4e,0xa38f,0xa3b0,0x72aa,0x9c90,0xacb1,0xb554,0xdeb9,0xd679,0xe6ba,0xde58,0xbd54,
  0xa471,0x9c71,0xacf3,0xa4b2,0xb575,0xf79e,0xf75d,0xf75d,0xef5d,0xef3c,0xef3c,0xef3c,0xef3c,0xef3d,0xf77d,0xf77d,
  0xf77d,0xf77d,0xf77d,0xf77d,0xf77d,0xf77d,0xf77d,0xf77d,0xf77d,0xf77d,0xf77d,0xf77d,0xf77d,0xf75d,0xf75d,0xf77d,
  0xef7d,0xf79e,0xcd75,0xd5f7,0xffff,0xe69a,0xa471,0xce37,0xacb2,0xbd35,0xbd35,0xbd34,0xc575,0x9c30,0xacf3,0xd637,
  0xd658,0xef1b,0xd679,0x9cd2,0xff9e,0xef5d,0xf77d,0xf77d,0xf77d,0xf75d,0xef1c,0xe69a,0xcdb7,0xbd14,0xac72,0xac31,
  0x938e,0xe69a,0xe65a,0xe639,0xde19,0xde19,0xd5b7,0xb453,0xabf1,0xd557,0xbc73,0xe65a,0xf6fc,0xee7a,0xcd36,0xc4f4,
  0xddd8,0xe639,0xe619,0xe619,0xe619,0xe619,0xddd8,0xddd8,0xddf9,0xe67a,0xe67a,0xf6fc,0xb535,0x736d,0xffff,0x0000,
  0x0000,0x0000,0x83ad,0xbd54,0x6aea,0x942f,0xacf1,0x942f,0xb4f2,0x83ee,0x834e,0xb472,0xac52,0x9b8f,0xa3f1,0xb452,
  0xac11,0xac32,0xac32,0xac32,0xac31,0x9b4f,0xbc94,0xe639,0xe69a,0xe67a,0xe69b,0xe63a,0xde19,0xde19,0xde39,0xde39,
  0xde39,0xe65a,0xe67a,0xe67a,0xe67a,0xe67a,0xe67a,0xde39,0xe65a,0xd577,0xddd8,0xe6bb,0xe67a,0xe67a,0xe67a,0xe67a,
  0xe67a,0xe69a,0xe69b,0xe67a,0xc453,0xd576,0xeebb,0xe69a,0xe67a,0xe67a,0xee9a,0xb472,0xd5b7,0xb472,0x7a4a,0xb411,
  0x9b4e,0x9b2e,0xa38f,0x8acc,0x8aac,0x8acc,0x930d,0x9b0e,0x9b6f,0x7b2b,0xacf2,0xacf2,0xe6fa,0xdeb9,0xe6fb,0xce38,
  0x9c71,0x9c30,0xb4d3,0xbd55,0xf73c,0xce38,0x9491,0xe6fb,0xf77e,0xef5d,0xef5d,0xef3c,0xef3c,0xef1c,0xef1c,0xef1c,
  0xef5d,0xf77d,0xf77d,0xf77d,0xf77d,0xf77d,0xf77d,0xf77d,0xf77d,0xf77d,0xf77d,0xf77d,0xf77d,0xf77d,0xf77d,0xef5d,
  0xef5d,0xf77d,0xef5d,0xf79e,0xe699,0xc576,0xf7be,0xcdd7,0xa471,0xc617,0xacd3,0xbd55,0xbd34,0xbd35,0xbd34,0xc555,
  0x83ad,0xbdb5,0xde99,0xdeb9,0xef3b,0xb575,0xb575,0xffdf,0xef5d,0xf77d,0xf77d,0xf75d,0xf75d,0xe69a,0xcdb7,0xbcd3,
  0xb472,0xa3d0,0x9c10,0xeedb,0xe67a,0xe67a,0xe639,0xde18,0xe619,0xbc73,0xabd1,0xee9b,0xc4d4,0xc4f5,0xeebb,0xeebb,
  0xeebb,0xddf8,0xcd56,0xddf8,0xe619,0xde19,0xe619,0xddf9,0xddf9,0xddf8,0xddd8,0xde39,0xee9b,0xe69b,0x49e8,0x7bae,
  0x0000,0x0000,0x0000,0x0000,0x8bee,0x9450,0x5a68,0xbd74,0x9c70,0xa470,0xb512,0x7b6c,0x93af,0xb452,0xac32,0x934e,
  0xb452,0xb452,0xac32,0xac32,0xac32,0xac32,0xac11,0x9b4f,0xc4f5,0xe63a,0xe69b,0xe67a,0xe69b,0xe63a,0xde19,0xde19,
  0xde39,0xe639,0xde39,0xde39,0xe67a,0xe67a,0xe67a,0xe67a,0xe67a,0xe67a,0xe67a,0xddf8,0xcd36,0xe69b,0xe67a,0xe67a,
  0xe67a,0xe67a,0xe67a,0xe67a,0xe67a,0xeebb,0xcd36,0xccf5,0xeebb,0xe69a,0xe69a,0xe67a,0xeebb,0xc4f5,0xc515,0xbcd4,
  0x69e9,0xabd0,0xa3af,0x9b4e,0xa3b0,0x930d,0x828b,0x8acc,0x930d,0x9b2e,0x7aeb,0x9c4f,0xacf2,0xde98,0xde98,0xde78,
  0xad34,0x5208,0x8bcf,0xbd55,0xc576,0xde9a,0xffbe,0xe6da,0x9cb2,0xce18,0xf79e,0xef3d,0xef3d,0xef3c,0xef1c,0xef1c,
  0xeefc,0xeefc,0xef1c,0xf77d,0xf77d,0xf77d,0xf77d,0xf77d,0xf77d,0xf77d,0xf77d,0xf77d,0xf77d,0xf77d,0xf77d,0xf77d,
  0xf77d,0xf77d,0xf77d,0xf77d,0xf77d,0xef7d,0xf77d,0xcdb7,0xde9a,0xc575,0xa492,0xbdb5,0xbd14,0xbd34,0xbd34,0xbd35,
  0xbd34,0xc555,0xb4d3,0x7b6d,0xde99,0xe6da,0xdeba,0xef3c,0x9492,0xc5d7,0xffff,0xef5d,0xf77d,0xf77d,0xf77d,0xe69a,
  0xcd96,0xb4b2,0xbc92,0x934e,0xbcf4,0xf6dc,0xe67a,0xe69a,0xee7a,0xe67a,0xee5a,0xbc73,0xbc53,0xbcf4,0xac11,0xbc73,
  0xe63a,0xee9b,0xe65a,0xee5a,0xee7a,0xe63a,0xe639,0xde19,0xddf9,0xddf9,0xe5f9,0xde19,0xddf8,0xddf9,0xf6dc,0x730c,
  0x8b2e,0x732d,0xbe17,0x0000,0x0000,0x0000,0x83ae,0x7bee,0x944f,0xb533,0x9c4f,0xacd1,0xacd2,0x6aeb,0xa411,0xb432,
  0xa3b0,0x9b6f,0xb473,0xb452,0xac32,0xac32,0xac32,0xac32,0xabf1,0x9b6f,0xcd16,0xe65a,0xe69b,0xe67a,0xe69a,0xe63a,
  0xde19,0xde19,0xde39,0xe639,0xe639,0xde39,0xe65a,0xe67a,0xe67a,0xe67a,0xe67a,0xe67a,0xe67a,0xe65a,0xcd56,0xde19,
  0xe69b,0xe67a,0xe67a,0xe67a,0xe67a,0xe67a,0xe67a,0xee9b,0xe619,0xc4b4,0xe69b,0xe69b,0xe67a,0xe67a,0xeebb,0xd597,
  0xbc93,0xc4f4,0x6a09,0x82cc,0xabd1,0xa36f,0xa38f,0x932e,0x828b,0x8acc,0x9b2e,0x82cc,0x834c,0xacb1,0xc595,0xdeb9,
  0xb513,0xbd54,0x730b,0xa3f0,0x8b2d,0x6aab,0xbd75,0xffff,0xffdf,0xffbe,0xad13,0xb575,0xf75d,0xef5d,0xef3c,0xef3c,
  0xef1c,0xeefc,0xeefb,0xeefb,0xeedb,0xef1c,0xf77d,0xf77d,0xf77d,0xf77d,0xf77d,0xf77d,0xf77d,0xf77d,0xf77d,0xf77d,
  0xf77d,0xf77d,0xf77d,0xf77d,0xf77d,0xf77d,0xf77d,0xf77d,0xf79e,0xeefc,0xc576,0xc535,0xacb2,0xb575,0xd576,0xc575,
  0xbd34,0xbd35,0xbd35,0xbd14,0xc576,0xa451,0x9c91,0xef3b,0xdeba,0xdeb9,0xe6fa,0x9491,0xbdd7,0xffff,0xf77e,0xef5d,
  0xf77e,0xe67a,0xc555,0xac92,0xb472,0x8b2e,0xde19,0xeebb,0xe67a,0xe69b,0xee7b,0xee9b,0xe619,0xb452,0xf69b,0xa452,
  0xa3f1,0xb473,0xd5b8,0xee9b,0xddf9,0xddd8,0xddf9,0xee7a,0xee7a,0xe65a,0xe639,0xe639,0xe619,0xe619,0xe619,0xee7b,
  0x836e,0x7acc,0xccd4,0x7aec,0x7b8e,0xffff,0x0000,0x0000,0x6b0b,0xad33,0xa4d2,0xacf2,0x9c70,0xad12,0x9c91,0x72ec,
  0xb452,0xac11,0x932e,0xa3d0,0xb473,0xac52,0xac32,0xac32,0xac32,0xb432,0xa3f1,0xa390,0xcd36,0xe65a,0xe69b,0xe67a,
  0xe67a,0xe65a,0xde19,0xde19,0xde19,0xde39,0xde39,0xde39,0xde39,0xe67a,0xe67a,0xe67a,0xe67a,0xe67a,0xe67a,0xe67a,
  0xd5b8,0xcd76,0xee9b,0xe67a,0xe67a,0xe67a,0xe67a,0xe67a,0xe67a,0xe67a,0xee9b,0xccf5,0xe63a,0xee9b,0xe67a,0xe67a,
  0xee9b,0xde19,0xb452,0xc4f4,0x6a09,0x6209,0x9b6f,0xabd0,0xa36f,0x9b4e,0x82ac,0x92cd,0x932d,0x6a6a,0xac91,0xacf1,
  0xcdd5,0xb513,0xb4f2,0xa471,0x834d,0xbc52,0xbc73,0xac31,0x832d,0xc5d7,0xc638,0xdedb,0xc5f7,0xad34,0xef1c,0xf75d,
  0xef3c,0xef3c,0xef1c,0xeefc,0xeefb,0xeedb,0xe6ba,0xe6db,0xf75d,0xf77d,0xf77d,0xf77d,0xf77d,0xf77d,0xf77d,0xf77d,
  0xf77d,0xf77d,0xf77d,0xf77d,0xf77d,0xf77d,0xf77d,0xf77d,0xf77d,0xf77d,0xf77d,0xf79e,0xd5d7,0xc4f4,0xacd2,0xb554,
  0xbd14,0xc555,0xbd34,0xbd34,0xbd35,0xbd35,0xbd34,0xc576,0x9430,0xbd55,0xe6fb,0xd678,0xd678,0xe6da,0xa4d2,0xa4f3,
  0xf75d,0xffdf,0xf77d,0xde38,0xbd14,0xb492,0xa3f0,0x8b6e,0xeebb,0xe69b,0xee9b,0xe69b,0xe67a,0xeebb,0xc515,0xcd56,
  0xe67a,0x8b8f,0xbc93,0xb452,0xc515,0xee5a,0xddd8,0xddd8,0xddd8,0xddd8,0xe639,0xee9b,0xee7a,0xe67a,0xe67a,0xe639,
  0xf69b,0x93d0,0x6a6a,0xbc94,0xb432,0x9b8f,0x62aa,0xbdb5,0x0000,0x0000,0x9c91,0xc637,0x9c70,0xacb1,0x9c90,0xb533,
  0x83ce,0x832d,0xb452,0x9b8f,0x934e,0xac11,0xb473,0xac32,0xac32,0xac32,0xac32,0xac32,0xa3d0,0xa390,0xd556,0xe65a,
  0xe69b,0xe67a,0xe67a,0xe65a,0xde19,0xde19,0xde19,0xde39,0xde39,0xde39,0xde39,0xe63a,0xe67a,0xe67a,0xe67a,0xe67a,
  0xe69a,0xe67a,0xe639,0xcd36,0xde19,0xee9b,0xe67a,0xe67a,0xe67a,0xe67a,0xe67a,0xe67a,0xeebb,0xd597,0xddb8,0xeebb,
  0xe67a,0xe69a,0xe67a,0xe67a,0xbc93,0xc4d4,0x6a09,0x5186,0x6229,0xb3f1,0xa36f,0xa38f,0x930d,0x82ab,0x6a69,0x940f,
  0xbd53,0xc594,0xb512,0xacd1,0xbd33,0x8bee,0x936e,0xbc32,0xb411,0xbc52,0xbc32,0x8b6e,0x9410,0x8bf0,0x8c0f,0xad55,
  0xe6fb,0xf75d,0xef3c,0xef3c,0xef1c,0xeefc,0xeefb,0xeedb,0xeeba,0xe69a,0xeefb,0xf77d,0xf77d,0xf77d,0xf77d,0xf77d,
  0xf77d,0xf77d,0xf77d,0xf77d,0xf77d,0xf77d,0xf77d,0xf77d,0xf77d,0xf77d,0xf77d,0xf77d,0xf77d,0xf79e,0xde79,0xc514,
  0xacf3,0xbdb6,0xce18,0xd638,0xbd75,0xbd34,0xbd35,0xbd35,0xbd35,0xbd35,0xc575,0x940f,0xc5b6,0xdeb9,0xd658,0xd658,
  0xe6fb,0xbd95,0x8c30,0xbdd7,0xf77d,0xde59,0xbcf4,0xb4b3,0x8b2d,0xa451,0xf71c,0xe69a,0xee9b,0xe69b,0xee7a,0xee7b,
  0xb453,0xde19,0x93f0,0xac32,0xbc73,0xb473,0xb493,0xe619,0xddf9,0xddb8,0xddd8,0xddd8,0xd5b8,0xde19,0xee7b,0xee9b,
  0xee9a,0xf6bb,0xd5d8,0x6229,0xbc93,0xb432,0xb452,0xa3d0,0x6aeb,0xa4f2,0xd699,0x0000,0xbdb6,0xb574,0x944f,0x9c4f,
  0xa4d1,0xb533,0x730b,0x9bb0,0xac11,0x932e,0xa3d0,0xac11,0xb473,0xac32,0xac32,0xac32,0xac32,0xac52,0xa3b0,0xa3b0,
  0xd577,0xe67a,0xe69b,0xe67a,0xe67a,0xe65a,0xde19,0xddf8,0xddf8,0xde19,0xe639,0xde39,0xde39,0xde39,0xe67a,0xe67a,
  0xe67a,0xe67a,0xe67a,0xe67a,0xe67a,0xd597,0xcd56,0xee9b,0xe69a,0xe67a,0xe69a,0xe67a,0xe67a,0xe67a,0xe69b,0xe639,
  0xcd36,0xeebb,0xe67a,0xe67a,0xe67a,0xeebb,0xcd15,0xc4b3,0x728a,0x3104,0x3925,0x7acc,0x726a,0x726a,0x72aa,0x7b2b,
  0xa470,0xbd32,0xb512,0xb4f2,0xacd1,0xacf1,0xc5b5,0x838e,0xa3b0,0xb411,0xb412,0xb412,0xabf1,0xe63a,0xff1d,0xf6bb,
  0xacb3,0x9cb2,0xcdf8,0xffbe,0xf77d,0xef1c,0xeefc,0xeefb,0xeefb,0xeedb,0xe69a,0xe67a,0xe67a,0xf73c,0xf77d,0xf77d,
  0xf77d,0xf77d,0xf77d,0xf77d,0xf77d,0xf77d,0xf77d,0xf77d,0xf77d,0xf77d,0xf77d,0xf77d,0xf77d,0xf77d,0xf77d,0xf77e,
  0xef1c,0xc535,0xacd3,0xbdd6,0xef3c,0xffbe,0xe6ba,0xbd35,0xbd34,0xbd34,0xbd34,0xbd34,0xbd55,0xc555,0x9c71,0xce38,
  0xde99,0xd678,0xd658,0xe6da,0xe6da,0xb575,0x9471,0xa471,0xa431,0xb472,0x728b,0xd5d8,0xf6dc,0xe69b,0xee9b,0xee9b,
  0xf6dc,0xde19,0xa411,0xa492,0xb4b3,0xb473,0xb473,0xb493,0xb472,0xcd56,0xe619,0xddb8,0xddd8,0xddd8,0xddd8,0xd5b8,
  0xddf8,0xee7a,0xe67a,0xf71c,0x9c51,0x82ec,0xc494,0xb432,0xb452,0xac32,0x6aaa,0xacd2,0x9cb1,0x0000,0xb554,0x9450,
  0x942f,0x9c70,0xad12,0xa4f1,0x6acb,0xb452,0x9b6f,0x9b6f,0xa3f1,0xac32,0xb473,0xac31,0xac32,0xac32,0xac32,0xac52,
  0x9b8f,0xa3d1,0xd597,0xe67a,0xe69b,0xe67a,0xe67a,0xe65a,0xde19,0xddf8,0xddf8,0xddf8,0xe619,0xde39,0xde39,0xde19,
  0xe65a,0xe67a,0xe67a,0xe67a,0xe67a,0xe67a,0xe65a,0xe639,0xc4f5,0xddf8,0xe6bb,0xe67a,0xe67a,0xe67a,0xe67a,0xe67a,
  0xe67a,0xeebb,0xcd36,0xde19,0xee9b,0xe67a,0xe67a,0xeebb,0xd597,0xbc73,0x72ab,0x30c3,0x72cb,0x836d,0x9c0f,0xa470,
  0xb4f2,0xc554,0xbd33,0xb4f2,0xb4f2,0xb512,0xacd1,0xcdd5,0xce37,0x834d,0xac11,0xac11,0xb432,0xb411,0xb432,0xe65a,
  0xe69b,0xe619,0xd597,0xa4f3,0x8bcf,0x9c92,0xce38,0xf77d,0xff7d,0xf73c,0xe6db,0xe6db,0xe69a,0xe67a,0xde59,0xe6bb,
  0xf77d,0xf77d,0xf77d,0xf77d,0xf77d,0xf77d,0xf77d,0xf77d,0xf77d,0xf77d,0xf77d,0xf77d,0xf77d,0xf77d,0xf77d,0xf77d,
  0xf77d,0xf77d,0xf77d,0xcd96,0xb514,0xb595,0xdebb,0xf79e,0xf75d,0xcdd7,0xbd14,0xbd34,0xbd34,0xbd34,0xbd34,0xc534,
  0xcdb6,0xa4f3,0xd678,0xd678,0xd678,0xd658,0xd637,0xcdf7,0xd658,0xc5b6,0xa4b2,0x838e,0x628a,0xd5f8,0xe67a,0xe69b,
  0xe69b,0xde39,0xbd76,0x9c51,0x8bf0,0xd639,0xee7a,0xb452,0xb473,0xb493,0xb493,0xbcb4,0xe619,0xddd8,0xddd8,0xddd8,
  0xddd8,0xddb8,0xd5b8,0xddd8,0xe65a,0xf6fc,0x6acb,0x9b8f,0xb432,0xb452,0xb432,0xac12,0x6269,0xb4f3,0x8c0f,0xad75,
  0xa4d2,0x7bad,0x944f,0xacd1,0xad32,0x9450,0x830d,0xb432,0x932e,0xabf1,0xa3f1,0xb452,0xb473,0xac32,0xac32,0xac32,
  0xac32,0xac32,0x9b8f,0xabf1,0xddb8,0xe67a,0xe69a,0xe69a,0xe69b,0xe65a,0xde19,0xddf8,0xddf8,0xde19,0xde19,0xde19,
  0xe639,0xde19,0xe639,0xe67a,0xe67a,0xe67a,0xe67a,0xe67a,0xe67a,0xe69a,0xd577,0xc515,0xe67a,0xe67a,0xe67a,0xe67a,
  0xe67a,0xe67a,0xe67a,0xeebb,0xddf8,0xcd56,0xeebb,0xe67a,0xe67a,0xee9b,0xde19,0xbc93,0x7acc,0x3904,0x6a49,0x72ca,
  0x732b,0x9c30,0x940f,0x8bce,0x734c,0xa490,0xbd33,0xacd1,0xbd74,0xde98,0xbdb5,0x8b6e,0xb432,0xac11,0xb452,0xb411,
  0xb452,0xe67a,0xee9b,0xddd8,0xc535,0xa4b2,0xd639,0xd639,0x9c72,0x9431,0xacf4,0xd638,0xf75d,0xeedb,0xe69a,0xe69a,
  0xe659,0xde59,0xf75d,0xf77d,0xf77d,0xf77d,0xf77d,0xf77d,0xf77d,0xf77d,0xf77d,0xf77d,0xf77d,0xf77d,0xf77d,0xf77d,
  0xf77d,0xf77d,0xf77d,0xf75d,0xf79e,0xd5f7,0xc596,0xb575,0xce38,0xffbe,0xf77d,0xe69a,0xbd34,0xbd34,0xbd34,0xbd34,
  0xbd34,0xbd34,0xcd76,0xde59,0xa4f3,0xdeba,0xd658,0xd658,0xde79,0xbd74,0x7b8d,0x9c71,0xad14,0xbdb6,0xb555,0x9cb2,
  0x9451,0x8c10,0x8bf0,0x9410,0x93f0,0x9bd0,0xbc73,0xe639,0xeebb,0xcd76,0xb452,0xbc93,0xbc93,0xb473,0xddf8,0xde19,
  0xd5b8,0xddd8,0xddd8,0xddb8,0xddb8,0xd597,0xf69b,0xacd3,0x6a6a,0xabf1,0xabf1,0xb452,0xac11,0xabf1,0x6a8a,0xacf2,
  0xa4b1,0x7bad,0x9450,0x6b2b,0xa4d1,0xacf1,0xb532,0x7b8d,0x8b6e,0xa38f,0xa3b0,0xa411,0xa3f1,0xb453,0xb452,0xac31,
  0xac32,0xac32,0xac32,0xac32,0x9b6f,0xac12,0xddb8,0xe67a,0xe69a,0xe69a,0xe69b,0xe67a,0xde19,0xddf8,0xddf8,0xde19,
  0xde19,0xde19,0xe619,0xe619,0xde19,0xe65a,0xe67a,0xe67a,0xe67a,0xe67a,0xe67a,0xe67a,0xe619,0xc4d5,0xd5b7,0xee9b,
  0xe67a,0xe67a,0xe67a,0xe67a,0xe67a,0xe67a,0xee9b,0xcd56,0xe67a,0xe69b,0xe69b,0xe69b,0xe69a,0xcd15,0x8b2d,0x51a7,
  0x5987,0x82cc,0x7a6a,0x6208,0x724a,0x728a,0x8bad,0xacf2,0xb4f2,0xacf2,0xd637,0xce16,0xb554,0x938f,0xb432,0xabf1,
  0xcd15,0xc4b3,0xb452,0xee9b,0xe65a,0xd597,0xbcf4,0x9c72,0xde19,0xf6dc,0xf6fc,0xde39,0xc5b7,0xa492,0xa4b3,0xeefb,
  0xe6ba,0xe67a,0xe659,0xde18,0xeefb,0xf79e,0xf75d,0xf77d,0xf77d,0xf77d,0xf77d,0xf77d,0xf77d,0xf77d,0xf77d,0xf77d,
  0xf77d,0xf77d,0xf77d,0xf77d,0xf77d,0xf75d,0xf7be,0xde79,0xcdb6,0xce58,0xad34,0xf77d,0xf79d,0xf75d,0xcdb6,0xbd14,
  0xbd34,0xbd34,0xbd34,0xc535,0xbcf4,0xeeba,0xce17,0xb554,0xef3c,0xd679,0xd658,0xdeb9,0xbd94,0x6aaa,0x728b,0x6a8a,
  0xb4d3,0xacd3,0xb4b4,0xbd35,0xcdb7,0xddd8,0xcd35,0xac12,0xb412,0xbcb3,0xee7a,0xee7a,0xbcb4,0xb472,0xbc93,0xb452,
  0xd597,0xee7a,0xddd8,0xddd8,0xddd8,0xddb8,0xd597,0xee19,0xbd15,0x6a6a,0xabf1,0xa3b0,0xabf1,0xb432,0xa3d1,0xac11,
  0x6a8a,0xa4b1,0xbd54,0x83ad,0x6b0b,0x8c0e,0xad12,0xacf1,0xad32,0x730c,0x9b8f,0xa3b0,0xabf1,0xa3f1,0xabf1,0xbc73,
  0xb452,0xac32,0xac32,0xac32,0xac32,0xac32,0x9b6f,0xb452,0xddd8,0xe69a,0xe69a,0xe69a,0xe67a,0xe67a,0xde39,0xddf9,
  0xddf9,0xde19,0xde19,0xde19,0xde19,0xde19,0xde19,0xde39,0xe67a,0xe67a,0xe67a,0xe67a,0xe67a,0xe67a,0xe67a,0xcd56,
  0xc4f5,0xe67a,0xe69a,0xe67a,0xe67a,0xe67a,0xe69a,0xe67a,0xeebb,0xd5b8,0xd5b7,0xeebb,0xe69b,0xe69a,0xeebb,0xd597,
  0x934e,0x59e8,0x59a7,0x9b6f,0x930d,0xa30e,0x92cd,0x830c,0xa4b1,0xacf2,0xacf2,0xc5b5,0xc5b5,0xbd94,0xbd95,0x8b6e,
  0xb432,0xb411,0xe619,0xc4d4,0xbc53,0xee7a,0xcd56,0xd576,0xac93,0xa492,0xcd56,0xee7a,0xe69b,0xee9b,0xf6dc,0xfefc,
  0xbd35,0x9410,0xeedb,0xe67a,0xe659,0xde38,0xe679,0xf77d,0xf77d,0xf77d,0xf77d,0xf77d,0xf77d,0xf77d,0xf77d,0xf77d,
  0xf77d,0xf77d,0xf77d,0xf77d,0xf77d,0xf77d,0xf77d,0xf77d,0xf77d,0xf73c,0xc576,0xe6fb,0x9cd2,0xce38,0xffbe,0xf77d,
  0xeefb,0xbd35,0xbd14,0xbd34,0xbd34,0xc534,0xc534,0xc534,0xf6fb,0x9470,0xbdb5,0xe6fa,0xdeb9,0xdeb9,0xef1b,0xb554,
  0x72ab,0xbcb3,0xfefc,0xee9b,0xee9b,0xee9b,0xf69b,0xddb8,0xb432,0xb432,0xb452,0xac11,0xcd36,0xf6dc,0xddd8,0xb452,
  0xbc93,0xb452,0xc515,0xee9b,0xddf8,0xddb8,0xd5b8,0xddd8,0xee19,0xac93,0x6a6a,0x9b8f,0xac11,0x9b8f,0xac11,0xac11,
  0xa38f,0xbc52,0x6a8a,0x9c4f,0xbd53,0xacf2,0x83cd,0xad12,0xacf2,0xad12,0x9cb1,0x72cb,0xabf1,0xa3f1,0xa3f1,0xa3f1,
  0xac11,0xbc73,0xb452,0xac32,0xac32,0xac32,0xac32,0xac32,0x9b6f,0xbc73,0xddf8,0xe69a,0xe69a,0xe69a,0xe67a,0xe67a,
  0xde39,0xddf9,0xddf9,0xde19,0xde19,0xde19,0xde19,0xde19,0xde19,0xde19,0xe67a,0xe67a,0xe67a,0xe67a,0xe67a,0xe67a,
  0xe69a,0xe619,0xc4f5,0xd5b7,0xee9b,0xe67a,0xe67a,0xe67a,0xe69a,0xe67a,0xe69b,0xe65a,0xc536,0xee9b,0xe67a,0xe67a,
  0xe69b,0xe619,0x9b6f,0x51a7,0x59a7,0xabb0,0x8aed,0x728b,0x7b4d,0x9430,0x6b0b,0xacd1,0xb553,0xcdf6,0xacd1,0xcdf6,
  0xbd75,0x93cf,0xa3d0,0xb432,0xf6db,0xd577,0xb432,0xbcb4,0xbc73,0xcd36,0x93d0,0xa432,0xe619,0xee9b,0xee9b,0xee9b,
  0xee9b,0xee7a,0xff1d,0xb4f4,0xb514,0xeedb,0xde59,0xde39,0xde18,0xf75d,0xf79d,0xf77d,0xf77d,0xf77d,0xf77d,0xf77d,
  0xf77d,0xf77d,0xf77d,0xf77d,0xf77d,0xf77d,0xf77d,0xf77d,0xf77d,0xf77d,0xf75d,0xf79e,0xde59,0xe6da,0xd69a,0x9c92,
  0xef3c,0xf79e,0xf79e,0xde7a,0xbd14,0xc555,0xc555,0xc534,0xc534,0xc514,0xd576,0xc575,0x8bce,0xc5b5,0xde99,0xd678,
  0xdeba,0xf77d,0x9471,0xb493,0xe619,0xd5d8,0xd5d8,0xd5d8,0xddb8,0xc4d4,0xac11,0xbc93,0xbc73,0xb432,0xb432,0xd5d8,
  0xf6fc,0xc535,0xb473,0xbc73,0xbcb4,0xee9b,0xe639,0xe5d8,0xee3a,0xcd97,0x834d,0x6a4a,0xa3b0,0xa390,0xabd0,0x9b8f,
  0xabf1,0xa3d0,0xbcd4,0xc4f5,0x6aaa,0x944f,0xb533,0xb533,0x9c90,0xacf2,0xad12,0xb533,0x8c0e,0x7b0c,0xabf1,0xa3d0,
  0xa3f1,0xabf1,0xac32,0xbc73,0xac32,0xac32,0xac32,0xac32,0xac32,0xac31,0x9b4f,0xbc73,0xddf9,0xe69b,0xe69a,0xe69a,
  0xe67a,0xe67a,0xe639,0xddf9,0xddf9,0xde19,0xde19,0xde19,0xde19,0xde19,0xde19,0xde19,0xe65a,0xe67a,0xe67a,0xe67a,
  0xe67a,0xe67a,0xe67a,0xe67a,0xd577,0xc4f5,0xe65a,0xe69b,0xe67a,0xe67a,0xe69a,0xe67a,0xe67a,0xeebb,0xcd56,0xcd77,
  0xeebb,0xe67a,0xe6bb,0xee7a,0xac11,0x4986,0x6209,0x82ec,0x6a6a,0x7b0d,0x9bb0,0x9baf,0x836c,0xacf2,0xcdf6,0xb533,
  0xacf2,0xd637,0xbd95,0xc5d6,0xeefc,0xd5f8,0xc556,0xbcb3,0xb3f1,0xb432,0xb473,0x9bf0,0x938f,0xddb8,0xeebb,0xee7a,
  0xd536,0xddd8,0xeebb,0xee9b,0xee9b,0xde5a,0xa472,0xeedb,0xde59,0xde59,0xd5d7,0xde59,0xf79e,0xf77d,0xf77d,0xf77d,
  0xf77d,0xf77d,0xf77d,0xf77d,0xf77d,0xf77d,0xf77d,0xf77d,0xf77d,0xf77d,0xf77d,0xf77d,0xf77d,0xef7d,0xf77d,0xd679,
  0xf77d,0xc5f7,0x9cd3,0xffbe,0xffbe,0xff9e,0xd659,0xbd35,0xc575,0xc555,0xc534,0xc534,0xc514,0xcd35,0x8bce,0xacd2,
  0xbd74,0xe6b9,0xce37,0xd678,0xef3c,0xa492,0xcd56,0xddb7,0xd597,0xd5b7,0xd577,0xb452,0xb453,0xac32,0xbc93,0xd597,
  0xbc93,0xb452,0xde19,0xee9a,0xbcb3,0xb452,0xbc73,0xe65a,0xee7a,0xcd36,0x8b4e,0x726a,0x82cc,0xabf1,0xa36f,0xa38f,
  0xa3b0,0x9b6f,0xb432,0xddf8,0xee9b,0xbcd4,0x730c,0xa490,0xa4d1,0xb553,0xacf2,0x9c90,0xad12,0xb553,0x732c,0x8b4e,
  0xabf1,0xa3f1,0xac31,0xa3f1,0xb452,0xbc73,0xac32,0xac32,0xac32,0xac32,0xac32,0xac11,0x9b4f,0xbc94,0xddf9,0xe69a,
  0xe69a,0xe69a,0xe67a,0xe67a,0xe639,0xddf9,0xddf9,0xde19,0xde19,0xde19,0xde19,0xde19,0xde19,0xde19,0xde39,0xe67a,
  0xe69a,0xe67a,0xe67a,0xe67a,0xe69a,0xe67a,0xddf9,0xc4f4,0xd597,0xee9b,0xe67a,0xe67a,0xe69a,0xe69a,0xe67a,0xe6bb,
  0xe65a,0xb453,0xddd8,0xee9b,0xe69a,0xee9b,0xc4d4,0x4986,0x59e8,0x728b,0x932e,0xa3b0,0xabf1,0xb411,0x7b0b,0xbd94,
  0xcdf6,0xacd1,0xbd74,0xce16,0xce17,0x732c,0xcdf8,0xe6fc,0xe6db,0xacd3,0x8b6e,0x832d,0x834e,0x936f,0xcd15,0xddf8,
  0xeebb,0xddb8,0xc474,0xe5f9,0xeebb,0xe69b,0xe69b,0xeebb,0x93f0,0xde39,0xe69a,0xde38,0xde18,0xbcd3,0xef3c,0xf77d,
  0xf77d,0xf77d,0xf77d,0xf77d,0xf77d,0xf77d,0xf77d,0xf77d,0xf77d,0xf77d,0xf77d,0xf77d,0xf77d,0xf77d,0xef7d,0xf77d,
  0xf77d,0xef3c,0xd69a,0xf77d,0xad55,0x8c30,0xef1c,0xef5d,0xf79d,0xd638,0xbd14,0xc555,0xc554,0xc534,0xc534,0xcd75,
  0x9c0f,0x9c70,0xacf2,0xc5b5,0xe6fa,0xbd75,0xc5b6,0xd679,0xa472,0xddd8,0xd5b7,0xe619,0xddb7,0xb432,0xcd35,0xac11,
  0xac11,0xddf9,0xee7a,0xcd76,0xddd8,0xeebb,0xddf8,0xbc52,0xb432,0xde39,0xee7b,0x8aed,0x61e9,0xabb0,0xabb0,0xa390,
  0x9b4f,0xa3b0,0x934e,0xabd0,0xddf9,0xeefc,0xe65a,0xb493,0x734c,0xacf2,0x9c4f,0xb533,0xbd74,0x9c70,0xacf2,0xad33,
  0x6aab,0x9bb0,0xa3d0,0xac32,0xac32,0xabf1,0xb452,0xb452,0xac32,0xac32,0xac32,0xac32,0xac32,0xac11,0x9b6f,0xc4b4,
  0xde19,0xe69b,0xe67a,0xe67a,0xe67a,0xe67a,0xe65a,0xde19,0xddf8,0xde19,0xde19,0xddf8,0xddf8,0xde19,0xde19,0xde19,
  0xde19,0xe65a,0xe67a,0xe67a,0xe67a,0xe67a,0xe67a,0xe67a,0xe65a,0xd577,0xc4f5,0xe639,0xe69b,0xe69b,0xe69a,0xe67a,
  0xe67a,0xe67a,0xeebb,0xc515,0xac32,0xde19,0xe6bb,0xee9a,0xdd77,0x5a08,0x5187,0x61e8,0x9b6f,0xabd0,0xabf1,0xa3b0,
  0x7b2c,0xd637,0xbd53,0xacd1,0xcdf6,0xc594,0xde79,0x8baf,0xc536,0xbd56,0xc597,0xf73d,0xf75d,0xcdd7,0x93d0,0xbcd4,
  0xd557,0xddb7,0xeebb,0xcd15,0xd556,0xee5a,0xee7a,0xee9b,0xe69b,0xf6dc,0xc576,0x9bef,0xddf7,0xd5d7,0xd5f7,0xa3f0,
  0xcdf7,0xffff,0xf79e,0xf79e,0xef7d,0xf77d,0xf77d,0xf77d,0xf75d,0xf77d,0xf77d,0xf77d,0xf77d,0xf77d,0xf77d,0xf77d,
  0xf77d,0xf77d,0xf77d,0xf79e,0xef1c,0xde9a,0xf79e,0xa514,0x8c10,0xd659,0xc5d7,0xd659,0xcdd7,0xbd34,0xc534,0xc534,
  0xc534,0xcd55,0xb4d3,0x83ce,0xc594,0xa4b1,0xde99,0xe6da,0x9450,0xd638,0xbd75,0xde39,0xee9b,0xf6bb,0xcd56,0xac11,
  0xe619,0xbc73,0xabf1,0xcd36,0xeebb,0xeebb,0xee9b,0xe69b,0xee9b,0xd597,0xbc93,0xde39,0xeebb,0xb473,0x7a4b,0xa38f,
  0xa38f,0xa3b0,0x9b4f,0x932e,0xac12,0xcd56,0xee7a,0xeebb,0xe65a,0xac53,0x732c,0xbd53,0x9c4f,0xacf2,0x944f,0xad12,
  0x9c90,0xa4d1,0x6a8a,0xa3f1,0xa3d0,0xb473,0xac32,0xac11,0xb473,0xb452,0xac32,0xac32,0xac32,0xac32,0xac32,0xac11,
  0x9b4f,0xc4d4,0xde19,0xe69b,0xe67a,0xe67a,0xe67a,0xe67a,0xe65a,0xde19,0xddf8,0xde19,0xde19,0xddf8,0xddf8,0xde19,
  0xde19,0xe619,0xde19,0xde39,0xe67a,0xe67a,0xe67a,0xe67a,0xe67a,0xe67a,0xe65a,0xe619,0xc515,0xcd97,0xee9b,0xe69b,
  0xe69a,0xe67a,0xe67a,0xe67a,0xe69a,0xde19,0xabf1,0xbc73,0xe63a,0xee9b,0xe5d8,0x72ab,0x5187,0x6a29,0x728b,0xa3d0,
  0xb411,0x936e,0x9c91,0xd677,0xacd1,0xacf2,0xd637,0xb512,0xde99,0x9c51,0xc556,0xee9b,0xc536,0x93f0,0xbd35,0xeedb,
  0xf6fc,0xc556,0xc4f5,0xd597,0xee5a,0xcd15,0xddf8,0xd556,0xd576,0xee9b,0xee9b,0xee7b,0xee9b,0xacb3,0xa430,0xcd55,
  0xd5b6,0xa3ef,0x8b2d,0xde38,0xde79,0xef1c,0xf77d,0xf79e,0xf77d,0xf77d,0xf79e,0xf79e,0xf77d,0xef5d,0xef5d,0xf75d,
  0xf75d,0xf75d,0xf77e,0xf79e,0xff9e,0xf77d,0xf77e,0xef3d,0xde9a,0xff9e,0xb555,0xc5d7,0xffdf,0xff7e,0xf77d,0xe6ba,
  0xcd96,0xc534,0xc534,0xc534,0xc555,0x7b8d,0xb533,0xbd53,0xbdb5,0xe71a,0xb533,0x9c71,0xd638,0xc535,0xe619,0xe63a,
  0xac11,0xac11,0xee5a,0xd597,0xabf1,0xbcb4,0xee9b,0xe67a,0xe69b,0xe69b,0xee9b,0xee5a,0xddd8,0xe639,0xee9b,0xddb8,
  0x82cc,0x9b4e,0xabf1,0xa3b0,0x8aed,0xbcb4,0xde19,0xd5b8,0xee9b,0xeebb,0xddf9,0xa411,0x7b4c,0xbd74,0xa490,0xa470,
  0x7b6c,0x944f,0xa4d1,0x7b8d,0x72ab,0xabd1,0xa411,0xb493,0xac11,0xac32,0xb473,0xb452,0xac32,0xac31,0xac32,0xac32,
  0xac32,0xac11,0x9b6f,0xc4d5,0xe619,0xe69b,0xe67a,0xe67a,0xe69a,0xe67a,0xe65a,0xde19,0xddf8,0xddf8,0xddf8,0xddf8,
  0xddf8,0xde19,0xde19,0xe619,0xde19,0xde19,0xe67a,0xe67a,0xe67a,0xe67a,0xe67a,0xe69a,0xe67a,0xe65a,0xd5b7,0xc4f5,
  0xe619,0xe69b,0xe67a,0xe67a,0xe67a,0xe67a,0xe67a,0xee7a,0xbcb4,0xa390,0xc4f5,0xee9b,0xe639,0x8b4e,0x4145,0x828b,
  0x82ed,0x7acc,0x8b4e,0x836e,0xb554,0xce16,0xacd1,0xacf1,0xcdf6,0xacd1,0xcdf6,0xa4f2,0xb4f4,0xd5b8,0xee7a,0xc515,
  0xb4d4,0xacb3,0xbd55,0xeebb,0xe639,0xcd76,0xe619,0xe619,0xd597,0xbc73,0xc4d4,0xe65a,0xeedb,0xe5f8,0xb432,0xe67a,
  0xb4f4,0x832d,0x938e,0x7a8a,0x5966,0xb472,0xbcb3,0xc514,0xd5d7,0xe67a,0xf73d,0xef5d,0xdeba,0xe6db,0xf75d,0xffdf,
  0xffdf,0xffdf,0xffdf,0xffbe,0xe73c,0xdefb,0xdedb,0xf79e,0xffbe,0xf77e,0xf77e,0xde9a,0xef3c,0xb576,0xb555,0xef1c,
  0xff9e,0xffbe,0xe679,0xc555,0xc534,0xc534,0xcd75,0x8bad,0xa4d1,0xbd74,0xc5d6,0xce17,0xd637,0x6b0b,0xc5b6,0xb493,
  0xb473,0xac52,0x9bb0,0xb412,0xd597,0xee7a,0xbc93,0xb452,0xe639,0xee9b,0xee9b,0xee9b,0xe69b,0xee9b,0xde19,0xddf9,
  0xe63a,0xe63a,0x938f,0x9b8f,0xbc32,0x932e,0xbcb3,0xee9b,0xd5b7,0xde19,0xe6bb,0xeebb,0xd5b8,0x9bd0,0x7b8d,0xc574,
  0xacd2,0x9c2f,0x93ee,0x83ad,0x944f,0x5a89,0x8b4e,0xa3d0,0xac52,0xb493,0xac11,0xb432,0xb473,0xb452,0xac32,0xac31,
  0xac32,0xac32,0xac32,0xabf1,0x9b6f,0xc4f5,0xe619,0xe69b,0xe67a,0xe67a,0xe69a,0xe67a,0xe65a,0xde19,0xddf8,0xddf8,
  0xddf8,0xddf8,0xddf8,0xde19,0xde19,0xe619,0xde19,0xde18,0xe659,0xe67a,0xe67a,0xe67a,0xe67a,0xe67a,0xe69a,0xe65a,
  0xe63a,0xcd16,0xd577,0xe67a,0xe67a,0xe67a,0xe67a,0xe67a,0xe67a,0xee9b,0xd5d8,0xabd0,0xac11,0xd597,0xe619,0xa431,
  0x4125,0x82ac,0xa38f,0xabf1,0xb411,0x8b2e,0xb554,0xc5d5,0xb532,0xacf1,0xb533,0xb512,0xb553,0xb574,0xacb3,0xd5b7,
  0xddd8,0xc536,0xe639,0xf6dc,0xc576,0xb4d3,0xde19,0xf6fc,0xe639,0xe619,0xddd8,0xbc73,0xc493,0xe639,0xeedb,0xc4d4,
  0xb3f1,0xddf9,0xf71d,0xcdb7,0xb4b3,0xc535,0x93cf,0x9bae,0xc534,0xbcd3,0xc555,0xcd97,0xcdb7,0x836e,0x9431,0x83cf,
  0x83af,0x8c10,0xa4f4,0xad14,0xad14,0x9c92,0x83f0,0x7b0d,0x832d,0x83af,0xc618,0xef5d,0xe71c,0xef5d,0xef1c,0xffff,
  0xdeba,0xb575,0xbdb6,0xdeba,0xe69a,0xcd76,0xc534,0xbd34,0xcd75,0x9c0f,0x9c70,0xbd53,0xcdf6,0xc5f6,0xcdd6,0x8bef,
  0x940f,0xbcf4,0xb472,0x8b6e,0xac52,0xccf5,0xac11,0xc4d4,0xbcb4,0xbcb4,0xe65a,0xeebb,0xee9b,0xee7b,0xe69b,0xe69b,
  0xe639,0xddf8,0xe619,0xe639,0x832e,0xabf1,0xa3b0,0xa411,0xe65a,0xde19,0xd5b8,0xe67a,0xee9b,0xeebb,0xd577,0x9bb0,
  0x83ad,0xbd74,0xb533,0x9c50,0x62ca,0xa450,0x93ee,0x6249,0xa3d0,0xa3f0,0xb473,0xb473,0xabf1,0xb432,0xb452,0xb432,
  0xac31,0xac32,0xac32,0xac32,0xac32,0xabf1,0x9b8f,0xccf5,0xde39,0xe69b,0xe67a,0xe67a,0xe67a,0xe67a,0xe67a,0xde19,
  0xddf8,0xddf8,0xddf8,0xddf8,0xddf8,0xddf8,0xddf8,0xde19,0xde19,0xddf8,0xde19,0xe67a,0xe67a,0xe67a,0xe67a,0xe67a,
  0xe67a,0xe67a,0xe65a,0xddd8,0xc4f5,0xde18,0xe69a,0xe67a,0xe67a,0xe67a,0xe67a,0xe69a,0xe67a,0xbc72,0xa3b0,0xbc93,
  0xd576,0xbc93,0x4987,0x8acc,0x9b6f,0xac11,0xb432,0x8b2d,0xc5b5,0xa4d2,0xacf2,0xbd74,0xacf2,0xb553,0xacb0,0xc595,
  0x9c71,0xf6dc,0xddf9,0xc556,0xee7b,0xe67a,0xeebb,0xe619,0xac72,0xbd35,0xeedc,0xe65a,0xd5b8,0xc4b4,0xc473,0xe67a,
  0xddb7,0xb3f1,0xb411,0xe5f8,0xeebb,0xee7a,0xe65a,0xe65a,0xf71c,0xa451,0xbcb3,0xc4f3,0xc514,0xb493,0x9bd0,0x8b2e,
  0xac32,0xe639,0xe67a,0xbd35,0x9c31,0xbd35,0xc597,0xd5f8,0xeebb,0xddd8,0xb412,0xa390,0x830d,0x8bb0,0xacb3,0x9c72,
  0xa4d3,0xb555,0xc618,0xdedb,0xf77e,0xe71b,0xeedb,0xcdb6,0xc534,0xbd34,0xcd55,0xa430,0x8c0f,0xbd53,0xbdb5,0xde79,
  0xad13,0xa450,0x8bef,0xac51,0xb472,0x7b0c,0xac31,0xd576,0xb452,0xb432,0xb432,0xb452,0xc4d4,0xd5d8,0xee9a,0xeebb,
  0xee9b,0xeebb,0xee9b,0xee5a,0xee5a,0x9bf0,0x938f,0xb412,0x9b6f,0xddd8,0xe639,0xddd8,0xddf8,0xee9b,0xe69b,0xee9a,
  0xcd15,0x938f,0x83ce,0xbd74,0xb533,0xa491,0x83ad,0x836c,0x8bce,0x6a8a,0xa3f1,0xac32,0xb473,0xac52,0xabf1,0xac11,
  0xb432,0xac32,0xac31,0xac31,0xac32,0xac32,0xac32,0xa3f1,0x9b8f,0xcd15,0xe63a,0xe69a,0xe67a,0xe67a,0xe67a,0xe67a,
  0xe67a,0xde19,0xddf8,0xddf8,0xddf8,0xddf8,0xddf8,0xddf8,0xddf8,0xde19,0xde19,0xde19,0xde19,0xe65a,0xe67a,0xe67a,
  0xe67a,0xe67a,0xe67a,0xe67a,0xde59,0xe67a,0xcd36,0xcd56,0xe65a,0xee9b,0xe67a,0xe67a,0xe67a,0xe67a,0xeebb,0xd556,
  0xa3af,0xac11,0xbc93,0xc4d4,0x6a6a,0x82ac,0x9b6f,0xabf1,0xb3f1,0x82ec,0xc5d6,0x838d,0x9c50,0xbd74,0xb533,0xb512,
  0xacb1,0xbd53,0x9c91,0xbd35,0xcd97,0xe639,0xee9b,0xe67a,0xe67a,0xe67a,0xcd56,0xc4f5,0xb473,0xde19,0xeedc,0xd556,
  0xb432,0xee7a,0xbc52,0xb3d1,0xb411,0xe619,0xe639,0xddf8,0xddf8,0xd5b8,0xf6dc,0xa451,0x936e,0xc4f4,0x82ec,0x6a09,
  0x9bd0,0xf6bc,0xcd57,0xb4b3,0xe65a,0xf6fc,0xff1d,0xf6fc,0xf6dc,0xee7a,0xe65a,0xf6dc,0xd577,0xabb0,0xb3d1,0xa390,
  0xddd8,0xee9b,0xde39,0xcdd8,0xb535,0x8bf0,0xa4f4,0xffff,0xef1c,0xd5d7,0xcd75,0xc575,0xcd75,0x9c30,0x8c0f,0xb553,
  0xbd74,0xe6da,0xb554,0x9c30,0xac91,0x8b8e,0xa3f0,0x8b2d,0xb432,0xcd56,0xcd56,0xac11,0xb452,0xb432,0xac11,0xac32,
  0xbcb4,0xddf8,0xde5a,0xde59,0xd5d8,0xb4d3,0x834e,0x8b2e,0xb432,0xa38f,0xc4f4,0xe65a,0xddf8,0xd5b8,0xe63a,0xee9b,
  0xe69b,0xe659,0xc4b4,0x8b8f,0x83ad,0xbd74,0xb533,0xacf2,0xa4d2,0x6b0a,0x6aca,0x8b2e,0xac32,0xb493,0xb473,0xac31,
  0xabf1,0xac11,0xac11,0xac11,0xac11,0xac11,0xac31,0xac31,0xac32,0xa3d0,0x9b8f,0xcd16,0xe65a,0xe69a,0xe67a,0xe67a,
  0xe67a,0xe67a,0xe67a,0xe619,0xddf8,0xde19,0xde19,0xddf8,0xddf8,0xddf8,0xddf8,0xde19,0xde19,0xddf8,0xddf8,0xde39,
  0xe67a,0xe67a,0xe67a,0xe67a,0xe67a,0xe67a,0xe65a,0xe67a,0xe639,0xcd15,0xddd8,0xee7a,0xe67a,0xe67a,0xe67a,0xe67a,
  0xe69a,0xee5a,0xac31,0xabf1,0xb432,0xc4f5,0x832d,0x726a,0x9b8f,0xabf1,0xabd1,0x832d,0xbd95,0x8bce,0x940f,0xbd74,
  0xc5b5,0xacf2,0xacd1,0xacb1,0xc594,0x836d,0xddf9,0xee9b,0xe69a,0xee9b,0xe69b,0xe65a,0xcd15,0xddb8,0xdd98,0xac52,
  0xc535,0xf6fc,0xe619,0xc493,0xabb0,0xb3f1,0xb3f1,0xde18,0xd577,0xddd8,0xddf8,0xddd8,0xee9b,0xcdd7,0x72ec,0x8b4e,
  0x93af,0xc555,0xeebb,0xeebb,0xfefd,0xe619,0xd597,0xe63a,0xe69b,0xee9b,0xe65a,0xddf9,0xe63a,0xee3a,0xbc93,0xa390,
  0x9b70,0xc4f5,0xee9b,0xe69b,0xeebb,0xeebb,0xf6dc,0xf6fc,0x9c52,0x9430,0xcd96,0xac72,0x8b6e,0xa451,0xc535,0x9c10,
  0x944f,0xad12,0xbd94,0xe6fa,0xce17,0x9c10,0xbcd3,0x7b0c,0x7aec,0xa411,0xb432,0xbcd4,0xee7a,0xc4f5,0xb432,0xb452,
  0xb452,0xb452,0xbc72,0x72ab,0x628a,0x830d,0x830d,0x832d,0x9b8f,0xb411,0xabd1,0xac11,0xe619,0xddf8,0xddf8,0xddd8,
  0xee7b,0xee9b,0xeebb,0xddf8,0xbc93,0x8b8f,0x83ad,0xb553,0xb533,0xad12,0xad13,0x62ca,0x5a08,0xa3f1,0xb493,0xb4b3,
  0xb472,0xac11,0xac11,0xac11,0xac11,0xac11,0xac11,0xac11,0xac11,0xac11,0xac31,0xa3d0,0x9b6f,0xcd36,0xe65a,0xe69a,
  0xe67a,0xe67a,0xe67a,0xe65a,0xe65a,0xe619,0xddf8,0xde19,0xde19,0xddf8,0xddf8,0xddf8,0xddf8,0xde19,0xde19,0xddf8,
  0xddf8,0xde19,0xe67a,0xe67a,0xe67a,0xe67a,0xe67a,0xe67a,0xe67a,0xe659,0xe67a,0xd5b7,0xcd36,0xe639,0xee9b,0xe67a,
  0xe67a,0xe67a,0xe67a,0xee9b,0xcd56,0xa3b0,0xb432,0xbcb3,0x9bd0,0x6a29,0xa38f,0xabf1,0xabb0,0x8b6e,0xad13,0x838d,
  0xacb2,0x9c90,0xe6b9,0xbd74,0xa490,0xacb0,0xb532,0xacf3,0xacb3,0xf6fc,0xe67a,0xe69b,0xeebb,0xe619,0xcd56,0xd5d8,
  0xe5f9,0xcd16,0xb412,0xac52,0xde39,0xee5a,0xb412,0xb411,0xe5f8,0xddb7,0xccf5,0xdd97,0xd597,0xddb8,0xe63a,0xf6fc,
  0xeebb,0xe619,0xee59,0xe619,0xe65a,0xeedc,0xd597,0xcd16,0xd5b8,0xee7a,0xee9b,0xe67a,0xddd8,0xd5b8,0xe65a,0xcd15,
  0xb452,0xac12,0xd597,0xeebc,0xeebb,0xee9b,0xe67a,0xe67a,0xddf8,0xcd56,0xe5f9,0xa431,0x834d,0x934e,0x936f,0x832e,
  0x72cc,0x628a,0xacf2,0xacd1,0xce17,0xe6fa,0xd678,0x9c10,0xc4b3,0x8b6e,0x832d,0xb452,0xac31,0xb452,0xee7a,0xddf8,
  0xb432,0xb452,0xb432,0xb452,0xac31,0x6229,0xabd0,0xabf0,0xac11,0xb411,0xac11,0xabf1,0xa3b0,0xc515,0xe639,0xddf8,
  0xddd8,0xddf9,0xee9b,0xe69b,0xeebb,0xcd97,0xbc73,0x8b8e,0x942f,0xa491,0xb554,0xacf2,0xb534,0x5a89,0x6229,0xb493,
  0xb4b3,0xbcb3,0xb452,0xac11,0xac11,0xac11,0xac11,0xac11,0xac11,0xac11,0xac11,0xac11,0xac11,0xa3b0,0x9b6f,0xcd36,
  0xe65a,0xe67a,0xe67a,0xe67a,0xde39,0xde19,0xe619,0xe619,0xddf8,0xde19,0xde19,0xddf8,0xddf8,0xddf8,0xddf8,0xddf8,
  0xddf8,0xddf8,0xddf8,0xde19,0xe65a,0xe67a,0xe67a,0xe67a,0xe67a,0xe67a,0xe67a,0xe65a,0xe65a,0xe65a,0xd577,0xddb7,
  0xe67a,0xe67a,0xe67a,0xe67a,0xe67a,0xe69b,0xee5a,0xac11,0xabf1,0xbc72,0xac31,0x6208,0x9b6f,0xabf0,0xa38f,0x93af,
  0xa4d2,0x62ab,0xb4d3,0x8bce,0xbd94,0xef1a,0xacf2,0xa470,0xa490,0xbd53,0x9c2f,0xbd34,0xf71c,0xe67a,0xee9b,0xddd8,
  0xddb8,0xd5b8,0xddf8,0xcd97,0xd597,0xc4f5,0x932e,0xc535,0xf6dc,0xc4f5,0xde19,0xd556,0xc4b4,0xd577,0xd577,0xd577,
  0xe639,0xeedb,0xe65a,0xddb8,0xd597,0xd5b7,0xf6dc,0xcd56,0xb452,0xd577,0xe63a,0xeebb,0xe67a,0xd5d8,0xd577,0xddf9,
  0xcd56,0xb453,0xe639,0xeebb,0xeedc,0xeebb,0xe639,0xcd76,0xe619,0xddf8,0xcd36,0xcd36,0xddf8,0xf71c,0xee9a,0xcd15,
  0xc4d4,0xccf5,0x9bb0,0x7b4c,0xbd74,0xa4d2,0xd678,0xe6da,0xd678,0x9c10,0xb472,0x834d,0x938f,0xac52,0xac11,0xac11,
  0xde18,0xddf8,0xb432,0xb432,0xb431,0xbc93,0x82ec,0x7a8b,0xabd0,0xa3d0,0xa3d0,0xabf0,0xabf0,0xabd0,0xa3d0,0xddd8,
  0xddf8,0xddf8,0xd5d8,0xe65a,0xee9b,0xe69a,0xeebb,0xc515,0xbc93,0x834d,0xacf1,0x83ce,0xa4d2,0xb512,0xacf2,0x4a07,
  0x938f,0xbcb4,0xb4b3,0xbcb3,0xb452,0xac11,0xac11,0xac11,0xac11,0xac11,0xac11,0xac11,0xac11,0xac11,0xac11,0xa3b0,
  0x9b8f,0xcd56,0xe65a,0xe67a,0xe67a,0xe65a,0xde19,0xde19,0xde19,0xde19,0xde19,0xde19,0xde19,0xddf8,0xddf8,0xddf8,
  0xddf8,0xddf8,0xddf8,0xddf8,0xddf9,0xddf9,0xe63a,0xe67a,0xe67a,0xe67a,0xe67a,0xe67a,0xe67a,0xe67a,0xe65a,0xe67a,
  0xe639,0xcd36,0xddd8,0xee7a,0xe67a,0xe67a,0xe67a,0xe67a,0xeebb,0xd576,0xa38f,0xb452,0xb472,0x6209,0x930d,0xabd0,
  0xa38f,0x93af,0x9c71,0xbd55,0x8bae,0xacd2,0x9c70,0xde99,0xef1a,0xb553,0xacd1,0x9c70,0xacd2,0x838d,0xacf4,0xf71c,
  0xff3d,0xcd76,0xd5f8,0xe619,0xe63a,0xc5b7,0xb555,0xe639,0xbc12,0x9b6f,0xb4b3,0xf6fc,0xcd76,0xb432,0xccb4,0xd556,
  0xd577,0xd556,0xe639,0xe67a,0xd576,0xdd97,0xd597,0xe67a,0xddf8,0xa390,0xc4b4,0xddf9,0xee9b,0xee9b,0xddf8,0xd556,
  0xd597,0xd5b8,0xb432,0xcd56,0xeedc,0xee9b,0xee9b,0xddd8,0xc4d4,0xc4b3,0xd577,0xd597,0xd597,0xe639,0xeebb,0xeebb,
  0xcd56,0xbc93,0xb493,0xccf5,0x82ec,0x9cb1,0xbd74,0x9c70,0xce37,0xe6fa,0xc5f6,0x9bcf,0xa3f0,0x7aec,0xa3f0,0xac31,
  0xac11,0xabf1,0xcd76,0xe659,0xb452,0xb432,0xbc73,0x936e,0x6a4a,0x9b4e,0xa3af,0xa3f0,0xa3f0,0xa3d0,0xabf1,0xa38f,
  0xbc93,0xe639,0xddd8,0xddf8,0xddf8,0xee7a,0xe67b,0xe69b,0xe67b,0xbcb3,0xbc93,0x7b2d,0xb533,0xa4b1,0x8c0f,0xb533,
  0x83ce,0x49c7,0xbc93,0xb493,0xb4b3,0xb4b3,0xac52,0xac11,0xac11,0xac11,0xac11,0xac11,0xac11,0xac11,0xac11,0xac11,
  0xac11,0xa3b0,0x9b8f,0xcd56,0xe65a,0xe67a,0xe67a,0xe65a,0xde18,0xde19,0xde19,0xde19,0xde19,0xde19,0xde19,0xde19,
  0xde19,0xddf8,0xddf8,0xddf8,0xddf8,0xddf8,0xddf8,0xddf9,0xde19,0xe67a,0xe67a,0xe67a,0xe67a,0xe67a,0xe67a,0xe67a,
  0xe65a,0xe65a,0xe69a,0xcd56,0xc4d4,0xe619,0xe67a,0xe67a,0xe67a,0xe67a,0xe69a,0xee7a,0xac11,0xabd0,0xc4b3,0x6a8a,
  0x7aab,0xabd0,0xa36f,0xa410,0x8bef,0xde7a,0xcdf8,0x93ef,0x940f,0xb513,0xef3c,0xef1b,0xef1b,0xd658,0xbd95,0xbd95,
  0x83ae,0x7b8e,0xa4b2,0x7b4d,0xbd75,0xbd15,0xcdb7,0x8c10,0xbd55,0xe65a,0xb3f2,0xc473,0xbcd4,0xa411,0xeebb,0xde19,
  0xb432,0xd556,0xdd77,0xcd36,0xee5a,0xd556,0xcd15,0xdd97,0xddd8,0xe619,0xabd1,0xabb0,0xcd15,0xee9b,0xeebb,0xe65a,
  0xd577,0xd597,0xddd8,0xbc73,0xbc73,0xe65a,0xee9b,0xee9b,0xddb8,0xbcb3,0xc4b4,0xc4d4,0xd597,0xde19,0xd5b7,0xeebb,
  0xeebb,0xd5b7,0xbc93,0xbcb3,0xc4d4,0xac32,0x8bce,0xc5d5,0xb533,0xa491,0xc5d6,0xef1b,0xb513,0x8b6e,0x834d,0x8b2d,
  0xac31,0xac11,0xac11,0xac11,0xb452,0xd5b7,0xc4b4,0xac31,0x728b,0x7aab,0x9b6f,0x9b4e,0xa3d0,0xa3d0,0xa38f,0xa3af,
  0xabd0,0x9b8f,0xd5d8,0xe639,0xddd8,0xddd8,0xde39,0xe69b,0xe67a,0xee9b,0xde19,0xb472,0xbc93,0x7b4d,0xacf2,0xbdb6,
  0xc617,0x9450,0x4a08,0x7aec,0xbcd4,0xb493,0xb4b3,0xb493,0xac32,0xac11,0xac11,0xac11,0xac11,0xac11,0xac11,0xac11,
  0xac11,0xac11,0xac11,0xa3b0,0x9b8f,0xcd56,0xe65a,0xe67a,0xe67a,0xe65a,0xde18,0xde19,0xde19,0xde19,0xde19,0xde19,
  0xde19,0xde19,0xde19,0xde19,0xddf8,0xddf8,0xddf8,0xddf8,0xddf8,0xde19,0xde19,0xe67a,0xe67a,0xe67a,0xe67a,0xe67a,
  0xe67a,0xe69a,0xe65a,0xe65a,0xe67a,0xe639,0xbc73,0xd556,0xde39,0xe67a,0xe67a,0xe67a,0xe67a,0xeebb,0xcd56,0x9b4e,
  0xc493,0x832d,0x6a4a,0xabd0,0x9b4e,0xac72,0x83ce,0xd639,0xf71c,0xde79,0xacb2,0x8bae,0xa4b2,0xb575,0xce38,0xef3c,
  0xf77d,0xef1b,0xf75c,0xce17,0x9c92,0xad13,0xce38,0xde7a,0xbd96,0x9c72,0xe639,0xe65a,0xbc73,0xc4d4,0xddd8,0xbc93,
  0x9bd0,0xde39,0xee9b,0xb452,0xd556,0xd577,0xe639,0xc493,0xcd15,0xdd97,0xddb7,0xac11,0xabb0,0xabd0,0xddd8,0xf6dc,
  0xe67a,0xd577,0xcd36,0xddb8,0xcd16,0xb3f1,0xd536,0xde19,0xe65a,0xddd8,0xc4d4,0xbc93,0xc4b3,0xcd35,0xde18,0xe69a,
  0xb4f4,0xeedb,0xddf8,0xbc93,0xc4b4,0xc4d4,0xa3f0,0x8bef,0xce37,0x942f,0xc575,0x9c50,0xc5f7,0xe6b9,0x6aca,0x72cb,
  0x834d,0xa3d0,0xb431,0xac11,0xac11,0xac11,0xb432,0xc4d4,0x9bd0,0x5a08,0x8b0d,0xabf1,0x932d,0x9b6f,0xa3d0,0xa36f,
  0x9b4e,0xa3d0,0xa38f,0xbcb4,0xe67a,0xddf8,0xddf8,0xddf8,0xe65a,0xe69b,0xe67a,0xeebb,0xd5b7,0xb452,0xb473,0x7b6d,
  0xad12,0xb554,0xff9d,0x8c2f,0x3945,0xb452,0xb4b3,0xb493,0xb493,0xb493,0xac11,0xabf1,0xabf1,0xabf1,0xac11,0xac11,
  0xac11,0xac11,0xac11,0xabf1,0xabf1,0xa38f,0x9b8f,0xcd56,0xe65a,0xe67a,0xe67a,0xe65a,0xde19,0xde19,0xde19,0xde19,
  0xde19,0xddf8,0xddf8,0xde19,0xde19,0xde19,0xddf8,0xde19,0xde19,0xddf8,0xddf8,0xde19,0xde19,0xe65a,0xe67a,0xe67a,
  0xe67a,0xe67a,0xe67a,0xe67a,0xe67a,0xe65a,0xe67a,0xe69a,0xd5b7,0xbc73,0xdd97,0xe65a,0xe69a,0xe67a,0xe67a,0xe69a,
  0xee7a,0xabf1,0xb411,0xa3f1,0x6208,0xabb0,0x9b2e,0xbcf4,0x9430,0xcdf8,0xeedb,0xeebb,0xf6fc,0xe65a,0x9c11,0x83af,
  0xa4b3,0x9cb2,0xbd96,0xde9a,0xdeba,0xd659,0xe6ba,0xde9a,0xd658,0xb555,0xa4b3,0xc576,0xe65a,0xe67a,0xddf9,0xe65a,
  0xddb8,0xc4b4,0xccf5,0xac31,0xc556,0xee9b,0xbcd4,0xbc94,0xd536,0xbc53,0xdd77,0xdd97,0xa390,0xa34f,0xa3d0,0xb432,
  0xddb8,0xd5d8,0xcd77,0xcd76,0xd5d8,0xddf8,0xd5b7,0xddb7,0xd5b7,0xcd36,0xcd36,0xbc93,0xbc73,0xbc93,0xcd15,0xe5d8,
  0xe65a,0xc596,0xacd3,0xde39,0xc515,0xb472,0xac52,0x93af,0x9c51,0xd659,0x8c10,0xa471,0xd596,0x93ef,0xce78,0xad13,
  0x9bef,0x6249,0x8b4d,0xb452,0xac11,0xac11,0xac31,0xac11,0x8b2d,0x6229,0x6a4a,0x9b8f,0xb411,0x9b6e,0x932d,0xa390,
  0x9b4e,0xa36f,0xac11,0xa3b0,0xa3b0,0xddf8,0xe65a,0xddd8,0xddf8,0xde19,0xe69a,0xe67a,0xe67a,0xeebb,0xc535,0xb472,
  0xac32,0x838d,0xbd73,0xacd1,0xbd95,0xbdb6,0x7b0d,0xbcd4,0xb493,0xb493,0xb493,0xb473,0xa411,0xabf1,0xabf1,0xabf1,
  0xac11,0xabf1,0xac11,0xac11,0xac11,0xabf1,0xa3f1,0xa38f,0x9b8f,0xcd56,0xe67a,0xe67a,0xe67a,0xe65a,0xde19,0xde19,
  0xde19,0xde19,0xde19,0xddf8,0xddf8,0xddf8,0xddf8,0xde19,0xddf8,0xde19,0xde19,0xddf8,0xddf8,0xde19,0xde18,0xe659,
  0xe67a,0xe67a,0xe67a,0xe67a,0xe67a,0xe67a,0xe67a,0xe65a,0xe67a,0xe67a,0xe67a,0xbc93,0xbc53,0xddb8,0xe65a,0xe69a,
  0xe67a,0xe67a,0xeebb,0xcd56,0xa38f,0xb452,0x59e8,0x9b6f,0x9b2e,0xc4d4,0xad14,0x9410,0xf71c,0xeebb,0xe69b,0xf6dc,
  0xd5b7,0xa492,0x9c51,0xb555,0xb514,0xa4b2,0x7b6e,0x9c71,0x9c51,0xacf3,0xa4b2,0xa492,0xc515,0xde39,0xe639,0xee7a,
  0xe619,0xe63a,0xddb8,0xc4f5,0xe619,0xcd16,0xabd0,0xb4b4,0xeebb,0xb4d4,0x9b6f,0xa390,0xc4d4,0xac11,0xa3b0,0xbcb4,
  0xd5b7,0xee9a,0xeebb,0xe69b,0xe69b,0xe67a,0xde7a,0xde59,0xde39,0xde39,0xd5f8,0xd5f8,0xde19,0xddd8,0xd536,0xc4d4,
  0xc4d4,0xbcb4,0xddf8,0xbd14,0x7b4d,0xa492,0xacb2,0x93ef,0x9c51,0xbd34,0xcdd7,0x9c92,0x9c10,0xcd35,0xc4f4,0x940f,
  0xce17,0x9c10,0xe5d8,0x9bd0,0x72ab,0xbc52,0xabf1,0xb432,0x8b2d,0x4145,0x59c8,0x8b2e,0xac11,0xabf1,0xabb0,0x932e,
  0x930d,0x9b4f,0xac32,0xddd8,0xb473,0x9b6f,0xc4d4,0xee7a,0xde19,0xddf8,0xddd8,0xde39,0xe69b,0xe67a,0xe69a,0xee7b,
  0xbcb3,0xb473,0xa411,0x838d,0xbd73,0xbd33,0x9c70,0x9c91,0xac72,0xb4b3,0xb493,0xb493,0xb493,0xb452,0xa3f1,0xabf1,
  0xabf1,0xa3f1,0xa3d0,0xabf1,0xac11,0xac11,0xabf1,0xabf1,0xa3f1,0xa38f,0xa38f,0xcd76,0xe67a,0xe67a,0xe67a,0xe65a,
  0xde19,0xde19,0xde19,0xde19,0xddf8,0xddf8,0xddf8,0xddf8,0xddf8,0xddf8,0xddf8,0xddf8,0xddf8,0xddf8,0xddf8,0xde18,
  0xde19,0xde59,0xe67a,0xe67a,0xe67a,0xe67a,0xe67a,0xe67a,0xe67a,0xe67a,0xe67a,0xe67a,0xe67a,0xddf8,0xa3d0,0xc4b4,
  0xddd8,0xee7a,0xe69a,0xe67a,0xe67a,0xee9a,0xb452,0xabf1,0x6229,0x930d,0xa36f,0xac32,0xeeba,0x93f0,0xa492,0xde5a,
  0xde39,0xe639,0xd597,0xd5d7,0xbd14,0xacd3,0xacd3,0x9410,0xb514,0xf6fc,0xc576,0xbd35,0xde59,0xcd56,0xddf8,0xde59,
  0xde19,0xee9b,0xee5a,0xee9b,0xd5b8,0xcd56,0xbcd4,0x938f,0x9bf0,0x8b6e,0xa4b3,0xbdb7,0x9c72,0x9430,0x9c92,0xc5d7,
  0xde9a,0xde9a,0xd618,0xbd15,0xac72,0xa411,0xa3d1,0xa3d1,0xabd1,0xabd0,0xabf1,0xa3b0,0xbc93,0xabf1,0x9b6f,0xabf1,
  0xbc73,0xc4d4,0xcd36,0xb473,0xac31,0xac52,0x9bf0,0x9c31,0xa4d3,0xc5f7,0xd638,0xcdf7,0xbd55,0xa451,0xc4f4,0xcd15,
  0x9c10,0xa4d2,0xac72,0xccf4,0xdd77,0xcd56,0x6a6a,0xabf1,0xb411,0xbc73,0x61e8,0x8b0d,0xb432,0xabf1,0xa3d0,0xabf0,
  0xa38f,0x8acd,0xabd0,0xd597,0xee9b,0xd597,0x9b6f,0xac11,0xd5b7,0xe67a,0xddf8,0xddf8,0xddd8,0xe65a,0xe69b,0xe67a,
  0xe69b,0xe619,0xb472,0xbc93,0xa3d0,0x8bce,0xbd73,0xbd33,0xa4b1,0x944f,0xb493,0xb493,0xb493,0xb493,0xb493,0xac32,
  0xabf1,0xac11,0xa3d0,0xac32,0xbcb3,0xabf1,0xac11,0xabf1,0xabf1,0xabf1,0xa3d1,0xa38f,0xa390,0xd576,0xe67a,0xe67a,
  0xe67a,0xe65a,0xde19,0xde19,0xde19,0xde19,0xddf8,0xddf8,0xddf8,0xddf8,0xddf8,0xddf8,0xddf8,0xddf8,0xddf8,0xddf8,
  0xddf8,0xddf8,0xde19,0xe659,0xe67a,0xe67a,0xe67a,0xe67a,0xe67a,0xe67a,0xe67a,0xe67a,0xe67a,0xe67a,0xe67a,0xee9b,
  0xc4f4,0xa3b0,0xc4d4,0xe619,0xe67a,0xe67a,0xe67a,0xeebb,0xd597,0xb3f1,0x726a,0x7a8b,0xa38f,0xa3d0,0xee9a,0xeebb,
  0xc556,0xacb3,0xbd35,0xde19,0xcd36,0xde19,0xcd76,0xde39,0xcdb7,0xd618,0xf6fc,0xee9b,0xddd8,0xde19,0xf6fc,0xc515,
  0xe65a,0xe639,0xe65a,0xee9b,0xcd77,0xb515,0xacb3,0xad34,0xbd76,0xd679,0xef3c,0xffbf,0xffbf,0xef3d,0xc5b7,0xce18,
  0xe6fc,0xbd76,0x9c51,0x93f0,0x7acc,0x9b2e,0xbc12,0xc4b4,0xd577,0xccf5,0xc494,0xbc93,0xd576,0xc4f5,0xe619,0xddd8,
  0xccf5,0xbc12,0xd577,0xbc52,0xc4f5,0xe619,0xe619,0xddb7,0xddb7,0xddf8,0xacb3,0xa471,0xcdd7,0xcdb7,0x8b6e,0x93af,
  0xac52,0x9bf0,0xa492,0xa492,0xbcd3,0xe5b8,0xdd97,0xe619,0xa451,0x728b,0xa3b0,0x728b,0x61e8,0xb432,0xa3d0,0xa3d0,
  0xabd0,0xabd0,0x92ed,0x9b8f,0xe65a,0xeebb,0xee7a,0xb432,0xa390,0xc4f5,0xde19,0xde39,0xddf8,0xddf8,0xddf9,0xe67a,
  0xe69b,0xe67a,0xeebb,0xd5b7,0xac52,0xbcb3,0x9bd0,0x8c0f,0xc574,0xbd33,0x9c70,0x9c4f,0xb473,0xb493,0xb493,0xb473,
  0xb493,0xac32,0xabf1,0xa3f1,0xb452,0xd576,0xd577,0xa3b0,0xabf1,0xabf1,0xabf1,0xabf1,0xa3d0,0xa38f,0x9b8f,0xcd56,
  0xe67a,0xe67a,0xe67a,0xe67a,0xde39,0xde19,0xde19,0xde19,0xddf8,0xde19,0xde19,0xddf8,0xddf8,0xddf8,0xddf8,0xddf8,
  0xddf8,0xddf8,0xddd8,0xd5b8,0xd5d8,0xddf8,0xde39,0xe67a,0xe67a,0xe67a,0xe67a,0xe67a,0xe67a,0xe67a,0xe67a,0xe67a,
  0xe67a,0xe69b,0xe639,0xac11,0xabf1,0xc4f5,0xddf9,0xe67a,0xe69a,0xe69a,0xee7a,0xc4b3,0x7aab,0x61c8,0xa3b0,0x9b6f,
  0xde18,0xee9b,0xeebb,0xeebb,0xeebb,0xee9b,0xcd16,0xde19,0xd597,0xe65a,0xe65a,0xde39,0xee9b,0xee9b,0xd597,0xddd8,
  0xe67a,0xbcb4,0xf6dc,0xde39,0xb515,0xad14,0xbd96,0xdedb,0xf7be,0xffff,0xffff,0xf77d,0xde9a,0xb535,0x9431,0xa4b3,
  0x9bf0,0xa472,0xff9e,0xeefc,0x8bf0,0xf71d,0xe6fb,0xa452,0xac52,0xe619,0xee5a,0xcd36,0xbc73,0xbc73,0xee7a,0xddf8,
  0xcd36,0xddf9,0xe65a,0xc494,0xee5a,0xbc73,0xcd56,0xb4d4,0xcd56,0xd5b8,0xddd8,0xcd76,0xbcd4,0xc4f5,0xa472,0x932e,
  0xabd0,0x8b2d,0x8bcf,0xb534,0xacb3,0xbcf4,0xe5f8,0xdd97,0xcd36,0xc4d4,0xcd15,0x9bb0,0x82ec,0x7acc,0x6a29,0xa3d0,
  0xabd0,0xabd0,0xabf0,0xa38f,0x8aac,0xc515,0xeebb,0xee9b,0xddf8,0xa36f,0xbc73,0xd597,0xe67a,0xddf8,0xddf8,0xddf8,
  0xde19,0xe69a,0xe67a,0xe67a,0xeebb,0xcd35,0xac52,0xbcb4,0x93af,0x9c4f,0xbd53,0xacb1,0x8bce,0x9c70,0xb473,0xb493,
  0xb473,0xb473,0xb473,0xac11,0xa3b0,0xbcb4,0xdd97,0xd597,0xc515,0xa3b0,0xac11,0xabf1,0xabf1,0xabf1,0xa3d0,0xa38f,
  0x9b8f,0xcd56,0xe67a,0xe67a,0xe67a,0xe67a,0xe659,0xde19,0xde19,0xde19,0xde19,0xddf8,0xddf8,0xde19,0xde19,0xddf8,
  0xddf8,0xddf8,0xddf8,0xddd8,0xddd8,0xddb7,0xd597,0xd597,0xddb8,0xe619,0xe67a,0xe67a,0xe67a,0xe67a,0xe67a,0xe67a,
  0xe67a,0xe67a,0xe67a,0xe67a,0xeebb,0xcd77,0xa3d1,0xac32,0xc4f5,0xddf9,0xe69b,0xe67a,0xee9b,0xe639,0xac11,0x4125,
  0x934e,0x9b8f,0xd576,0xeebb,0xe67a,0xe67a,0xe67a,0xee9b,0xcd56,0xd5b8,0xd577,0xf6dc,0xe67a,0xddf9,0xee7b,0xee7b,
  0xd577,0xde19,0xde39,0xc515,0xc596,0x9451,0xbdb6,0xef3c,0xffdf,0xef3d,0xce59,0xb576,0x9c72,0x8baf,0x7b0d,0x836e,
  0xb4f4,0xd619,0x9bd0,0x7aed,0xbd35,0xa452,0x9c52,0x838f,0xe6db,0xffff,0xce18,0xa472,0xc536,0xee9b,0xe619,0xc4f5,
  0xf6db,0xe639,0xcd36,0xeebb,0xee7a,0xcd15,0xe639,0xbc93,0xee9b,0xe639,0xcd97,0xc536,0xbd15,0xbcd4,0xcd35,0xc4f5,
  0xd577,0xbc93,0x93af,0x9c10,0xac92,0xa472,0xd556,0xddb8,0xccf5,0xc4d4,0xcd15,0xd556,0xcd15,0xc4b4,0xbc73,0xccb4,
  0x934e,0x82ac,0xb411,0xa3d0,0xabd0,0x8aed,0x9b8f,0xe639,0xee9a,0xeebb,0xc4f5,0xa3b0,0xcd15,0xddf8,0xe67a,0xddf8,
  0xddf8,0xddd8,0xe639,0xe69b,0xe67a,0xe69a,0xee7a,0xbcb4,0xb452,0xbcb4,0x938f,0x942f,0xacd1,0x942f,0x9c70,0x9c90,
  0xb472,0xb473,0xb473,0xb472,0xb452,0xa3d0,0xb473,0xe639,0xde19,0xd597,0xd577,0xabf1,0xabf1,0xabf1,0xabf1,0xabf1,
  0xa3b0,0xa38f,0xa390,0xd576,0xe67a,0xe67a,0xe67a,0xe67a,0xe67a,0xe659,0xde19,0xde19,0xde19,0xddf8,0xddf8,0xddf8,
  0xde19,0xde19,0xddf8,0xddf8,0xddf8,0xddd8,0xddd8,0xddd8,0xd5b7,0xd577,0xd556,0xd597,0xde19,0xe65a,0xe67a,0xe67a,
  0xe67a,0xe67a,0xe67a,0xe67a,0xe67a,0xe67a,0xe67a,0xee9a,0xbc93,0xabf1,0xac32,0xc4d5,0xde19,0xee9b,0xe67a,0xe69a,
  0xee5a,0x7aab,0x59c8,0xabd0,0xbcb4,0xeebb,0xe69b,0xee9b,0xe69b,0xee9b,0xcd56,0xc4f5,0xcd36,0xe619,0xcd77,0xe63a,
  0xe67a,0xee7a,0xcd77,0xe65a,0xddf9,0xcd16,0xacd4,0xd67a,0xef1c,0xce18,0xacd4,0x9bb0,0xa3b0,0xa3d1,0x9b6f,0x9bf1,
  0xb4f4,0xcd97,0xd5d8,0xa452,0x728b,0x8b2e,0x8b0e,0x728b,0xd5f8,0xc556,0x72cc,0xbd76,0xff9e,0xff9e,0xbd96,0x9c72,
  0xcd97,0xddd8,0xf6bb,0xe67a,0xcd76,0xe67a,0xe67a,0xcd56,0xddf8,0xcd15,0xee9a,0xe65a,0xee7b,0xee7b,0xee7b,0xe639,
  0xddf8,0xc4f5,0xcd76,0xd5b7,0xd597,0xa3f0,0xabf1,0xabf1,0xbc32,0xabd0,0xc4b4,0xdd97,0xd556,0xc4d4,0xbc73,0xb412,
  0xabd1,0x9b6f,0x7a8b,0x934e,0xabf1,0xabd0,0x932e,0x8acc,0xbcd4,0xee9b,0xee9b,0xe67a,0xac11,0xc494,0xcd56,0xe67a,
  0xe639,0xddf8,0xde19,0xddd8,0xe63a,0xe69b,0xe67a,0xeebb,0xde19,0xb452,0xb472,0xbcb4,0x8b4d,0x8bee,0x9c70,0xad13,
  0x9c91,0xa4d1,0xb452,0xb452,0xb452,0xb452,0xac11,0xb452,0xe639,0xee7a,0xe67a,0xddd8,0xddd8,0xcd15,0xa3f1,0xabf1,
  0xabf1,0xabf1,0xa3b0,0xa390,0xa3b0,0xd597,0xe67a,0xe67a,0xe67a,0xe67a,0xe67a,0xe67a,0xde19,0xde19,0xde19,0xddf8,
  0xddf8,0xddf8,0xddf8,0xde19,0xddf8,0xddf8,0xddf8,0xddf8,0xddd8,0xd5d8,0xd5b7,0xd597,0xd577,0xd556,0xcd76,0xddf8,
  0xe65a,0xe67a,0xe67a,0xe67a,0xe67a,0xe67a,0xe67a,0xe67a,0xe67a,0xe69a,0xde18,0xa3f1,0xac32,0xac32,0xbcb4,0xde19,
  0xee9b,0xe67a,0xeebb,0xd5b7,0x4946,0x934e,0xac11,0xe65a,0xee9b,0xee9b,0xee7b,0xeebb,0xcd36,0xc4d4,0xb473,0xc4f5,
  0xe639,0xe67a,0xe67a,0xe67a,0xcd77,0xe65a,0xd5d8,0xddf8,0xbcd4,0xde7a,0xbcf4,0x936f,0xabd1,0xbc12,0xabd1,0x9bd0,
  0xacb4,0xbd76,0xc576,0xcd97,0xac93,0x9c31,0x8b2e,0xbc73,0xbc53,0x9b4f,0x836e,0xf73d,0xb514,0x832d,0x9c31,0xce18,
  0xffdf,0xef3d,0xb515,0xacb3,0xeebb,0xf6dc,0xddf8,0xde19,0xee7a,0xd577,0xd5b8,0xd577,0xee9b,0xe65a,0xe65a,0xe659,
  0xe65a,0xe639,0xddd8,0xc4f5,0xe639,0xd597,0xee5a,0xbc93,0xc494,0xbc53,0xb411,0x9b4f,0x8aed,0x6249,0x9b8f,0xabd0,
  0x934e,0x7a8b,0x7209,0x6a09,0x932e,0xabf1,0xabd0,0x930d,0x8aed,0xa36f,0xddd8,0xe69b,0xee9b,0xddd8,0xbc73,0xcd15,
  0xddf8,0xee9a,0xde19,0xddf8,0xddf8,0xddf8,0xe67a,0xe69b,0xe67a,0xeebb,0xcd76,0xb432,0xb472,0xc4b4,0x7acc,0x9450,
  0xbdb6,0xce38,0x8bee,0xb553,0xb452,0xb452,0xb432,0xac32,0xac31,0xddf9,0xe69a,0xe67a,0xee9a,0xe639,0xd5b7,0xddb8,
  0xc4d4,0xa3d1,0xabf1,0xabf1,0xa3b0,0x9b8f,0xb452,0xe619,0xe67a,0xe67a,0xe67a,0xee9a,0xe69a,0xe69a,0xe67a,0xe639,
  0xde19,0xddf8,0xddf8,0xddf8,0xddf8,0xddf8,0xddf8,0xddf8,0xddf8,0xddf8,0xddd8,0xddd8,0xddb7,0xd597,0xd556,0xcd36,
  0xcd15,0xcd36,0xd5d8,0xe65a,0xe67a,0xe67a,0xe67a,0xe67a,0xe67a,0xe67a,0xe67a,0xe67a,0xeebb,0xc515,0xa3f1,0xac52,
  0xac32,0xbcb4,0xe619,0xee9b,0xe67a,0xf6dc,0x8b8f,0x61e9,0xabd1,0xd597,0xeebb,0xe67b,0xee9b,0xeebb,0xc4d4,0xcd56,
  0xcd56,0xe63a,0xe67a,0xe69a,0xe67a,0xe65a,0xd577,0xde39,0xd5b8,0xeedb,0xbcf4,0xac93,0xa3d0,0xb412,0x9b8f,0x8b2e,
  0x9c31,0xc597,0xcdf8,0xd619,0xc5b7,0xbcf5,0x9c31,0xacd4,0x8acd,0xbc32,0xb3d1,0xa36f,0x832d,0xc596,0xff9e,0xacb3,
  0xabf1,0x9bb0,0x9c31,0xd659,0xffff,0xdeba,0xacd3,0xde39,0xf6bb,0xddf8,0xe65a,0xd597,0xd597,0xddd8,0xee9b,0xe65a,
  0xe65a,0xe65a,0xe65a,0xe659,0xddd8,0xcd36,0xee7a,0xd597,0xe619,0xddf9,0xd597,0xcd15,0xc4d4,0xbc73,0x82ac,0x2082,
  0x4125,0x4966,0x5987,0x69e9,0x7a4a,0x9b4e,0xb3f1,0xabd0,0x8acc,0x8acc,0x9b4e,0xb412,0xee5a,0xe69b,0xee7b,0xd556,
  0xc4d5,0xd576,0xee9a,0xe67a,0xde19,0xddf8,0xddf8,0xde19,0xe67a,0xe69b,0xe67a,0xe69a,0xbcb3,0xb432,0xbc73,0xbc93,
  0x830d,0x7bae,0xef3c,0x9450,0xa4d2,0xb533,0xb452,0xb432,0xb432,0xabf1,0xd597,0xee9b,0xe67a,0xe67a,0xe67a,0xe65a,
  0xd5b7,0xdd97,0xddb8,0xc4d4,0xa3d0,0xabf1,0xa3b0,0xac32,0xd597,0xe65a,0xe69a,0xeebb,0xe65a,0xde19,0xde19,0xe659,
  0xe67a,0xee7a,0xe639,0xddf8,0xddf8,0xddf8,0xddf8,0xddf8,0xddf8,0xddf8,0xddf8,0xddf8,0xddd8,0xddd8,0xdd97,0xcd15,
  0xbc93,0xbc73,0xbc73,0xbc93,0xc4f5,0xd597,0xe65a,0xe67a,0xe67a,0xe67a,0xe67a,0xe67a,0xe67a,0xe67a,0xe69a,0xe67a,
  0xb472,0xac31,0xb452,0xac32,0xbc93,0xe619,0xee9b,0xe69a,0xe65a,0x5a29,0x932e,0xbc73,0xee9b,0xe69b,0xe67a,0xee9b,
  0xbc93,0xddb8,0xd577,0xe65a,0xddf9,0xee7a,0xe67a,0xe639,0xd5b8,0xde19,0xddf8,0xeebb,0xe639,0xac12,0xa390,0x932e,
  0x8baf,0xcdb7,0xcdf8,0xcdf8,0xdebb,0xe6fc,0xc597,0x830e,0xc596,0x9c11,0xac52,0xd576,0xc4d4,0xa390,0x938f,0xb4b3,
  0xde39,0xff7d,0xa431,0xbc53,0xb432,0x9b6f,0xacd4,0xf79e,0xf75d,0xacf4,0xcdd7,0xee7b,0xde19,0xd5b8,0xd597,0xde19,
  0xee9b,0xe65a,0xe65a,0xe659,0xe659,0xe65a,0xddf9,0xd5d8,0xeebb,0xd5b7,0xe5f9,0xd597,0xe65a,0xddf9,0xd597,0xb452,
  0x9b6e,0x30c3,0x5187,0x6188,0x722a,0x82ac,0xa38f,0xabb0,0x930d,0x7a6b,0x7a6b,0x9b6f,0x9b4e,0xcd16,0xee9b,0xe69b,
  0xe5f9,0xccf5,0xcd15,0xe639,0xe69a,0xe65a,0xde19,0xddf8,0xddf8,0xe639,0xe69b,0xe67a,0xeebb,0xd5b8,0xac31,0xc4f4,
  0xc4b4,0xbc52,0x8b6e,0x9cb2,0xad33,0x83ee,0xb574,0xad32,0xac32,0xac11,0xabf1,0xc4b4,0xee5a,0xe69a,0xe67a,0xe67a,
  0xe67a,0xe67a,0xddd8,0xd597,0xd597,0xddb8,0xbc93,0xa3b0,0xac11,0xd577,0xde19,0xee7a,0xddf8,0xbc93,0xa3d0,0x936f,
  0x9b6f,0xa3d0,0xcd56,0xe639,0xe65a,0xde19,0xddf8,0xddf8,0xddf8,0xde19,0xe639,0xde19,0xde19,0xddf8,0xddd8,0xd576,
  0xbc93,0xb452,0xb432,0xb432,0xb432,0xb432,0xb452,0xbc73,0xcd76,0xe65a,0xe69a,0xe67a,0xe67a,0xe67a,0xe67a,0xe67a,
  0xe67a,0xeebb,0xd5b7,0xac11,0xb452,0xb452,0xac32,0xbc93,0xddf8,0xe69a,0xeedb,0xb4b3,0x6209,0xabd1,0xcd16,0xee9b,
  0xe67a,0xe65a,0xbc93,0xddf8,0xddf8,0xe639,0xddb8,0xddb8,0xeebb,0xddf8,0xddf8,0xddf8,0xe639,0xee9b,0xee9a,0xd536,
  0xc4b4,0xbcf4,0xacb3,0xcdd7,0xd639,0xef1c,0xf79e,0xe6db,0x830e,0x9bd0,0xde5a,0x8b6f,0xde19,0xf6db,0xf6bb,0xbc73,
  0x8b6e,0xb4d4,0xb4d4,0xf71c,0xeefc,0x93d0,0xb412,0xc453,0x9b6f,0x93d0,0xe6fb,0xf7be,0xa4f3,0xcdb7,0xe639,0xd5b8,
  0xd597,0xe639,0xee7a,0xe67a,0xe65a,0xe65a,0xe659,0xe65a,0xde19,0xe63a,0xe69b,0xd5d8,0xddd8,0xc4d4,0xd597,0xe659,
  0xeebb,0xbcb3,0x9b8f,0x30c4,0x61a8,0x6a0a,0x8acc,0x930d,0x8aac,0x7a2a,0x7209,0x722a,0x932e,0x9b6f,0xa38f,0xe619,
  0xe69b,0xee7a,0xd557,0xccd5,0xddf8,0xee9a,0xe67a,0xe65a,0xde19,0xde19,0xddf9,0xe65a,0xe69b,0xe69b,0xee7b,0xb452,
  0xd5b7,0xddf8,0xc4f4,0xac31,0x9bf0,0x7b4d,0x8c0f,0xb553,0xad33,0xad33,0xac11,0xac11,0xac11,0xc4d4,0xddb7,0xee7a,
  0xe69a,0xe67a,0xe67a,0xe67a,0xe659,0xddf8,0xddf8,0xddf8,0xddd8,0xac52,0xcd35,0xddf8,0xe65a,0xe67a,0xac11,0x934e,
  0xa38f,0xa3b0,0x9b6f,0x930d,0x930e,0xc4d4,0xee7a,0xe619,0xddf8,0xde19,0xde19,0xe639,0xe65a,0xe65a,0xe639,0xddd8,
  0xcd15,0xbc73,0xb452,0xb472,0xb472,0xb452,0xb452,0xb452,0xb432,0xb432,0xb452,0xcd35,0xe639,0xe69b,0xe67a,0xe67a,
  0xe67a,0xe67a,0xe69a,0xe67a,0xee9b,0xbcd4,0xac11,0xb452,0xb452,0xac32,0xb472,0xddf8,0xe69a,0xeedb,0x730c,0x8b0d,
  0xabf1,0xcd56,0xee9b,0xe619,0xbcb4,0xddd8,0xe67a,0xee9b,0xe619,0xcd56,0xee7b,0xd5b8,0xde19,0xd5b8,0xee7a,0xe65a,
  0xe659,0xd597,0xcd15,0xc556,0xde7a,0xef3c,0xef7d,0xffdf,0xce18,0x832e,0x8aac,0xbd35,0xde9a,0x9c11,0xeedb,0xe67a,
  0xeebb,0xc4b4,0x938f,0xb4b4,0x834e,0xde19,0xf75d,0xe6bb,0x9bf1,0xabf1,0xb412,0xa390,0x8b8f,0xd659,0xffbf,0xa4b3,
  0xbd35,0xe65a,0xd597,0xe65a,0xe67a,0xe67a,0xe67a,0xe67a,0xe659,0xe659,0xe639,0xe65a,0xe69b,0xd5d8,0xd5b8,0xddb8,
  0xcd56,0xe65a,0xeedc,0xd5b7,0x9b8f,0x4125,0x724a,0x826b,0x826b,0x7a4a,0x7a4b,0x828b,0x828b,0x8aed,0x9b6f,0x930e,
  0xbc73,0xee7a,0xe67a,0xe659,0xccf5,0xc4f5,0xe69b,0xe67a,0xe67a,0xe65a,0xde39,0xde39,0xe639,0xe65a,0xe69b,0xee9b,
  0xac52,0xc4f5,0xeedb,0xd5b7,0xcd15,0xa411,0xa411,0x8baf,0xa4d1,0xb553,0xb533,0xb533,0xac11,0xac11,0xabf1,0xb432,
  0xd515,0xd577,0xe639,0xe69a,0xe69a,0xe67a,0xe67a,0xe69a,0xe67a,0xe67a,0xe69a,0xddf8,0xd597,0xe639,0xe69a,0xde39,
  0xa3d1,0xa3b0,0xa3b0,0xa3d0,0xa3b0,0x9b6f,0x932e,0x82cc,0xbcd4,0xee7a,0xddf8,0xe639,0xe65a,0xe659,0xe67a,0xe69a,
  0xe65a,0xcd36,0xb472,0xbc72,0xbc72,0xbc73,0xbc72,0xb472,0xbc72,0xbc52,0xb452,0xb452,0xb432,0xac11,0xbcd4,0xde19,
  0xe69a,0xe67a,0xe67a,0xe67a,0xe67a,0xe67a,0xee9b,0xde19,0xac32,0xb452,0xb452,0xb452,0xac31,0xb452,0xe619,0xeedb,
  0xd5d8,0x6a4a,0xabf1,0xabf1,0xdd97,0xddf8,0xc4d4,0xd5b7,0xe639,0xe639,0xcd97,0xddd8,0xddf9,0xcd77,0xe639,0xd577,
  0xee9b,0xd5d8,0xde18,0xd597,0xe639,0xbcb4,0xcdb7,0xff9e,0xffbf,0xbd76,0x7acc,0xa36f,0x934e,0xde5a,0xd659,0xbd15,
  0xf6fc,0xe69a,0xf6bb,0xc4b4,0x8b6e,0xc515,0x7aac,0xac73,0xe6bb,0xf75d,0xeedb,0xa432,0xa390,0xabd1,0xabd1,0x8b6f,
  0xc5b7,0xf73d,0xa452,0xe67a,0xd597,0xee9b,0xe69b,0xe67a,0xe67a,0xe67a,0xe67a,0xe659,0xe63a,0xe67a,0xe67a,0xd5b8,
  0xd577,0xbcb4,0xcd15,0xeebb,0xeebb,0xee7a,0x9b8f,0x4966,0x932e,0x92ed,0x930d,0x9b2e,0x828c,0x8acc,0x8acc,0x9b2e,
  0x9b4e,0x9b2e,0xd597,0xee9b,0xe69a,0xe659,0xabf1,0xd597,0xeebb,0xe67a,0xe67a,0xe67a,0xe65a,0xe67a,0xe67a,0xee9a,
  0xe67a,0xb493,0xac12,0xee9b,0xe67a,0xd5b8,0xcd35,0xa3d0,0xac31,0x9bf0,0x9450,0xb553,0xad12,0xb533,0xac11,0xac11,
  0xac11,0xabf1,0xb432,0xc4b4,0xcd15,0xd597,0xe639,0xee7a,0xe67a,0xe67a,0xe67a,0xe67a,0xe67a,0xee7a,0xddf8,0xe67a,
  0xe67a,0xe67a,0xac11,0x9b8f,0xa3b0,0xa3b0,0xa3d0,0xa3b0,0x9b6f,0x934e,0x82cc,0xcd76,0xe65a,0xde19,0xe65a,0xe65a,
  0xe67a,0xe69a,0xe639,0xc4d4,0xbcb3,0xbcb3,0xbc93,0xbc93,0xbc93,0xbc93,0xbc72,0xbc52,0xb452,0xb452,0xb452,0xb432,
  0xac11,0xbc93,0xddf9,0xe67a,0xe67a,0xe67a,0xe67a,0xe67a,0xe67a,0xeebb,0xcd56,0xac11,0xb452,0xb452,0xb452,0xac32,
  0xb473,0xe639,0xfefc,0x93f0,0x7aac,0xb432,0xb452,0xbcb3,0xcd35,0xcd56,0xbcf4,0xcd56,0xde19,0xee7b,0xd577,0xd597,
  0xe639,0xd5b8,0xee7b,0xd597,0xddf8,0xd5b7,0xee9a,0xcd15,0xa3d1,0xc535,0x9c31,0x82cc,0xabf1,0xa390,0x9bb0,0xf75d,
  0xc5d7,0xd5d8,0xeedc,0xe69b,0xf6dc,0xc4d4,0x8b6e,0xbd15,0x9bd0,0x93af,0xbd76,0xeefc,0xf73d,0xef1c,0x9bf0,0xabd1,
  0xbc53,0xc494,0x936f,0xc576,0xb4d4,0xe63a,0xd597,0xee9b,0xe69a,0xee9b,0xee9a,0xee9a,0xee7a,0xe67a,0xe67a,0xe69b,
  0xe67a,0xd5b8,0xd577,0xd557,0xc4f5,0xee9b,0xe69a,0xf6dc,0x9bf0,0x4966,0x9b4e,0x92ed,0x932e,0x8aac,0x826b,0x8acc,
  0x92ed,0x9b4e,0x932e,0xabf1,0xee7a,0xe67a,0xf6db,0xc4b4,0xa3d0,0xeebb,0xe67a,0xe67a,0xe67a,0xe67a,0xe67a,0xe67a,
  0xee9b,0xe639,0xb493,0xabf1,0xe5d8,0xee9b,0xe65a,0xd597,0xcd15,0x9bd0,0xb452,0xa411,0x8c0f,0xb553,0xb533,0x944f,
  0xac11,0xac11,0xac11,0xac11,0xabf1,0xabf1,0xb432,0xbc73,0xcd15,0xdd97,0xe639,0xee9b,0xee9a,0xe67a,0xe67a,0xe67a,
  0xe67a,0xe67a,0xe67a,0xee9b,0xc4b4,0x9b6f,0xa3b0,0xa3d0,0xa3d0,0xa3b0,0xa3b0,0xa3b0,0x9b6f,0x934e,0xe639,0xe619,
  0xe65a,0xe67a,0xe67a,0xe69b,0xde18,0xbcb4,0xc4d4,0xc4d4,0xc4d4,0xc4d4,0xcd15,0xcd35,0xc4f5,0xbcd4,0xbc73,0xb472,
  0xb452,0xb452,0xb452,0xac11,0xbc93,0xde18,0xee9b,0xe67a,0xe67a,0xe67a,0xe69a,0xe69a,0xe65a,0xb473,0xb432,0xb452,
  0xb452,0xb452,0xac31,0xbc93,0xee5a,0xee9b,0x6a8b,0xa3b0,0xb432,0xabd0,0xcd56,0xc515,0xd577,0xee7a,0xee9b,0xee9b,
  0xc515,0xde39,0xddf9,0xddf8,0xe67a,0xd577,0xddd8,0xd5d8,0xeebb,0xc535,0xabb0,0xa36f,0x8aed,0xb412,0xabd0,0xa38f,
  0xb4d4,0xf79e,0xbd76,0xde5a,0xeebb,0xe69b,0xf6db,0xc4f4,0x936e,0xbd35,0x93b0,0xd5b8,0xa493,0xde7a,0xe71c,0xf77e,
  0xef3d,0xa493,0xac52,0xb453,0x9b90,0x8b2e,0xb493,0xe65a,0xd597,0xeebb,0xe69a,0xee9b,0xee9a,0xee9a,0xee9a,0xee9a,
  0xee9b,0xee9b,0xe67a,0xd597,0xddb8,0xee9b,0xbcb4,0xde19,0xeebb,0xf6fc,0xac72,0x51a7,0x9b4e,0x930d,0x8acc,0x826b,
  0x8acc,0x8acc,0x930d,0x9b4e,0x930d,0xcd15,0xeebb,0xeebb,0xd597,0x8aac,0xcd76,0xeebb,0xe67a,0xe67a,0xe67a,0xe67a,
  0xe67a,0xee9b,0xe63a,0xbc93,0xa3d1,0xc515,0xee9a,0xe69b,0xe65a,0xd577,0xccf5,0x9bcf,0xbc93,0xac52,0x83ce,0xbd74,
  0x942f,0x944f,0xb432,0xabf1,0xac11,0xac11,0xabf1,0xabf1,0xabf1,0xabf1,0xac31,0xb452,0xb452,0xc515,0xe639,0xeebb,
  0xe69a,0xe67a,0xe67a,0xe67a,0xe67a,0xeebb,0xcd56,0x9b6f,0xa3b0,0xa3b0,0xa3b0,0xa3b0,0xa3b0,0xa3b0,0xabd0,0x8b0d,
  0xbcf4,0xeebb,0xe65a,0xee7a,0xe67a,0xee9b,0xd5b7,0xbcb3,0xc4f4,0xc4f4,0xc4f5,0xc4f5,0xcd35,0xcd76,0xd576,0xcd56,
  0xcd35,0xc4f5,0xbcb3,0xb473,0xb452,0xb452,0xac11,0xbc93,0xddf8,0xee9a,0xe69a,0xe67a,0xe69a,0xe67a,0xee9b,0xcd97,
  0xac11,0xb452,0xac52,0xb452,0xb452,0xac31,0xbcd4,0xf69b,0xb4f4,0x6a6a,0xb452,0xabf1,0xc4f5,0xbcb4,0xcd15,0xde19,
  0xee7a,0xd5b7,0xbcb4,0xe67a,0xddf9,0xe639,0xe65a,0xddb8,0xd5d8,0xe65a,0xeebb,0xcd56,0xb453,0xabd1,0x9b4f,0xb452,
  0xd597,0xa3b0,0xbd96,0xef5d,0xb535,0xeebb,0xeebb,0xeebb,0xf6fc,0xc4d4,0x938f,0xc597,0x8b8f,0xe65a,0xd5f8,0xbd55,
  0xef1c,0xd639,0xde7a,0xd618,0x832d,0x8b2e,0x9b90,0xac52,0xcd77,0xde19,0xd5d8,0xeebb,0xe67a,0xe69b,0xee9a,0xee9a,
  0xee9a,0xee9a,0xe69b,0xee9b,0xe65a,0xddb8,0xddd8,0xde39,0xd5b8,0xddf8,0xeebb,0xf6fc,0xac92,0x59c7,0x9b4e,0x8aed,
  0x828b,0x930d,0x8aac,0x8acc,0x930d,0x932e,0x9b6f,0xddf8,0xeedb,0xd5d7,0x8acd,0xa38f,0xee7a,0xe67a,0xe67a,0xe67a,
  0xe67a,0xe67a,0xe69b,0xe659,0xbcb3,0xac31,0xb473,0xddf9,0xe69b,0xe67a,0xe619,0xd556,0xc4d4,0x9baf,0xbcb3,0xb472,
  0x836d,0x944f,0x8c0e,0xb574,0x8b2d,0xb452,0xa3f1,0xac11,0xac11,0xabf1,0xa3d0,0xa3b0,0xa38f,0xa3b0,0xa3b0,0xa3b0,
  0xa3d1,0xbcf4,0xe619,0xeebb,0xee9b,0xee9b,0xe67a,0xee9b,0xddf8,0xa3b0,0xa3b0,0xa3b0,0xa3b0,0xa3b0,0xa3b0,0xa3b0,
  0xa3b0,0xa3af,0x9baf,0xe67a,0xe69a,0xe69a,0xe69a,0xee9b,0xcd56,0xbcb4,0xc4f4,0xc4f5,0xc4f5,0xc4f5,0xcd35,0xcd56,
  0xcd56,0xcd56,0xcd56,0xcd56,0xcd15,0xc4d4,0xb473,0xb452,0xb452,0xac31,0xbc93,0xddf8,0xe67a,0xe67a,0xe67a,0xe67a,
  0xe67a,0xe67a,0xbcb4,0xac32,0xb452,0xb452,0xb452,0xb472,0xac31,0xc515,0xee3a,0x8b8e,0x82ed,0xb452,0xb432,0xbcb4,
  0xc4d4,0xd576,0xddb8,0xc4d4,0xcd35,0xeebb,0xcd56,0xd557,0xddd8,0xd5d8,0xe67a,0xe69b,0xee9b,0xcd36,0xe65a,0xac32,
  0xb473,0xee9b,0xeebb,0x936f,0xce18,0xe6db,0xbd56,0xf6fc,0xddd8,0xcd56,0xe65a,0xccf5,0x93af,0xde7a,0x93f0,0xde19,
  0xf6dc,0xbd56,0xa472,0xa432,0x9bb0,0x9b6f,0xabd1,0xb412,0xb453,0xddf8,0xd5b7,0xd5f8,0xddf8,0xeebb,0xe69b,0xe69b,
  0xee9a,0xee9a,0xee9a,0xee9a,0xe69b,0xee9b,0xe619,0xd5b8,0xde19,0xd597,0xe639,0xe65a,0xee9b,0xf6fc,0xa472,0x61e8,
  0x9b2e,0x828b,0x932e,0x9b2e,0x8aac,0x8acc,0x9b2e,0xa38f,0xb493,0xee9b,0xd5b7,0x932e,0x828b,0xcd36,0xee9b,0xe67a,
  0xe67a,0xe67a,0xe67a,0xe69a,0xe659,0xbcf4,0xbc73,0xb473,0xcd15,0xe67a,0xe67a,0xe67a,0xddf8,0xd556,0xbc93,0x9bd0,
  0xbcd3,0xbcb3,0x72eb,0x944f,0xb553,0xb553,0x49c7,0x936e,0xb432,0xac11,0xac11,0xac11,0x9b6f,0x930d,0x930d,0x930d,
  0x932e,0x9b4e,0x9b4e,0x934e,0x9b8f,0xbcb3,0xd5b7,0xee7a,0xeebb,0xee9b,0xee7a,0xb432,0x9b6f,0xa3d0,0xa3b0,0xa3b0,
  0xa3b0,0xa3b0,0xa3b0,0xa3d0,0x9b6f,0xbcb3,0xeebb,0xe67a,0xe67a,0xde19,0xc515,0xc4f4,0xc4f5,0xc4f5,0xc515,0xcd15,
  0xcd35,0xd576,0xd576,0xd556,0xcd56,0xcd56,0xcd36,0xc4f5,0xbc93,0xb452,0xb452,0xb452,0xb432,0xb473,0xddf8,0xe67a,
  0xe65a,0xe67a,0xe67a,0xee9b,0xd5b8,0xb432,0xb452,0xb452,0xb472,0xb472,0xb472,0xb452,0xcd36,0xd597,0x6a6a,0xac11,
  0xa38f,0xac32,0xc4d4,0xc4f5,0xcd15,0xc4d4,0xc4f5,0xe639,0xc4d4,0xc4d5,0xc536,0xe67a,0xe69a,0xe6bb,0xe65a,0xcd36,
  0xeedc,0xac32,0xe65a,0xeedc,0xe639,0x9b90,0xe6db,0xd639,0xcdb7,0xde39,0xbcb4,0xd577,0xc536,0xc494,0x938f,0xe6db,
  0xacd3,0xddf9,0xeebb,0xf6bc,0xb493,0x9b4f,0xabf1,0xbc94,0xc4d4,0xddd8,0xd597,0xde19,0xd597,0xd5d8,0xde39,0xee9b,
  0xe69b,0xe69b,0xee9a,0xee9a,0xee7a,0xee7a,0xe67a,0xee9b,0xddf9,0xd5b8,0xddd8,0xddd8,0xddf9,0xe639,0xe69b,0xf6fc,
  0x9c10,0x61c8,0x828b,0x92ed,0x9b4e,0x930d,0x826b,0x8b0d,0xac11,0xb432,0xd576,0xcd56,0x8b0d,0x8aac,0xa3af,0xe65a,
  0xe67a,0xe67a,0xe67a,0xe67a,0xe69b,0xe639,0xbcf4,0xbc93,0xc4b4,0xb473,0xddf8,0xee9b,0xe67a,0xe65a,0xddd8,0xd556,
  0xb452,0xa411,0xbcd3,0xbcd4,0x7b0b,0xad12,0xb554,0xb553,0xa491,0x49a6,0xa3d0,0xb412,0xa3f1,0xac11,0xa3b0,0x932e,
  0x9b2e,0x932e,0x932e,0x932d,0x930d,0x9b2e,0x9b6f,0xa38f,0x9b8f,0xa3f0,0xc4d4,0xd5b7,0xee7a,0xd577,0x9b6f,0xa3b0,
  0xa3b0,0xa3b0,0xa3b0,0xa3b0,0xa3b0,0xa3b0,0xa3d0,0x932e,0xcd56,0xeebb,0xde19,0xd597,0xc515,0xc4f4,0xc4f5,0xc4f5,
  0xc4f5,0xcd15,0xcd56,0xcd76,0xd576,0xd556,0xcd56,0xcd76,0xcd56,0xcd35,0xc4f4,0xbc73,0xb472,0xb452,0xb452,0xb432,
  0xbc93,0xddf8,0xee7a,0xe67a,0xe67a,0xe69a,0xee7a,0xc4d4,0xac32,0xb452,0xb472,0xb472,0xb472,0xbc73,0xb473,0xcd35,
  0x7b2d,0x8b4e,0x9b4f,0xa3b0,0xd576,0xcd15,0xc4f4,0xc4d4,0xa3b0,0xc4f5,0xd5b8,0xd557,0xd597,0xeebb,0xe67a,0xeebb,
  0xddf8,0xd577,0xe65a,0xac32,0xee9b,0xeedb,0xddb8,0xa411,0xf77d,0xbd76,0xd5f8,0xcd56,0xcd36,0xe639,0xcd76,0xabd1,
  0x938f,0xe6bb,0xb515,0xd5d8,0xeebb,0xeebb,0xee7b,0xbc94,0xd597,0xeedc,0xeebb,0xe63a,0xcd97,0xddf8,0xd5b8,0xd5b7,
  0xe65a,0xe69b,0xe69b,0xe69b,0xee9a,0xee9a,0xee7a,0xee7a,0xe67a,0xe67b,0xddf8,0xd577,0xd5b8,0xf6bb,0xcd56,0xe67a,
  0xe69a,0xf6dc,0x834d,0x5987,0x8acc,0x9b4e,0x9b2e,0x7a6b,0x930d,0xb452,0xb472,0xb473,0xb473,0x8aed,0x92ed,0x8acc,
  0xcd56,0xeebb,0xe67a,0xe67a,0xe67a,0xee9b,0xe659,0xc4f4,0xbc93,0xc4b3,0xbc93,0xc515,0xee7a,0xe69a,0xe69a,0xe639,
  0xddb7,0xd556,0xac31,0xac31,0xbcb3,0xc4d4,0x834d,0x9cb1,0xb574,0xb533,0xacf2,0x62a9,0x4166,0xac32,0xac11,0xac11,
  0xac11,0x9b8f,0x8aec,0x8aec,0x8aec,0x8aec,0x8acc,0x8aac,0x8acc,0x934e,0xabd0,0xa3b0,0x9b4e,0x934e,0xa3d0,0xbc73,
  0xabd0,0xa3af,0xa3b0,0xa3b0,0xa3b0,0xa3b0,0xa3b0,0xa3b0,0xa3d0,0xa3b0,0x936e,0xde18,0xe639,0xd577,0xc515,0xc4f5,
  0xc4f5,0xc4f4,0xbcd4,0xbcb4,0xc4f4,0xcd76,0xd577,0xd576,0xd576,0xcd56,0xcd56,0xc515,0xc4d4,0xbc93,0xbc73,0xbc72,
  0xb472,0xb452,0xb432,0xb473,0xddf8,0xe69a,0xe67a,0xe67a,0xee9a,0xddd8,0xb452,0xb452,0xb452,0xb472,0xb472,0xbc93,
  0xbc93,0xccf5,0x832d,0x830c,0x932e,0xa3d0,0xc4f5,0xd556,0xc4f5,0xb473,0xa3b0,0xccf5,0xe5f9,0xddb8,0xddf8,0xe65a,
  0xe67a,0xeebb,0xcd77,0xddf9,0xd5b7,0xbcb4,0xeedb,0xeedc,0xc4f5,0xacb4,0xf7be,0xacd4,0xde39,0xd5b7,0xac52,0xddd8,
  0xa452,0xb432,0x93af,0xe6db,0xbd76,0xcdb7,0xeedc,0xeebb,0xddf8,0xc493,0xe639,0xe69b,0xeebb,0xd5b8,0xd5d8,0xd5b8,
  0xddd8,0xd597,0xee9b,0xe69b,0xe69b,0xe69b,0xe69b,0xe69b,0xe69b,0xe67a,0xe67a,0xee7a,0xd5d8,0xcd76,0xd5b8,0xc4f5,
  0xddf8,0xeedb,0xe69a,0xf6bb,0x6a8a,0x61a8,0x9b2e,0x930d,0x7a6a,0x932e,0xbc93,0xbc73,0xb452,0xa38f,0x8aed,0x92ed,
  0x8a8c,0xa3b0,0xee7a,0xe67a,0xee7a,0xe67a,0xee9b,0xe65a,0xc535,0xbcb3,0xc4b4,0xbc93,0xbc93,0xddd8,0xee9b,0xe69b,
  0xee7a,0xe619,0xdd97,0xd536,0xac11,0xb452,0xbcb3,0xc4d4,0x8b8e,0x9470,0xbdb5,0xb553,0x7b4b,0xacf2,0x7b4c,0x6208,
  0xb452,0xac11,0xac11,0xac32,0x9b6e,0x7a6b,0x8a8c,0x8aac,0x8aac,0x8aac,0x828b,0x828b,0x92ed,0xac11,0xbc93,0xac11,
  0xa38f,0x9b6f,0xa3af,0xa3b0,0xa3b0,0xa3b0,0xa3b0,0xa3b0,0xa3b0,0xa3b0,0xa3b0,0xa3d0,0x9b6f,0xa410,0xe639,0xd577,
  0xc515,0xc4f5,0xc4f5,0xc4f4,0xbcb4,0xbcb4,0xbc93,0xbcd4,0xd576,0xd597,0xcd76,0xd577,0xd577,0xc4f5,0xbc93,0xbc93,
  0xbc93,0xbc93,0xb472,0xb472,0xb452,0xb432,0xac31,0xddd8,0xee9a,0xe67a,0xe67a,0xee7a,0xd556,0xac32,0xb472,0xb472,
  0xbc93,0xbcb3,0xbc93,0xcd15,0x7aec,0x82cc,0x930d,0xabf1,0xabf0,0xb452,0xbc93,0xabf1,0xabf1,0xd556,0xe619,0xcd36,
  0xd5b7,0xe67a,0xe69b,0xeebb,0xc515,0xee7a,0xc4f5,0xcd36,0xeebb,0xeedb,0xac12,0xc597,0xf79e,0x9c11,0xddf9,0xf6dc,
  0xbcd4,0x9bd0,0xc536,0xd536,0x938f,0xe6fb,0xcdf8,0xc576,0xeedc,0xeebb,0xddb7,0xbc73,0xde39,0xeedb,0xeebb,0xcd56,
  0xe65a,0xcd76,0xd5b8,0xd5b7,0xeebb,0xe67a,0xe69b,0xe69b,0xe69b,0xe69b,0xe69b,0xe67a,0xe67a,0xee7a,0xcd97,0xd5d8,
  0xe63a,0xc4d4,0xf6bb,0xee9b,0xeebb,0xe65a,0x51c7,0x69e9,0x8acd,0x722a,0x9b6e,0xbcb3,0xbc73,0xb432,0x9b4e,0x8aed,
  0x930d,0x8acc,0x8aed,0xd577,0xee9b,0xe67a,0xe67a,0xe69b,0xe639,0xcd56,0xc4d4,0xc4b4,0xc4b3,0xbc93,0xcd36,0xe65a,
  0xe67a,0xe69b,0xee7a,0xddf9,0xd597,0xcd15,0xabf1,0xb472,0xbc93,0xc4d4,0x93af,0x736c,0xad33,0xa4f2,0xacd1,0xb533,
  0xbd74,0x730b,0x6249,0xb472,0xac11,0xac32,0xb472,0xa3d0,0x8acc,0x826b,0x8aac,0x8aac,0x828b,0x828b,0x828b,0x8aac,
  0xa3f0,0xbc93,0xb452,0xac31,0xa3f0,0xa3b0,0xa38f,0xa38f,0xa3af,0xa3b0,0xa3b0,0xa3b0,0xa3b0,0x9baf,0xa3b0,0x8b0d,
  0xb493,0xddd8,0xc515,0xc515,0xcd15,0xcd36,0xcd35,0xc4f5,0xbcb4,0xc4b4,0xc4f4,0xd556,0xddd8,0xd5b7,0xd5b7,0xd597,
  0xc4d4,0xbc93,0xbcb3,0xb473,0xb472,0xb472,0xb452,0xb472,0xa3d0,0xac32,0xe639,0xee9b,0xddf8,0xb452,0xc4f5,0xbc93,
  0xb452,0xb472,0xbc93,0xbcb3,0xbc93,0xc4f4,0x6a8b,0x82cc,0x930d,0xabf1,0xabf0,0xabf1,0xabf1,0xa390,0xb432,0xcd36,
  0xe619,0xc4d4,0xc4d4,0xddd8,0xde19,0xe65a,0xc536,0xee9b,0xb473,0xd597,0xeebb,0xe65a,0x9bd0,0xde9a,0xef3d,0x9bd0,
  0xd577,0xeebb,0xeebb,0xeebb,0xf6fc,0xccd5,0x938f,0xe6db,0xde59,0xc556,0xeedc,0xeebb,0xcd36,0xc4d4,0xc4f4,0xd556,
  0xcd56,0xd597,0xe67a,0xcd77,0xd577,0xd5d8,0xeebb,0xe67a,0xe67a,0xe67a,0xe69b,0xe69b,0xe69b,0xe67a,0xee9b,0xe63a,
  0xcd77,0xcd76,0xf6bb,0xcd36,0xe63a,0xee9b,0xeebb,0xd5b7,0x4966,0x61c8,0x71e9,0x9b8f,0xc4d4,0xbc93,0xabf1,0x932e,
  0x8aed,0x930d,0x92ed,0x828b,0xbc93,0xee7a,0xee7a,0xe69b,0xee9b,0xde39,0xd576,0xccf5,0xc4b4,0xc4b3,0xbcb3,0xc4d4,
  0xddf8,0xe67a,0xe67a,0xe69b,0xe65a,0xddf8,0xd576,0xccf5,0xa3d0,0xb472,0xbc93,0xc4b4,0x9bd0,0x736d,0xbdd6,0xa4f3,
  0xad12,0xad12,0xad12,0xb574,0x62ca,0x6a8a,0xbc93,0xb432,0xb473,0xbcb3,0xb452,0x9b6f,0x8aac,0x828b,0x828b,0x828b,
  0x82ac,0x828b,0x828b,0xa3d0,0xbc93,0xb452,0xb452,0xac11,0xabf1,0xa3b0,0x9b6f,0x9b8f,0xa3af,0xa3b0,0xa3b0,0xa3af,
  0x9baf,0xa38f,0x8b0d,0xcd35,0xd577,0xcd35,0xcd56,0xd556,0xd576,0xd577,0xd556,0xbcb4,0xa3b0,0x9b8f,0xc4d4,0xddd8,
  0xddd8,0xd5b7,0xd597,0xcd35,0xcd35,0xcd35,0xbc93,0xb452,0xb472,0xb452,0xb452,0xa3b0,0xbcb4,0xee9b,0xcd76,0x9b8f,
  0xa3d0,0xac11,0xb452,0xb472,0xbc93,0xbcb3,0xbcb3,0xbcb3,0x6229,0x8acc,0x930d,0xa3b0,0xabb0,0xb3f1,0xa390,0x9b6f,
  0xb452,0xc4f5,0xddd8,0xc4f5,0xbc93,0xc4d4,0xd557,0xd597,0xd597,0xddf8,0xabf1,0xd597,0xee9b,0xd577,0x93d0,0xef5d,
  0xdebb,0x9bd0,0xbc94,0xe65a,0xe69b,0xe69b,0xe67a,0xc494,0x9bb0,0xe6fb,0xde9a,0xbd35,0xeedc,0xee9b,0xc4f5,0xddb8,
  0xd5b7,0xcd15,0xd597,0xeebb,0xd597,0xd597,0xcd36,0xe639,0xee9b,0xee9b,0xe67a,0xe67a,0xe69b,0xe69b,0xe69b,0xe67a,
  0xeebb,0xd5d8,0xd597,0xbcd4,0xd597,0xc4f5,0xee7a,0xe69b,0xf6bb,0xb4b3,0x4125,0x61a8,0x8b0d,0xac11,0xb452,0xa3d0,
  0x930d,0x930d,0x930d,0x92ed,0x828c,0xabb0,0xe619,0xe67a,0xee7b,0xee7a,0xddf8,0xd576,0xcd15,0xc4b4,0xc4d4,0xc4b4,
  0xc4b4,0xd576,0xee7a,0xe67a,0xe69a,0xe69b,0xe63a,0xddf8,0xd576,0xc4d5,0xa3b0,0xb472,0xbc93,0xbcb3,0xac32,0x83ae,
  0xd69a,0x0000,0x9470,0xb533,0xad12,0xad12,0xb574,0x6289,0x82ec,0xc4b4,0xb452,0xb493,0xb493,0xbc93,0xb452,0x9b8f,
  0x8acc,0x828b,0x82ab,0x82ab,0x8aab,0x82ab,0xa3d0,0xbc73,0xb452,0xb431,0xac11,0xac11,0xabd0,0x9b6f,0x9b4e,0x9b8f,
  0x9b8f,0xa3af,0x9baf,0xa3b0,0x932e,0x9b6f,0xd597,0xcd56,0xd556,0xd576,0xd556,0xcd35,0xb452,0x9b6f,0x9b6f,0x9b8f,
  0x9b6f,0xac12,0xd576,0xde19,0xde18,0xddf8,0xde19,0xe67a,0xddd8,0xbc93,0xb452,0xb452,0xbc93,0xac11,0x9b8f,0xd597,
  0xddf8,0xa3d0,0xabf0,0xa3d0,0xac11,0xb472,0xbc93,0xbc93,0xc4d4,0x9bd0,0x6208,0x92ed,0xa36f,0xa38f,0xab90,0xabb0,
  0x9b4e,0x9b6f,0xb432,0xbc93,0xddb8,0xcd36,0xbc73,0xbc73,0xd536,0xc4d4,0xddd8,0xbc73,0xac11,0xc4f4,0xe65a,0xb473,
  0x9c11,0xf79e,0xc5f8,0x9bd0,0xbc73,0xc515,0xee9b,0xe67a,0xddd8,0xbc53,0x9bd0,0xe6fb,0xdedb,0xb514,0xeedc,0xe65a,
  0xc4f5,0xe63a,0xeebb,0xde19,0xd5d8,0xee9b,0xcd36,0xd5b7,0xc4f5,0xe69a,0xe69b,0xee9b,0xee9b,0xe69b,0xee7a,0xee7b,
  0xe67a,0xe67a,0xe69a,0xd597,0xc535,0xd597,0xbc94,0xddd8,0xeebb,0xe67a,0xee9b,0x934e,0x40e4,0x82ab,0xa3b0,0xa38f,
  0xa38f,0x9b2e,0x932e,0x932e,0x930d,0x8aac,0x9b6f,0xdd97,0xe67a,0xe67a,0xe639,0xddd8,0xd597,0xcd15,0xc4d4,0xc4d4,
  0xc4d4,0xc4d4,0xcd15,0xe619,0xee9b,0xe67a,0xe69a,0xee7a,0xe639,0xddd8,0xd556,0xc4b4,0x9baf,0xb473,0xbc93,0xbc93,
  0xb452,0x7b6d,0xbd96,0x9c91,0x942f,0xad33,0xad12,0xad12,0xad12,0xb554,0x5248,0x830d,0xc4b4,0xb472,0xb473,0xb473,
  0xb493,0xbc93,0xb452,0x9b6f,0x828b,0x828b,0x82ac,0x82ab,0x828b,0x9b4e,0xb432,0xb432,0xb431,0xabf0,0xa3f0,0xb493,
  0xcd56,0xd596,0xa3f0,0x9b8f,0xa38f,0x9b8f,0xabf1,0xb473,0xcd35,0xd577,0xcd35,0xc4f4,0xb432,0x9b6f,0x930d,0x930e,
  0x9b6f,0x9b8f,0x9bb0,0x9b6f,0xabd1,0xddd8,0xe65a,0xe65a,0xe67a,0xee7a,0xddd8,0xc4f4,0xc4d4,0xb472,0xb472,0xb472,
  0x9b4e,0xa3b0,0xe619,0xbc93,0xa3b0,0xa3f0,0xa3f0,0xb432,0xb472,0xbc93,0xc4f4,0x6a6a,0x726a,0x932e,0xa38f,0xa36f,
  0xa38f,0xa36f,0x9b2e,0x9b6f,0xabf1,0xac11,0xcd15,0xdd97,0xd556,0xbc73,0xbc93,0xbc73,0xcd35,0xa390,0xb432,0xb453,
  0xcd15,0x9b8f,0xacb3,0xef3d,0xb515,0xa3f1,0xbc73,0xb453,0xcd36,0xe619,0xcd15,0xbc32,0x93af,0xe6fb,0xe6fb,0xacd4,
  0xf6dc,0xe619,0xcd36,0xee9b,0xe67a,0xd597,0xddf9,0xde19,0xcd36,0xd576,0xcd36,0xeedb,0xe67a,0xe69b,0xe69a,0xe69b,
  0xe67a,0xe67a,0xe67a,0xee9b,0xddf8,0xcd35,0xcd15,0xddb8,0xd597,0xeebb,0xee7a,0xee9b,0xddb8,0x6a2a,0x5186,0xa38f,
  0x9b6f,0x9b6f,0x9b6f,0x9b4e,0x932e,0x930d,0x8aac,0x9b4f,0xd577,0xe639,0xe65a,0xde19,0xddd8,0xddd8,0xcd35,0xc4d4,
  0xc4f4,0xc4f4,0xc4d4,0xcd15,0xddd8,0xee7a,0xe67a,0xe67a,0xe67a,0xee7a,0xe619,0xddb8,0xd556,0xbc93,0x9bb0,0xb473,
  0xbc93,0xbc73,0xbcb4,0x6aab,0xa4f3,0xb595,0x8c0f,0x9c90,0xb553,0xad12,0xad12,0xad33,0xb533,0x41a6,0x8b4e,0xc4d4,
  0xb473,0xb493,0xb493,0xb493,0xbc93,0xbcb4,0xac11,0x8acc,0x828b,0x8aac,0x828b,0x826b,0x8acc,0xa38f,0xa38f,0xbc93,
  0xde18,0xee9b,0xeebb,0xeebb,0xac32,0x9b6f,0xa3b0,0xa3b0,0x934e,0xcd35,0xd536,0xcd56,0xbcb3,0x9b4e,0x930d,0x92ed,
  0x932e,0xbcd4,0xd577,0x9b8f,0x9b8f,0xa3b0,0x9b6f,0xb452,0xe5f9,0xddf8,0xde19,0xc515,0x932e,0x932e,0xac11,0xc4d4,
  0xc4d4,0xbcb3,0xa3b0,0x932e,0xc515,0xe618,0xa3d0,0xa3d0,0xa3f0,0xac11,0xb452,0xbc93,0xb472,0x4966,0x8b0d,0x930d,
  0xa38f,0xa36f,0xa390,0x9b4f,0x930e,0xa36f,0xabf1,0xa38f,0xac11,0xbc73,0xd556,0xcd15,0xb432,0xb452,0xb432,0xabb0,
  0xb411,0xb411,0xbc73,0x8b2e,0xbd35,0xe6db,0xa452,0xac11,0xbc53,0xbc53,0xbc73,0xd556,0xbc93,0xbc12,0x8b4e,0xe6db,
  0xe6fc,0xacd3,0xeedc,0xd5d8,0xd5d8,0xee9b,0xd5b8,0xd577,0xee9b,0xcd36,0xcd15,0xc4f5,0xd5b7,0xe69a,0xe65a,0xe65a,
  0xe67a,0xee9b,0xe67a,0xe67a,0xe65a,0xe639,0xc4f5,0xc4d4,0xc4b4,0xc4d4,0xe65a,0xee9b,0xee7b,0xe619,0xbc73,0x5146,
  0x7aab,0xa38f,0x9b4e,0x9b6f,0x9b6f,0x9b2e,0x930d,0x8aed,0x92ed,0xd556,0xe619,0xe639,0xe619,0xde19,0xddd7,0xcd36,
  0xccf4,0xccf5,0xccf4,0xc4d4,0xcd15,0xd597,0xe67a,0xe69a,0xe67a,0xe67a,0xe67a,0xe65a,0xddf9,0xdd97,0xd556,0xbc52,
  0xa3b0,0xb493,0xbc93,0xb472,0xc4d4,0x7aec,0xc5f7,0x0000,0x0000,0x8c0f,0x9c90,0xb533,0xad32,0xad12,0xbd74,0xa4d2,
  0x30e4,0x93af,0xbcb4,0xb473,0xb473,0xb473,0xabf1,0xa3b0,0xac11,0xb432,0x8aed,0x828b,0x8a8c,0x828b,0x826b,0x8aac,
  0x826b,0x9b6f,0xe5f8,0xe67a,0xe639,0xddf8,0xa3b0,0x9b4e,0x930d,0x828b,0x9b6f,0xabd0,0x92ed,0xd597,0xcd97,0x8acc,
  0x930d,0x8acd,0xc4d4,0xf6fc,0xe619,0x9b6f,0xa390,0xa3b0,0xa3b0,0x9b8f,0xc4b4,0xd577,0xcd76,0xabf1,0x9b2e,0x92ed,
  0x8aac,0x9b4e,0xbc73,0xcd35,0xbc72,0x9b6f,0xabf1,0xee7a,0xc535,0xa3b0,0xa3f0,0xabf1,0xac11,0xc4d4,0x7acc,0x5987,
  0x932e,0x932e,0xa38f,0xa38f,0xa390,0x930e,0x930d,0xabb0,0xa3b0,0xa3b0,0xabf1,0xabf1,0xbc93,0xc4d4,0xabf1,0xb432,
  0xabd1,0xabd0,0xabf1,0xabf1,0xb411,0x8b4e,0xcdd8,0xd65a,0x9bd0,0xb432,0xb452,0xb452,0xbc53,0xc493,0xb432,0xb3f1,
  0x8b4e,0xe6db,0xe6fc,0xa4b3,0xee7b,0xcd77,0xe65a,0xddf8,0xddd8,0xee5a,0xe5f9,0xb453,0xc4f5,0xc4b4,0xe65a,0xe65a,
  0xd5d8,0xe619,0xe63a,0xd597,0xddb8,0xddb8,0xd557,0xc4d4,0xb432,0xb432,0xabf1,0xddb8,0xe619,0xd597,0xcd56,0xbc93,
  0x8aed,0x5166,0x9b6f,0x9b6f,0x9b4e,0x9b4e,0x9b4e,0x932e,0x92ed,0x8acc,0xbcb4,0xe639,0xe639,0xe619,0xddf8,0xd597,
  0xcd15,0xccf5,0xccf5,0xccf5,0xc4d4,0xc4f4,0xd576,0xe639,0xee9a,0xe67a,0xee7a,0xe67a,0xe67a,0xe63a,0xddf8,0xdd97,
  0xd536,0xb411,0xa3b0,0xb472,0xb473,0xb472,0xc4d4,0x832d,0xa4f3,0x0000,0x0000,0x0000,0xad54,0x9cb1,0xad12,0xad32,
  0x9450,0xa4b1,0x6aea,0x2082,0xa411,0xbc93,0xb493,0xa3d0,0x826b,0x828b,0x8a8c,0xa38f,0xac11,0x8aac,0x8aac,0x826b,
  0x8aac,0x8a8c,0x826b,0x7a2a,0x8a8c,0xc4b4,0xccf5,0x9b6f,0x828b,0x7a0a,0x71c9,0x934e,0xb432,0x8a8c,0x824b,0xa3f1,
  0xde39,0x932e,0x92cd,0x8acd,0xd5b7,0xeebb,0xcd36,0xa38f,0xa38f,0xa3b0,0xa3b0,0xa3b0,0xa3b0,0xcd36,0xd597,0xb432,
  0x932e,0x9b6f,0x8acd,0x8aad,0x8acc,0xac11,0xcd15,0xabf1,0x9b6f,0xd5b7,0xee9a,0xac52,0xa3d0,0xa3f1,0xac32,0xb473,
  0x4105,0x828b,0x8acc,0x9b4e,0xa38f,0xa38f,0xa36f,0x92ed,0x9b2e,0xabd0,0xa36f,0xb411,0xac11,0xabd1,0xb412,0xb452,
  0xa38f,0xbc52,0xabb0,0xabd0,0xabf1,0xabf1,0xa36f,0x938f,0xd619,0xc5d8,0x938f,0xbc52,0xb432,0xb432,0xbc52,0xb412,
  0xabf1,0xab90,0x8b4e,0xe6db,0xe6db,0xa492,0xe619,0xcd56,0xe63a,0xd5d8,0xc515,0xddb8,0xcd16,0xb412,0xbcb4,0xc536,
  0xe639,0xcd15,0xd597,0xddb8,0xc4f5,0xc4d4,0xc4b4,0xc4b4,0xc493,0xabf1,0xabf1,0xa36f,0xbcb4,0xcd15,0xbc52,0xbc73,
  0xac11,0xabb0,0x61c8,0x722a,0xa38f,0x9b4e,0x9b4e,0x9b4e,0x9b4e,0x92ed,0x8aac,0xabf1,0xe619,0xe65a,0xe65a,0xe5f9,
  0xd576,0xccf5,0xccf5,0xccf5,0xccf5,0xc4d4,0xc4d4,0xd536,0xddd8,0xee9b,0xee7a,0xee7a,0xe67a,0xe67a,0xe65a,0xe619,
  0xddf8,0xdd97,0xd536,0xabf1,0xa3b0,0xb472,0xbc73,0xb472,0xbcb4,0x8b4e,0x0000,0x0000,
};
static const uint8_t YUZU_ALPHA[40940] = {
  0,0,0,0,0,0,0,0,0,0,0,0,0,0,0,0,
  0,0,0,0,0,0,0,0,0,0,0,0,0,0,0,0,
  0,0,0,0,0,0,0,0,0,0,0,0,0,0,1,4,
  0,0,32,142,238,255,232,232,232,251,255,255,252,217,88,0,
  2,5,0,0,0,0,0,14,93,186,247,254,255,255,255,255,
  255,255,255,255,255,255,255,255,255,255,255,255,255,255,255,255,
  254,218,162,100,37,0,0,0,0,4,3,0,0,0,0,0,
  0,0,0,0,0,0,0,0,0,0,0,0,0,0,0,0,
  0,0,0,0,0,0,0,0,0,0,0,0,0,0,0,0,
  0,0,0,0,0,0,0,0,0,0,0,0,0,0,0,0,
  0,0,0,0,0,0,0,0,0,0,0,0,0,0,0,0,
  0,0,0,0,0,0,0,0,0,0,0,0,0,0,0,0,
  0,0,0,0,0,0,0,0,0,0,0,0,0,0,0,0,
  0,0,0,0,0,0,0,0,0,0,0,0,0,0,0,3,
  0,0,38,166,250,221,135,58,17,18,21,40,132,242,255,255,
  255,141,0,0,0,37,77,98,149,223,255,255,255,255,255,255,
  255,255,255,255,255,255,255,255,255,255,255,255,255,255,255,255,
  255,255,255,255,255,255,242,187,117,50,3,0,0,1,3,1,
  0,0,0,0,0,0,0,0,0,0,0,0,0,0,0,0,
  0,0,0,0,0,0,0,0,0,0,0,0,0,0,0,0,
  0,0,0,0,0,0,0,0,0,0,0,0,0,0,0,0,
  0,0,0,0,0,0,0,0,0,0,0,0,0,0,0,0,
  0,0,0,0,0,0,0,0,0,0,0,0,0,0,0,0,
  0,0,0,0,0,0,0,0,0,0,0,0,0,0,0,0,
  0,0,0,0,0,0,0,0,0,0,0,0,0,0,0,0,
  3,0,18,148,255,209,81,0,0,0,0,0,0,0,18,82,
  224,252,252,255,169,128,205,252,255,255,255,255,253,253,255,255,
  255,255,255,255,255,255,255,255,255,255,255,255,255,255,255,255,
  255,255,255,255,255,254,252,253,255,255,255,255,213,137,52,0,
  0,0,3,2,0,0,0,0,0,0,0,0,0,0,0,0,
  0,0,0,0,0,0,0,0,0,0,0,0,0,0,0,0,
  0,0,0,0,0,0,0,0,0,0,0,0,0,0,0,0,
  0,0,0,0,0,0,0,0,0,0,0,0,0,0,0,0,
  0,0,0,0,0,0,0,0,0,0,0,0,0,0,0,0,
  0,0,0,0,0,0,0,0,0,0,0,0,0,0,0,0,
  0,0,0,0,0,0,0,0,0,0,0,0,0,0,0,0,
  1,2,0,78,238,235,96,0,0,0,5,5,0,21,126,215,
  253,241,246,255,254,252,255,255,255,255,252,251,251,253,255,255,
  255,255,255,255,255,255,255,255,255,255,255,255,255,255,255,255,
  255,255,255,255,255,255,255,255,255,255,254,252,251,255,255,255,
  255,195,106,21,0,0,3,2,0,0,0,0,0,0,0,0,
  0,0,0,0,0,0,0,0,0,0,0,0,0,0,0,0,
  0,0,0,0,0,0,0,0,0,0,0,0,0,0,0,0,
  0,0,0,0,0,0,0,0,0,0,0,0,0,0,0,0,
  0,0,0,0,0,0,0,0,0,0,0,0,0,0,0,0,
  0,0,0,0,0,0,0,0,0,0,0,0,0,0,0,0,
  0,0,0,0,0,0,0,0,0,0,0,0,0,0,0,0,
  0,2,0,0,133,255,156,11,0,1,3,3,0,0,101,229,
  255,255,255,255,255,255,255,255,252,251,253,254,255,255,255,255,
  255,255,255,255,255,255,255,255,255,255,255,255,255,255,255,255,
  255,255,255,255,255,255,255,255,255,255,255,255,255,255,255,255,
  253,251,255,255,255,234,148,48,0,0,2,3,0,0,0,0,
  0,0,0,0,0,0,0,0,0,0,0,0,0,0,0,0,
  0,0,0,0,0,0,0,0,0,0,0,0,0,0,0,0,
  0,0,0,0,0,0,0,0,0,0,0,0,0,0,0,0,
  0,0,0,0,0,0,0,0,0,0,0,0,0,0,0,0,
  0,0,0,0,0,0,0,0,0,0,0,0,0,0,0,0,
  0,0,0,0,0,0,0,0,0,0,0,0,0,0,0,0,
  0,0,2,0,8,180,255,88,0,0,4,0,3,0,9,161,
  255,255,251,253,254,254,255,255,255,255,255,255,255,255,255,255,
  255,255,255,255,255,255,255,255,255,255,255,255,255,255,255,255,
  255,255,255,255,255,255,255,255,255,255,255,255,255,255,255,255,
  255,255,255,255,255,252,252,255,255,252,164,60,0,0,2,3,
  0,0,0,0,0,0,0,0,0,0,0,0,0,0,0,0,
  0,0,0,0,0,0,0,0,1,2,3,3,2,1,0,0,
  0,0,0,0,0,0,0,0,0,0,0,0,0,0,0,0,
  0,0,0,0,0,0,0,0,0,0,0,0,0,0,0,0,
  0,0,0,0,0,0,0,0,0,0,0,0,0,0,0,0,
  0,0,0,0,0,0,0,0,0,0,0,0,0,0,0,0,
  0,0,0,3,0,18,206,236,45,0,4,1,0,4,0,36,
  203,255,251,254,255,255,255,255,255,255,255,255,255,255,255,255,
  255,255,255,255,255,255,255,255,255,255,255,255,255,255,255,255,
  255,255,255,255,255,255,255,255,255,255,255,255,255,255,255,255,
  255,255,255,255,255,255,255,255,255,254,251,255,255,255,185,68,
  0,0,3,2,0,0,0,0,0,0,0,0,0,0,0,0,
  0,0,0,0,0,0,0,1,4,2,0,0,0,0,0,0,
  3,4,1,0,0,0,0,0,0,0,0,0,0,0,0,0,
  0,0,0,0,0,0,0,0,0,0,0,0,0,0,0,0,
  0,0,0,0,0,0,0,0,0,0,0,0,0,0,0,0,
  0,0,0,0,0,0,0,0,0,0,0,0,0,0,0,0,
  0,0,0,0,2,0,21,220,219,27,0,4,0,0,5,0,
  51,228,255,251,255,255,255,255,255,255,255,255,255,255,255,255,
  255,255,255,255,255,255,255,255,255,255,255,255,255,255,255,255,
  255,255,255,255,255,255,255,255,255,255,255,255,255,255,255,255,
  255,255,255,255,255,255,255,255,255,255,255,255,255,254,252,254,
  255,255,185,65,0,0,3,1,0,0,0,0,0,0,0,0,
  0,0,0,0,0,0,0,0,3,0,0,0,12,40,63,62,
  29,6,0,0,0,3,1,0,0,0,0,0,0,0,0,0,
  0,0,0,0,0,0,0,0,0,0,0,0,0,0,0,0,
  0,0,0,0,0,0,0,0,0,0,0,0,0,0,0,0,
  0,0,0,0,0,0,0,0,0,0,0,0,0,0,0,0,
  0,0,0,0,0,2,1,16,219,215,18,0,4,0,0,4,
  0,78,242,255,251,255,255,255,255,255,255,255,255,255,255,255,
  255,255,255,255,255,255,255,255,255,255,255,255,255,255,255,255,
  255,255,255,255,255,255,255,255,255,255,255,255,255,255,255,255,
  255,255,255,255,255,255,255,255,255,255,255,255,255,255,255,255,
  255,255,252,253,255,255,165,44,0,0,3,0,0,0,0,0,
  0,0,0,0,0,0,0,0,1,1,0,22,107,183,227,248,
  255,255,255,239,190,104,14,0,0,3,0,0,0,0,0,0,
  0,0,0,0,0,0,0,0,0,0,0,0,0,0,0,0,
  0,0,0,0,0,0,0,0,0,0,0,0,0,0,0,0,
  0,0,0,0,0,0,0,0,0,0,0,0,0,0,0,0,
  0,0,0,0,0,0,1,3,3,196,226,18,0,3,0,1,
  4,0,111,254,255,253,255,255,255,255,255,255,255,255,255,255,
  255,255,255,255,255,255,255,255,255,255,255,255,255,255,255,255,
  255,255,255,255,255,255,255,255,255,255,255,255,255,255,255,255,
  255,255,255,255,255,255,255,255,255,255,255,255,255,255,255,255,
  255,255,255,255,255,255,252,254,255,247,135,12,0,2,2,0,
  0,0,0,0,0,0,0,0,0,2,0,1,113,230,255,255,
  255,255,246,216,181,184,197,249,243,145,17,0,3,0,0,0,
  0,0,0,0,0,0,0,0,0,0,0,0,0,0,0,0,
  0,0,0,0,0,0,0,0,0,0,0,0,0,0,0,0,
  0,0,0,0,0,0,0,0,0,0,0,0,0,0,0,0,
  0,0,0,0,0,0,0,1,4,0,171,243,30,0,3,0,
  0,4,0,131,255,253,253,255,255,255,255,255,255,255,255,255,
  255,255,255,255,255,255,255,255,255,255,255,255,255,255,255,255,
  255,255,255,255,255,255,255,255,255,255,255,255,255,255,255,255,
  255,255,255,255,255,255,255,255,255,255,255,255,255,255,255,255,
  255,255,255,255,255,255,255,255,255,255,252,255,255,216,87,0,
  0,3,1,0,0,0,0,0,0,0,3,0,17,183,255,255,
  255,255,210,105,34,4,0,0,0,18,101,227,236,64,0,4,
  0,0,0,0,0,0,0,0,0,0,0,0,0,0,0,0,
  0,0,0,0,0,0,0,0,0,0,0,0,0,0,0,0,
  0,0,0,0,0,0,0,0,0,0,0,0,0,0,0,0,
  0,0,0,0,0,0,0,0,0,4,0,123,255,57,0,4,
  0,0,4,0,126,255,251,254,255,255,255,255,255,255,255,255,
  255,255,255,255,255,255,255,255,255,255,255,255,255,255,255,255,
  255,255,255,255,255,255,255,255,255,255,255,255,255,255,255,255,
  255,255,255,255,255,255,255,255,255,255,255,255,255,255,255,255,
  255,255,255,255,255,255,255,255,255,255,255,255,255,254,251,255,
  255,175,48,0,0,3,0,0,0,0,0,2,0,24,205,255,
  247,255,228,100,9,0,0,0,0,0,0,0,0,4,153,255,
  84,0,3,0,0,0,0,0,0,0,0,0,0,0,0,0,
  0,0,0,0,0,0,0,0,0,0,0,0,0,0,0,0,
  0,0,0,0,0,0,0,0,0,0,0,0,0,0,0,0,
  0,0,0,0,0,0,0,0,0,0,3,0,60,255,101,0,
  4,0,0,4,0,118,255,251,255,255,255,255,255,255,255,255,
  255,255,255,255,255,255,255,255,255,255,255,255,255,255,255,255,
  255,255,255,255,255,255,255,255,255,255,255,255,255,255,255,255,
  255,255,255,255,255,255,255,255,255,255,255,255,255,255,255,255,
  255,255,255,255,255,255,255,255,255,255,255,255,255,255,255,255,
  255,253,252,255,251,152,23,0,3,1,0,0,2,1,17,209,
  255,247,255,177,30,0,0,0,0,0,20,44,45,18,0,1,
  0,118,255,54,0,3,0,0,0,0,0,0,0,0,0,0,
  0,0,0,0,0,0,0,0,0,0,0,0,0,0,0,0,
  0,0,0,0,0,0,0,0,0,0,0,0,0,0,0,0,
  0,0,0,0,0,0,0,0,0,0,0,2,3,13,232,172,
  0,4,0,0,4,0,101,255,251,254,255,255,255,255,255,255,
  255,255,255,255,255,255,255,255,255,255,255,255,255,255,255,255,
  255,255,255,255,255,255,255,255,255,255,255,255,255,255,255,255,
  255,255,255,255,255,255,255,255,255,255,255,255,255,255,255,255,
  255,255,255,255,255,255,255,255,255,255,255,255,255,255,255,255,
  255,255,255,255,255,252,255,255,236,90,0,2,1,1,3,4,
  187,255,247,255,139,0,0,1,38,100,161,200,237,255,255,232,
  132,3,7,0,151,238,14,3,2,0,0,0,0,0,0,0,
  0,0,0,0,0,0,0,0,0,0,0,0,0,0,0,0,
  0,0,0,0,0,0,0,0,0,0,0,0,0,0,0,0,
  0,0,0,0,0,0,0,0,0,0,0,0,0,3,0,157,
  242,15,2,2,0,4,0,76,254,252,254,255,255,255,255,255,
  255,255,255,255,255,255,255,255,255,255,255,255,255,255,255,255,
  255,255,255,255,255,255,255,255,255,255,255,255,255,255,255,255,
  255,255,255,255,255,255,255,255,255,255,255,255,255,255,255,255,
  255,255,255,255,255,255,255,255,255,255,255,255,255,255,255,255,
  255,255,255,255,255,255,255,254,251,180,234,255,146,0,2,4,
  0,122,255,248,255,136,0,29,119,202,251,255,255,255,255,255,
  255,255,255,151,0,5,3,226,159,0,3,0,0,0,0,0,
  0,0,0,0,0,0,0,0,0,0,0,0,0,0,0,0,
  0,0,0,0,0,0,0,0,0,0,0,0,0,0,0,0,
  0,0,0,0,0,0,0,0,0,0,0,0,0,0,3,0,
  58,255,85,0,3,0,3,0,42,242,254,253,255,255,255,255,
  255,255,255,255,255,255,255,255,255,255,255,255,255,255,255,255,
  255,255,255,255,255,255,255,255,255,255,255,255,255,255,255,255,
  255,255,255,255,255,255,255,255,255,255,255,255,255,255,255,255,
  255,255,255,255,255,255,255,255,255,255,255,255,255,255,255,255,
  255,255,255,255,255,255,255,255,255,253,254,212,48,186,255,155,
  1,2,42,246,250,254,181,37,152,239,255,255,255,252,251,252,
  254,255,255,253,249,255,100,0,0,58,255,35,0,2,0,0,
  0,0,0,0,0,0,0,0,0,0,0,0,0,0,0,0,
  0,0,0,0,0,0,0,0,0,0,0,0,0,0,0,0,
  0,0,0,0,0,0,0,0,0,0,0,0,0,0,0,0,
  2,0,212,196,0,3,0,2,1,13,213,255,252,255,255,255,
  255,255,255,255,255,255,255,255,255,255,255,255,255,255,255,255,
  255,255,255,255,255,255,255,255,255,255,255,255,255,255,255,255,
  255,255,255,255,255,255,255,255,255,255,255,255,255,255,255,255,
  255,255,255,255,255,255,255,255,255,255,255,255,255,255,255,255,
  255,255,255,255,255,255,255,255,255,255,255,255,252,255,182,5,
  216,255,128,0,191,255,251,253,191,244,255,255,251,253,254,255,
  255,255,255,255,255,255,253,253,241,30,1,0,203,161,0,4,
  0,0,0,0,0,0,0,0,0,0,0,0,0,0,0,0,
  0,0,0,0,0,0,0,0,0,0,0,0,0,0,0,0,
  0,0,0,0,0,0,0,0,0,0,0,0,0,0,0,0,
  0,4,0,82,255,39,1,2,2,3,3,184,255,252,255,255,
  255,255,255,255,255,255,255,255,255,255,255,255,255,255,255,255,
  255,255,255,255,255,255,255,255,255,255,255,255,255,255,255,255,
  255,255,255,255,255,255,255,255,255,255,255,255,255,255,255,255,
  255,255,255,255,255,255,255,255,255,255,255,255,255,255,255,255,
  255,255,255,255,255,255,255,255,255,255,255,255,255,255,255,251,
  255,117,70,255,243,128,255,254,255,255,255,255,251,254,255,255,
  255,255,255,255,255,255,255,255,255,251,255,162,0,1,76,240,
  10,0,1,0,0,0,0,0,0,0,0,0,0,0,0,0,
  0,0,0,0,0,0,0,0,0,0,0,0,0,0,0,0,
  0,0,0,0,0,0,0,0,0,0,0,0,0,0,0,0,
  0,0,0,2,0,217,181,0,3,1,2,0,153,255,251,255,
  255,255,255,255,255,255,255,255,255,255,255,255,255,255,255,255,
  255,255,255,255,255,255,255,255,255,255,255,255,255,255,255,255,
  255,255,255,255,255,255,255,255,255,255,255,255,255,255,255,255,
  255,255,255,255,255,255,255,255,255,255,255,255,255,255,255,255,
  255,255,255,255,255,255,255,255,255,255,255,255,255,255,255,255,
  255,254,252,254,60,208,255,255,254,255,255,255,253,254,255,255,
  255,255,255,255,255,255,255,255,255,255,255,254,253,248,35,0,
  4,229,86,0,4,0,0,0,0,0,0,0,0,0,0,0,
  0,0,0,0,0,0,0,0,0,0,0,0,0,0,0,0,
  0,0,0,0,0,0,0,0,0,0,0,0,0,0,0,0,
  0,0,0,0,3,0,66,255,62,1,5,1,2,151,255,251,
  255,255,255,255,255,255,255,255,255,255,255,255,255,255,255,255,
  255,255,255,255,255,255,255,255,255,255,255,255,255,255,255,255,
  255,255,255,255,255,255,255,255,255,255,255,255,255,255,255,255,
  255,255,255,255,255,255,255,255,255,255,255,255,255,255,255,255,
  255,255,255,255,255,255,255,255,255,255,255,255,255,255,255,255,
  255,255,255,255,253,255,203,154,254,251,255,255,255,255,255,255,
  255,255,255,255,255,255,255,255,255,255,255,255,255,255,251,255,
  137,0,0,154,170,0,4,0,0,0,0,0,0,0,0,0,
  0,0,0,0,0,0,0,0,0,0,0,0,0,0,0,0,
  0,0,0,0,0,0,0,0,0,0,0,0,0,0,0,0,
  0,0,0,0,0,0,3,0,186,232,2,2,2,5,179,255,
  251,255,255,255,255,255,255,255,255,255,255,255,255,255,255,255,
  255,255,255,255,255,255,255,255,255,255,255,255,255,255,255,255,
  255,255,255,255,255,255,255,255,255,255,255,255,255,255,255,255,
  255,255,255,255,255,255,255,255,255,255,255,255,255,255,255,255,
  255,255,255,255,255,255,255,255,255,255,255,255,255,255,255,255,
  255,255,255,255,255,255,255,254,255,239,255,255,255,255,255,255,
  255,255,255,255,255,255,255,255,255,255,255,255,255,255,255,255,
  253,255,223,8,0,73,212,0,1,0,0,0,0,0,0,0,
  0,0,0,0,0,0,0,0,0,0,0,0,0,0,0,0,
  0,0,0,0,0,0,0,0,0,0,0,0,0,0,0,0,
  0,0,0,0,0,0,0,1,0,22,254,137,0,6,0,175,
  255,250,255,255,255,255,255,255,255,255,255,255,255,255,255,255,
  255,255,255,255,255,255,255,255,255,255,255,255,255,255,255,255,
  255,255,255,255,255,255,255,255,255,255,255,255,255,255,255,255,
  255,255,255,255,255,255,255,255,255,255,255,255,255,255,255,255,
  255,255,255,255,255,255,255,255,255,255,255,255,255,255,255,255,
  255,255,255,255,255,255,255,255,255,255,254,255,255,255,255,255,
  255,255,255,255,255,255,255,255,255,255,255,255,255,255,255,255,
  255,255,255,253,255,69,0,19,219,26,0,1,0,0,0,0,
  0,0,0,0,0,0,0,0,0,0,0,0,0,0,0,0,
  0,0,0,0,0,0,0,0,0,0,0,0,0,0,0,0,
  0,0,0,0,0,0,0,0,0,3,0,79,255,57,2,0,
  154,255,250,255,255,255,255,255,255,255,255,255,255,255,255,255,
  255,255,255,255,255,255,255,255,255,255,255,255,255,255,255,255,
  255,255,255,255,255,255,255,255,255,255,255,255,255,255,255,255,
  255,255,255,255,255,255,255,255,255,255,255,255,255,255,255,255,
  255,255,255,255,255,255,255,255,255,255,255,255,255,255,255,255,
  255,255,255,255,255,255,255,255,255,255,255,255,255,254,255,255,
  255,255,255,255,255,255,255,255,255,255,255,255,255,255,255,255,
  255,255,255,255,255,251,255,145,0,0,199,72,0,3,0,0,
  0,0,0,0,0,0,0,0,0,0,0,0,0,0,0,0,
  0,0,0,0,0,0,0,0,0,0,0,0,0,0,0,0,
  0,0,0,0,0,0,0,0,0,0,0,4,0,153,244,11,
  0,137,241,233,255,254,255,255,255,255,255,255,255,255,255,255,
  255,255,255,255,255,255,255,255,255,255,255,255,255,255,255,255,
  255,255,255,255,255,255,255,255,255,255,255,255,255,255,255,255,
  255,255,255,255,255,255,255,255,255,255,255,255,255,255,255,255,
  255,255,255,255,255,255,255,255,255,255,255,255,255,255,255,255,
  255,255,255,255,255,255,255,255,255,255,255,255,255,255,255,255,
  255,255,255,255,255,255,255,255,255,255,255,255,255,255,255,255,
  255,255,255,255,255,255,255,253,255,213,5,0,169,108,0,4,
  0,0,0,0,0,0,0,0,0,0,0,0,0,0,0,0,
  0,0,0,0,0,0,0,0,0,0,0,0,0,0,0,0,
  0,0,0,0,0,0,0,0,0,0,0,0,0,2,0,212,
  195,0,85,238,160,253,253,255,255,255,255,255,255,255,255,255,
  255,255,255,255,255,255,255,255,255,255,255,255,255,255,255,255,
  255,255,255,255,255,255,255,255,255,255,255,255,255,255,255,255,
  255,255,255,255,255,255,255,255,255,255,255,255,255,255,255,255,
  255,255,255,255,255,255,255,255,255,255,255,255,255,255,255,255,
  255,255,255,255,255,255,255,255,255,255,255,255,255,255,255,255,
  255,255,255,255,255,255,255,255,255,255,255,255,255,255,255,255,
  255,255,255,255,255,255,255,255,255,255,254,253,51,0,129,136,
  0,4,0,0,0,0,0,0,0,0,0,0,0,0,0,0,
  0,0,0,0,0,0,0,0,0,0,0,0,0,0,0,0,
  0,0,0,0,0,0,0,0,0,0,0,0,0,0,1,0,
  9,250,124,14,238,110,231,255,254,255,255,255,255,255,255,255,
  255,255,255,255,255,255,255,255,255,255,255,255,255,255,255,255,
  255,255,255,255,255,255,255,255,255,255,255,255,255,255,255,255,
  255,255,255,255,255,255,255,255,255,255,255,255,255,255,255,255,
  255,255,255,255,255,255,255,255,255,255,255,255,255,255,255,255,
  255,255,255,255,255,255,255,255,255,255,255,255,255,255,255,255,
  255,255,255,255,255,255,255,255,255,255,255,255,255,255,255,255,
  255,255,255,255,255,255,255,255,255,255,255,255,251,255,127,1,
  116,167,0,4,0,0,0,0,0,0,0,0,0,0,0,0,
  0,0,0,0,0,0,0,0,0,0,0,0,0,0,0,0,
  0,0,0,0,0,0,0,0,0,0,0,0,0,0,0,0,
  1,0,20,255,84,178,146,142,255,252,255,255,255,255,255,255,
  255,255,255,255,255,255,255,255,255,255,255,255,255,255,255,255,
  255,255,255,255,255,255,255,255,255,255,255,255,255,255,255,255,
  255,255,255,255,255,255,255,255,255,255,255,255,255,255,255,255,
  255,255,255,255,255,255,255,255,255,255,255,255,255,255,255,255,
  255,255,255,255,255,255,255,255,255,255,255,255,255,255,255,255,
  255,255,255,255,255,255,255,255,255,255,255,255,255,255,255,255,
  255,255,255,255,255,255,255,255,255,255,255,255,255,255,252,255,
  196,0,93,163,0,4,0,0,0,0,0,0,0,0,0,0,
  0,0,0,0,0,0,0,0,0,0,0,0,0,0,0,0,
  0,0,0,0,0,0,0,0,0,0,0,0,0,0,0,0,
  0,0,3,0,60,255,186,214,62,253,252,255,255,255,255,255,
  255,255,255,255,255,255,255,255,255,255,255,255,255,255,255,255,
  255,255,255,255,255,255,255,255,255,255,255,255,255,255,255,255,
  255,255,255,255,255,255,255,255,255,255,255,255,255,255,255,255,
  255,255,255,255,255,255,255,255,255,255,255,255,255,255,255,255,
  255,255,255,255,255,255,255,255,255,255,255,255,255,255,255,255,
  255,255,255,255,255,255,255,255,255,255,255,255,255,255,255,255,
  255,255,255,255,255,255,255,255,255,255,255,255,255,255,255,255,
  254,255,245,13,71,165,0,3,0,0,0,0,0,0,0,0,
  0,0,0,0,0,0,0,0,0,0,0,0,0,0,0,0,
  0,0,0,0,0,0,0,0,0,0,0,0,0,0,0,0,
  0,0,0,0,3,0,63,255,255,74,167,255,252,255,255,255,
  255,255,255,255,255,255,255,255,255,255,255,255,255,255,255,255,
  255,255,255,255,255,255,255,255,255,255,255,255,255,255,255,255,
  255,255,255,255,255,255,255,255,255,255,255,255,255,255,255,255,
  255,255,255,255,255,255,255,255,255,255,255,255,255,255,255,255,
  255,255,255,255,255,255,255,255,255,255,255,255,255,255,255,255,
  255,255,255,255,255,255,255,255,255,255,255,255,255,255,255,255,
  255,255,255,255,255,255,255,255,255,255,255,255,255,255,255,255,
  255,255,255,252,255,73,56,174,0,3,0,0,0,0,0,0,
  0,0,0,0,0,0,0,0,0,0,0,0,0,0,0,0,
  0,0,0,0,0,0,0,0,0,0,0,0,0,0,0,0,
  0,0,0,0,0,0,3,0,75,255,182,59,255,253,255,255,
  255,255,255,255,255,255,255,255,255,255,255,255,255,255,255,255,
  255,255,255,255,255,255,255,255,255,255,255,255,255,255,255,255,
  255,255,255,255,255,255,255,255,255,255,255,255,255,255,255,255,
  255,255,255,255,255,255,255,255,255,255,255,255,255,255,255,255,
  255,255,255,255,255,255,255,255,255,255,255,255,255,255,255,255,
  255,255,255,255,255,255,255,255,255,255,255,255,255,255,255,255,
  255,255,255,255,255,255,255,255,255,255,255,255,255,255,255,255,
  255,255,255,255,255,251,255,143,42,168,0,3,0,0,0,0,
  0,0,0,0,0,0,0,0,0,0,0,0,0,0,0,0,
  0,0,0,0,0,0,0,0,0,0,0,0,0,0,0,0,
  0,0,0,0,0,0,0,0,4,0,121,255,118,182,255,252,
  255,255,255,255,255,255,255,255,255,255,255,255,255,255,255,255,
  255,255,255,255,255,255,255,255,255,255,255,255,255,255,255,255,
  255,255,255,255,255,255,255,255,255,255,255,255,255,255,255,255,
  255,255,255,255,255,255,255,255,255,255,255,255,255,255,255,255,
  255,255,255,255,255,255,255,255,255,255,255,255,255,255,255,255,
  255,255,255,255,255,255,255,255,255,255,255,255,255,255,255,255,
  255,255,255,255,255,255,255,255,255,255,255,255,255,255,255,255,
  255,255,255,255,255,255,255,253,255,199,55,166,0,3,0,0,
  0,0,0,0,0,0,0,0,0,0,0,0,0,0,0,0,
  0,0,0,0,0,0,0,0,0,0,0,0,0,0,0,0,
  0,0,0,0,0,0,0,0,0,0,2,2,204,255,201,254,
  255,255,255,255,255,255,255,255,255,255,255,255,255,255,255,255,
  255,255,255,255,255,255,255,255,255,255,255,255,255,255,255,255,
  255,255,255,255,255,255,255,255,255,255,255,255,255,255,255,255,
  255,255,255,255,255,255,255,255,255,255,255,255,255,255,255,255,
  255,255,255,255,255,255,255,255,255,255,255,255,255,255,255,255,
  255,255,255,255,255,255,255,255,255,255,255,255,255,255,255,255,
  255,255,255,255,255,255,255,255,255,255,255,255,255,255,255,255,
  255,255,255,255,255,255,255,255,255,254,255,235,86,162,0,3,
  0,0,0,0,0,0,0,0,0,0,0,0,0,0,0,0,
  0,0,0,0,0,0,0,0,0,0,0,0,0,0,0,0,
  0,0,0,0,0,0,0,0,0,0,0,3,0,83,255,252,
  255,255,255,255,255,255,255,255,255,255,255,255,255,255,255,255,
  255,255,255,255,255,255,255,255,255,255,255,255,255,255,255,255,
  255,255,255,255,255,255,255,255,255,255,255,255,255,255,255,255,
  255,255,255,255,255,255,255,255,255,255,255,255,255,255,255,255,
  255,255,255,255,255,255,255,255,255,255,255,255,255,255,255,255,
  255,255,255,255,255,255,255,255,255,255,255,255,255,255,255,255,
  255,255,255,255,255,255,255,255,255,255,255,255,255,255,255,255,
  255,255,255,255,255,255,255,255,255,255,255,255,254,254,136,152,
  0,3,0,0,0,0,0,0,0,0,0,0,0,0,0,0,
  0,0,0,0,0,0,0,0,0,0,0,0,0,0,0,0,
  0,0,0,0,0,0,0,0,0,0,0,0,0,2,2,209,
  253,252,255,255,255,255,255,255,255,255,255,255,255,255,255,255,
  255,255,255,255,255,255,255,255,255,255,255,255,255,255,255,255,
  255,255,255,255,255,255,255,255,255,255,255,255,255,255,255,255,
  255,255,255,255,255,255,255,255,255,255,255,255,255,255,255,255,
  255,255,255,255,255,255,255,255,255,255,255,255,255,255,255,255,
  255,255,255,255,255,255,255,255,255,255,255,255,255,255,255,255,
  255,255,255,255,255,255,255,255,255,255,255,255,255,255,255,255,
  255,255,255,255,255,255,255,255,255,255,255,255,255,255,253,255,
  218,158,0,3,0,0,0,0,0,0,0,0,0,0,0,0,
  0,0,0,0,0,0,0,0,0,0,0,0,0,0,0,0,
  0,0,0,0,0,0,0,0,0,0,0,0,0,0,3,0,
  64,255,255,255,255,255,255,255,255,255,255,255,255,255,255,255,
  255,255,255,255,255,255,255,255,255,255,255,255,255,255,255,255,
  255,255,255,255,255,255,255,255,255,255,255,255,255,255,255,255,
  255,255,255,255,255,255,255,255,255,255,255,255,255,255,255,255,
  255,255,255,255,255,255,255,255,255,255,255,255,255,255,255,255,
  255,255,255,255,255,255,255,255,255,255,255,255,255,255,255,255,
  255,255,255,255,255,255,255,255,255,255,255,255,255,255,255,255,
  255,255,255,255,255,255,255,255,255,255,255,255,255,255,255,255,
  255,252,255,175,0,3,0,0,0,0,0,0,0,0,0,0,
  0,0,0,0,0,0,0,0,0,0,0,0,0,0,0,0,
  0,0,0,0,0,0,0,0,0,0,0,0,0,0,0,0,
  3,0,169,255,216,254,255,255,255,255,255,255,255,255,255,255,
  255,255,255,255,255,255,255,255,255,255,255,255,255,255,255,255,
  255,255,255,255,255,255,255,255,255,255,255,255,255,255,255,255,
  255,255,255,255,255,255,255,255,255,255,255,255,255,255,255,255,
  255,255,255,255,255,255,255,255,255,255,255,255,255,255,255,255,
  255,255,255,255,255,255,255,255,255,255,255,255,255,255,255,255,
  255,255,255,255,255,255,255,255,255,255,255,255,255,255,255,255,
  255,255,255,255,255,255,255,255,255,255,255,255,255,255,255,255,
  255,255,255,252,254,176,0,3,0,0,0,0,0,0,0,0,
  0,0,0,0,0,0,0,0,0,0,0,0,0,0,0,0,
  0,0,0,0,0,0,0,0,0,0,0,0,0,0,0,0,
  0,1,0,15,240,233,156,255,253,255,255,255,255,255,255,255,
  255,255,255,255,255,255,255,255,255,255,255,255,255,255,255,255,
  255,255,255,255,255,255,255,255,255,255,255,255,255,255,255,255,
  255,255,255,255,255,255,255,255,255,255,255,255,255,255,255,255,
  255,255,255,255,255,255,255,255,255,255,255,255,255,255,255,255,
  255,255,255,255,255,255,255,255,255,255,255,255,255,255,255,255,
  255,255,255,255,255,255,255,255,255,255,255,255,255,255,255,255,
  255,255,255,255,255,255,255,255,255,255,255,255,255,255,255,255,
  255,255,255,255,255,252,255,180,0,2,0,0,0,0,0,0,
  0,0,0,0,0,0,0,0,0,0,0,0,0,0,0,0,
  0,0,0,0,0,0,0,0,0,0,0,0,0,0,0,0,
  0,0,0,3,0,75,255,173,195,255,253,255,255,255,255,255,
  255,255,255,255,255,255,255,255,255,255,255,255,255,255,255,255,
  255,255,255,255,255,255,255,255,255,255,255,255,255,255,255,255,
  255,255,255,255,255,255,255,255,255,255,255,255,255,255,255,255,
  255,255,255,255,255,255,255,255,255,255,255,255,255,255,255,255,
  255,255,255,255,255,255,255,255,255,255,255,255,255,255,255,255,
  255,255,255,255,255,255,255,255,255,255,255,255,255,255,255,255,
  255,255,255,255,255,255,255,255,255,255,255,255,255,255,255,255,
  255,255,255,255,255,255,255,253,255,218,4,0,0,0,0,0,
  0,0,0,0,0,0,0,0,0,0,0,0,0,0,0,0,
  0,0,0,0,0,0,0,0,0,0,0,0,0,0,0,0,
  0,1,2,2,1,4,0,143,254,167,244,255,255,255,255,255,
  255,255,255,255,255,255,255,255,255,255,255,255,255,255,255,255,
  255,255,255,255,255,255,255,255,255,255,255,255,255,255,255,255,
  255,255,255,255,255,255,255,255,255,255,255,255,255,255,255,255,
  255,255,255,255,255,255,255,255,255,255,255,255,255,255,255,255,
  255,255,255,255,255,255,255,255,255,255,255,255,255,255,255,255,
  255,255,255,255,255,255,255,255,255,255,255,255,255,255,255,255,
  255,255,255,255,255,255,255,255,255,255,255,255,255,255,255,255,
  255,255,255,255,255,255,255,255,255,255,254,254,48,0,3,0,
  0,0,0,0,0,0,0,0,0,0,0,0,0,0,0,0,
  0,0,0,0,0,0,0,0,0,0,0,0,0,0,0,1,
  3,4,2,0,0,0,0,5,1,196,255,218,255,255,255,255,
  255,255,255,255,255,255,255,255,255,255,255,255,255,255,255,255,
  255,255,255,255,255,255,255,255,255,255,255,255,255,255,255,255,
  255,255,255,255,255,255,255,255,255,255,255,255,255,255,255,255,
  255,255,255,255,255,255,255,255,255,255,255,255,255,255,255,255,
  255,255,255,255,255,255,255,255,255,255,255,255,255,255,255,255,
  255,255,255,255,255,255,255,255,255,255,255,255,255,255,255,255,
  255,255,255,255,255,255,255,255,255,255,255,255,255,255,255,255,
  255,255,255,255,255,255,255,255,255,255,255,255,251,255,128,0,
  4,0,0,0,0,0,0,0,0,0,0,0,0,0,0,0,
  0,0,0,0,0,0,0,0,0,0,0,0,0,0,0,1,
  3,0,0,0,0,17,36,34,10,0,0,222,255,255,255,255,
  255,255,255,255,255,255,255,255,255,255,255,255,255,255,255,255,
  255,255,255,255,255,255,255,255,255,255,255,255,255,255,255,255,
  255,255,255,255,255,255,255,255,255,255,255,255,255,255,255,255,
  255,255,255,255,255,255,255,255,255,255,255,255,255,255,255,255,
  255,255,255,255,255,255,255,255,255,255,255,255,255,255,255,255,
  255,255,255,255,255,255,255,255,255,255,255,255,255,255,255,255,
  255,255,255,255,255,255,255,255,255,255,255,255,255,255,255,255,
  255,255,255,255,255,255,255,255,255,255,255,255,255,255,252,255,
  205,1,1,0,0,0,0,0,0,0,0,0,0,0,0,0,
  0,0,0,0,0,0,0,0,0,0,0,0,0,0,0,0,
  2,0,0,5,65,132,178,232,249,249,226,142,50,242,255,254,
  255,255,255,255,255,255,255,255,255,255,255,255,255,255,255,255,
  255,255,255,255,255,255,255,255,255,255,255,255,255,255,255,255,
  255,255,255,255,255,255,255,255,255,255,255,255,255,255,255,255,
  255,255,255,255,255,255,255,255,255,255,255,255,255,255,255,255,
  255,255,255,255,255,255,255,255,255,255,255,255,255,255,255,255,
  255,255,255,255,255,255,255,255,255,255,255,255,255,255,255,255,
  255,255,255,255,255,255,255,255,255,255,255,255,255,255,255,255,
  255,255,255,255,255,255,255,255,255,255,255,255,255,255,255,255,
  254,254,251,41,0,2,0,0,0,0,0,0,0,0,0,0,
  0,0,0,0,0,0,0,0,0,0,0,0,0,0,0,0,
  0,2,0,5,106,211,255,255,255,255,255,255,255,255,236,250,
  255,255,255,255,255,255,255,255,255,255,255,255,255,255,255,255,
  255,255,255,255,255,255,255,255,255,255,255,255,255,255,255,255,
  255,255,255,255,255,255,255,255,255,255,255,255,255,255,255,255,
  255,255,255,255,255,255,255,255,255,255,255,255,255,255,255,255,
  255,255,255,255,255,255,255,255,255,255,255,255,255,255,255,255,
  255,255,255,255,255,255,255,255,255,255,255,255,255,255,255,255,
  255,255,255,255,255,255,255,255,255,255,255,255,255,255,255,255,
  255,255,255,255,255,255,255,255,255,255,255,255,255,255,255,255,
  255,255,255,251,255,118,0,4,0,0,0,0,0,0,0,0,
  0,0,0,0,0,0,0,0,0,0,0,0,0,0,0,0,
  0,0,2,0,28,191,255,255,255,242,195,159,211,251,253,251,
  255,255,255,255,255,255,255,255,255,255,255,255,255,255,255,255,
  255,255,255,255,255,255,255,255,255,255,255,255,255,255,255,255,
  255,255,255,255,255,255,255,255,255,255,255,255,255,255,255,255,
  255,255,255,255,255,255,255,255,255,255,255,255,255,255,255,255,
  255,255,255,255,255,255,255,255,255,255,255,255,255,255,255,255,
  255,255,255,255,255,255,255,255,255,255,255,255,255,255,255,255,
  255,255,255,255,255,255,255,255,255,255,255,255,255,255,255,255,
  255,255,255,255,255,255,255,255,255,255,255,255,255,255,255,255,
  255,255,255,255,255,252,255,198,1,2,0,0,0,0,0,0,
  0,0,0,0,0,0,0,0,0,0,0,0,0,0,0,0,
  0,0,0,1,0,21,200,247,255,233,115,12,0,41,142,244,
  254,255,254,255,255,255,255,255,255,255,255,255,255,255,255,255,
  255,255,255,255,255,255,255,255,255,255,255,255,255,255,255,255,
  255,255,255,255,255,255,255,255,255,255,255,255,255,255,255,255,
  255,255,255,255,255,255,255,255,255,255,255,255,255,255,255,255,
  255,255,255,255,255,255,255,255,255,255,255,255,255,255,255,255,
  255,255,255,255,255,255,255,255,255,255,255,255,255,255,255,255,
  255,255,255,255,255,255,255,255,255,255,255,255,255,255,255,255,
  255,255,255,255,255,255,255,255,255,255,255,255,255,255,255,255,
  255,255,255,255,255,255,255,254,254,250,36,0,2,0,0,0,
  0,0,0,0,0,0,0,0,0,0,0,0,0,0,0,0,
  0,0,0,0,1,2,5,162,231,247,175,25,0,115,213,255,
  255,255,255,255,255,255,255,255,255,255,255,255,255,255,255,255,
  255,255,255,255,255,255,255,255,255,255,255,255,255,255,255,255,
  255,255,255,255,255,255,255,255,255,255,255,255,255,255,255,255,
  255,255,255,255,255,255,255,255,255,255,255,255,255,255,255,255,
  255,255,255,255,255,255,255,255,255,255,255,255,255,255,255,255,
  255,255,255,255,255,255,255,255,255,255,255,255,255,255,255,255,
  255,255,255,255,255,255,255,255,255,255,255,255,255,255,255,255,
  255,255,255,255,255,255,255,255,255,255,255,255,255,255,255,255,
  255,255,255,255,255,255,255,255,255,255,251,255,106,0,3,0,
  0,0,0,0,0,0,0,0,0,0,0,0,0,0,0,0,
  0,0,0,0,0,0,2,0,118,215,231,142,0,18,211,255,
  255,254,252,255,255,255,255,255,255,255,255,255,255,255,255,255,
  255,255,255,255,255,255,255,255,255,255,255,255,255,255,255,255,
  255,255,255,255,255,255,255,255,255,255,255,255,255,255,255,255,
  255,255,255,255,255,255,255,255,255,255,255,255,255,255,255,255,
  255,255,255,255,255,255,255,255,255,255,255,255,255,255,255,255,
  255,255,255,255,255,255,255,255,255,255,255,255,255,255,255,255,
  255,255,255,255,255,255,255,255,255,255,255,255,255,255,255,255,
  255,255,255,255,255,255,255,255,255,255,255,255,255,255,255,255,
  255,255,255,255,255,255,255,255,255,255,255,253,251,254,182,0,
  2,0,0,0,0,0,0,0,0,0,0,0,0,0,0,0,
  0,0,0,0,0,0,0,2,0,47,199,215,134,0,0,166,
  255,248,253,255,255,255,255,255,255,255,255,255,255,255,255,255,
  255,255,255,255,255,255,255,255,255,255,255,255,255,255,255,255,
  255,255,255,255,255,255,255,255,255,255,255,255,255,255,255,255,
  255,255,255,255,255,255,255,255,255,255,255,255,255,255,255,255,
  255,255,255,255,255,255,255,255,255,255,255,255,255,255,255,255,
  255,255,255,255,255,255,255,255,255,255,255,255,255,255,255,255,
  255,255,255,255,255,255,255,255,255,255,255,255,255,255,255,255,
  255,255,255,255,255,255,255,255,255,255,255,255,255,255,255,255,
  255,255,255,255,255,255,255,255,255,255,255,254,255,233,171,255,
  234,23,0,2,0,0,0,0,0,0,0,0,0,0,0,0,
  0,0,0,0,0,0,0,0,0,1,0,139,199,149,0,1,
  32,249,252,254,255,255,255,255,255,255,255,255,255,255,255,255,
  255,255,255,255,255,255,255,255,255,255,255,255,255,255,255,255,
  255,255,255,255,255,255,255,255,255,255,255,255,255,255,255,255,
  255,255,255,255,255,255,255,255,255,255,255,255,255,255,255,255,
  255,255,255,255,255,255,255,255,255,255,255,255,255,255,255,255,
  255,255,255,255,255,255,255,255,255,255,255,255,255,255,255,255,
  255,255,255,255,255,255,255,255,255,255,255,255,255,255,255,255,
  255,255,255,255,255,255,255,255,255,255,255,255,255,255,255,255,
  255,255,255,255,255,255,255,255,255,255,255,255,255,255,254,247,
  96,240,247,85,0,3,0,0,0,0,0,0,0,0,0,0,
  0,0,0,0,0,0,0,0,0,0,2,0,45,183,182,20,
  3,0,112,255,251,255,255,255,255,255,255,255,255,255,255,255,
  255,255,255,255,255,255,255,255,255,255,255,255,255,255,255,255,
  255,255,255,255,255,255,255,255,255,255,255,255,255,255,255,255,
  255,255,255,255,255,255,255,255,255,255,255,255,255,255,255,255,
  255,255,255,255,255,255,255,255,255,255,255,255,255,255,255,255,
  255,255,255,255,255,255,255,255,255,255,255,255,255,255,255,255,
  255,255,255,255,255,255,255,255,255,255,255,255,255,255,255,255,
  255,255,255,255,255,255,255,255,255,255,255,255,255,255,255,255,
  255,255,255,255,255,255,255,255,255,255,255,255,255,255,255,255,
  252,255,68,143,246,149,0,2,0,0,0,0,0,0,0,0,
  0,0,0,0,0,0,0,0,0,0,0,0,1,0,119,183,
  62,0,5,0,185,255,252,255,255,255,255,255,255,255,255,255,
  255,255,255,255,255,255,255,255,255,255,255,255,255,255,255,255,
  255,255,255,255,255,255,255,255,255,255,255,255,255,255,255,255,
  255,255,255,255,255,255,255,255,255,255,255,255,255,255,255,255,
  255,255,255,255,255,255,255,255,255,255,255,255,255,255,255,255,
  255,255,255,255,255,255,255,255,255,255,255,255,255,255,255,255,
  255,255,255,255,255,255,255,255,255,255,255,255,255,255,255,255,
  255,255,255,255,255,255,255,255,255,255,255,255,255,255,255,255,
  255,255,255,255,255,255,255,255,255,255,255,255,255,255,255,255,
  255,255,251,255,109,33,247,211,13,0,1,0,0,0,0,0,
  0,0,0,0,0,0,0,0,0,0,0,0,0,1,0,20,
  166,131,0,3,0,15,237,255,254,255,255,255,255,255,255,255,
  255,255,255,255,255,255,255,255,255,255,255,255,255,255,255,255,
  255,255,255,255,255,255,255,255,255,255,255,255,255,255,255,255,
  255,255,255,255,255,255,255,255,255,255,255,255,255,255,255,255,
  255,255,255,255,255,255,255,255,255,255,255,255,255,255,255,255,
  255,255,255,255,255,255,255,255,255,255,255,255,255,255,255,255,
  255,255,255,255,255,255,255,255,255,255,255,255,255,255,255,255,
  255,255,255,255,255,255,255,255,255,255,255,255,255,255,255,255,
  255,255,255,255,255,255,255,255,255,255,255,255,255,255,255,255,
  255,255,255,255,251,255,155,0,187,231,57,0,3,0,0,0,
  0,0,0,0,0,0,0,0,0,0,0,0,0,0,0,2,
  0,68,167,33,1,4,0,48,253,254,255,255,255,255,255,255,
  255,255,255,255,255,255,255,255,255,255,255,255,255,255,255,255,
  255,255,255,255,255,255,255,255,255,255,255,255,255,255,255,255,
  255,255,255,255,255,255,255,255,255,255,255,255,255,255,255,255,
  255,255,255,255,255,255,255,255,255,255,255,255,255,255,255,255,
  255,255,255,255,255,255,255,255,255,255,255,255,255,255,255,255,
  255,255,255,255,255,255,255,255,255,255,255,255,255,255,255,255,
  255,255,255,255,255,255,255,255,255,255,255,255,255,255,255,255,
  255,255,255,255,255,255,255,255,255,255,255,255,255,255,255,255,
  255,255,255,255,255,255,252,255,197,1,75,231,122,0,3,0,
  0,0,0,0,0,0,0,0,0,0,0,0,0,0,0,0,
  0,1,0,122,130,0,2,3,0,91,255,251,255,255,255,255,
  255,255,255,255,255,255,255,255,255,255,255,255,255,255,255,255,
  255,255,255,255,255,255,255,255,255,255,255,255,255,255,255,255,
  255,255,255,255,255,255,255,255,255,255,255,255,255,255,255,255,
  255,255,255,255,255,255,255,255,255,255,255,255,255,255,255,255,
  255,255,255,255,255,255,255,255,255,255,255,255,255,255,255,255,
  255,255,255,255,255,255,255,255,255,255,255,255,255,255,255,255,
  255,255,255,255,255,255,255,255,255,255,255,255,255,255,255,255,
  255,255,255,255,255,255,255,255,255,255,255,255,255,255,255,255,
  255,255,255,255,255,255,255,255,253,255,208,1,9,208,196,5,
  0,1,0,0,0,0,0,0,0,0,0,0,0,0,0,0,
  0,0,0,0,10,151,56,1,3,3,1,132,255,251,255,255,
  255,255,255,255,255,255,255,255,255,255,255,255,255,255,255,255,
  255,255,255,255,255,255,255,255,255,255,255,255,255,255,255,255,
  255,255,255,255,255,255,255,255,255,255,255,255,255,255,255,255,
  255,255,255,255,255,255,255,255,255,255,255,255,255,255,255,255,
  255,255,255,255,255,255,255,255,255,255,255,255,255,255,255,255,
  255,255,255,255,255,255,255,255,255,255,255,255,255,255,255,255,
  255,255,255,255,255,255,255,255,255,255,255,255,255,255,255,255,
  255,255,255,255,255,255,255,255,255,255,255,255,255,255,255,255,
  255,255,255,255,255,255,255,255,255,255,254,255,239,23,0,125,
  215,42,0,2,0,0,0,0,0,0,0,0,0,0,0,0,
  0,0,0,0,1,0,45,144,6,0,1,3,0,191,255,252,
  255,255,255,255,255,255,255,255,255,255,255,255,255,255,255,255,
  255,255,255,255,255,255,255,255,255,255,255,255,255,255,255,255,
  255,255,255,255,255,255,255,255,255,255,255,255,255,255,255,255,
  255,255,255,255,255,255,255,255,255,255,255,255,255,255,255,255,
  255,255,255,255,255,255,255,255,255,255,255,255,255,255,255,255,
  255,255,255,255,255,255,255,255,255,255,255,255,255,255,255,255,
  255,255,255,255,255,255,255,255,255,255,255,255,255,255,255,255,
  255,255,255,255,255,255,255,255,255,255,255,255,255,255,255,255,
  255,255,255,255,255,255,255,255,255,255,255,255,254,255,249,36,
  0,44,215,101,1,3,0,0,0,0,0,0,0,0,0,0,
  0,0,0,0,0,0,2,0,83,114,0,2,2,0,77,247,
  253,255,255,255,255,255,255,255,255,255,255,255,255,255,255,255,
  255,255,255,255,255,255,255,255,255,255,255,255,255,255,255,255,
  255,255,255,255,255,255,255,255,255,255,255,255,255,255,255,255,
  255,255,255,255,255,255,255,255,255,255,255,255,255,255,255,255,
  255,255,255,255,255,255,255,255,255,255,255,255,255,255,255,255,
  255,255,255,255,255,255,255,255,255,255,255,255,255,255,255,255,
  255,255,255,255,255,255,255,255,255,255,255,255,255,255,255,255,
  255,255,255,255,255,255,255,255,255,255,255,255,255,255,255,255,
  255,255,255,255,255,255,255,255,255,255,255,255,255,255,255,252,
  255,70,0,4,193,161,0,1,0,0,0,0,0,0,0,0,
  0,0,0,0,0,0,0,0,1,0,112,74,0,4,2,16,
  210,243,253,255,255,255,255,255,255,255,255,255,255,255,255,255,
  255,255,255,255,255,255,255,255,255,255,255,255,255,255,255,255,
  255,255,255,255,255,255,255,255,255,255,255,255,255,255,255,255,
  255,255,255,255,255,255,255,255,255,255,255,255,255,255,255,255,
  255,255,255,255,255,255,255,255,255,255,255,255,255,255,255,255,
  255,255,255,255,255,255,255,255,255,255,255,255,255,255,255,255,
  255,255,255,255,255,255,255,255,255,255,255,255,255,255,255,255,
  255,255,255,255,255,255,255,255,255,255,255,255,255,255,255,255,
  255,255,255,255,255,255,255,255,255,255,255,255,255,255,255,255,
  255,251,255,99,0,0,127,197,15,0,1,0,0,0,0,0,
  0,0,0,0,0,0,0,0,0,0,0,4,128,39,0,4,
  0,147,199,231,255,255,255,255,255,255,255,255,255,255,255,255,
  255,255,255,255,255,255,255,255,255,255,255,255,255,255,255,255,
  255,255,255,255,255,255,255,255,255,255,255,255,255,255,255,255,
  255,255,255,255,255,255,255,255,255,255,255,255,255,255,255,255,
  255,255,255,255,255,255,255,255,255,255,255,255,255,255,255,255,
  255,255,255,255,255,255,255,255,255,255,255,255,255,255,255,255,
  255,255,255,255,255,255,255,255,255,255,255,255,255,255,255,255,
  255,255,255,255,255,255,255,255,255,255,255,255,255,255,255,255,
  255,255,255,255,255,255,255,255,255,255,255,255,255,255,255,255,
  255,255,255,251,255,139,0,0,50,199,58,0,2,0,0,0,
  0,0,0,0,0,0,0,0,0,0,0,1,0,19,126,15,
  0,0,76,196,87,246,253,255,255,255,255,255,255,255,255,255,
  255,255,255,255,255,255,255,255,255,255,255,255,255,255,255,255,
  255,255,255,255,255,255,255,255,255,255,255,255,255,255,255,255,
  255,255,255,255,255,255,255,255,255,255,255,255,255,255,255,255,
  255,255,255,255,255,255,255,255,255,255,255,255,255,255,255,255,
  255,255,255,255,255,255,255,255,255,255,255,255,255,255,255,255,
  255,255,255,255,255,255,255,255,255,255,255,255,255,255,255,255,
  255,255,255,255,255,255,255,255,255,255,255,255,255,255,255,255,
  255,255,255,255,255,255,255,255,255,255,255,255,255,255,255,255,
  255,255,255,255,255,252,255,180,0,1,8,191,116,0,2,0,
  0,0,0,0,0,0,0,0,0,0,0,0,0,1,0,35,
  128,4,1,10,193,63,91,247,251,255,255,255,255,255,255,255,
  255,255,255,255,255,255,255,255,255,255,255,255,255,255,255,255,
  255,255,255,255,255,255,255,255,255,255,255,255,255,255,255,255,
  255,255,255,255,255,255,255,255,255,255,255,255,255,255,255,255,
  255,255,255,255,255,255,255,255,255,255,255,255,255,255,255,255,
  255,255,255,255,255,255,255,255,255,255,255,255,255,255,255,255,
  255,255,255,255,255,255,255,255,255,255,255,255,255,255,255,255,
  255,255,255,255,255,255,255,255,255,255,255,255,255,255,255,255,
  255,255,255,255,255,255,255,255,255,255,255,255,255,255,255,255,
  255,255,255,255,255,255,255,253,255,220,6,2,0,140,168,3,
  0,0,0,0,0,0,0,0,0,0,0,0,0,0,0,1,
  0,36,115,1,0,108,164,0,151,247,252,255,255,255,255,255,
  255,255,255,255,255,255,255,255,255,255,255,255,255,255,255,255,
  255,255,255,255,255,255,255,255,255,255,255,255,255,255,255,255,
  255,255,255,255,255,255,255,255,255,255,255,255,255,255,255,255,
  255,255,255,255,255,255,255,255,255,255,255,255,255,255,255,255,
  255,255,255,255,255,255,255,255,255,255,255,255,255,255,255,255,
  255,255,255,255,255,255,255,255,255,255,255,255,255,255,255,255,
  255,255,255,255,255,255,255,255,255,255,255,255,255,255,255,255,
  255,255,255,255,255,255,255,255,255,255,255,255,255,255,255,255,
  255,255,255,255,255,255,255,255,255,254,255,247,27,0,0,76,
  183,31,0,2,0,0,0,0,0,0,0,0,0,0,0,0,
  0,1,0,36,115,1,19,179,41,2,177,247,252,255,255,255,
  255,255,255,255,255,255,255,255,255,255,255,255,255,255,255,255,
  255,255,255,255,255,255,255,255,255,255,255,255,255,255,255,255,
  255,255,255,255,255,255,255,255,255,255,255,255,255,255,255,255,
  255,255,255,255,255,255,255,255,255,255,255,255,255,255,255,255,
  255,255,255,255,255,255,255,255,255,255,255,255,255,255,255,255,
  255,255,255,255,255,255,255,255,255,255,255,255,255,255,255,255,
  255,255,255,255,255,255,255,255,255,255,255,255,255,255,255,255,
  255,255,255,255,255,255,255,255,255,255,255,255,255,255,255,255,
  255,255,255,255,255,255,255,255,255,255,255,255,253,255,60,0,
  0,25,183,83,0,2,0,0,0,0,0,0,0,0,0,0,
  0,0,0,1,0,35,127,0,107,125,0,8,206,247,254,255,
  255,255,255,255,255,255,255,255,255,255,255,255,255,255,255,255,
  255,255,255,255,255,255,255,255,255,255,255,255,255,255,255,255,
  255,255,255,255,255,255,255,255,255,255,255,255,255,255,255,255,
  255,255,255,255,255,255,255,255,255,255,255,255,255,255,255,255,
  255,255,255,255,255,255,255,255,255,255,255,255,255,255,255,255,
  255,255,255,255,255,255,255,255,255,255,255,255,255,255,255,255,
  255,255,255,255,255,255,255,255,255,255,255,255,255,255,255,255,
  255,255,255,255,255,255,255,255,255,255,255,255,255,255,255,255,
  255,255,255,255,255,255,255,255,255,255,255,255,255,255,251,255,
  98,0,4,0,154,134,0,1,0,0,0,0,0,0,0,0,
  0,0,0,0,0,1,0,27,122,21,154,29,2,29,223,247,
  255,255,255,255,255,255,255,255,255,255,255,255,255,255,255,255,
  255,255,255,255,255,255,255,255,255,255,255,255,255,255,255,255,
  255,255,255,255,255,255,255,255,255,255,255,255,255,255,255,255,
  255,255,255,255,255,255,255,255,255,255,255,255,255,255,255,255,
  255,255,255,255,255,255,255,255,255,255,255,255,255,255,255,255,
  255,255,255,255,255,255,255,255,255,255,255,255,255,255,255,255,
  255,255,255,255,255,255,255,255,255,255,255,255,255,255,255,255,
  255,255,255,255,255,255,255,255,255,255,255,255,255,255,255,255,
  255,255,255,255,255,255,255,255,255,255,255,255,255,255,255,255,
  251,255,139,0,7,0,93,166,12,0,1,0,0,0,0,0,
  0,0,0,0,0,0,0,0,0,9,116,116,111,0,0,57,
  231,245,255,255,255,255,255,255,255,255,255,255,255,255,255,255,
  255,255,255,255,255,255,255,255,255,255,255,255,255,255,255,255,
  255,255,255,255,255,255,255,255,255,255,255,255,255,255,255,255,
  255,255,255,255,255,255,255,255,255,255,255,255,255,255,255,255,
  255,255,255,255,255,255,255,255,255,255,255,255,255,255,255,255,
  255,255,255,255,255,255,255,255,255,255,255,255,255,255,255,255,
  255,255,255,255,255,255,255,255,255,255,255,255,255,255,255,255,
  255,255,255,255,255,255,255,255,255,255,255,255,255,255,255,255,
  255,255,255,255,255,255,255,255,255,255,255,255,255,255,255,255,
  255,255,252,255,183,0,4,0,35,167,48,0,2,0,0,0,
  0,0,0,0,0,0,0,0,0,0,1,0,104,151,29,1,
  0,94,231,243,255,255,255,255,255,255,255,255,255,255,255,255,
  255,255,255,255,255,255,255,255,255,255,255,255,255,255,255,255,
  255,255,255,255,255,255,255,255,255,255,255,255,255,255,255,255,
  255,255,255,255,255,255,255,255,255,255,255,255,255,255,255,255,
  255,255,255,255,255,255,255,255,255,255,255,255,255,255,255,255,
  255,255,255,255,255,255,255,255,255,255,255,255,255,255,255,255,
  255,255,255,255,255,255,255,255,255,255,255,255,255,255,255,255,
  255,255,255,255,255,255,255,255,255,255,255,255,255,255,255,255,
  255,255,255,255,255,255,255,255,255,255,255,255,255,255,255,255,
  255,255,255,255,254,255,221,9,1,1,4,155,93,0,2,0,
  0,0,0,0,0,0,0,0,0,0,0,0,2,0,77,129,
  0,3,0,131,231,243,255,255,255,255,255,255,255,255,255,255,
  255,255,255,255,255,255,255,255,255,255,255,255,255,255,255,255,
  255,255,255,255,255,255,255,255,255,255,255,255,255,255,255,255,
  255,255,255,255,255,255,255,255,255,255,255,255,255,255,255,255,
  255,255,255,255,255,255,255,255,255,255,255,255,255,255,255,255,
  255,255,255,255,255,255,255,255,255,255,255,255,255,255,255,255,
  255,255,255,255,255,255,255,255,255,255,255,255,255,255,255,255,
  255,255,255,255,255,255,255,255,255,255,255,255,255,255,255,255,
  255,255,255,255,255,255,255,255,255,255,255,255,255,255,255,255,
  255,255,255,255,255,255,255,254,244,42,0,5,0,110,136,1,
  0,0,0,0,0,0,0,0,0,0,0,0,0,0,1,0,
  89,151,43,0,2,165,231,244,255,255,255,255,255,255,255,255,
  255,255,255,255,255,255,255,255,255,255,255,255,255,255,255,255,
  255,255,255,255,255,255,255,255,255,255,255,255,255,255,255,255,
  255,255,255,255,255,255,255,255,255,255,255,255,255,255,255,255,
  255,255,255,255,255,255,255,255,255,255,255,255,255,255,255,255,
  255,255,255,255,255,255,255,255,255,255,255,255,255,255,255,255,
  255,255,255,255,255,255,255,255,255,255,255,255,255,255,255,255,
  255,255,255,255,255,255,255,255,255,255,255,255,255,255,255,255,
  255,255,255,255,255,255,255,255,255,255,255,255,255,255,255,255,
  255,255,255,255,255,255,255,255,255,251,247,95,1,6,0,62,
  151,16,0,1,0,0,0,0,0,0,0,0,0,0,0,0,
  0,8,110,66,125,9,5,194,231,245,255,255,255,255,255,255,
  255,255,255,255,255,255,255,255,255,255,255,255,255,255,255,255,
  255,255,255,255,255,255,255,255,255,255,255,255,255,255,255,255,
  255,255,255,255,255,255,255,255,255,255,255,255,255,255,255,255,
  255,255,255,255,255,255,255,255,255,255,255,255,255,255,255,255,
  255,255,255,255,255,255,255,255,255,255,255,255,255,255,255,255,
  255,255,255,255,255,255,255,255,255,255,255,255,255,255,255,255,
  255,255,255,255,255,255,255,255,255,255,255,255,255,255,255,255,
  255,255,255,255,255,255,255,255,255,255,255,255,255,255,255,255,
  255,255,255,255,255,255,255,255,255,255,255,252,247,160,0,3,
  0,18,151,55,0,2,0,0,0,0,0,0,0,0,0,0,
  0,1,0,32,105,0,12,4,30,212,230,247,255,255,255,255,
  255,255,255,255,255,255,255,255,255,255,255,255,255,255,255,255,
  255,255,255,255,255,255,255,255,255,255,255,255,255,255,255,255,
  255,255,255,255,255,255,255,255,255,255,255,255,255,255,255,255,
  255,255,255,255,255,255,255,255,255,255,255,255,255,255,255,255,
  255,255,255,255,255,255,255,255,255,255,255,255,255,255,255,255,
  255,255,255,255,255,255,255,255,255,255,255,255,255,255,255,255,
  255,255,255,255,255,255,255,255,255,255,255,255,255,255,255,255,
  255,255,255,255,255,255,255,255,255,255,255,255,255,255,255,255,
  255,255,255,255,255,255,255,255,255,255,255,255,255,254,247,219,
  21,0,1,0,133,89,0,1,0,0,0,0,0,0,0,0,
  0,0,0,1,0,57,80,2,2,0,62,215,228,247,255,255,
  255,255,255,255,255,255,255,255,255,255,255,255,255,255,255,255,
  255,255,255,255,255,255,255,255,255,255,255,255,255,255,255,255,
  255,255,255,255,255,255,255,255,255,255,255,255,255,255,255,255,
  255,255,255,255,255,255,255,255,255,255,255,255,255,255,255,255,
  255,255,255,255,255,255,255,255,255,255,255,255,255,255,255,255,
  255,255,255,255,255,255,255,255,255,255,255,255,255,255,255,255,
  255,255,255,255,255,255,255,255,255,255,255,255,255,255,255,255,
  255,255,255,255,255,255,255,255,255,255,255,255,255,255,255,255,
  255,255,255,255,255,255,255,255,255,255,255,255,255,255,255,255,
  243,231,91,1,6,1,93,122,0,0,0,0,0,0,0,0,
  0,0,0,0,0,1,0,75,61,0,6,0,101,215,227,247,
  255,255,255,255,255,255,255,255,255,255,255,255,255,255,255,255,
  255,255,255,255,255,255,255,255,255,255,255,255,255,255,255,255,
  255,255,255,255,255,255,255,255,255,255,255,255,255,255,255,255,
  255,255,255,255,255,255,255,255,255,255,255,255,255,255,255,255,
  255,255,255,255,255,255,255,255,255,255,255,255,255,255,255,255,
  255,255,255,255,255,255,255,255,255,255,255,255,255,255,255,255,
  255,255,255,255,255,255,255,255,255,255,255,255,255,255,255,255,
  255,255,255,255,255,255,255,255,255,255,255,255,255,255,255,255,
  255,255,255,255,255,255,255,255,255,255,255,255,255,255,255,255,
  255,255,243,230,153,0,4,0,54,135,14,0,1,0,0,0,
  0,0,0,0,0,0,0,1,0,91,40,0,4,0,142,215,
  228,247,255,255,255,255,255,255,255,255,255,255,255,255,255,255,
  255,255,255,255,255,255,255,255,255,255,255,255,255,255,255,255,
  255,255,255,255,255,255,255,255,255,255,255,255,255,255,255,255,
  255,255,255,255,255,255,255,255,255,255,255,255,255,255,255,255,
  255,255,255,255,255,255,255,255,255,255,255,255,255,255,255,255,
  255,255,255,255,255,255,255,255,255,255,255,255,255,255,255,255,
  255,255,255,255,255,255,255,255,255,255,255,255,255,255,255,255,
  255,255,255,255,255,255,255,255,255,255,255,255,255,255,255,255,
  255,255,255,255,255,255,255,255,255,255,255,255,255,255,255,255,
  255,255,255,255,246,231,202,17,0,0,20,135,42,0,1,0,
  0,0,0,0,0,0,0,0,0,0,0,96,39,0,1,6,
  177,215,229,247,255,255,255,255,255,255,255,255,255,255,255,255,
  255,255,255,255,255,255,255,255,255,255,255,255,255,255,255,255,
  255,255,255,255,255,255,255,255,255,255,255,255,255,255,255,255,
  255,255,255,255,255,255,255,255,255,255,255,255,255,255,255,255,
  255,255,255,255,255,255,255,255,255,255,255,255,255,255,255,255,
  255,255,255,255,255,255,255,255,255,255,255,255,255,255,255,255,
  255,255,255,255,255,255,255,255,255,255,255,255,255,255,255,255,
  255,255,255,255,255,255,255,255,255,255,255,255,255,255,255,255,
  255,255,255,255,255,255,255,255,255,255,255,255,255,255,255,255,
  255,255,255,255,255,255,247,228,215,62,0,1,2,127,67,0,
  1,0,0,0,0,0,0,0,0,0,0,0,0,96,36,0,
  0,30,198,215,231,247,255,255,255,255,255,255,255,255,255,255,
  255,255,255,255,255,255,255,255,255,255,255,255,255,255,255,255,
  255,255,255,255,255,255,255,255,255,255,255,255,255,255,255,255,
  255,255,255,255,255,255,255,255,255,255,255,255,255,255,255,255,
  255,255,255,255,255,255,255,255,255,255,255,255,255,255,255,255,
  255,255,255,255,255,255,255,255,255,255,255,255,255,255,255,255,
  255,255,255,255,255,255,255,255,255,255,255,255,255,255,255,255,
  255,255,255,255,255,255,255,255,255,255,255,255,255,255,255,255,
  255,255,255,255,255,255,255,255,255,255,255,255,255,255,255,255,
  255,255,255,255,255,255,255,255,247,227,214,111,0,5,0,97,
  93,0,1,0,0,0,0,0,0,0,0,0,0,0,0,96,
  38,0,0,61,199,212,230,247,255,255,255,255,255,255,255,255,
  255,255,255,255,255,255,255,255,255,255,255,255,255,255,255,255,
  255,255,255,255,255,255,255,255,255,255,255,255,255,255,255,255,
  255,255,255,255,255,255,255,255,255,255,255,255,255,255,255,255,
  255,255,255,255,255,255,255,255,255,255,255,255,255,255,255,255,
  255,255,255,255,255,255,255,255,255,255,255,255,255,255,255,255,
  255,255,255,255,255,255,255,255,255,255,255,255,255,255,255,255,
  255,255,255,255,255,255,255,255,255,255,255,255,255,255,255,255,
  255,255,255,255,255,255,255,255,255,255,255,255,255,255,255,255,
  255,255,255,255,255,255,255,255,255,255,247,229,215,161,1,3,
  0,67,114,2,0,0,0,0,0,0,0,0,0,0,0,1,
  0,92,44,0,0,95,199,212,231,247,255,255,255,255,255,255,
  255,255,255,255,255,255,255,255,255,255,255,255,255,255,255,255,
  255,255,255,255,255,255,255,255,255,255,255,255,255,255,255,255,
  255,255,255,255,255,255,255,255,255,255,255,255,255,255,255,255,
  255,255,255,255,255,255,255,255,255,255,255,255,255,255,255,255,
  255,255,255,255,255,255,255,255,255,255,255,255,255,255,255,255,
  255,255,255,255,255,255,255,255,255,255,255,255,255,255,255,255,
  255,255,255,255,255,255,255,255,255,255,255,255,255,255,255,255,
  255,255,255,255,255,255,255,255,255,255,255,255,255,255,255,255,
  255,255,255,255,255,255,255,255,255,255,255,255,247,231,215,197,
  27,0,0,58,119,10,0,1,0,0,0,0,0,0,0,0,
  0,1,0,75,70,0,0,138,199,206,214,247,254,255,255,255,
  255,255,255,255,255,255,255,255,255,255,255,255,255,255,255,255,
  255,255,255,255,255,255,255,255,255,255,255,255,255,255,255,255,
  255,255,255,255,255,255,255,255,255,255,255,255,255,255,255,255,
  255,255,255,255,255,255,255,255,255,255,255,255,255,255,255,255,
  255,255,255,255,255,255,255,255,255,255,255,255,255,255,255,255,
  255,255,255,255,255,255,255,255,255,255,255,255,255,255,255,255,
  255,255,255,255,255,255,255,255,255,255,255,255,255,255,255,255,
  255,255,255,255,255,255,255,255,255,255,255,255,255,255,255,255,
  255,255,255,255,255,255,255,255,255,255,255,255,255,255,247,231,
  212,199,79,0,0,44,119,22,0,1,0,0,0,0,0,0,
  0,0,0,1,0,58,92,1,10,165,198,153,155,247,252,255,
  255,255,255,255,255,255,255,255,255,255,255,255,255,255,255,255,
  255,255,255,255,255,255,255,255,255,255,255,255,255,255,255,255,
  255,255,255,255,255,255,255,255,255,255,255,255,255,255,255,255,
  255,255,255,255,255,255,255,255,255,255,255,255,255,255,255,255,
  255,255,255,255,255,255,255,255,255,255,255,255,255,255,255,255,
  255,255,255,255,255,255,255,255,255,255,255,255,255,255,255,255,
  255,255,255,255,255,255,255,255,255,255,255,255,255,255,255,255,
  255,255,255,255,255,255,255,254,255,255,255,255,255,255,255,255,
  255,255,255,255,255,255,255,255,255,255,255,255,255,255,255,255,
  247,231,212,199,141,0,0,32,119,34,0,1,0,0,0,0,
  0,0,0,0,0,1,0,28,117,0,30,181,199,81,157,247,
  252,255,255,255,255,255,255,255,255,255,255,255,255,255,255,255,
  255,255,255,255,255,255,255,255,255,255,255,255,255,255,255,255,
  255,255,255,255,255,255,255,255,255,255,255,255,255,255,255,255,
  255,255,255,255,255,255,255,255,255,255,255,255,255,255,255,255,
  255,255,255,255,255,255,255,255,255,255,255,255,255,255,255,255,
  255,255,255,255,255,255,255,255,255,255,255,255,255,255,255,255,
  255,255,255,255,255,255,255,255,255,255,255,255,255,255,255,255,
  255,255,255,255,255,255,255,255,254,255,255,255,255,255,255,255,
  255,255,255,255,255,255,255,255,255,255,255,255,255,255,255,255,
  255,255,247,231,214,198,179,27,0,32,119,48,0,1,0,0,
  0,0,0,0,0,0,0,0,0,3,120,26,54,183,185,24,
  197,247,253,255,255,255,255,255,255,255,255,255,255,255,255,255,
  255,255,255,255,255,255,255,255,255,255,255,255,255,255,255,255,
  255,255,255,255,255,255,255,255,255,255,255,255,255,255,255,255,
  255,255,255,255,255,255,255,255,255,255,255,255,255,255,255,255,
  255,255,255,255,255,255,255,255,255,255,255,255,255,255,255,255,
  255,255,255,255,255,255,255,255,255,255,255,255,255,255,255,255,
  255,255,255,255,255,255,255,255,255,255,255,255,255,255,255,255,
  255,255,255,255,255,255,255,255,255,253,255,192,222,255,254,255,
  255,255,255,255,255,255,255,255,255,255,255,255,255,255,255,255,
  255,255,255,255,247,231,215,196,183,85,0,43,119,46,0,1,
  0,0,0,0,0,0,0,0,0,0,2,0,78,101,88,182,
  131,1,213,247,254,255,255,255,255,255,255,255,255,255,255,255,
  255,255,255,255,255,255,255,255,255,255,255,255,255,255,255,255,
  255,255,255,255,255,255,255,255,255,255,255,255,255,255,255,255,
  255,255,255,255,255,255,255,255,255,255,255,255,255,255,255,255,
  255,255,255,255,255,255,255,255,255,255,255,255,255,255,255,255,
  255,255,255,255,255,255,255,255,255,255,255,255,255,255,255,255,
  255,255,255,255,255,255,255,255,255,255,255,255,255,255,255,255,
  255,255,255,255,255,255,255,255,255,255,253,255,227,39,232,255,
  254,255,255,255,255,255,255,255,255,255,255,255,255,255,255,255,
  255,255,255,255,255,255,247,230,215,197,183,148,1,58,119,47,
  0,1,0,0,0,0,0,0,0,0,0,0,1,0,18,144,
  153,183,74,0,213,247,254,255,255,255,255,255,255,255,255,255,
  255,255,255,255,255,255,255,255,255,255,255,255,255,255,255,255,
  255,255,255,255,255,255,255,255,255,255,255,255,255,255,255,255,
  255,255,255,255,255,255,255,255,255,255,255,255,255,255,255,255,
  255,255,255,255,255,255,255,255,255,255,255,255,255,255,255,255,
  255,255,255,255,255,255,255,255,255,255,255,255,255,255,255,255,
  255,255,255,255,255,255,255,255,255,255,255,255,255,255,255,255,
  255,255,255,255,255,255,255,255,255,255,255,254,253,243,32,101,
  252,169,255,253,255,255,255,255,255,255,255,255,255,255,255,255,
  255,255,255,255,255,255,255,255,247,231,215,199,182,167,29,54,
  119,42,0,1,0,0,0,0,0,0,0,0,0,0,0,1,
  0,85,167,175,20,3,210,247,254,255,255,255,255,255,255,255,
  255,255,255,255,255,255,255,255,255,255,255,255,255,255,255,255,
  255,255,255,255,255,255,255,255,255,255,255,255,255,255,255,255,
  255,255,255,255,255,255,255,255,255,255,255,255,255,255,255,255,
  255,255,255,255,255,255,255,255,255,255,255,255,255,255,255,255,
  255,255,255,255,255,255,255,255,255,255,255,255,255,255,255,255,
  255,255,255,255,255,255,255,255,255,255,255,255,255,255,255,255,
  255,255,255,255,255,255,255,255,255,255,255,255,255,253,255,194,
  37,255,100,155,255,251,255,255,255,255,255,255,255,255,255,255,
  255,255,255,255,255,255,255,255,255,254,247,182,211,199,180,166,
  84,71,119,24,0,1,0,0,0,0,0,0,0,0,0,0,
  0,2,1,41,166,140,0,9,209,247,254,255,255,255,255,255,
  255,255,255,255,255,255,255,255,255,255,255,255,255,255,255,255,
  255,255,255,255,255,255,255,255,255,255,255,255,255,255,255,255,
  255,255,255,255,255,255,255,255,255,255,255,255,255,255,255,255,
  255,255,255,255,255,255,255,255,255,255,255,255,255,255,255,255,
  255,255,255,255,255,255,255,255,255,255,255,255,255,255,255,255,
  255,255,255,255,255,255,255,255,255,255,255,255,255,255,255,255,
  255,255,255,255,255,255,255,255,255,255,255,255,255,255,255,255,
  254,235,244,141,0,195,255,252,255,255,255,255,255,255,255,255,
  255,255,255,255,255,255,255,255,255,255,255,251,247,125,151,199,
  181,167,139,120,118,17,0,1,0,0,0,0,0,0,0,0,
  0,0,0,2,0,62,167,124,0,13,209,247,254,255,255,255,
  255,255,255,255,255,255,255,255,255,255,255,255,255,255,255,255,
  255,255,255,255,255,255,255,255,255,255,255,255,255,255,255,255,
  255,255,255,255,255,255,255,255,255,255,255,255,255,255,255,255,
  255,255,255,255,255,255,255,255,255,255,255,255,255,255,255,255,
  255,255,255,255,255,255,255,255,255,255,255,255,255,255,255,255,
  255,255,255,255,255,255,255,255,255,255,255,255,255,255,255,255,
  255,255,255,255,255,255,255,255,255,255,255,255,255,255,255,255,
  255,254,254,239,75,0,1,187,255,252,255,255,255,255,255,255,
  255,255,255,255,255,255,255,255,255,255,255,255,255,252,247,154,
  40,199,181,167,151,135,109,4,0,0,0,0,0,0,0,0,
  0,0,0,0,0,1,0,94,167,182,73,0,210,247,254,255,
  255,255,255,255,255,255,255,255,255,255,255,255,255,255,255,255,
  255,255,255,255,255,255,255,255,255,255,255,255,255,255,255,255,
  255,255,255,255,255,255,255,255,255,255,255,255,255,255,255,255,
  255,255,255,255,255,255,255,255,255,255,255,255,255,255,255,255,
  255,255,255,255,255,255,255,255,255,255,255,255,255,255,255,255,
  255,255,255,255,255,255,255,255,255,255,255,255,255,255,255,255,
  255,255,255,255,255,255,255,255,255,255,255,255,255,255,255,255,
  255,255,255,253,255,210,0,3,3,206,255,253,255,255,255,255,
  255,255,255,255,255,255,255,255,255,255,255,255,255,255,255,253,
  247,197,0,126,183,165,149,135,90,0,1,0,0,0,0,0,
  0,0,0,0,0,0,0,0,1,122,167,65,174,121,205,247,
  254,255,255,255,255,255,255,255,255,255,255,255,255,255,255,255,
  255,255,255,255,255,255,255,255,255,255,255,255,255,255,255,255,
  255,255,255,255,255,255,255,255,255,255,255,255,255,255,255,255,
  255,255,255,255,255,255,255,255,255,255,255,255,255,255,255,255,
  255,255,255,255,255,255,255,255,255,255,255,255,255,255,255,255,
  255,255,255,255,255,255,255,255,255,255,255,255,255,255,255,255,
  255,255,255,255,255,255,255,255,255,255,255,255,255,255,255,255,
  255,255,255,255,255,253,255,215,3,0,16,237,255,254,255,255,
  255,255,255,255,255,255,255,255,255,255,255,255,255,255,255,255,
  255,254,247,213,5,20,168,166,149,135,87,0,1,0,0,0,
  0,0,0,0,0,0,0,0,0,0,8,146,151,0,20,151,
  229,245,255,255,255,255,255,255,255,255,255,255,255,255,255,255,
  255,255,255,255,255,255,255,255,255,255,255,255,255,255,255,255,
  255,255,255,255,255,255,255,255,255,255,255,255,255,255,255,255,
  255,255,255,255,255,255,255,255,255,255,255,255,255,255,255,255,
  255,255,255,255,255,255,255,255,255,255,255,255,255,255,255,255,
  255,255,255,255,255,255,255,255,255,255,255,255,255,255,255,255,
  255,255,255,255,255,255,255,255,255,255,255,255,255,255,255,255,
  255,255,255,255,255,255,255,253,255,210,0,0,14,236,255,254,
  255,255,255,255,255,255,255,255,255,255,255,255,255,255,255,255,
  255,255,255,255,247,226,38,0,119,167,147,135,86,0,1,0,
  0,0,0,0,0,0,0,0,0,0,1,0,24,151,111,1,
  0,32,231,246,255,255,255,255,255,255,255,255,255,255,255,255,
  255,255,255,255,255,255,255,255,255,255,255,255,255,255,255,255,
  255,255,255,255,255,255,255,255,255,255,255,255,255,255,255,255,
  255,255,255,255,255,255,255,255,255,255,255,255,255,255,255,255,
  255,255,255,255,255,255,255,255,255,255,255,255,255,255,255,255,
  255,255,255,255,255,255,255,255,255,255,255,255,255,255,255,255,
  255,255,255,255,255,255,255,255,255,255,255,255,255,255,255,255,
  255,255,255,255,255,255,255,255,255,253,255,206,0,0,26,243,
  255,254,255,255,255,255,255,255,255,255,255,255,255,255,255,255,
  255,255,255,255,255,255,245,231,56,21,101,144,150,135,105,4,
  0,0,0,0,0,0,0,0,0,0,0,0,1,0,42,151,
  69,0,1,47,231,246,255,255,255,255,255,255,255,255,255,255,
  255,255,255,255,255,255,255,255,255,255,255,255,255,255,255,255,
  255,255,255,255,255,255,255,255,255,255,255,255,255,255,255,255,
  255,255,255,255,255,255,255,255,255,255,255,255,255,255,255,255,
  255,255,255,255,255,255,255,255,255,255,255,255,255,255,255,255,
  255,255,255,255,255,255,255,255,255,255,255,255,255,255,255,255,
  255,255,255,255,255,255,255,255,255,255,255,255,255,255,255,255,
  255,255,255,255,255,255,255,255,255,255,255,253,255,212,1,0,
  60,255,253,255,255,255,255,255,255,255,255,255,255,255,255,255,
  255,255,255,255,255,255,255,255,243,231,92,22,17,61,151,133,
  119,29,0,1,0,0,0,0,0,0,0,0,0,0,2,0,
  67,151,35,0,0,45,231,246,255,255,255,255,255,255,255,255,
  255,255,255,255,255,255,255,255,255,255,255,255,255,255,255,255,
  255,255,255,255,255,255,255,255,255,255,255,255,255,255,255,255,
  255,255,255,255,255,255,255,255,255,255,255,255,255,255,255,255,
  255,255,255,255,255,255,255,255,255,255,255,255,255,255,255,255,
  255,255,255,255,255,255,255,255,255,255,255,255,255,255,255,255,
  255,255,255,255,255,255,255,255,255,255,255,255,255,255,255,255,
  255,255,255,255,255,255,255,255,255,255,255,255,255,253,255,214,
  1,0,60,255,253,255,255,255,255,255,255,255,255,255,255,255,
  255,255,255,255,255,255,255,255,255,255,243,231,138,0,0,4,
  126,134,119,65,0,1,0,0,0,0,0,0,0,0,0,0,
  1,0,94,147,7,0,0,44,231,246,255,255,255,255,255,255,
  255,255,255,255,255,255,255,255,255,255,255,255,255,255,255,255,
  255,255,255,255,255,255,255,255,255,255,255,255,255,255,255,255,
  255,255,255,255,255,255,255,255,255,255,255,255,255,255,255,255,
  255,255,255,255,255,255,255,255,255,255,255,255,255,255,255,255,
  255,255,255,255,255,255,255,255,255,255,255,255,255,255,255,255,
  255,255,255,255,255,255,255,255,255,255,255,255,255,255,255,255,
  255,255,255,255,255,255,255,255,255,255,255,255,255,255,255,253,
  255,214,2,0,96,255,252,255,255,255,255,255,255,255,255,255,
  255,255,255,255,255,255,255,255,255,255,255,255,244,231,176,2,
  3,0,49,135,119,97,7,0,0,0,0,0,0,0,0,0,
  0,0,1,0,112,125,0,3,0,63,231,245,255,255,255,255,
  255,255,255,255,255,255,255,255,255,255,255,255,255,255,255,255,
  255,255,255,255,255,255,255,255,255,255,255,255,255,255,255,255,
  255,255,255,255,255,255,255,255,255,255,255,255,255,255,255,255,
  255,255,255,255,255,255,255,255,255,255,255,255,255,255,255,255,
  255,255,255,255,255,255,255,255,255,255,255,255,255,255,255,255,
  255,255,255,255,255,255,255,255,255,255,255,255,255,255,255,255,
  255,255,255,255,255,255,255,255,255,255,255,255,255,255,255,255,
  255,253,255,214,3,0,122,255,251,255,255,255,255,255,255,255,
  255,255,255,255,255,255,255,255,255,255,255,255,255,255,246,231,
  203,17,0,2,2,110,119,103,32,0,1,0,0,0,0,0,
  0,0,0,0,0,4,132,95,0,6,0,92,231,243,255,255,
  255,255,255,255,255,255,255,255,255,255,255,255,255,255,255,255,
  255,255,255,255,255,255,255,255,255,255,255,255,255,255,255,255,
  255,255,255,255,255,255,255,255,255,255,255,255,255,255,255,255,
  255,255,255,255,255,255,255,255,255,255,255,255,255,255,255,255,
  255,255,255,255,255,255,255,255,255,255,255,255,255,255,255,255,
  255,255,255,255,255,255,255,255,255,255,255,255,255,255,255,255,
  255,255,255,255,255,255,255,255,255,255,255,255,255,255,255,255,
  255,255,255,253,255,214,2,0,146,255,251,255,255,255,255,255,
  255,255,255,255,255,255,255,255,255,255,255,255,255,255,255,255,
  247,230,215,46,0,4,0,36,118,103,62,0,0,0,0,0,
  0,0,0,0,0,0,0,10,135,60,0,6,0,93,231,243,
  255,255,255,255,255,255,255,255,255,255,255,255,255,255,255,255,
  255,255,255,255,255,255,255,255,255,255,255,255,255,255,255,255,
  255,255,255,255,255,255,255,255,255,255,255,255,255,255,255,255,
  255,255,255,255,255,255,255,255,255,255,255,255,255,255,255,255,
  255,255,255,255,255,255,255,255,255,255,255,255,255,255,255,255,
  255,255,255,255,255,255,255,255,255,255,255,255,255,255,255,255,
  255,255,255,255,255,255,255,255,255,255,255,255,255,255,255,255,
  255,255,255,255,255,253,255,214,1,0,182,255,252,255,255,255,
  255,255,255,255,255,255,255,255,255,255,255,255,255,255,255,255,
  255,255,247,227,215,83,0,3,2,0,83,103,84,9,0,0,
  0,0,0,0,0,0,0,1,0,29,135,27,0,5,0,110,
  231,243,255,255,255,255,255,255,255,255,255,255,255,255,255,255,
  255,255,255,255,255,255,255,255,255,255,255,255,255,255,255,255,
  255,255,255,255,255,255,255,255,255,255,255,255,255,255,255,255,
  255,255,255,255,255,255,255,255,255,255,255,255,255,255,255,255,
  255,255,255,255,255,255,255,255,255,255,255,255,255,255,255,255,
  255,255,255,255,255,255,255,255,255,255,255,255,255,255,255,255,
  255,255,255,255,255,255,255,255,255,255,255,255,255,255,255,255,
  255,255,255,255,255,255,255,253,255,213,0,1,192,255,252,255,
  255,255,255,255,255,255,255,255,255,255,255,255,255,255,255,255,
  255,255,255,255,247,227,215,119,0,3,2,1,24,102,88,33,
  0,1,0,0,0,0,0,0,0,1,0,33,130,5,0,3,
  0,149,231,243,255,255,255,255,255,255,255,255,255,255,255,255,
  255,255,255,255,255,255,255,255,255,255,255,255,255,255,255,255,
  255,255,255,255,255,255,255,255,255,255,255,255,255,255,255,255,
  255,255,255,255,255,255,255,255,255,255,255,255,255,255,255,255,
  255,255,255,255,255,255,255,255,255,255,255,255,255,255,255,255,
  255,255,255,255,255,255,255,255,255,255,255,255,255,255,255,255,
  255,255,255,255,255,255,255,255,255,255,255,255,255,255,253,255,
  255,255,255,255,255,255,255,255,255,253,255,218,2,8,231,255,
  254,255,255,255,255,255,255,255,255,255,255,255,255,255,255,255,
  255,255,255,255,255,255,247,228,215,151,0,1,0,2,0,67,
  88,59,1,0,0,0,0,0,0,0,0,1,0,42,128,4,
  0,0,5,188,231,245,255,255,255,255,255,255,255,255,255,255,
  255,255,255,255,255,255,255,255,255,255,255,255,255,255,255,255,
  255,255,255,255,255,255,255,255,255,255,255,255,255,255,255,255,
  255,255,255,255,255,255,255,255,255,255,255,255,255,255,255,255,
  255,255,255,255,255,255,255,255,255,255,255,255,255,255,255,255,
  255,255,255,255,255,255,255,255,255,255,255,255,255,255,255,255,
  255,255,255,255,255,255,255,255,255,255,255,255,255,255,255,254,
  255,255,255,255,255,255,255,255,255,255,255,254,255,233,11,13,
  237,255,254,255,255,255,255,255,255,255,255,255,255,255,255,255,
  255,255,255,255,255,255,255,255,247,229,215,179,6,0,1,1,
  0,17,85,71,12,0,0,0,0,0,0,0,0,1,0,62,
  120,0,2,0,43,214,230,247,255,255,255,255,255,255,255,255,
  255,255,255,255,255,255,255,255,255,255,255,255,255,255,255,255,
  255,255,255,255,255,255,255,255,255,255,255,255,255,255,255,255,
  255,255,255,255,255,255,255,255,255,255,255,255,255,255,255,255,
  255,255,255,255,255,255,255,255,255,255,255,255,255,255,255,255,
  255,255,255,255,255,255,255,255,255,255,255,255,255,255,255,255,
  255,255,255,255,255,255,255,255,255,255,255,255,255,255,255,254,
  254,255,217,255,255,255,255,255,255,255,255,255,255,254,255,242,
  12,44,254,254,255,255,255,255,255,255,255,255,255,255,255,255,
  255,255,255,255,255,255,255,255,255,255,247,231,215,198,29,0,
  1,0,1,0,57,72,31,0,0,0,0,0,0,0,0,1,
  0,64,122,0,2,0,105,215,227,247,255,255,255,255,255,255,
  255,255,255,255,255,255,255,255,255,255,255,255,255,255,255,255,
  255,255,255,255,255,255,255,255,255,255,255,255,255,255,255,255,
  255,255,255,255,255,255,255,255,255,255,255,255,255,255,255,255,
  255,255,255,255,255,255,255,255,255,255,255,255,255,255,255,255,
  255,255,255,255,255,255,255,255,255,255,255,255,255,255,255,255,
  255,255,255,255,255,255,255,255,255,255,255,255,255,255,255,255,
  252,255,255,107,85,255,252,255,255,255,255,255,255,255,255,254,
  255,253,19,53,255,253,255,255,255,255,255,255,255,255,255,255,
  255,255,255,255,255,255,255,255,255,255,255,255,247,231,212,199,
  59,0,2,0,1,0,16,71,49,1,0,0,0,0,0,0,
  0,1,0,62,129,2,1,1,161,215,229,247,255,255,255,255,
  255,255,255,255,255,255,255,255,255,255,255,255,255,255,255,255,
  255,255,255,255,255,255,255,255,254,254,255,255,255,255,255,255,
  255,255,255,255,255,255,255,255,255,255,255,255,255,255,255,255,
  255,255,255,255,255,255,255,255,255,255,255,255,255,255,255,255,
  255,255,255,255,255,255,255,255,255,255,255,255,255,255,255,255,
  255,255,255,255,255,255,255,255,255,255,255,255,255,255,255,255,
  255,255,255,245,101,0,102,255,251,255,255,255,255,255,255,255,
  255,254,255,255,17,97,255,251,255,255,255,255,255,255,255,255,
  255,255,255,255,255,255,255,255,255,255,255,255,255,255,247,231,
  212,199,89,0,2,0,0,1,0,55,56,9,0,0,0,0,
  0,0,0,1,0,60,134,7,0,28,196,215,231,247,255,255,
  255,255,255,255,255,255,255,255,255,255,255,255,255,255,255,255,
  255,255,255,255,255,255,255,255,255,247,255,255,253,255,255,255,
  255,255,255,255,255,255,255,255,255,255,255,255,255,255,255,255,
  255,255,255,255,255,255,255,255,255,255,255,255,255,255,255,255,
  255,255,255,255,255,255,255,255,255,255,255,255,255,255,255,255,
  255,255,255,255,255,255,255,255,255,255,255,255,255,255,255,255,
  255,255,253,252,174,38,0,3,113,255,251,255,255,255,255,255,
  255,255,255,254,255,255,16,105,255,251,255,255,255,255,255,255,
  255,255,255,255,255,255,255,255,255,255,255,255,255,255,255,255,
  247,231,212,199,121,0,2,0,0,2,0,27,56,20,0,0,
  0,0,0,0,0,1,0,83,135,28,1,85,199,212,231,247,
  255,255,255,255,255,255,255,255,255,255,255,255,255,255,255,255,
  255,255,255,255,255,255,255,255,255,253,255,212,99,238,255,254,
  255,255,255,255,255,255,255,255,255,255,255,255,255,255,255,255,
  255,255,255,255,255,255,255,255,255,255,255,255,255,255,255,255,
  255,255,255,255,255,255,255,255,255,255,255,255,255,255,255,255,
  255,255,255,255,255,255,255,255,255,255,255,255,255,255,255,255,
  255,255,255,254,253,235,70,1,0,2,117,255,251,255,255,255,
  255,255,255,255,255,254,255,255,16,116,255,251,255,255,255,255,
  255,255,255,255,255,255,255,255,255,255,255,255,255,255,255,255,
  255,255,247,231,213,199,154,1,0,0,0,0,0,4,53,32,
  0,0,0,0,0,0,0,0,9,111,135,53,0,144,199,212,
  231,247,255,255,255,255,255,255,255,255,255,255,255,255,255,255,
  255,255,255,255,255,255,255,255,255,255,255,254,255,252,16,38,
  205,254,253,255,255,255,255,255,255,255,255,255,255,255,255,255,
  254,255,255,255,255,255,255,255,255,255,255,255,255,255,255,255,
  255,255,255,255,255,255,255,255,255,255,255,255,255,255,255,255,
  255,255,255,255,255,255,255,255,255,255,255,255,255,255,255,255,
  255,255,255,255,255,255,255,253,255,226,85,0,120,255,251,255,
  255,255,255,255,255,255,255,254,255,255,19,163,255,251,255,255,
  255,255,255,255,255,255,255,255,255,255,255,255,255,255,255,255,
  255,255,255,255,247,231,214,199,179,19,0,1,0,0,1,0,
  40,39,2,0,0,0,0,0,1,0,35,119,135,78,14,182,
  198,214,231,247,255,255,255,255,255,255,255,255,255,255,255,255,
  255,255,255,255,255,255,255,255,255,255,255,255,255,255,252,255,
  123,0,118,255,251,255,255,255,255,255,255,255,255,255,255,255,
  255,255,255,252,254,255,255,255,255,255,255,255,255,255,255,255,
  255,255,255,255,255,255,255,255,255,255,255,255,255,255,255,255,
  255,255,255,255,255,255,255,255,255,255,255,255,255,255,255,255,
  255,255,255,255,255,255,255,254,233,255,200,255,255,66,102,255,
  251,255,255,255,255,255,255,255,255,254,255,255,17,165,255,251,
  255,255,255,255,255,255,255,255,255,255,255,255,255,255,255,255,
  255,255,255,255,255,255,247,231,215,197,183,45,0,2,0,0,
  1,0,25,40,6,0,0,0,0,0,1,0,65,104,129,119,
  81,183,197,215,231,247,255,255,255,255,255,255,255,255,255,255,
  255,255,255,255,255,255,255,255,255,255,255,255,255,255,255,255,
  254,253,255,113,146,255,252,255,255,255,255,255,255,255,255,255,
  255,255,255,248,234,255,255,253,255,255,255,255,255,255,255,255,
  255,255,255,255,255,255,255,255,255,255,255,255,255,255,255,255,
  255,255,255,255,255,255,255,255,255,255,255,255,255,255,255,255,
  255,255,255,255,255,255,255,255,255,251,43,171,197,65,249,209,
  123,255,252,255,255,255,255,255,255,255,255,255,254,255,55,192,
  255,253,255,255,255,255,255,255,255,255,255,255,255,255,255,255,
  255,255,255,255,255,255,255,255,247,231,215,196,183,77,0,2,
  0,0,1,0,14,40,11,0,0,0,0,0,0,1,95,54,
  112,151,161,183,199,215,231,247,255,255,255,255,255,255,255,255,
  255,255,255,255,255,255,255,255,255,255,255,255,255,255,255,255,
  255,255,255,255,244,255,255,255,255,255,255,255,255,255,255,255,
  255,255,255,254,255,247,51,97,245,255,251,255,255,255,255,255,
  255,255,255,255,255,255,255,255,255,255,255,255,255,255,255,255,
  255,255,255,255,255,255,255,255,255,255,255,255,255,255,255,255,
  255,255,255,255,255,255,255,255,255,254,255,242,7,13,255,48,
  109,255,210,255,254,255,255,255,255,255,255,255,255,255,252,255,
  95,211,255,253,255,255,255,255,255,255,255,255,255,255,255,255,
  255,255,255,255,255,255,255,255,255,255,247,231,215,197,183,113,
  0,2,0,0,1,0,7,40,13,0,0,0,0,0,0,16,
  103,10,98,151,166,183,199,212,230,247,255,255,255,255,255,255,
  255,255,255,255,255,255,255,255,255,255,255,255,255,255,255,255,
  255,255,255,255,251,255,152,45,167,254,252,255,255,255,255,255,
  255,255,255,255,255,255,253,255,59,0,48,212,255,253,253,255,
  255,255,255,255,255,255,255,255,255,255,255,255,255,255,255,255,
  255,255,255,255,255,255,255,255,255,255,255,255,255,255,255,255,
  255,255,255,255,255,255,255,255,255,255,255,253,255,224,15,0,
  155,159,0,219,255,253,255,255,255,255,255,255,255,255,255,255,
  252,255,103,217,255,254,255,255,255,255,255,255,255,255,255,255,
  255,255,255,255,255,255,255,255,255,255,255,255,247,231,215,197,
  183,144,3,0,0,0,1,0,7,40,16,0,0,0,0,1,
  0,42,91,0,72,151,164,183,199,215,231,247,255,255,255,255,
  255,255,255,255,255,255,255,255,255,255,255,255,255,255,255,255,
  255,255,255,255,255,255,252,255,191,0,148,255,252,255,255,255,
  255,255,255,255,255,255,255,255,252,255,92,3,0,17,152,255,
  255,251,254,255,255,255,255,255,255,255,255,255,255,255,255,255,
  255,255,255,255,255,255,255,255,255,255,255,255,255,255,255,255,
  255,255,255,255,255,255,255,255,255,255,255,255,255,252,255,191,
  0,1,60,215,1,127,254,251,255,255,255,255,255,255,255,255,
  255,255,253,255,162,241,255,255,255,255,255,255,255,255,255,255,
  255,255,255,255,255,255,255,255,255,255,255,255,255,255,247,231,
  215,198,183,165,24,0,1,0,1,0,9,40,21,0,0,0,
  0,1,0,67,60,0,35,151,166,183,198,110,194,247,253,255,
  255,255,255,255,255,255,255,255,255,255,255,255,255,255,255,255,
  255,255,255,255,255,255,255,255,253,255,227,2,195,227,226,255,
  254,255,255,255,255,255,255,255,255,255,251,255,125,0,7,0,
  0,71,215,255,255,252,253,255,255,255,255,255,255,255,255,255,
  255,255,255,255,255,255,255,255,255,255,255,255,255,255,255,255,
  255,255,255,255,255,255,255,255,255,255,255,255,255,255,255,252,
  255,191,0,0,34,217,0,91,255,252,255,255,255,255,255,255,
  255,255,255,255,253,255,194,241,255,255,255,255,255,255,255,255,
  255,255,255,255,255,255,255,255,255,255,255,255,255,255,255,255,
  247,231,215,199,181,167,50,0,2,0,1,0,17,40,23,1,
  0,0,0,0,4,82,28,0,39,151,163,183,133,0,160,247,
  252,255,255,255,255,255,255,255,255,255,255,255,255,255,255,255,
  255,255,255,255,255,255,255,255,255,255,254,254,254,29,201,159,
  192,255,253,255,255,255,255,255,255,255,255,255,251,255,163,0,
  3,1,3,0,12,119,226,255,255,252,252,255,255,255,255,255,
  255,255,255,255,255,255,255,255,255,255,255,255,255,255,255,255,
  255,255,255,255,255,255,255,255,255,255,255,255,255,255,255,255,
  255,251,255,147,0,3,6,52,0,58,255,254,255,255,255,255,
  255,255,255,255,255,255,254,255,234,250,255,255,255,255,255,255,
  255,255,255,255,255,255,255,255,255,255,255,255,255,255,255,255,
  255,255,247,231,215,199,180,167,78,0,2,0,1,0,28,39,
  20,3,0,0,0,0,16,84,9,0,89,151,165,183,40,3,
  167,247,252,255,255,255,255,255,255,255,255,255,255,255,255,255,
  255,255,255,255,255,255,255,255,255,255,255,255,255,252,255,108,
  230,122,191,255,253,255,255,255,255,255,255,255,255,255,253,255,
  199,1,2,0,0,3,0,0,17,114,218,255,255,255,251,253,
  255,255,255,255,255,255,255,255,255,255,255,255,255,255,255,255,
  255,255,255,255,255,255,255,255,255,255,255,255,255,255,255,255,
  255,255,255,251,255,132,0,4,0,0,3,7,155,255,252,255,
  255,255,255,255,255,255,255,255,255,255,255,255,255,255,255,255,
  255,255,255,255,255,255,255,255,255,255,255,255,255,255,255,255,
  255,255,255,254,247,231,215,199,180,167,104,0,1,0,1,0,
  46,32,12,5,0,0,1,0,28,77,0,11,128,150,167,134,
  1,0,162,247,252,255,255,255,255,255,255,255,255,255,255,255,
  255,255,255,255,255,255,255,255,255,255,255,255,255,255,255,254,
  255,215,244,96,227,255,254,255,255,255,255,255,255,255,255,255,
  254,255,235,14,0,1,0,0,1,4,0,0,10,89,189,254,
  255,255,255,255,255,255,255,255,255,255,255,255,255,255,255,255,
  255,255,255,255,255,255,255,255,255,255,255,255,255,255,255,255,
  255,255,255,255,255,251,255,120,0,4,0,2,4,0,113,255,
  251,255,255,255,255,255,255,255,255,255,255,255,254,255,255,255,
  255,255,255,255,255,255,255,255,255,255,255,255,255,255,255,255,
  255,255,255,255,254,255,246,231,215,199,182,167,130,4,0,2,
  0,15,56,22,6,7,0,0,1,0,35,71,0,49,135,148,
  167,47,0,5,194,247,253,255,255,255,255,255,255,255,255,255,
  255,255,255,255,255,255,255,255,255,255,255,255,255,255,255,255,
  255,255,255,255,253,144,255,255,255,255,255,255,255,255,255,255,
  255,255,255,254,253,47,0,3,0,0,0,0,1,4,0,0,
  0,46,127,197,246,255,253,252,255,255,255,255,255,255,255,255,
  255,255,255,255,255,255,255,255,255,255,255,255,255,255,255,255,
  255,255,255,255,255,255,255,252,255,77,0,3,0,0,4,0,
  118,255,251,255,255,255,255,255,255,255,255,255,255,255,255,255,
  255,255,255,255,255,255,255,255,255,255,255,255,255,255,255,255,
  255,255,255,255,255,255,243,183,247,230,215,199,182,167,147,15,
  0,2,0,55,56,10,2,8,0,0,1,0,46,60,0,91,
  135,151,126,1,1,8,211,247,254,255,255,255,255,255,255,255,
  255,255,255,255,255,255,255,255,255,255,255,255,255,255,255,255,
  255,255,255,255,255,253,252,235,255,255,255,255,255,255,255,255,
  255,255,255,255,255,252,255,87,0,3,0,0,0,0,0,0,
  1,3,1,0,0,53,238,252,255,255,255,255,255,255,255,255,
  255,255,255,255,255,255,255,255,255,255,255,255,255,255,255,255,
  255,255,255,255,255,255,255,255,255,252,255,71,0,3,0,0,
  4,0,117,255,251,255,255,255,255,255,255,255,255,255,255,255,
  255,255,255,255,255,255,255,255,255,255,255,255,255,255,255,255,
  255,255,255,255,255,255,254,255,248,58,219,231,214,199,183,166,
  151,34,1,0,43,72,47,1,1,7,0,0,1,0,46,61,
  9,118,135,151,42,0,0,32,225,247,255,255,255,255,255,255,
  255,255,255,255,255,255,255,255,255,255,255,255,255,255,255,255,
  255,255,255,255,255,255,255,255,255,255,255,255,255,255,255,255,
  255,255,255,255,255,255,255,251,255,143,0,4,0,0,0,0,
  0,0,0,0,2,2,38,231,255,255,205,161,255,254,255,255,
  255,255,255,255,255,255,255,255,255,255,255,255,255,255,255,255,
  255,255,255,255,255,255,255,255,255,255,255,253,255,69,0,3,
  0,0,4,0,117,255,251,255,255,255,255,255,255,255,255,255,
  255,255,255,255,255,255,255,255,255,255,255,255,255,255,255,255,
  255,255,255,255,255,255,255,255,254,255,255,30,134,231,212,199,
  183,165,151,57,0,43,87,72,22,0,0,6,0,0,1,0,
  36,69,43,119,135,110,0,4,0,64,231,244,255,255,255,255,
  255,255,255,255,255,255,255,255,255,255,255,255,255,255,255,255,
  255,255,255,255,255,255,255,255,255,255,255,254,255,255,255,255,
  255,255,255,255,255,255,255,255,255,252,255,195,0,2,0,0,
  0,0,0,0,0,1,3,10,203,255,177,76,31,39,255,254,
  255,255,255,255,255,255,255,255,255,255,255,255,255,255,255,255,
  255,255,255,255,255,255,255,255,255,255,255,255,254,255,250,36,
  0,2,0,0,4,0,116,255,251,255,255,255,255,255,255,255,
  255,255,255,255,255,255,255,255,255,255,255,255,255,255,255,255,
  255,255,255,255,255,255,255,255,255,255,255,254,255,44,67,231,
  213,199,183,165,151,79,49,103,87,62,2,0,0,6,0,0,
  0,0,23,82,86,119,134,28,0,5,0,102,231,243,255,255,
  255,255,255,255,255,255,255,255,255,255,255,255,255,255,255,255,
  255,255,255,255,255,255,255,255,255,255,255,255,255,255,255,255,
  255,255,255,255,255,255,255,255,255,255,255,254,255,241,20,0,
  1,0,0,0,0,0,0,3,0,146,255,133,0,0,0,45,
  255,255,255,255,255,255,255,255,255,255,255,255,255,255,255,255,
  255,255,255,255,255,255,255,255,255,255,255,255,255,255,254,255,
  243,21,0,1,0,0,3,0,75,255,252,255,255,255,255,255,
  255,255,255,245,213,255,254,255,255,255,255,255,255,255,255,255,
  255,255,255,255,255,255,255,255,255,255,255,255,255,252,255,58,
  59,231,212,199,183,167,151,133,119,102,88,22,0,1,0,6,
  0,0,0,0,8,85,103,119,78,0,2,2,0,141,231,243,
  255,255,255,255,255,255,255,255,255,255,255,255,255,255,255,255,
  255,255,255,255,255,255,255,255,255,255,255,255,255,255,255,255,
  255,255,255,255,255,255,255,255,255,255,255,255,255,255,253,255,
  76,0,3,0,0,0,0,0,3,0,38,255,149,0,3,6,
  2,43,255,255,255,255,255,255,255,255,255,255,255,255,255,255,
  255,255,255,255,255,255,255,255,255,255,255,255,255,255,255,255,
  254,255,245,23,0,1,0,0,4,0,46,255,253,255,255,255,
  255,255,255,255,255,242,200,255,253,255,255,255,255,255,255,255,
  255,255,255,255,255,255,255,255,255,255,255,255,255,255,255,252,
  255,62,50,231,212,199,183,167,151,135,117,103,57,0,1,0,
  0,6,0,0,0,0,0,73,103,110,11,1,1,1,1,177,
  231,245,255,255,255,255,255,255,255,255,255,255,255,255,255,255,
  255,255,255,255,255,255,255,255,255,255,255,255,255,255,255,255,
  255,255,255,255,255,255,255,255,255,255,255,255,255,255,255,255,
  251,255,152,0,4,0,0,0,0,0,3,0,176,213,0,3,
  1,2,0,47,255,255,255,255,255,255,255,255,255,255,255,255,
  255,255,255,255,255,255,255,255,255,255,255,255,255,255,255,255,
  255,255,254,255,234,15,0,1,0,2,1,0,158,255,252,255,
  255,255,255,255,255,254,255,234,163,255,253,255,255,255,255,255,
  255,255,255,255,255,255,255,255,255,255,255,255,255,255,255,255,
  255,252,255,61,50,231,213,199,183,167,151,134,119,86,4,1,
  0,0,0,6,0,0,0,1,0,58,103,59,0,2,1,0,
  20,205,231,246,255,255,255,255,255,255,255,255,255,255,255,255,
  255,255,255,255,255,255,255,255,255,255,255,255,255,255,255,255,
  255,255,255,255,255,255,255,255,255,255,255,255,255,255,255,255,
  255,255,253,255,226,8,1,1,0,0,0,1,0,23,253,52,
  0,3,0,4,0,85,255,252,255,255,255,255,255,255,255,255,
  255,255,255,255,255,255,255,255,255,255,255,255,255,255,255,255,
  255,255,255,255,253,255,207,1,1,0,4,0,5,167,255,253,
  255,255,255,255,255,255,255,253,255,210,95,255,252,255,255,255,
  255,255,255,255,255,255,255,255,255,255,255,255,255,255,255,255,
  255,255,255,251,255,92,51,222,206,199,183,167,151,134,115,19,
  0,1,0,0,0,6,0,0,0,0,0,69,103,86,0,3,
  2,0,36,215,230,247,255,255,255,255,255,255,255,255,255,255,
  255,255,255,255,255,255,255,255,255,255,255,255,255,255,255,255,
  255,255,255,255,255,255,255,255,255,255,255,255,255,255,255,255,
  255,255,255,255,255,252,255,83,0,5,0,0,0,1,0,19,
  93,0,0,0,1,4,0,97,255,251,255,255,255,255,255,255,
  255,255,255,255,255,255,255,255,255,255,255,255,255,255,255,255,
  255,255,255,255,255,255,252,255,198,0,4,3,0,23,191,255,
  252,255,255,255,255,255,255,255,255,253,255,210,96,255,252,255,
  255,255,255,255,255,255,255,255,255,255,255,255,255,255,255,255,
  255,255,255,255,255,251,255,120,62,177,150,198,181,167,149,135,
  66,0,1,0,0,0,1,7,0,0,0,0,5,85,73,93,
  69,0,6,1,60,215,229,247,255,255,255,255,255,255,255,255,
  255,255,255,255,255,255,255,255,255,255,255,255,255,255,255,255,
  255,255,255,255,255,255,255,255,255,255,255,255,255,255,255,255,
  255,255,255,255,255,255,255,253,254,215,13,0,5,2,0,0,
  0,0,0,1,0,3,0,3,0,130,255,251,255,255,255,255,
  255,255,255,255,255,255,255,255,255,255,255,255,255,255,255,255,
  255,255,255,255,255,255,255,255,252,255,200,4,0,0,80,223,
  255,255,255,255,255,255,255,255,255,255,255,253,255,193,89,255,
  252,255,255,255,255,255,255,255,255,255,255,255,255,255,255,255,
  255,255,255,255,255,255,255,251,255,116,64,163,49,199,182,167,
  149,135,63,1,1,0,0,0,2,7,0,0,0,0,19,88,
  41,8,127,58,0,0,80,215,227,247,255,255,255,255,255,255,
  255,255,255,255,255,255,255,255,255,255,255,255,255,255,255,255,
  255,255,255,255,255,255,255,255,255,255,255,255,255,255,255,255,
  255,255,255,255,255,255,255,255,255,255,253,255,183,24,0,0,
  0,4,3,4,6,3,2,0,24,9,0,174,255,251,255,255,
  255,255,255,255,255,255,255,255,255,255,255,255,255,255,255,255,
  255,255,255,255,255,255,255,255,255,255,252,255,195,0,34,158,
  255,255,249,155,222,255,254,255,255,255,255,255,255,251,255,160,
  76,255,251,255,255,255,255,255,255,255,255,255,255,255,255,255,
  255,255,255,255,255,255,255,255,255,251,255,140,71,179,1,175,
  182,166,149,135,88,0,1,0,1,0,6,7,0,0,1,0,
  29,88,30,0,25,138,91,22,147,215,229,247,255,255,255,255,
  255,255,255,255,255,255,255,255,255,255,255,255,255,255,255,255,
  255,255,255,255,255,255,255,255,255,255,255,255,255,255,255,255,
  255,255,255,255,255,255,255,255,255,255,255,255,255,253,255,235,
  138,45,0,0,0,0,0,0,0,107,234,13,1,215,255,253,
  255,255,255,255,255,255,255,255,255,255,255,255,255,255,255,255,
  255,255,255,255,255,255,255,255,255,255,255,255,253,255,217,145,
  247,255,255,189,57,18,247,255,254,255,255,255,255,255,255,251,
  255,157,72,255,251,255,255,255,255,255,255,255,255,255,255,255,
  255,255,255,255,255,255,255,255,255,255,255,252,255,172,121,167,
  0,93,183,165,151,135,106,3,0,0,1,0,11,5,0,0,
  1,0,43,88,15,0,0,12,118,177,199,215,231,247,255,255,
  255,255,255,255,255,255,255,255,255,255,255,255,255,255,255,255,
  255,255,255,255,255,255,255,255,255,255,255,255,255,255,255,255,
  255,255,255,255,255,255,255,255,255,255,255,255,255,255,255,255,
  253,255,255,254,200,132,74,69,69,77,182,255,104,0,31,247,
  255,254,255,255,255,255,255,255,255,255,255,255,255,255,255,255,
  255,255,255,255,255,255,255,255,255,255,255,255,255,255,255,255,
  255,255,234,164,69,0,0,81,255,252,255,255,255,255,255,255,
  255,251,255,157,82,255,251,255,255,255,255,255,255,255,255,255,
  255,255,255,255,255,255,255,255,255,255,255,255,255,252,255,170,
  130,129,0,16,169,167,150,135,117,15,0,1,1,0,16,4,
  0,0,0,0,54,88,9,0,4,0,85,183,194,215,231,247,
  255,255,255,255,255,255,255,255,255,255,255,255,255,255,255,255,
  255,255,255,255,255,255,255,255,255,255,255,255,255,255,255,255,
  255,255,255,255,255,255,255,255,255,255,255,255,255,255,255,255,
  255,255,255,254,251,255,255,255,255,255,255,250,195,62,0,1,
  81,255,252,255,255,255,255,255,255,255,255,255,255,255,255,255,
  255,255,255,255,255,255,255,255,255,255,255,255,255,255,255,255,
  253,255,191,66,18,0,0,5,3,128,255,251,255,255,255,255,
  255,255,255,251,255,155,128,255,251,255,255,255,255,255,255,255,
  255,255,255,255,255,255,255,255,255,255,255,255,255,255,255,253,
  255,198,178,121,0,0,98,167,149,134,119,32,0,1,0,1,
  21,2,0,0,0,0,62,88,10,0,2,1,114,182,196,215,
  231,247,255,255,255,255,255,255,255,255,255,255,255,255,255,255,
  255,255,255,255,255,255,255,255,255,255,255,255,255,255,255,255,
  255,255,255,255,255,255,255,255,255,255,255,255,255,255,255,255,
  255,255,255,255,255,253,255,195,95,106,104,86,47,20,0,0,
  7,0,149,255,251,255,255,255,255,255,255,255,255,255,255,255,
  255,255,255,255,255,255,255,255,255,255,255,255,255,255,255,255,
  255,255,251,255,132,0,0,3,3,3,0,183,255,251,255,255,
  255,255,255,255,255,251,255,156,155,255,251,255,255,255,255,255,
  255,255,255,255,255,255,255,255,255,255,255,255,255,255,255,255,
  255,254,255,232,224,75,0,1,29,166,151,133,119,54,0,2,
  0,12,22,0,0,0,0,0,62,88,9,0,3,0,99,183,
  196,215,231,247,255,255,255,255,255,255,255,255,255,255,255,255,
  255,255,255,255,255,255,255,255,255,255,255,255,255,255,255,255,
  255,255,255,255,255,255,255,255,255,255,255,255,255,255,255,255,
  255,255,255,255,255,255,255,255,252,248,83,0,0,0,0,0,
  2,3,1,3,216,255,253,255,255,255,255,255,255,255,255,255,
  255,255,255,255,255,255,255,255,255,255,255,255,255,255,255,255,
  255,255,255,255,251,255,142,3,5,0,1,0,10,230,255,253,
  255,255,255,255,255,255,255,252,255,147,195,255,253,254,255,255,
  255,255,255,255,255,255,255,255,255,255,255,255,255,255,255,255,
  255,255,255,255,255,252,239,41,0,3,0,125,151,132,119,74,
  0,2,0,28,16,0,0,0,0,0,61,88,17,0,3,0,
  97,183,196,215,231,247,255,255,255,255,255,255,255,255,255,255,
  255,255,255,255,255,255,255,255,255,255,255,255,255,255,255,255,
  255,255,255,255,255,255,255,255,255,255,255,255,255,255,255,255,
  255,255,255,255,255,255,255,255,255,255,254,254,255,73,1,7,
  2,1,0,4,1,58,255,253,255,255,255,255,255,255,255,255,
  255,255,255,255,255,255,255,255,255,255,255,255,255,255,255,255,
  255,255,255,255,255,255,251,255,140,0,4,0,3,2,48,254,
  254,255,255,255,255,255,255,255,255,252,255,148,228,255,254,255,
  255,255,255,255,255,255,255,255,255,255,255,255,255,255,255,255,
  255,255,255,255,255,255,254,255,231,12,0,4,0,60,151,133,
  119,91,3,0,3,39,7,0,0,0,0,0,49,88,29,0,
  4,0,98,183,196,215,231,247,255,255,255,255,255,255,255,255,
  255,255,255,255,255,255,255,255,255,255,255,255,255,255,255,255,
  255,255,255,255,255,255,255,255,255,255,255,255,255,255,255,255,
  255,255,255,255,255,255,255,255,255,255,255,255,255,253,254,233,
  25,1,5,4,4,0,0,185,255,252,255,255,255,255,255,255,
  255,255,255,255,255,255,255,255,255,255,255,255,255,255,255,255,
  255,255,255,255,255,255,255,255,251,255,140,0,4,0,5,0,
  148,255,251,255,255,255,255,255,255,255,255,254,255,217,253,255,
  255,244,255,255,255,255,255,255,255,255,255,255,255,255,255,255,
  255,255,255,255,255,255,255,255,253,255,202,5,1,1,1,5,
  130,135,118,102,16,0,25,37,1,0,0,0,1,0,34,87,
  41,0,4,0,99,183,196,215,231,247,255,255,255,255,255,255,
  255,255,255,255,255,255,255,255,255,255,255,255,255,255,255,255,
  255,255,255,255,255,255,255,255,255,255,255,255,255,255,255,255,
  255,255,255,255,255,255,255,255,255,255,255,255,255,255,255,255,
  252,255,189,1,0,0,0,9,143,255,253,255,255,255,255,255,
  255,255,255,255,255,255,255,255,255,255,255,255,255,255,255,255,
  255,255,255,255,255,255,255,255,255,255,251,255,128,0,4,5,
  0,65,251,252,255,255,255,255,255,255,255,255,255,255,255,255,
  255,255,238,127,255,254,255,255,255,255,255,255,255,255,255,255,
  255,255,255,255,255,255,255,255,255,255,252,255,179,0,3,0,
  3,0,74,135,116,103,33,0,49,22,0,0,0,0,0,0,
  17,88,83,1,2,0,126,183,197,215,231,247,255,255,255,255,
  255,255,255,255,255,255,255,255,255,255,255,255,255,255,255,255,
  255,255,255,255,255,255,255,255,255,255,255,255,255,255,255,255,
  255,255,255,255,255,255,255,255,255,255,255,255,255,255,255,255,
  255,255,255,251,255,148,67,118,143,218,255,253,255,255,255,255,
  255,255,255,255,255,255,255,255,255,255,255,255,255,255,255,255,
  255,255,255,255,255,255,255,255,255,255,255,255,251,255,129,2,
  8,0,46,230,255,255,255,255,255,255,255,255,255,255,255,255,
  255,254,252,255,179,28,251,255,255,255,255,255,255,255,255,255,
  255,255,255,255,255,255,255,255,255,255,255,255,252,255,181,0,
  3,0,1,0,21,133,118,103,45,16,56,5,0,0,0,0,
  0,0,2,74,103,37,0,7,149,183,197,215,231,247,255,255,
  255,255,255,255,255,255,255,255,255,255,255,255,255,255,255,255,
  255,255,255,255,255,255,255,255,255,255,255,255,255,255,255,255,
  255,255,255,255,255,255,255,255,255,255,255,255,255,255,255,255,
  255,255,255,255,255,255,253,255,255,255,255,255,252,255,255,255,
  255,255,255,255,255,255,255,255,255,255,255,255,255,255,255,255,
  255,255,255,255,255,255,255,255,255,255,255,255,255,255,251,255,
  141,0,0,75,232,255,221,241,255,254,255,255,255,255,255,255,
  255,255,255,255,251,255,99,0,238,255,254,255,255,255,255,255,
  255,255,255,255,255,255,255,255,255,255,255,255,255,255,252,255,
  192,2,2,0,0,1,0,98,119,103,66,60,40,0,0,0,
  0,0,0,1,1,31,102,99,0,31,167,182,199,215,231,247,
  255,255,255,255,255,255,255,255,255,255,255,255,255,255,255,255,
  255,255,255,255,255,255,255,255,255,255,255,255,255,255,255,255,
  255,255,255,255,255,255,255,255,255,255,255,255,255,255,255,255,
  255,255,255,255,255,255,255,255,255,253,253,251,251,253,255,255,
  255,255,255,255,255,255,255,255,255,255,255,255,255,255,255,255,
  255,255,255,255,255,255,255,255,255,255,255,255,255,255,255,255,
  251,255,138,40,161,255,255,144,44,247,255,255,255,255,255,255,
  255,255,255,255,255,254,255,249,33,1,201,255,252,255,255,255,
  255,255,255,255,255,255,255,255,255,255,255,255,255,255,255,255,
  254,255,229,13,0,1,0,3,0,43,119,102,88,72,10,0,
  0,0,0,0,0,0,0,1,93,119,71,101,167,181,199,215,
  231,247,255,255,255,255,255,255,255,255,255,255,255,255,255,255,
  255,255,255,255,255,255,255,255,255,255,255,255,255,255,255,255,
  255,255,255,255,255,255,255,255,255,255,255,255,255,255,255,255,
  255,255,255,255,255,255,255,255,255,255,255,255,255,255,255,255,
  255,255,255,255,255,255,255,255,255,255,255,255,255,255,255,255,
  255,255,255,255,255,255,255,255,255,255,255,255,255,255,255,255,
  255,255,255,255,240,255,255,195,76,0,70,255,253,255,255,255,
  255,255,255,255,255,255,255,253,255,215,2,0,182,255,252,255,
  255,255,255,255,255,255,255,255,255,255,255,255,255,255,255,255,
  255,255,255,254,244,43,0,2,0,1,1,5,105,103,87,51,
  0,0,0,0,0,0,6,16,40,73,79,116,135,151,167,183,
  199,215,231,247,255,255,255,255,255,255,255,255,255,255,255,255,
  255,255,255,255,255,255,255,255,255,255,255,255,255,255,255,255,
  255,255,255,255,255,255,255,255,255,255,255,255,255,255,255,255,
  255,255,255,255,255,255,255,255,255,255,255,255,255,255,255,255,
  255,255,255,255,255,255,255,255,255,255,255,255,255,255,255,255,
  255,255,255,255,255,255,255,255,255,255,255,255,255,255,255,255,
  255,255,255,255,254,254,236,137,61,0,0,2,109,255,251,255,
  255,255,255,255,255,255,255,255,255,252,255,178,0,0,158,255,
  251,255,255,255,255,255,255,255,255,255,255,255,255,255,255,255,
  255,255,255,255,255,252,247,84,0,3,0,0,2,0,58,103,
  88,28,0,1,0,0,7,20,34,45,43,26,0,66,134,149,
  167,183,199,215,231,247,255,255,255,255,255,255,255,255,255,255,
  255,255,255,255,255,255,255,255,255,255,255,255,255,255,255,255,
  255,255,255,255,255,255,255,255,255,255,255,255,255,255,255,255,
  255,255,255,255,255,255,255,255,255,255,255,255,255,255,255,255,
  255,255,255,255,255,255,255,255,255,255,255,255,255,255,255,255,
  255,255,255,255,255,255,255,255,255,255,255,255,255,255,255,255,
  255,255,255,255,255,255,252,255,202,0,0,0,7,0,149,255,
  251,255,255,255,255,255,255,255,255,255,255,251,255,156,0,0,
  120,255,251,255,255,255,255,255,255,255,255,255,255,255,255,255,
  255,255,255,255,255,255,255,251,247,132,0,3,0,0,1,1,
  11,98,88,39,0,1,0,0,1,4,2,0,0,0,0,37,
  135,149,167,183,199,215,231,247,255,255,255,255,255,255,255,255,
  255,255,255,255,255,255,255,255,255,255,255,255,255,255,255,255,
  255,255,255,255,255,255,255,255,255,255,255,255,255,255,255,255,
  255,255,255,255,255,255,255,255,255,255,255,255,255,255,255,255,
  255,255,255,255,255,255,255,255,255,255,255,255,255,255,255,255,
  255,255,255,255,255,255,255,255,255,255,255,255,255,255,255,255,
  255,255,255,255,255,255,255,255,254,255,243,23,3,2,3,0,
  180,255,252,255,255,255,255,255,255,255,255,255,255,251,255,158,
  0,0,125,255,251,255,255,255,255,255,255,255,255,255,255,255,
  255,255,255,255,255,255,255,255,255,252,247,176,1,2,0,0,
  0,2,0,65,88,47,0,1,0,0,0,0,0,0,1,2,
  7,103,135,150,167,183,199,215,231,247,255,255,255,255,255,255,
  255,255,255,255,255,255,255,255,255,255,255,255,255,255,255,255,
  255,255,255,255,255,255,255,255,255,255,255,255,255,255,255,255,
  255,255,255,255,255,255,255,255,255,255,255,255,255,255,255,255,
  255,255,255,255,255,255,255,255,255,255,255,255,255,255,255,255,
  255,255,255,255,255,255,255,255,255,255,255,255,255,255,255,255,
  255,255,255,255,255,255,255,255,255,255,255,253,253,57,1,4,
  0,1,219,255,253,255,255,255,255,255,255,255,255,255,255,251,
  255,158,0,0,193,255,252,255,255,255,255,255,255,255,255,255,
  255,255,255,255,255,255,255,255,255,255,255,254,247,212,11,0,
  1,0,0,2,0,58,88,58,0,0,0,0,0,0,0,0,
  1,0,68,119,134,151,167,183,199,215,231,247,255,255,255,255,
  255,255,255,255,255,255,255,255,255,255,255,255,255,255,255,255,
  255,255,255,255,255,255,255,255,255,255,255,255,255,255,255,255,
  255,255,255,255,255,255,255,255,255,255,255,255,255,255,255,255,
  255,255,255,255,255,255,255,255,255,255,255,255,255,255,255,255,
  255,255,255,255,255,255,255,255,255,255,255,255,255,255,255,255,
  255,255,255,255,255,255,255,255,255,255,255,255,255,251,255,136,
  0,6,0,28,248,255,254,255,255,255,255,255,255,255,255,255,
  255,252,251,160,1,54,252,253,255,255,255,255,255,255,255,255,
  255,255,255,255,255,255,255,255,255,255,252,255,255,255,246,229,
  42,0,2,0,1,1,5,93,88,65,3,0,0,0,0,0,
  0,1,0,23,103,118,135,151,167,183,199,215,231,247,255,255,
  255,255,255,255,255,255,255,255,255,255,255,255,255,255,255,255,
  255,255,255,255,255,255,255,255,255,255,255,255,255,255,255,255,
  255,255,255,255,255,255,255,255,255,255,255,255,255,255,255,255,
  255,255,255,255,255,255,255,255,255,255,255,255,255,255,255,255,
  255,255,255,255,255,255,255,255,255,255,255,255,255,255,255,255,
  255,255,255,255,255,255,255,255,255,255,255,255,255,255,255,253,
  255,229,12,3,0,57,255,255,255,255,255,255,255,255,255,255,
  255,255,255,243,192,166,0,176,255,252,255,255,255,255,255,255,
  255,255,255,255,255,255,255,255,255,255,253,255,194,225,255,254,
  243,231,87,0,3,0,2,0,64,71,64,72,8,0,0,0,
  0,0,0,0,6,78,103,118,135,151,167,183,199,215,231,247,
  255,255,255,255,255,255,255,255,255,255,255,255,255,255,255,255,
  255,255,255,255,255,255,255,255,255,255,255,255,255,255,255,255,
  255,255,255,255,255,255,255,255,255,255,255,255,255,255,255,255,
  255,255,255,255,255,255,255,255,255,255,255,255,255,255,255,255,
  255,255,255,255,255,255,255,255,255,255,255,255,255,255,255,255,
  255,255,255,255,255,255,255,255,255,255,255,255,255,255,255,255,
  255,255,252,255,130,0,1,93,255,237,244,255,255,255,255,255,
  255,255,255,252,255,181,142,168,20,252,254,255,255,255,255,255,
  255,255,255,255,255,255,255,255,255,255,255,255,252,255,191,151,
  255,252,243,231,137,0,2,1,1,12,117,13,36,72,16,0,
  0,0,0,0,0,0,12,88,103,119,135,151,167,183,199,215,
  231,247,255,255,255,255,255,255,255,255,255,255,255,255,255,255,
  255,255,255,255,255,255,255,255,255,255,255,255,255,255,255,255,
  255,255,255,255,255,255,255,255,255,255,255,255,255,255,255,255,
  255,255,255,255,255,255,255,255,255,255,255,255,255,255,255,255,
  255,255,255,255,255,255,255,255,255,255,255,255,255,255,255,255,
  255,255,255,255,255,255,255,255,255,255,255,255,255,255,255,255,
  255,255,255,255,254,252,248,57,0,135,255,201,221,255,254,255,
  255,255,255,255,255,252,255,63,157,160,110,255,251,255,255,255,
  255,255,255,255,255,255,255,255,255,255,255,255,255,255,254,255,
  245,94,248,254,245,231,185,4,0,3,0,90,74,0,27,72,
  20,0,0,0,0,0,0,0,32,88,102,119,135,151,167,183,
  199,215,231,247,255,255,255,255,255,255,255,255,255,255,255,255,
  255,255,255,255,255,255,255,255,255,255,255,255,255,255,255,255,
  255,255,255,255,255,255,255,255,255,255,255,255,255,255,255,255,
  255,255,255,255,255,255,255,255,255,255,255,255,255,255,255,255,
  255,255,255,255,255,255,255,255,255,255,255,255,255,255,255,255,
  255,255,255,255,255,255,255,255,255,255,255,255,255,255,255,255,
  255,255,255,255,255,255,255,253,255,226,20,150,255,146,215,255,
  254,255,255,255,255,255,254,255,237,4,217,171,190,255,253,255,
  255,255,255,255,255,255,255,255,255,255,255,255,255,255,255,255,
  255,251,255,98,168,255,243,230,213,34,1,0,37,120,7,0,
  18,72,30,0,0,0,0,0,0,10,71,78,102,119,135,151,
  167,183,199,215,231,247,255,255,255,255,255,255,255,255,255,255,
  255,255,255,255,255,255,255,255,255,255,255,255,255,255,255,255,
  255,255,255,255,255,255,255,255,255,255,255,255,255,255,255,255,
  255,255,255,255,255,255,255,255,255,255,255,255,255,255,255,255,
  255,255,255,255,255,255,255,255,255,255,255,255,255,255,255,255,
  255,255,255,255,255,255,255,255,255,255,255,255,255,255,255,255,
  255,255,255,255,255,255,255,255,255,255,253,255,211,217,255,86,
  222,255,254,255,255,255,255,255,253,255,195,14,249,234,245,255,
  255,255,255,255,255,255,255,255,255,255,255,255,255,255,255,255,
  255,255,255,252,255,187,40,249,245,227,215,91,0,17,135,37,
  0,0,14,72,35,0,0,0,0,0,0,46,63,13,90,119,
  134,151,167,183,199,215,231,247,255,255,255,255,255,255,255,255,
  255,255,255,255,255,255,255,255,255,255,255,255,255,255,255,255,
  255,255,255,255,255,255,255,255,255,255,255,255,255,255,255,255,
  255,255,255,255,255,255,255,255,255,255,255,255,255,255,255,255,
  255,255,255,255,255,255,255,255,255,255,255,255,255,255,255,255,
  255,255,255,255,255,255,255,255,255,255,255,255,255,255,255,255,
  255,255,255,255,255,255,255,255,255,255,255,255,255,254,255,255,
  221,41,247,255,254,255,255,255,255,255,251,255,148,41,241,249,
  255,255,255,255,255,255,255,255,255,255,255,255,255,255,255,255,
  255,255,255,255,255,254,254,255,30,138,247,224,215,148,18,142,
  61,0,3,0,25,72,33,0,0,0,0,0,17,56,17,0,
  34,119,134,151,167,183,199,215,231,247,255,255,255,255,255,255,
  255,255,255,255,255,255,255,255,255,255,255,255,255,255,255,255,
  255,255,255,255,255,255,255,255,255,255,255,255,255,255,255,255,
  255,255,255,255,255,255,255,255,255,255,255,255,255,255,255,255,
  255,255,255,255,255,255,255,255,255,255,255,255,255,255,255,255,
  255,255,255,255,255,255,255,255,255,255,255,255,255,255,255,255,
  255,255,255,255,255,255,255,255,255,255,255,255,255,255,255,255,
  252,253,234,132,252,255,255,255,255,255,255,255,251,255,98,86,
  202,231,255,254,255,255,255,255,255,255,255,255,255,255,255,255,
  255,255,255,255,255,255,255,255,251,255,145,11,235,229,213,187,
  136,66,0,2,2,0,32,72,35,0,0,0,0,3,40,32,
  0,3,0,77,135,149,167,183,199,215,231,247,255,255,255,255,
  255,255,255,255,255,255,255,255,255,255,255,255,255,255,255,255,
  255,255,255,255,255,255,255,255,255,255,255,255,255,255,255,255,
  255,255,255,255,255,255,255,255,255,255,255,255,255,255,255,255,
  255,255,255,255,255,255,255,255,255,255,255,255,255,255,255,255,
  255,255,255,255,255,255,255,255,255,255,255,255,255,255,255,255,
  255,255,255,255,255,255,255,255,255,255,255,255,255,255,255,255,
  255,255,255,255,255,255,254,255,255,255,255,255,255,255,253,255,
  55,143,159,230,255,254,255,255,255,255,255,255,255,255,255,255,
  255,255,255,255,255,255,255,255,255,255,254,254,245,10,102,231,
  209,199,104,0,4,0,2,0,49,72,37,0,0,0,0,18,
  37,3,1,1,2,93,135,150,167,183,199,215,231,247,255,255,
  255,255,255,255,255,255,255,255,255,255,255,255,255,255,255,255,
  255,255,255,255,255,255,255,255,255,255,255,255,255,255,255,255,
  255,255,255,255,255,255,255,255,255,255,255,255,255,255,255,255,
  255,255,255,255,255,255,255,255,255,255,255,255,255,255,255,255,
  255,255,255,255,255,255,255,255,255,255,255,255,255,255,255,255,
  255,255,255,255,255,255,255,255,255,255,255,255,255,255,255,255,
  255,255,255,255,255,255,254,253,255,255,255,255,255,255,255,254,
  254,250,35,190,139,243,255,255,255,255,255,255,255,255,255,255,
  255,255,255,255,255,255,255,255,255,255,255,255,255,251,255,132,
  0,186,214,197,169,14,1,1,1,0,64,72,37,0,0,0,
  2,24,16,0,1,0,66,119,134,151,167,183,199,215,231,247,
  255,255,255,255,255,255,255,255,255,255,255,255,255,255,255,255,
  255,255,255,255,255,255,255,255,255,255,255,255,255,255,255,255,
  255,255,255,255,255,255,255,255,255,255,255,255,255,255,255,255,
  255,255,255,255,255,255,255,255,255,255,255,255,255,255,255,255,
  255,255,255,255,255,255,255,255,255,255,255,255,255,255,255,255,
  255,255,255,255,255,255,255,255,255,255,255,255,255,255,255,255,
  255,255,255,255,255,255,255,255,255,255,255,255,255,255,255,255,
  255,254,255,231,36,216,145,255,254,255,255,255,255,255,255,255,
  255,255,255,255,255,255,255,255,255,255,255,255,255,255,255,254,
  254,240,15,49,215,194,183,88,0,3,0,6,79,72,34,0,
  0,0,7,16,0,1,0,55,103,118,135,151,167,183,199,215,
  231,247,255,255,255,255,255,255,255,255,255,255,255,255,255,255,
  255,255,255,255,255,255,255,255,255,255,255,255,255,255,255,255,
  255,255,255,255,255,255,255,255,255,255,255,255,255,255,255,255,
  255,255,255,255,255,255,255,255,255,255,255,255,255,255,255,255,
  255,255,255,255,255,255,255,255,255,255,255,255,255,255,255,255,
  255,255,255,255,255,255,255,255,255,255,255,255,255,255,255,255,
  255,255,255,255,255,255,255,255,255,255,255,255,255,255,255,255,
  255,255,255,252,255,189,55,213,156,255,252,255,255,255,255,255,
  255,255,255,255,255,255,255,255,255,255,255,255,255,255,255,255,
  255,255,251,255,138,0,139,199,180,161,20,1,0,27,88,72,
  35,0,0,0,7,2,0,1,46,88,101,119,135,151,167,183,
  199,215,231,247,255,255,255,255,255,255,255,255,255,255,255,255,
  255,255,255,255,255,255,255,255,255,255,255,255,255,255,255,255,
  255,255,255,255,255,255,255,255,255,255,255,255,255,255,255,255,
  255,255,255,255,255,255,255,255,255,255,255,255,255,255,255,255,
  255,255,255,255,255,255,255,255,255,255,255,255,255,255,255,255,
  255,255,255,255,255,255,255,255,255,255,255,255,255,255,255,255,
  255,255,255,255,255,255,255,255,255,255,255,255,255,255,255,255,
  255,255,255,255,255,252,255,163,110,201,177,255,253,255,255,255,
  255,255,255,255,255,255,255,255,255,255,255,255,255,255,255,255,
  255,255,255,255,254,253,241,38,19,193,180,167,105,0,0,56,
  88,72,29,0,0,0,2,0,4,41,72,86,103,119,135,151,
  167,183,199,215,231,247,255,255,255,255,255,255,255,255,255,255,
  255,255,255,255,255,255,255,255,255,255,255,255,255,255,255,255,
  255,255,255,255,255,255,255,255,255,255,255,255,255,255,255,255,
  255,255,255,255,255,255,255,255,255,255,255,255,255,255,255,255,
  255,255,255,255,255,255,255,255,255,255,255,255,255,255,255,255,
  255,255,255,255,255,255,255,255,255,255,255,255,255,255,255,255,
  255,255,255,255,255,255,255,255,255,255,255,255,255,255,255,255,
  255,255,255,255,255,255,255,251,255,110,160,191,206,255,253,255,
  255,255,255,255,255,255,255,255,255,255,255,255,255,255,255,255,
  255,255,255,255,255,255,255,253,247,191,0,68,183,163,151,60,
  0,90,88,72,19,0,0,4,0,6,35,56,71,88,103,119,
  135,151,167,183,199,215,231,247,255,255,255,255,255,255,255,255,
  255,255,255,255,255,255,255,255,255,255,255,255,255,255,255,255,
  255,255,255,255,255,255,255,255,255,255,255,255,255,255,255,255,
  255,255,255,255,255,255,255,255,255,255,255,255,255,255,255,255,
  255,255,255,255,255,255,255,255,255,255,255,255,255,255,255,255,
  255,255,255,255,255,255,255,255,255,255,255,255,255,255,255,255,
  255,255,255,255,255,255,255,255,255,255,255,255,255,255,255,255,
  255,255,255,255,255,255,255,255,255,253,255,179,227,166,236,255,
  254,255,255,255,255,255,255,255,255,255,255,255,255,255,255,255,
  255,255,255,255,255,255,255,255,255,255,244,231,124,94,172,167,
  151,134,81,103,88,72,10,0,3,7,4,24,40,55,72,88,
  103,119,135,151,167,183,199,215,231,247,255,255,255,255,255,255,
  255,255,255,255,255,255,255,255,255,255,255,255,255,255,255,255,
  255,255,255,255,255,255,255,255,255,255,255,255,255,255,255,255,
  255,255,255,255,255,255,255,255,255,255,255,255,255,255,255,255,
  255,255,255,255,255,255,255,255,255,255,255,255,255,255,255,255,
  255,255,255,255,255,255,255,255,255,255,255,255,255,255,255,255,
  255,255,255,255,255,255,255,255,255,255,255,255,255,255,255,255,
  255,255,255,255,255,255,255,255,255,255,255,255,255,255,255,206,
  252,255,255,255,255,255,255,255,255,255,255,255,255,255,255,255,
  255,255,255,255,255,255,255,255,255,255,255,255,247,228,215,193,
  26,127,151,134,119,103,88,62,2,0,16,6,8,24,39,55,
  72,88,103,119,135,151,167,183,199,215,231,247,255,255,255,255,
  255,255,255,255,255,255,255,255,255,255,255,255,255,255,255,255,
  255,255,255,255,255,255,255,255,255,255,255,255,255,255,255,255,
  255,255,255,255,255,255,255,255,255,255,255,255,255,255,255,255,
  255,255,255,255,255,255,255,255,255,255,255,255,255,255,255,255,
  255,255,255,255,255,255,255,255,255,255,255,255,255,255,255,255,
  255,255,255,255,255,255,255,255,255,255,255,255,255,255,255,255,
  255,255,255,255,255,255,255,255,255,255,255,255,255,255,255,253,
  254,255,255,255,255,255,255,255,255,255,255,255,255,255,255,255,
  255,255,255,255,255,255,255,255,255,255,255,255,255,255,247,231,
  212,193,132,130,151,134,118,102,88,47,0,10,24,2,8,24,
  40,56,72,88,103,119,135,151,167,183,199,215,231,247,255,255,
  255,255,255,255,255,255,255,255,255,255,255,255,255,255,255,255,
  255,255,255,255,255,255,255,255,255,255,255,255,255,255,255,255,
  255,255,255,255,255,255,255,255,255,255,255,255,255,255,255,255,
  255,255,255,255,255,255,255,255,255,255,255,255,255,255,255,255,
  255,255,255,255,255,255,255,255,255,255,255,255,255,255,255,255,
  255,255,255,255,255,255,255,255,255,255,255,255,255,255,255,255,
  255,255,255,255,255,255,255,255,255,255,255,255,255,255,255,255,
  255,255,255,254,255,255,255,255,255,255,255,255,255,255,255,255,
  255,255,255,255,255,255,255,255,255,255,255,255,255,255,255,255,
  247,231,215,199,183,167,151,135,119,103,88,69,45,38,12,0,
  8,24,35,49,72,87,103,119,135,151,167,183,199,215,231,247,
  255,255,255,255,255,255,255,255,255,255,255,255,255,255,255,255,
  255,255,255,255,255,255,255,255,255,255,255,255,255,255,255,255,
  255,255,255,255,255,255,255,255,255,255,255,255,255,255,255,255,
  255,255,255,255,255,255,255,255,255,255,255,255,255,255,255,255,
  255,255,255,255,255,255,255,255,255,255,255,255,255,255,255,255,
  255,255,255,255,255,255,255,255,255,255,255,255,255,255,255,255,
  255,255,255,255,255,255,255,255,255,255,255,255,255,255,255,255,
  255,255,255,255,255,255,255,255,255,255,255,255,255,255,255,255,
  255,255,255,255,255,255,255,255,255,255,255,255,255,255,255,255,
  255,255,247,231,215,199,181,166,151,135,119,103,88,72,56,40,
  16,0,6,10,9,51,71,87,103,119,135,151,167,183,199,215,
  231,247,255,255,255,255,255,255,255,255,255,255,255,255,255,255,
  255,255,255,255,255,255,255,255,255,255,255,255,255,255,255,255,
  255,255,255,255,255,255,255,255,255,255,255,255,255,255,255,255,
  255,255,255,255,255,255,255,255,255,255,255,255,255,255,255,255,
  255,255,255,255,255,255,255,255,255,255,255,255,255,255,255,255,
  255,255,255,255,255,255,255,255,255,255,255,255,255,255,255,255,
  255,255,255,255,255,255,255,255,255,255,255,255,255,255,255,255,
  255,255,255,255,255,255,255,255,255,255,255,255,255,255,255,255,
  255,255,255,255,255,255,255,255,255,255,255,255,255,255,255,255,
  255,255,255,255,247,231,215,199,183,167,151,135,119,103,88,71,
  55,40,23,1,0,0,28,56,71,88,103,119,135,151,167,183,
  199,215,231,247,255,255,255,255,255,255,255,255,255,255,255,255,
  255,255,255,255,255,255,255,255,255,255,255,255,255,255,255,255,
  255,255,255,255,255,255,255,255,255,255,255,255,255,255,255,255,
  255,255,255,255,255,255,255,255,255,255,255,255,255,255,255,255,
  255,255,255,255,255,255,255,255,255,255,255,255,255,255,255,255,
  255,255,255,255,255,255,255,255,255,255,255,255,255,255,255,255,
  255,255,255,255,255,255,255,255,255,255,255,255,255,255,255,255,
  255,255,255,255,255,255,255,255,255,255,255,255,255,255,255,255,
  255,255,255,255,255,255,255,255,255,255,255,255,255,255,255,255,
  255,255,255,255,255,255,247,231,215,199,183,167,151,135,119,103,
  88,72,56,39,24,2,0,8,40,55,72,88,103,119,135,151,
  167,183,199,215,231,247,255,255,255,255,255,255,255,255,255,255,
  255,255,255,255,255,255,255,255,255,255,255,255,255,255,255,255,
  255,255,255,255,255,255,255,255,255,255,255,255,255,255,255,255,
  255,255,255,255,255,255,255,255,255,255,255,255,255,255,255,255,
  255,255,255,255,255,255,255,255,255,255,255,255,255,255,255,255,
  255,255,255,255,255,255,255,255,255,255,255,255,255,255,255,255,
  255,255,255,255,255,255,255,255,255,255,255,255,255,255,255,255,
  255,255,255,255,255,255,255,255,255,255,255,255,255,255,255,255,
  255,255,255,255,255,255,255,255,255,255,255,255,255,255,255,255,
  255,255,255,255,255,255,255,255,247,231,215,199,183,167,151,135,
  119,103,88,72,56,40,24,2,1,21,40,55,72,88,103,119,
  135,151,167,183,199,215,231,247,255,255,255,255,255,255,255,255,
  255,255,255,255,255,255,255,255,255,255,255,255,255,255,255,255,
  255,255,255,255,255,255,255,255,255,255,255,255,255,255,255,255,
  255,255,255,255,255,255,255,255,255,255,255,255,255,255,255,255,
  255,255,255,255,255,255,255,255,255,255,255,255,255,255,255,255,
  255,255,255,255,255,255,255,255,255,255,255,255,255,255,255,255,
  255,255,255,255,255,255,255,255,255,255,255,255,255,255,255,255,
  255,255,255,255,255,255,255,255,255,255,255,255,255,255,255,255,
  255,255,255,255,255,255,255,255,255,255,255,255,255,255,255,255,
  255,255,255,255,255,255,255,255,255,255,247,231,215,199,183,167,
  151,135,119,103,88,72,55,40,23,1,6,24,39,56,72,88,
  103,119,135,151,167,183,199,215,231,247,255,255,255,255,255,255,
  255,255,255,255,255,255,255,255,255,255,255,255,255,255,255,255,
  255,255,255,255,255,255,255,255,255,255,255,255,255,255,255,255,
  255,255,255,255,255,255,255,255,255,255,255,255,255,255,255,255,
  255,255,255,255,255,255,255,255,255,255,255,255,255,255,255,255,
  255,255,255,255,255,255,255,255,255,255,255,255,255,255,255,255,
  255,255,255,255,255,255,255,255,255,255,255,255,255,255,255,255,
  255,255,255,255,255,255,255,255,255,255,255,255,255,255,255,255,
  255,255,255,255,255,255,255,255,255,255,255,255,255,255,255,255,
  255,255,255,255,255,255,255,255,255,255,255,255,247,231,215,199,
  183,167,151,135,119,103,88,72,55,40,20,0,8,24,40,56,
  72,88,103,119,135,151,167,183,199,215,231,247,255,255,255,255,
  255,255,255,255,255,255,255,255,255,255,255,255,255,255,255,255,
  255,255,255,255,255,255,255,255,255,255,255,255,255,255,255,255,
  255,255,255,255,255,255,255,255,255,255,255,255,255,255,255,255,
  255,255,255,255,255,255,255,255,255,255,255,255,255,255,255,255,
  255,255,255,255,255,255,255,255,255,255,255,255,255,255,255,255,
  255,255,255,255,255,255,255,255,255,255,255,255,255,255,255,255,
  255,255,255,255,255,255,255,255,255,255,255,255,255,255,255,255,
  255,255,255,255,255,255,255,255,255,255,255,255,255,255,255,255,
  255,255,255,255,255,255,255,255,255,255,255,255,255,255,247,231,
  215,199,183,167,151,135,119,103,88,72,55,40,18,0,8,24,
  40,56,72,88,103,119,135,151,167,183,199,215,231,247,255,255,
  255,255,255,255,255,255,255,255,255,255,255,255,255,255,255,255,
  255,255,255,255,255,255,255,255,255,255,255,255,255,255,255,255,
  255,255,255,255,255,255,255,255,255,255,255,255,255,255,255,255,
  255,255,255,255,255,255,255,255,255,255,255,255,255,255,255,255,
  255,255,255,255,255,255,255,255,255,255,255,255,255,255,255,255,
  255,255,255,255,255,255,255,255,255,255,255,255,255,255,255,255,
  255,255,255,255,255,255,255,255,255,255,255,255,255,255,255,255,
  255,255,255,255,255,255,255,255,255,255,255,255,255,255,255,255,
  255,255,255,255,255,255,255,255,255,255,255,255,255,255,255,255,
  247,231,215,199,183,167,151,135,119,103,88,72,55,40,14,0,
  8,24,40,56,72,88,103,119,135,151,167,183,199,215,231,247,
  255,255,255,255,255,255,255,255,255,255,255,255,255,255,255,255,
  255,255,255,255,255,255,255,255,255,255,255,255,255,255,255,255,
  255,255,255,255,255,255,255,255,255,255,255,255,255,255,255,255,
  255,255,255,255,255,255,255,255,255,255,255,255,255,255,255,255,
  255,255,255,255,255,255,255,255,255,255,255,255,255,255,255,255,
  255,255,255,255,255,255,255,255,255,255,255,255,255,255,255,255,
  255,255,255,255,255,255,255,255,255,255,255,255,255,255,255,255,
  255,255,255,255,255,255,255,255,255,255,255,255,255,255,255,255,
  255,255,255,255,255,255,255,255,255,255,255,255,255,255,255,255,
  255,255,247,231,215,199,183,167,151,135,119,103,88,72,55,40,
  10,0,8,24,40,56,72,88,103,119,135,151,167,183,199,215,
  231,247,255,255,255,255,255,255,255,255,255,255,255,255,255,255,
  255,255,255,255,255,255,255,255,255,255,255,255,255,255,255,255,
  255,255,255,255,255,255,255,255,255,255,255,255,255,255,255,255,
  255,255,255,255,255,255,255,255,255,255,255,255,255,255,255,255,
  255,255,255,255,255,255,255,255,255,255,255,255,255,255,255,255,
  255,255,255,255,255,255,255,255,255,255,255,255,255,255,255,255,
  255,255,255,255,255,255,255,255,255,255,255,255,255,255,255,255,
  255,255,255,255,255,255,255,255,255,255,255,255,255,255,255,255,
  255,255,255,255,255,255,255,255,255,255,255,255,255,255,255,255,
  255,255,255,255,247,231,215,199,183,167,151,135,119,103,88,72,
  55,40,7,0,8,24,40,56,72,88,103,119,135,151,167,183,
  199,215,231,247,255,255,255,255,255,255,255,255,255,255,255,255,
  255,255,255,255,255,255,255,255,255,255,255,255,255,255,255,255,
  255,255,255,255,255,255,255,255,255,255,255,255,255,255,255,255,
  255,255,255,255,255,255,255,255,255,255,255,255,255,255,255,255,
  255,255,255,255,255,255,255,255,255,255,255,255,255,255,255,255,
  255,255,255,255,255,255,255,255,255,255,255,255,255,255,255,255,
  255,255,255,255,255,255,255,255,255,255,255,255,255,255,255,255,
  255,255,255,255,255,255,255,255,255,255,255,255,255,255,255,255,
  255,255,255,255,255,255,255,255,255,255,255,255,255,255,255,255,
  255,255,255,255,255,255,247,231,215,199,183,167,151,135,119,103,
  88,71,56,39,4,0,8,24,40,56,72,88,103,119,135,151,
  167,183,199,215,231,247,255,255,255,255,255,255,255,255,255,255,
  255,255,255,255,255,255,255,255,255,255,255,255,255,255,255,255,
  255,255,255,255,255,255,255,255,255,255,255,255,255,255,255,255,
  255,255,255,255,255,255,255,255,255,255,255,255,255,255,255,255,
  255,255,255,255,255,255,255,255,255,255,255,255,255,255,255,255,
  255,255,255,255,255,255,255,255,255,255,255,255,255,255,255,255,
  255,255,255,255,255,255,255,255,255,255,255,255,255,255,255,255,
  255,255,255,255,255,255,255,255,255,255,255,255,255,255,255,255,
  255,255,255,255,255,255,255,255,255,255,255,255,255,255,255,255,
  255,255,255,255,255,255,255,255,247,231,215,199,183,167,151,135,
  119,103,88,71,56,38,2,0,8,24,40,56,72,88,103,119,
  135,151,167,183,199,215,231,247,255,255,255,255,255,255,255,255,
  255,255,255,255,255,255,255,255,255,255,255,255,255,255,255,255,
  255,255,255,255,255,255,255,255,255,255,255,255,255,255,255,255,
  255,255,255,255,255,255,255,255,255,255,255,255,255,255,255,255,
  255,255,255,255,255,255,255,255,255,255,255,255,255,255,255,255,
  255,255,255,255,255,255,255,255,255,255,255,255,255,255,255,255,
  255,255,255,255,255,255,255,255,255,255,255,255,255,255,255,255,
  255,255,255,255,255,255,255,255,255,255,255,255,255,255,255,255,
  255,255,255,255,255,255,255,255,255,255,255,255,255,255,255,255,
  255,255,255,255,255,255,255,255,255,255,247,231,215,199,183,167,
  151,135,119,103,88,71,55,32,0,0,8,24,40,56,72,88,
  103,119,135,151,167,183,199,215,231,247,255,255,255,255,255,255,
  255,255,255,255,255,255,255,255,255,255,255,255,255,255,255,255,
  255,255,255,255,255,255,255,255,255,255,255,255,255,255,255,255,
  255,255,255,255,255,255,255,255,255,255,255,255,255,255,255,255,
  255,255,255,255,255,255,255,255,255,255,255,255,255,255,255,255,
  255,255,255,255,255,255,255,255,255,255,255,255,255,255,255,255,
  255,255,255,255,255,255,255,255,255,255,255,255,255,255,255,255,
  255,255,255,255,255,255,255,255,255,255,255,255,255,255,255,255,
  255,255,255,255,255,255,255,255,255,255,255,255,255,255,255,255,
  255,255,255,255,255,255,255,255,255,255,255,255,247,231,215,199,
  183,167,151,135,119,103,88,71,56,21,0,0,8,24,40,56,
  72,88,103,119,135,151,167,183,199,215,231,247,255,255,255,255,
  255,255,255,255,255,255,255,255,255,255,255,255,255,255,255,255,
  255,255,255,255,255,255,255,255,255,255,255,255,255,255,255,255,
  255,255,255,255,255,255,255,255,255,255,255,255,255,255,255,255,
  255,255,255,255,255,255,255,255,255,255,255,255,255,255,255,255,
  255,255,255,255,255,255,255,255,255,255,255,255,255,255,255,255,
  255,255,255,255,255,255,255,255,255,255,255,255,255,255,255,255,
  255,255,255,255,255,255,255,255,255,255,255,255,255,255,255,255,
  255,255,255,255,255,255,255,255,255,255,255,255,255,255,255,255,
  255,255,255,255,255,255,255,255,255,255,255,255,255,255,247,231,
  215,199,183,167,151,135,119,103,87,71,53,5,0,0,8,24,
  40,56,72,88,103,119,135,151,167,183,199,215,231,247,255,255,
  255,255,255,255,255,255,255,255,255,255,255,255,255,255,255,255,
  255,255,255,255,255,255,255,255,255,255,255,255,255,255,255,255,
  255,255,255,255,255,255,255,255,255,255,255,255,255,255,255,255,
  255,255,255,255,255,255,255,255,255,255,255,255,255,255,255,255,
  255,255,255,255,255,255,255,255,255,255,255,255,255,255,255,255,
  255,255,255,255,255,255,255,255,255,255,255,255,255,255,255,255,
  255,255,255,255,255,255,255,255,255,255,255,255,255,255,255,255,
  255,255,255,255,255,255,255,255,255,255,255,255,255,255,255,255,
  255,255,255,255,255,255,255,255,255,255,255,255,255,255,255,255,
  247,231,215,199,183,167,151,135,119,103,87,72,29,0,0,0,
  8,24,40,56,72,88,103,119,135,151,167,183,199,215,231,247,
  255,255,255,255,255,255,255,255,255,255,255,255,255,255,255,255,
  255,255,255,255,255,255,255,255,255,255,255,255,255,255,255,255,
  255,255,255,255,255,255,255,255,255,255,255,255,255,255,255,255,
  255,255,255,255,255,255,255,255,255,255,255,255,255,255,255,255,
  255,255,255,255,255,255,255,255,255,255,255,255,255,255,255,255,
  255,255,255,255,255,255,255,255,255,255,255,255,255,255,255,255,
  255,255,255,255,255,255,255,255,255,255,255,255,255,255,255,255,
  255,255,255,255,255,255,255,255,255,255,255,255,255,255,255,255,
  255,255,255,255,255,255,255,255,255,255,255,255,255,255,255,255,
  255,255,247,231,215,199,183,167,151,135,119,103,88,61,3,0,
  0,0,8,24,40,56,72,88,103,119,135,151,167,183,199,215,
  231,247,255,255,255,255,255,255,255,255,255,255,255,255,255,255,
  255,255,255,255,255,255,255,255,255,255,255,255,255,255,255,255,
  255,255,255,255,255,255,255,255,255,255,255,255,255,255,255,255,
  255,255,255,255,255,255,255,255,255,255,255,255,255,255,255,255,
  255,255,255,255,255,255,255,255,255,255,255,255,255,255,255,255,
  255,255,255,255,255,255,255,255,255,255,255,255,255,255,255,255,
  255,255,255,255,255,255,255,255,255,255,255,255,255,255,255,255,
  255,255,255,255,255,255,255,255,255,255,255,255,255,255,255,255,
  255,255,255,255,255,255,255,255,255,255,255,255,255,255,255,255,
  255,255,255,255,247,231,215,199,183,167,151,135,119,103,88,60,
  0,0,0,0,8,24,40,56,72,88,103,119,135,151,167,183,
  199,215,231,247,255,255,255,255,255,255,255,255,255,255,255,255,
  255,255,255,255,255,255,255,255,255,255,255,255,255,255,255,255,
  255,255,255,255,255,255,255,255,255,255,255,255,255,255,255,255,
  255,255,255,255,255,255,255,255,255,255,255,255,255,255,255,255,
  255,255,255,255,255,255,255,255,255,255,255,255,255,255,255,255,
  255,255,255,255,255,255,255,255,255,255,255,255,255,255,255,255,
  255,255,255,255,255,255,255,255,255,255,255,255,255,255,255,255,
  255,255,255,255,255,255,255,255,255,255,255,255,255,255,255,255,
  255,255,255,255,255,255,255,255,255,255,255,255,255,255,255,255,
  255,255,255,255,255,255,247,231,215,199,183,167,151,135,119,103,
  87,72,20,0,0,0,8,24,40,56,72,88,103,119,135,151,
  167,183,199,215,231,247,255,255,255,255,255,255,255,255,255,255,
  255,255,255,255,255,255,255,255,255,255,255,255,255,255,255,255,
  255,255,255,255,255,255,255,255,255,255,255,255,255,255,255,255,
  255,255,255,255,255,255,255,255,255,255,255,255,255,255,255,255,
  255,255,255,255,255,255,255,255,255,255,255,255,255,255,255,255,
  255,255,255,255,255,255,255,255,255,255,255,255,255,255,255,255,
  255,255,255,255,255,255,255,255,255,255,255,255,255,255,255,255,
  255,255,255,255,255,255,255,255,255,255,255,255,255,255,255,255,
  255,255,255,255,255,255,255,255,255,255,255,255,255,255,255,255,
  255,255,255,255,255,255,255,255,247,231,215,199,183,167,151,135,
  119,103,87,71,50,3,0,0,8,24,40,56,72,88,103,119,
  135,151,167,183,199,215,231,247,255,255,255,255,255,255,255,255,
  255,255,255,255,255,255,255,255,255,255,255,255,255,255,255,255,
  255,255,255,255,255,255,255,255,255,255,255,255,255,255,255,255,
  255,255,255,255,255,255,255,255,255,255,255,255,255,255,255,255,
  255,255,255,255,255,255,255,255,255,255,255,255,255,255,255,255,
  255,255,255,255,255,255,255,255,255,255,255,255,255,255,255,255,
  255,255,255,255,255,255,255,255,255,255,255,255,255,255,255,255,
  255,255,255,255,255,255,255,255,255,255,255,255,255,255,255,255,
  255,255,255,255,255,255,255,255,255,255,255,255,255,255,255,255,
  255,255,255,255,255,255,255,255,255,255,247,231,215,199,183,167,
  151,135,119,103,88,71,56,27,0,0,8,24,40,56,72,88,
  103,119,135,151,167,183,199,215,231,247,255,255,255,255,255,255,
  255,255,255,255,255,255,255,255,255,255,255,255,255,255,255,255,
  255,255,255,255,255,255,255,255,255,255,255,255,255,255,255,255,
  255,255,255,255,255,255,255,255,255,255,255,255,255,255,255,255,
  255,255,255,255,255,255,255,255,255,255,255,255,255,255,255,255,
  255,255,255,255,255,255,255,255,255,255,255,255,255,255,255,255,
  255,255,255,255,255,255,255,255,255,255,255,255,255,255,255,255,
  255,255,255,255,255,255,255,255,255,255,255,255,255,255,255,255,
  255,255,255,255,255,255,255,255,255,255,255,255,255,255,255,255,
  255,255,255,255,255,255,255,255,255,255,255,255,247,231,215,199,
  183,167,151,135,119,103,88,72,55,40,7,0,8,24,40,56,
  72,88,103,119,135,151,167,183,199,215,231,247,255,255,255,255,
  255,255,255,255,255,255,255,255,255,255,255,255,255,255,255,255,
  255,255,255,255,255,255,255,255,255,255,255,255,255,255,255,255,
  255,255,255,255,255,255,255,255,255,255,255,255,255,255,255,255,
  255,255,255,255,255,255,255,255,255,255,255,255,255,255,255,255,
  255,255,255,255,255,255,255,255,255,255,255,255,255,255,255,255,
  255,255,255,255,255,255,255,255,255,255,255,255,255,255,255,255,
  255,255,255,255,255,255,255,255,255,255,255,255,255,255,255,255,
  255,255,255,255,255,255,255,255,255,255,255,255,255,255,255,255,
  255,255,255,255,255,255,255,255,255,255,255,255,255,255,247,231,
  215,199,183,167,151,135,119,103,88,72,55,39,20,0,8,24,
  40,56,72,88,103,119,135,151,167,183,199,215,231,247,255,255,
  255,255,255,255,255,255,255,255,255,255,255,255,255,255,255,255,
  255,255,255,255,255,255,255,255,255,255,255,255,255,255,255,255,
  255,255,255,255,255,255,255,255,255,255,255,255,255,255,255,255,
  255,255,255,255,255,255,255,255,255,255,255,255,255,255,255,255,
  255,255,255,255,255,255,255,255,255,255,255,255,255,255,255,255,
  255,255,255,255,255,255,255,255,255,255,255,255,255,255,255,255,
  255,255,255,255,255,255,255,255,255,255,255,255,255,255,255,255,
  255,255,255,255,255,255,255,255,255,255,255,255,255,255,255,255,
  255,255,255,255,255,255,255,255,255,255,255,255,255,255,255,255,
  247,231,215,199,183,167,151,135,119,103,88,72,56,39,24,5,
  8,24,40,56,72,88,103,119,135,151,167,183,199,215,231,247,
  255,255,255,255,255,255,255,255,255,255,255,255,255,255,255,255,
  255,255,255,255,255,255,255,255,255,255,255,255,255,255,255,255,
  255,255,255,255,255,255,255,255,255,255,255,255,255,255,255,255,
  255,255,255,255,255,255,255,255,255,255,255,255,255,255,255,255,
  255,255,255,255,255,255,255,255,255,255,255,255,255,255,255,255,
  255,255,255,255,255,255,255,255,255,255,255,255,255,255,255,255,
  255,255,255,255,255,255,255,255,255,255,255,255,255,255,255,255,
  255,255,255,255,255,255,255,255,255,255,255,255,255,255,255,255,
  255,255,255,255,255,255,255,255,255,255,255,255,255,255,255,255,
  255,255,247,231,215,199,183,167,151,135,119,103,88,72,56,40,
  24,8,8,24,40,56,72,88,103,119,135,151,167,183,199,215,
  231,247,255,255,255,255,255,255,255,255,255,255,255,255,255,255,
  255,255,255,255,255,255,255,255,255,255,255,255,255,255,255,255,
  255,255,255,255,255,255,255,255,255,255,255,255,255,255,255,255,
  255,255,255,255,255,255,255,255,255,255,255,255,255,255,255,255,
  255,255,255,255,255,255,255,255,255,255,255,255,255,255,255,255,
  255,255,255,255,255,255,255,255,255,255,255,255,255,255,255,255,
  255,255,255,255,255,255,255,255,255,255,255,255,255,255,255,255,
  255,255,255,255,255,255,255,255,255,255,255,255,255,255,255,255,
  255,255,255,255,255,255,255,255,255,255,255,255,255,255,255,255,
  255,255,255,255,247,231,215,199,183,167,151,135,119,103,88,72,
  56,40,24,8,8,24,40,56,72,88,103,119,135,151,167,183,
  199,215,231,247,255,255,255,255,255,255,255,255,255,255,255,255,
  255,255,255,255,255,255,255,255,255,255,255,255,255,255,255,255,
  255,255,255,255,255,255,255,255,255,255,255,255,255,255,255,255,
  255,255,255,255,255,255,255,255,255,255,255,255,255,255,255,255,
  255,255,255,255,255,255,255,255,255,255,255,255,255,255,255,255,
  255,255,255,255,255,255,255,255,255,255,255,255,255,255,255,255,
  255,255,255,255,255,255,255,255,255,255,255,255,255,255,255,255,
  255,255,255,255,255,255,255,255,255,255,255,255,255,255,255,255,
  255,255,255,255,255,255,255,255,255,255,255,255,255,255,255,255,
  255,255,255,255,255,255,247,231,215,199,183,167,151,135,119,103,
  88,72,56,40,24,8,8,24,40,56,72,88,103,119,135,151,
  167,183,199,215,231,247,255,255,255,255,255,255,255,255,255,255,
  255,255,255,255,255,255,255,255,255,255,255,255,255,255,255,255,
  255,255,255,255,255,255,255,255,255,255,255,255,255,255,255,255,
  255,255,255,255,255,255,255,255,255,255,255,255,255,255,255,255,
  255,255,255,255,255,255,255,255,255,255,255,255,255,255,255,255,
  255,255,255,255,255,255,255,255,255,255,255,255,255,255,255,255,
  255,255,255,255,255,255,255,255,255,255,255,255,255,255,255,255,
  255,255,255,255,255,255,255,255,255,255,255,255,255,255,255,255,
  255,255,255,255,255,255,255,255,255,255,255,255,255,255,255,255,
  255,255,255,255,255,255,255,255,247,231,215,199,183,167,151,135,
  119,103,88,72,56,40,24,8,8,24,40,56,72,88,103,119,
  135,151,167,183,199,215,231,247,255,255,255,255,255,255,255,255,
  255,255,255,255,255,255,255,255,255,255,255,255,255,255,255,255,
  255,255,255,255,255,255,255,255,255,255,255,255,255,255,255,255,
  255,255,255,255,255,255,255,255,255,255,255,255,255,255,255,255,
  255,255,255,255,255,255,255,255,255,255,255,255,255,255,255,255,
  255,255,255,255,255,255,255,255,255,255,255,255,255,255,255,255,
  255,255,255,255,255,255,255,255,255,255,255,255,255,255,255,255,
  255,255,255,255,255,255,255,255,255,255,255,255,255,255,255,255,
  255,255,255,255,255,255,255,255,255,255,255,255,255,255,255,255,
  255,255,255,255,255,255,255,255,255,255,247,231,215,199,183,167,
  151,135,119,103,88,72,56,40,24,8,8,24,40,56,72,88,
  103,119,135,151,167,183,199,215,231,247,255,255,255,255,255,255,
  255,255,255,255,255,255,255,255,255,255,255,255,255,255,255,255,
  255,255,255,255,255,255,255,255,255,255,255,255,255,255,255,255,
  255,255,255,255,255,255,255,255,255,255,255,255,255,255,255,255,
  255,255,255,255,255,255,255,255,255,255,255,255,255,255,255,255,
  255,255,255,255,255,255,255,255,255,255,255,255,255,255,255,255,
  255,255,255,255,255,255,255,255,255,255,255,255,255,255,255,255,
  255,255,255,255,255,255,255,255,255,255,255,255,255,255,255,255,
  255,255,255,255,255,255,255,255,255,255,255,255,255,255,255,255,
  255,255,255,255,255,255,255,255,255,255,255,255,247,231,215,199,
  183,167,151,135,119,103,88,72,56,40,24,8,8,24,40,56,
  72,88,103,119,135,151,167,183,199,215,231,247,255,255,255,255,
  255,255,255,255,255,255,255,255,255,255,255,255,255,255,255,255,
  255,255,255,255,255,255,255,255,255,255,255,255,255,255,255,255,
  255,255,255,255,255,255,255,255,255,255,255,255,255,255,255,255,
  255,255,255,255,255,255,255,255,255,255,255,255,255,255,255,255,
  255,255,255,255,255,255,255,255,255,255,255,255,255,255,255,255,
  255,255,255,255,255,255,255,255,255,255,255,255,255,255,255,255,
  255,255,255,255,255,255,255,255,255,255,255,255,255,255,255,255,
  255,255,255,255,255,255,255,255,255,255,255,255,255,255,255,255,
  255,255,255,255,255,255,255,255,255,255,255,255,255,255,247,231,
  215,199,183,167,151,135,119,103,88,72,56,40,24,8,8,24,
  40,56,72,88,103,119,135,151,167,183,199,215,231,247,255,255,
  255,255,255,255,255,255,255,255,255,255,255,255,255,255,255,255,
  255,255,255,255,255,255,255,255,255,255,255,255,255,255,255,255,
  255,255,255,255,255,255,255,255,255,255,255,255,255,255,255,255,
  255,255,255,255,255,255,255,255,255,255,255,255,255,255,255,255,
  255,255,255,255,255,255,255,255,255,255,255,255,255,255,255,255,
  255,255,255,255,255,255,255,255,255,255,255,255,255,255,255,255,
  255,255,255,255,255,255,255,255,255,255,255,255,255,255,255,255,
  255,255,255,255,255,255,255,255,255,255,255,255,255,255,255,255,
  255,255,255,255,255,255,255,255,255,255,255,255,255,255,255,255,
  247,231,215,199,183,167,151,135,119,103,88,72,56,40,24,8,
  8,24,40,56,72,88,103,119,135,151,167,183,199,215,231,247,
  255,255,255,255,255,255,255,255,255,255,255,255,255,255,255,255,
  255,255,255,255,255,255,255,255,255,255,255,255,255,255,255,255,
  255,255,255,255,255,255,255,255,255,255,255,255,255,255,255,255,
  255,255,255,255,255,255,255,255,255,255,255,255,255,255,255,255,
  255,255,255,255,255,255,255,255,255,255,255,255,255,255,255,255,
  255,255,255,255,255,255,255,255,255,255,255,255,255,255,255,255,
  255,255,255,255,255,255,255,255,255,255,255,255,255,255,255,255,
  255,255,255,255,255,255,255,255,255,255,255,255,255,255,255,255,
  255,255,255,255,255,255,255,255,255,255,255,255,255,255,255,255,
  255,255,247,231,215,199,183,167,151,135,119,103,88,72,56,40,
  24,8,8,24,39,55,71,87,103,118,134,150,166,182,197,213,
  229,245,253,253,253,253,253,253,253,253,253,253,253,253,253,253,
  253,253,253,253,253,253,253,253,253,253,253,253,253,253,253,253,
  253,253,253,253,253,253,253,253,253,253,253,253,253,253,253,253,
  253,253,253,253,253,253,253,253,253,253,253,253,253,253,253,253,
  253,253,253,253,253,253,253,253,253,253,253,253,253,253,253,253,
  253,253,253,253,253,253,253,253,253,253,253,253,253,253,253,253,
  253,253,253,253,253,253,253,253,253,253,253,253,253,253,253,253,
  253,253,253,253,253,253,253,253,253,253,253,253,253,253,253,253,
  253,253,253,253,253,253,253,253,253,253,253,253,253,253,253,253,
  253,253,253,253,245,229,213,197,182,166,150,134,118,103,87,71,
  55,39,24,8,8,23,38,54,69,84,100,115,131,146,161,177,
  192,207,223,238,246,246,246,246,246,246,246,246,246,246,246,246,
  246,246,246,246,246,246,246,246,246,246,246,246,246,246,246,246,
  246,246,246,246,246,246,246,246,246,246,246,246,246,246,246,246,
  246,246,246,246,246,246,246,246,246,246,246,246,246,246,246,246,
  246,246,246,246,246,246,246,246,246,246,246,246,246,246,246,246,
  246,246,246,246,246,246,246,246,246,246,246,246,246,246,246,246,
  246,246,246,246,246,246,246,246,246,246,246,246,246,246,246,246,
  246,246,246,246,246,246,246,246,246,246,246,246,246,246,246,246,
  246,246,246,246,246,246,246,246,246,246,246,246,246,246,246,246,
  246,246,246,246,246,246,238,223,207,192,177,161,146,131,115,100,
  84,69,54,38,23,8,7,22,37,52,67,82,97,112,127,142,
  157,172,187,201,216,231,239,239,239,239,239,239,239,239,239,239,
  239,239,239,239,239,239,239,239,239,239,239,239,239,239,239,239,
  239,239,239,239,239,239,239,239,239,239,239,239,239,239,239,239,
  239,239,239,239,239,239,239,239,239,239,239,239,239,239,239,239,
  239,239,239,239,239,239,239,239,239,239,239,239,239,239,239,239,
  239,239,239,239,239,239,239,239,239,239,239,239,239,239,239,239,
  239,239,239,239,239,239,239,239,239,239,239,239,239,239,239,239,
  239,239,239,239,239,239,239,239,239,239,239,239,239,239,239,239,
  239,239,239,239,239,239,239,239,239,239,239,239,239,239,239,239,
  239,239,239,239,239,239,239,239,231,216,201,187,172,157,142,127,
  112,97,82,67,52,37,22,7,7,22,36,51,65,80,94,109,
  123,138,152,167,181,196,210,225,232,232,232,232,232,232,232,232,
  232,232,232,232,232,232,232,232,232,232,232,232,232,232,232,232,
  232,232,232,232,232,232,232,232,232,232,232,232,232,232,232,232,
  232,232,232,232,232,232,232,232,232,232,232,232,232,232,232,232,
  232,232,232,232,232,232,232,232,232,232,232,232,232,232,232,232,
  232,232,232,232,232,232,232,232,232,232,232,232,232,232,232,232,
  232,232,232,232,232,232,232,232,232,232,232,232,232,232,232,232,
  232,232,232,232,232,232,232,232,232,232,232,232,232,232,232,232,
  232,232,232,232,232,232,232,232,232,232,232,232,232,232,232,232,
  232,232,232,232,232,232,232,232,232,232,225,210,196,181,167,152,
  138,123,109,94,80,65,51,36,22,7,7,21,35,49,63,77,
  91,105,119,134,148,162,176,190,204,218,225,225,225,225,225,225,
  225,225,225,225,225,225,225,225,225,225,225,225,225,225,225,225,
  225,225,225,225,225,225,225,225,225,225,225,225,225,225,225,225,
  225,225,225,225,225,225,225,225,225,225,225,225,225,225,225,225,
  225,225,225,225,225,225,225,225,225,225,225,225,225,225,225,225,
  225,225,225,225,225,225,225,225,225,225,225,225,225,225,225,225,
  225,225,225,225,225,225,225,225,225,225,225,225,225,225,225,225,
  225,225,225,225,225,225,225,225,225,225,225,225,225,225,225,225,
  225,225,225,225,225,225,225,225,225,225,225,225,225,225,225,225,
  225,225,225,225,225,225,225,225,225,225,225,225,218,204,190,176,
  162,148,134,119,105,91,77,63,49,35,21,7,7,20,34,48,
  61,75,89,102,116,129,143,157,170,184,198,211,218,218,218,218,
  218,218,218,218,218,218,218,218,218,218,218,218,218,218,218,218,
  218,218,218,218,218,218,218,218,218,218,218,218,218,218,218,218,
  218,218,218,218,218,218,218,218,218,218,218,218,218,218,218,218,
  218,218,218,218,218,218,218,218,218,218,218,218,218,218,218,218,
  218,218,218,218,218,218,218,218,218,218,218,218,218,218,218,218,
  218,218,218,218,218,218,218,218,218,218,218,218,218,218,218,218,
  218,218,218,218,218,218,218,218,218,218,218,218,218,218,218,218,
  218,218,218,218,218,218,218,218,218,218,218,218,218,218,218,218,
  218,218,218,218,218,218,218,218,218,218,218,218,218,218,211,198,
  184,170,157,143,129,116,102,89,75,61,48,34,20,7,7,20,
  33,46,59,73,86,99,112,125,139,152,165,178,191,204,211,211,
  211,211,211,211,211,211,211,211,211,211,211,211,211,211,211,211,
  211,211,211,211,211,211,211,211,211,211,211,211,211,211,211,211,
  211,211,211,211,211,211,211,211,211,211,211,211,211,211,211,211,
  211,211,211,211,211,211,211,211,211,211,211,211,211,211,211,211,
  211,211,211,211,211,211,211,211,211,211,211,211,211,211,211,211,
  211,211,211,211,211,211,211,211,211,211,211,211,211,211,211,211,
  211,211,211,211,211,211,211,211,211,211,211,211,211,211,211,211,
  211,211,211,211,211,211,211,211,211,211,211,211,211,211,211,211,
  211,211,211,211,211,211,211,211,211,211,211,211,211,211,211,211,
  204,191,178,165,152,139,125,112,99,86,73,59,46,33,20,7,
  6,19,32,45,57,70,83,96,108,121,134,147,160,172,185,198,
  204,204,204,204,204,204,204,204,204,204,204,204,204,204,204,204,
  204,204,204,204,204,204,204,204,204,204,204,204,204,204,204,204,
  204,204,204,204,204,204,204,204,204,204,204,204,204,204,204,204,
  204,204,204,204,204,204,204,204,204,204,204,204,204,204,204,204,
  204,204,204,204,204,204,204,204,204,204,204,204,204,204,204,204,
  204,204,204,204,204,204,204,204,204,204,204,204,204,204,204,204,
  204,204,204,204,204,204,204,204,204,204,204,204,204,204,204,204,
  204,204,204,204,204,204,204,204,204,204,204,204,204,204,204,204,
  204,204,204,204,204,204,204,204,204,204,204,204,204,204,204,204,
  204,204,198,185,172,160,147,134,121,108,96,83,70,57,45,32,
  19,6,6,18,31,43,55,68,80,92,105,117,129,142,154,166,
  179,191,197,197,197,197,197,197,197,197,197,197,197,197,197,197,
  197,197,197,197,197,197,197,197,197,197,197,197,197,197,197,197,
  197,197,197,197,197,197,197,197,197,197,197,197,197,197,197,197,
  197,197,197,197,197,197,197,197,197,197,197,197,197,197,197,197,
  197,197,197,197,197,197,197,197,197,197,197,197,197,197,197,197,
  197,197,197,197,197,197,197,197,197,197,197,197,197,197,197,197,
  197,197,197,197,197,197,197,197,197,197,197,197,197,197,197,197,
  197,197,197,197,197,197,197,197,197,197,197,197,197,197,197,197,
  197,197,197,197,197,197,197,197,197,197,197,197,197,197,197,197,
  197,197,197,197,191,179,166,154,142,129,117,105,92,80,68,55,
  43,31,18,6,6,18,30,42,54,65,77,89,101,113,125,137,
  149,161,172,184,191,191,191,191,191,191,191,191,191,191,191,191,
  191,191,191,191,191,191,191,191,191,191,191,191,191,191,191,191,
  191,191,191,191,191,191,191,191,191,191,191,191,191,191,191,191,
  191,191,191,191,191,191,191,191,191,191,191,191,191,191,191,191,
  191,191,191,191,191,191,191,191,191,191,191,191,191,191,191,191,
  191,191,191,191,191,191,191,191,191,191,191,191,191,191,191,191,
  191,191,191,191,191,191,191,191,191,191,191,191,191,191,191,191,
  191,191,191,191,191,191,191,191,191,191,191,191,191,191,191,191,
  191,191,191,191,191,191,191,191,191,191,191,191,191,191,191,191,
  191,191,191,191,191,191,184,172,161,149,137,125,113,101,89,77,
  65,54,42,30,18,6,6,17,29,40,52,63,75,86,97,109,
  120,132,143,155,166,178,184,184,184,184,184,184,184,184,184,184,
  184,184,184,184,184,184,184,184,184,184,184,184,184,184,184,184,
  184,184,184,184,184,184,184,184,184,184,184,184,184,184,184,184,
  184,184,184,184,184,184,184,184,184,184,184,184,184,184,184,184,
  184,184,184,184,184,184,184,184,184,184,184,184,184,184,184,184,
  184,184,184,184,184,184,184,184,184,184,184,184,184,184,184,184,
  184,184,184,184,184,184,184,184,184,184,184,184,184,184,184,184,
  184,184,184,184,184,184,184,184,184,184,184,184,184,184,184,184,
  184,184,184,184,184,184,184,184,184,184,184,184,184,184,184,184,
  184,184,184,184,184,184,184,184,178,166,155,143,132,120,109,97,
  86,75,63,52,40,29,17,6,6,17,28,39,50,61,72,83,
  94,105,116,127,138,149,160,171,177,177,177,177,177,177,177,177,
  177,177,177,177,177,177,177,177,177,177,177,177,177,177,177,177,
  177,177,177,177,177,177,177,177,177,177,177,177,177,177,177,177,
  177,177,177,177,177,177,177,177,177,177,177,177,177,177,177,177,
  177,177,177,177,177,177,177,177,177,177,177,177,177,177,177,177,
  177,177,177,177,177,177,177,177,177,177,177,177,177,177,177,177,
  177,177,177,177,177,177,177,177,177,177,177,177,177,177,177,177,
  177,177,177,177,177,177,177,177,177,177,177,177,177,177,177,177,
  177,177,177,177,177,177,177,177,177,177,177,177,177,177,177,177,
  177,177,177,177,177,177,177,177,177,177,171,160,149,138,127,116,
  105,94,83,72,61,50,39,28,17,6,5,16,26,37,48,58,
  69,79,90,101,111,122,132,143,154,164,170,170,170,170,170,170,
  170,170,170,170,170,170,170,170,170,170,170,170,170,170,170,170,
  170,170,170,170,170,170,170,170,170,170,170,170,170,170,170,170,
  170,170,170,170,170,170,170,170,170,170,170,170,170,170,170,170,
  170,170,170,170,170,170,170,170,170,170,170,170,170,170,170,170,
  170,170,170,170,170,170,170,170,170,170,170,170,170,170,170,170,
  170,170,170,170,170,170,170,170,170,170,170,170,170,170,170,170,
  170,170,170,170,170,170,170,170,170,170,170,170,170,170,170,170,
  170,170,170,170,170,170,170,170,170,170,170,170,170,170,170,170,
  170,170,170,170,170,170,170,170,170,170,170,170,164,154,143,132,
  122,111,101,90,79,69,58,48,37,26,16,5,5,15,25,36,
  46,56,66,76,86,97,107,117,127,137,147,158,163,163,163,163,
  163,163,163,163,163,163,163,163,163,163,163,163,163,163,163,163,
  163,163,163,163,163,163,163,163,163,163,163,163,163,163,163,163,
  163,163,163,163,163,163,163,163,163,163,163,163,163,163,163,163,
  163,163,163,163,163,163,163,163,163,163,163,163,163,163,163,163,
  163,163,163,163,163,163,163,163,163,163,163,163,163,163,163,163,
  163,163,163,163,163,163,163,163,163,163,163,163,163,163,163,163,
  163,163,163,163,163,163,163,163,163,163,163,163,163,163,163,163,
  163,163,163,163,163,163,163,163,163,163,163,163,163,163,163,163,
  163,163,163,163,163,163,163,163,163,163,163,163,163,163,158,147,
  137,127,117,107,97,86,76,66,56,46,36,25,15,5,5,15,
  24,34,44,54,63,73,83,92,102,112,122,131,141,151,156,156,
  156,156,156,156,156,156,156,156,156,156,156,156,156,156,156,156,
  156,156,156,156,156,156,156,156,156,156,156,156,156,156,156,156,
  156,156,156,156,156,156,156,156,156,156,156,156,156,156,156,156,
  156,156,156,156,156,156,156,156,156,156,156,156,156,156,156,156,
  156,156,156,156,156,156,156,156,156,156,156,156,156,156,156,156,
  156,156,156,156,156,156,156,156,156,156,156,156,156,156,156,156,
  156,156,156,156,156,156,156,156,156,156,156,156,156,156,156,156,
  156,156,156,156,156,156,156,156,156,156,156,156,156,156,156,156,
  156,156,156,156,156,156,156,156,156,156,156,156,156,156,156,156,
  151,141,131,122,112,102,92,83,73,63,54,44,34,24,15,5,
  5,14,23,33,42,51,60,70,79,88,98,107,116,126,135,144,
  149,149,149,149,149,149,149,149,149,149,149,149,149,149,149,149,
  149,149,149,149,149,149,149,149,149,149,149,149,149,149,149,149,
  149,149,149,149,149,149,149,149,149,149,149,149,149,149,149,149,
  149,149,149,149,149,149,149,149,149,149,149,149,149,149,149,149,
  149,149,149,149,149,149,149,149,149,149,149,149,149,149,149,149,
  149,149,149,149,149,149,149,149,149,149,149,149,149,149,149,149,
  149,149,149,149,149,149,149,149,149,149,149,149,149,149,149,149,
  149,149,149,149,149,149,149,149,149,149,149,149,149,149,149,149,
  149,149,149,149,149,149,149,149,149,149,149,149,149,149,149,149,
  149,149,144,135,126,116,107,98,88,79,70,60,51,42,33,23,
  14,5,4,13,22,31,40,49,58,67,75,84,93,102,111,120,
  129,137,142,142,142,142,142,142,142,142,142,142,142,142,142,142,
  142,142,142,142,142,142,142,142,142,142,142,142,142,142,142,142,
  142,142,142,142,142,142,142,142,142,142,142,142,142,142,142,142,
  142,142,142,142,142,142,142,142,142,142,142,142,142,142,142,142,
  142,142,142,142,142,142,142,142,142,142,142,142,142,142,142,142,
  142,142,142,142,142,142,142,142,142,142,142,142,142,142,142,142,
  142,142,142,142,142,142,142,142,142,142,142,142,142,142,142,142,
  142,142,142,142,142,142,142,142,142,142,142,142,142,142,142,142,
  142,142,142,142,142,142,142,142,142,142,142,142,142,142,142,142,
  142,142,142,142,137,129,120,111,102,93,84,75,67,58,49,40,
  31,22,13,4,4,13,21,30,38,46,55,63,72,80,89,97,
  105,114,122,131,135,135,135,135,135,135,135,135,135,135,135,135,
  135,135,135,135,135,135,135,135,135,135,135,135,135,135,135,135,
  135,135,135,135,135,135,135,135,135,135,135,135,135,135,135,135,
  135,135,135,135,135,135,135,135,135,135,135,135,135,135,135,135,
  135,135,135,135,135,135,135,135,135,135,135,135,135,135,135,135,
  135,135,135,135,135,135,135,135,135,135,135,135,135,135,135,135,
  135,135,135,135,135,135,135,135,135,135,135,135,135,135,135,135,
  135,135,135,135,135,135,135,135,135,135,135,135,135,135,135,135,
  135,135,135,135,135,135,135,135,135,135,135,135,135,135,135,135,
  135,135,135,135,135,135,131,122,114,105,97,89,80,72,63,55,
  46,38,30,21,13,4,4,12,20,28,36,44,52,60,68,76,
  84,92,100,108,116,124,128,128,128,128,128,128,128,128,128,128,
  128,128,128,128,128,128,128,128,128,128,128,128,128,128,128,128,
  128,128,128,128,128,128,128,128,128,128,128,128,128,128,128,128,
  128,128,128,128,128,128,128,128,128,128,128,128,128,128,128,128,
  128,128,128,128,128,128,128,128,128,128,128,128,128,128,128,128,
  128,128,128,128,128,128,128,128,128,128,128,128,128,128,128,128,
  128,128,128,128,128,128,128,128,128,128,128,128,128,128,128,128,
  128,128,128,128,128,128,128,128,128,128,128,128,128,128,128,128,
  128,128,128,128,128,128,128,128,128,128,128,128,128,128,128,128,
  128,128,128,128,128,128,128,128,124,116,108,100,92,84,76,68,
  60,52,44,36,28,20,12,4,4,11,19,26,34,42,49,57,
  64,72,79,87,95,102,110,117,121,121,121,121,121,121,121,121,
  121,121,121,121,121,121,121,121,121,121,121,121,121,121,121,121,
  121,121,121,121,121,121,121,121,121,121,121,121,121,121,121,121,
  121,121,121,121,121,121,121,121,121,121,121,121,121,121,121,121,
  121,121,121,121,121,121,121,121,121,121,121,121,121,121,121,121,
  121,121,121,121,121,121,121,121,121,121,121,121,121,121,121,121,
  121,121,121,121,121,121,121,121,121,121,121,121,121,121,121,121,
  121,121,121,121,121,121,121,121,121,121,121,121,121,121,121,121,
  121,121,121,121,121,121,121,121,121,121,121,121,121,121,121,121,
  121,121,121,121,121,121,121,121,121,121,117,110,102,95,87,79,
  72,64,57,49,42,34,26,19,11,4,4,11,18,25,32,39,
  46,54,61,68,75,82,89,96,103,111,114,114,114,114,114,114,
  114,114,114,114,114,114,114,114,114,114,114,114,114,114,114,114,
  114,114,114,114,114,114,114,114,114,114,114,114,114,114,114,114,
  114,114,114,114,114,114,114,114,114,114,114,114,114,114,114,114,
  114,114,114,114,114,114,114,114,114,114,114,114,114,114,114,114,
  114,114,114,114,114,114,114,114,114,114,114,114,114,114,114,114,
  114,114,114,114,114,114,114,114,114,114,114,114,114,114,114,114,
  114,114,114,114,114,114,114,114,114,114,114,114,114,114,114,114,
  114,114,114,114,114,114,114,114,114,114,114,114,114,114,114,114,
  114,114,114,114,114,114,114,114,114,114,114,114,111,103,96,89,
  82,75,68,61,54,46,39,32,25,18,11,4,3,10,17,23,
  30,37,44,50,57,64,70,77,84,91,97,104,107,107,107,107,
  107,107,107,107,107,107,107,107,107,107,107,107,107,107,107,107,
  107,107,107,107,107,107,107,107,107,107,107,107,107,107,107,107,
  107,107,107,107,107,107,107,107,107,107,107,107,107,107,107,107,
  107,107,107,107,107,107,107,107,107,107,107,107,107,107,107,107,
  107,107,107,107,107,107,107,107,107,107,107,107,107,107,107,107,
  107,107,107,107,107,107,107,107,107,107,107,107,107,107,107,107,
  107,107,107,107,107,107,107,107,107,107,107,107,107,107,107,107,
  107,107,107,107,107,107,107,107,107,107,107,107,107,107,107,107,
  107,107,107,107,107,107,107,107,107,107,107,107,107,107,104,97,
  91,84,77,70,64,57,50,44,37,30,23,17,10,3,3,9,
  16,22,28,34,41,47,53,60,66,72,78,85,91,97,100,100,
  100,100,100,100,100,100,100,100,100,100,100,100,100,100,100,100,
  100,100,100,100,100,100,100,100,100,100,100,100,100,100,100,100,
  100,100,100,100,100,100,100,100,100,100,100,100,100,100,100,100,
  100,100,100,100,100,100,100,100,100,100,100,100,100,100,100,100,
  100,100,100,100,100,100,100,100,100,100,100,100,100,100,100,100,
  100,100,100,100,100,100,100,100,100,100,100,100,100,100,100,100,
  100,100,100,100,100,100,100,100,100,100,100,100,100,100,100,100,
  100,100,100,100,100,100,100,100,100,100,100,100,100,100,100,100,
  100,100,100,100,100,100,100,100,100,100,100,100,100,100,100,100,
  97,91,85,78,72,66,60,53,47,41,34,28,22,16,9,3,
  3,9,15,20,26,32,38,44,50,55,61,67,73,79,85,91,
  94,94,94,94,94,94,94,94,94,94,94,94,94,94,94,94,
  94,94,94,94,94,94,94,94,94,94,94,94,94,94,94,94,
  94,94,94,94,94,94,94,94,94,94,94,94,94,94,94,94,
  94,94,94,94,94,94,94,94,94,94,94,94,94,94,94,94,
  94,94,94,94,94,94,94,94,94,94,94,94,94,94,94,94,
  94,94,94,94,94,94,94,94,94,94,94,94,94,94,94,94,
  94,94,94,94,94,94,94,94,94,94,94,94,94,94,94,94,
  94,94,94,94,94,94,94,94,94,94,94,94,94,94,94,94,
  94,94,94,94,94,94,94,94,94,94,94,94,94,94,94,94,
  94,94,91,85,79,73,67,61,55,50,44,38,32,26,20,15,
  9,3,3,8,14,19,24,30,35,41,46,51,57,62,68,73,
  78,84,87,87,87,87,87,87,87,87,87,87,87,87,87,87,
  87,87,87,87,87,87,87,87,87,87,87,87,87,87,87,87,
  87,87,87,87,87,87,87,87,87,87,87,87,87,87,87,87,
  87,87,87,87,87,87,87,87,87,87,87,87,87,87,87,87,
  87,87,87,87,87,87,87,87,87,87,87,87,87,87,87,87,
  87,87,87,87,87,87,87,87,87,87,87,87,87,87,87,87,
  87,87,87,87,87,87,87,87,87,87,87,87,87,87,87,87,
  87,87,87,87,87,87,87,87,87,87,87,87,87,87,87,87,
  87,87,87,87,87,87,87,87,87,87,87,87,87,87,87,87,
  87,87,87,87,84,78,73,68,62,57,51,46,41,35,30,24,
  19,14,8,3,2,7,12,17,22,27,32,37,42,47,52,57,
  62,67,72,77,80,80,80,80,80,80,80,80,80,80,80,80,
  80,80,80,80,80,80,80,80,80,80,80,80,80,80,80,80,
  80,80,80,80,80,80,80,80,80,80,80,80,80,80,80,80,
  80,80,80,80,80,80,80,80,80,80,80,80,80,80,80,80,
  80,80,80,80,80,80,80,80,80,80,80,80,80,80,80,80,
  80,80,80,80,80,80,80,80,80,80,80,80,80,80,80,80,
  80,80,80,80,80,80,80,80,80,80,80,80,80,80,80,80,
  80,80,80,80,80,80,80,80,80,80,80,80,80,80,80,80,
  80,80,80,80,80,80,80,80,80,80,80,80,80,80,80,80,
  80,80,80,80,80,80,77,72,67,62,57,52,47,42,37,32,
  27,22,17,12,7,2,2,7,11,16,20,25,30,34,39,43,
  48,52,57,61,66,70,73,73,73,73,73,73,73,73,73,73,
  73,73,73,73,73,73,73,73,73,73,73,73,73,73,73,73,
  73,73,73,73,73,73,73,73,73,73,73,73,73,73,73,73,
  73,73,73,73,73,73,73,73,73,73,73,73,73,73,73,73,
  73,73,73,73,73,73,73,73,73,73,73,73,73,73,73,73,
  73,73,73,73,73,73,73,73,73,73,73,73,73,73,73,73,
  73,73,73,73,73,73,73,73,73,73,73,73,73,73,73,73,
  73,73,73,73,73,73,73,73,73,73,73,73,73,73,73,73,
  73,73,73,73,73,73,73,73,73,73,73,73,73,73,73,73,
  73,73,73,73,73,73,73,73,70,66,61,57,52,48,43,39,
  34,30,25,20,16,11,7,2,2,6,10,14,18,23,27,31,
  35,39,43,47,51,55,60,64,66,66,66,66,66,66,66,66,
  66,66,66,66,66,66,66,66,66,66,66,66,66,66,66,66,
  66,66,66,66,66,66,66,66,66,66,66,66,66,66,66,66,
  66,66,66,66,66,66,66,66,66,66,66,66,66,66,66,66,
  66,66,66,66,66,66,66,66,66,66,66,66,66,66,66,66,
  66,66,66,66,66,66,66,66,66,66,66,66,66,66,66,66,
  66,66,66,66,66,66,66,66,66,66,66,66,66,66,66,66,
  66,66,66,66,66,66,66,66,66,66,66,66,66,66,66,66,
  66,66,66,66,66,66,66,66,66,66,66,66,66,66,66,66,
  66,66,66,66,66,66,66,66,66,66,64,60,55,51,47,43,
  39,35,31,27,23,18,14,10,6,2,2,6,9,13,17,20,
  24,28,31,35,39,42,46,50,53,57,59,59,59,59,59,59,
  59,59,59,59,59,59,59,59,59,59,59,59,59,59,59,59,
  59,59,59,59,59,59,59,59,59,59,59,59,59,59,59,59,
  59,59,59,59,59,59,59,59,59,59,59,59,59,59,59,59,
  59,59,59,59,59,59,59,59,59,59,59,59,59,59,59,59,
  59,59,59,59,59,59,59,59,59,59,59,59,59,59,59,59,
  59,59,59,59,59,59,59,59,59,59,59,59,59,59,59,59,
  59,59,59,59,59,59,59,59,59,59,59,59,59,59,59,59,
  59,59,59,59,59,59,59,59,59,59,59,59,59,59,59,59,
  59,59,59,59,59,59,59,59,59,59,59,59,57,53,50,46,
  42,39,35,31,28,24,20,17,13,9,5,2,2,5,8,11,
  15,18,21,24,28,31,34,37,41,44,47,50,52,52,52,52,
  52,52,52,52,52,52,52,52,52,52,52,52,52,52,52,52,
  52,52,52,52,52,52,52,52,52,52,52,52,52,52,52,52,
  52,52,52,52,52,52,52,52,52,52,52,52,52,52,52,52,
  52,52,52,52,52,52,52,52,52,52,52,52,52,52,52,52,
  52,52,52,52,52,52,52,52,52,52,52,52,52,52,52,52,
  52,52,52,52,52,52,52,52,52,52,52,52,52,52,52,52,
  52,52,52,52,52,52,52,52,52,52,52,52,52,52,52,52,
  52,52,52,52,52,52,52,52,52,52,52,52,52,52,52,52,
  52,52,52,52,52,52,52,52,52,52,52,52,52,52,50,47,
  44,41,37,34,31,28,24,21,18,15,11,8,5,2,1,4,
  7,10,13,15,18,21,24,27,30,32,35,38,41,44,45,45,
  45,45,45,45,45,45,45,45,45,45,45,45,45,45,45,45,
  45,45,45,45,45,45,45,45,45,45,45,45,45,45,45,45,
  45,45,45,45,45,45,45,45,45,45,45,45,45,45,45,45,
  45,45,45,45,45,45,45,45,45,45,45,45,45,45,45,45,
  45,45,45,45,45,45,45,45,45,45,45,45,45,45,45,45,
  45,45,45,45,45,45,45,45,45,45,45,45,45,45,45,45,
  45,45,45,45,45,45,45,45,45,45,45,45,45,45,45,45,
  45,45,45,45,45,45,45,45,45,45,45,45,45,45,45,45,
  45,45,45,45,45,45,45,45,45,45,45,45,45,45,45,45,
  44,41,38,35,32,30,27,24,21,18,15,13,10,7,3,1,
  1,4,6,8,11,13,15,18,20,23,25,27,30,32,34,37,
  38,38,38,38,38,38,38,38,38,38,38,38,38,38,38,38,
  38,38,38,38,38,38,38,38,38,38,38,38,38,38,38,38,
  38,38,38,38,38,38,38,38,38,38,38,38,38,38,38,38,
  38,38,38,38,38,38,38,38,38,38,38,38,38,38,38,38,
  38,38,38,38,38,38,38,38,38,38,38,38,38,38,38,38,
  38,38,38,38,38,38,38,38,38,38,38,38,38,38,38,38,
  38,38,38,38,38,38,38,38,38,38,38,38,38,38,38,38,
  38,38,38,38,38,38,38,38,38,38,38,38,38,38,38,38,
  38,38,38,38,38,38,38,38,38,38,38,38,38,38,38,38,
  38,38,37,34,32,30,27,25,23,20,18,15,13,11,8,6,
  2,0,1,3,5,7,9,11,13,15,17,18,20,22,24,26,
  28,30,31,31,31,31,31,31,31,31,31,31,31,31,31,31,
  31,31,31,31,31,31,31,31,31,31,31,31,31,31,31,31,
  31,31,31,31,31,31,31,31,31,31,31,31,31,31,31,31,
  31,31,31,31,31,31,31,31,31,31,31,31,31,31,31,31,
  31,31,31,31,31,31,31,31,31,31,31,31,31,31,31,31,
  31,31,31,31,31,31,31,31,31,31,31,31,31,31,31,31,
  31,31,31,31,31,31,31,31,31,31,31,31,31,31,31,31,
  31,31,31,31,31,31,31,31,31,31,31,31,31,31,31,31,
  31,31,31,31,31,31,31,31,31,31,31,31,31,31,31,31,
  31,31,31,31,30,28,26,24,22,20,18,17,15,13,11,9,
  7,5,3,1,1,2,4,5,7,8,10,11,13,14,16,17,
  19,20,22,23,24,24,24,24,24,24,24,24,24,24,24,24,
  24,24,24,24,24,24,24,24,24,24,24,24,24,24,24,24,
  24,24,24,24,24,24,24,24,24,24,24,24,24,24,24,24,
  24,24,24,24,24,24,24,24,24,24,24,24,24,24,24,24,
  24,24,24,24,24,24,24,24,24,24,24,24,24,24,24,24,
  24,24,24,24,24,24,24,24,24,24,24,24,24,24,24,24,
  24,24,24,24,24,24,24,24,24,24,24,24,24,24,24,24,
  24,24,24,24,24,24,24,24,24,24,24,24,24,24,24,24,
  24,24,24,24,24,24,24,24,24,24,24,24,24,24,24,24,
  24,24,24,24,24,24,23,22,20,19,17,16,14,13,11,10,
  8,7,5,4,2,1,1,2,3,4,5,6,7,8,9,10,
  11,12,14,15,16,17,17,17,17,17,17,17,17,17,17,17,
  17,17,17,17,17,17,17,17,17,17,17,17,17,17,17,17,
  17,17,17,17,17,17,17,17,17,17,17,17,17,17,17,17,
  17,17,17,17,17,17,17,17,17,17,17,17,17,17,17,17,
  17,17,17,17,17,17,17,17,17,17,17,17,17,17,17,17,
  17,17,17,17,17,17,17,17,17,17,17,17,17,17,17,17,
  17,17,17,17,17,17,17,17,17,17,17,17,17,17,17,17,
  17,17,17,17,17,17,17,17,17,17,17,17,17,17,17,17,
  17,17,17,17,17,17,17,17,17,17,17,17,17,17,17,17,
  17,17,17,17,17,17,17,17,17,16,15,14,12,11,10,9,
  8,7,6,5,4,3,1,0,0,1,2,2,3,4,4,5,
  6,6,7,7,8,9,9,10,10,10,10,10,10,10,10,10,
  10,10,10,10,10,10,10,10,10,10,10,10,10,10,10,10,
  10,10,10,10,10,10,10,10,10,10,10,10,10,10,10,10,
  10,10,10,10,10,10,10,10,10,10,10,10,10,10,10,10,
  10,10,10,10,10,10,10,10,10,10,10,10,10,10,10,10,
  10,10,10,10,10,10,10,10,10,10,10,10,10,10,10,10,
  10,10,10,10,10,10,10,10,10,10,10,10,10,10,10,10,
  10,10,10,10,10,10,10,10,10,10,10,10,10,10,10,10,
  10,10,10,10,10,10,10,10,10,10,10,10,10,10,10,10,
  10,10,10,10,10,10,10,10,10,10,10,9,9,8,7,7,
  6,6,5,4,4,3,2,2,1,0,0,0,1,1,1,1,
  1,2,2,2,2,2,3,3,3,3,3,3,3,3,3,3,
  3,3,3,3,3,3,3,3,3,3,3,3,3,3,3,3,
  3,3,3,3,3,3,3,3,3,3,3,3,3,3,3,3,
  3,3,3,3,3,3,3,3,3,3,3,3,3,3,3,3,
  3,3,3,3,3,3,3,3,3,3,3,3,3,3,3,3,
  3,3,3,3,3,3,3,3,3,3,3,3,3,3,3,3,
  3,3,3,3,3,3,3,3,3,3,3,3,3,3,3,3,
  3,3,3,3,3,3,3,3,3,3,3,3,3,3,3,3,
  3,3,3,3,3,3,3,3,3,3,3,3,3,3,3,3,
  3,3,3,3,3,3,3,3,3,3,3,3,3,3,3,3,
  2,2,2,2,2,1,1,1,1,1,0,0,
};
