// GENERATED by stackchan/make_art.py from ui/zero/zero.jpg.
// Do not edit -- change her picture and run the script.
#pragma once
#include <stdint.h>
static const int ZERO_ART_W = 320, ZERO_ART_H = 240;
// RGB565, row by row, as the colour (not byte-swapped).
static const uint16_t ZERO_ART[76800] = {
  0x73ae,0x8c71,0x630c,0x8410,0x73ae,0x6b6d,0x7c10,0xe79e,0xef9c,0xef9c,0xf7dd,0xffde,0xffde,0xffdd,0xffdd,0xffdd,
  0xffbd,0xf7bd,0xf7bd,0xf7bd,0xef9d,0xf7df,0xdf1c,0x94d4,0x94d4,0x94d4,0xbe39,0xf7be,0xf7bd,0xf79d,0xf7dd,0xffdd,
  0xffdd,0xffdd,0xffdd,0xf77c,0xf77c,0xffdd,0xf79c,0xef7b,0xffdd,0xffdd,0xffdd,0xffbc,0xf7bc,0xf79c,0xffbc,0xf79c,
  0xef5a,0xf7bd,0xd6fb,0xc69a,0xcedb,0xadb7,0xb619,0xb639,0xadd7,0xadd7,0xadd8,0xb618,0xb619,0xbe39,0xbe5a,0xadd8,
  0xb619,0xb5f8,0xadb7,0xbe39,0xbe39,0xb619,0xbe39,0xadb7,0xb5f9,0xc65a,0xbe19,0xa535,0xa535,0xad76,0xa555,0xb5b7,
  0xad75,0xa514,0x9cd3,0x9cf4,0xa534,0x630c,0x4a49,0x528a,0x5aeb,0x8c51,0x94b2,0x9492,0x8410,0x9492,0x94b2,0x7bef,
  0x73ae,0x31a6,0x2124,0x7bcf,0x52aa,0x52aa,0x5aeb,0x4228,0x10a2,0x18c3,0x10a2,0x10a2,0x1082,0x10a2,0x10a2,0x0861,
  0x10a2,0x4228,0x528a,0x31a6,0x18c3,0x0841,0x10a2,0x18c3,0x18c3,0x10a2,0x10a2,0x0861,0x18e3,0x31a6,0x39c7,0x2945,
  0x2965,0x39c7,0x39e7,0x39c7,0x5aeb,0x4208,0x18e3,0x2104,0x39e7,0x31a6,0x2124,0x4208,0x31a6,0x2945,0x2945,0x4208,
  0x2104,0x0841,0x18c3,0x1082,0x10a2,0x1082,0x1082,0x39e7,0x3186,0x2945,0x2965,0x2965,0x18e3,0x2945,0x2965,0x18c3,
  0x2124,0x18c3,0x18c3,0x10a2,0x18c3,0x2104,0x2104,0x10a2,0x2104,0x2965,0x2945,0x2104,0x2104,0x2104,0x2104,0x0861,
  0x1082,0x3186,0x18c3,0x10a2,0x10a2,0x10a2,0x1082,0x1082,0x1082,0x10a2,0x18c3,0x10a2,0x2104,0x31a6,0x2104,0x2945,
  0x39c7,0x18e3,0x18c3,0x2945,0x2124,0x18e3,0x31a6,0x39c7,0x18c3,0x39c7,0x3186,0x630c,0x632c,0x5aeb,0x8410,0x7bcf,
  0x630c,0x632c,0x8c71,0x9cf3,0x9cf3,0xad55,0x9492,0xa514,0xb596,0xb5b7,0xb5b7,0xb5b7,0xb5d8,0xbe18,0xbdf8,0xb5d8,
  0xad76,0xa514,0x9cf4,0x8c72,0xbe18,0xadb7,0xad97,0xad97,0xa596,0xb5d8,0xb5d8,0xad96,0xad76,0xb5d7,0xbdf7,0xb596,
  0xb5b6,0xb5d7,0xbdf7,0xa514,0xbdb6,0xa514,0x9cd3,0xad75,0x94b2,0x738e,0x8410,0x8c51,0x5aeb,0x630c,0x4a49,0x3186,
  0x39c7,0x39c7,0x3186,0x3186,0x2965,0x3186,0x3186,0x10a2,0x2104,0x2945,0x10a2,0x18c3,0x10a2,0x10a2,0x10a2,0x10a2,
  0x10a2,0x10a2,0x1082,0x0861,0x0861,0x1082,0x0861,0x0861,0x1082,0x0841,0x0861,0x0861,0x1082,0x0861,0x0020,0x0020,
  0x0841,0x0841,0x0841,0x0841,0x0841,0x0020,0x0020,0x0020,0x0020,0x0020,0x0020,0x0020,0x0020,0x0841,0x0020,0x0020,
  0x0020,0x0020,0x0000,0x0020,0x0841,0x0020,0x0841,0x0861,0x0841,0x0861,0x1081,0x1061,0x1061,0x1061,0x1061,0x1061,
  0x10c2,0x3186,0x4a49,0x6b6d,0xb596,0x9cd3,0x6b8e,0xd6db,0xf7de,0xef7c,0xf7bd,0xf7de,0xf7de,0xfffe,0xffde,0xffde,
  0xf79d,0xef7d,0xef9e,0xf7df,0xef7e,0xce9a,0x9d35,0x6b6f,0x8c94,0xd6dc,0xf7df,0xf7bd,0xffdd,0xffdd,0xffdc,0xffdd,
  0xffdd,0xffdd,0xffbc,0xff9c,0xffbd,0xffbd,0xf79c,0xf79c,0xef7b,0xf7bc,0xf7bc,0xf7bc,0xf7bc,0xffbc,0xffbc,0xf79c,
  0xf7bb,0xef9c,0xceb9,0xc679,0xd71c,0xbe59,0xb639,0xc69a,0xb5f8,0xa596,0xad97,0xb5f8,0xbe3a,0xbe5a,0xbe5a,0xbe5a,
  0xb5f8,0xadb7,0xb5f8,0xb5f8,0xb5f8,0xbe39,0xbe5a,0xb5f8,0xadd8,0xb619,0xadb7,0x9d14,0xa535,0xad76,0xa555,0xad96,
  0xad96,0x9492,0x73ae,0xad55,0xb5b6,0x9cd3,0x4229,0x62ec,0x6b4d,0x8430,0x9cd3,0x73ae,0x73ae,0x73ae,0x8430,0x6b6d,
  0x9cf3,0x6b6d,0x1082,0x4208,0x630c,0x630c,0x4228,0x5acb,0x2104,0x10a2,0x10a2,0x1082,0x1082,0x10a2,0x18c3,0x1082,
  0x1082,0x0020,0x3186,0x8c71,0x632c,0x10a2,0x10a2,0x18c3,0x1082,0x10a2,0x18c3,0x10a2,0x18c3,0x39c7,0x4228,0x31a6,
  0x4a49,0x39c7,0x31a6,0x2945,0x528a,0x39e7,0x2104,0x2945,0x4208,0x2124,0x2965,0x3186,0x39e7,0x31a6,0x2965,0x4208,
  0x4228,0x0020,0x10a2,0x1082,0x10a2,0x18c3,0x0841,0x3186,0x2945,0x39e7,0x31a6,0x3186,0x2104,0x2945,0x3186,0x2124,
  0x10a2,0x10a2,0x18c3,0x18c3,0x10a2,0x18e3,0x10a2,0x18e3,0x2945,0x2945,0x4208,0x18e3,0x18c3,0x18c3,0x2965,0x2945,
  0x18c3,0x18c3,0x10a2,0x10a2,0x10a2,0x18c3,0x10a2,0x10a2,0x1082,0x18c3,0x10a2,0x18e3,0x18e3,0x18e3,0x2104,0x39c7,
  0x2945,0x1082,0x18c3,0x2965,0x4208,0x31a6,0x39e7,0x5aeb,0x3186,0x52aa,0x5acb,0x4228,0x5acb,0x5acb,0x73ae,0x73ae,
  0x8c51,0x7bcf,0x8430,0x9cd3,0xa534,0xb596,0xad75,0x9cd3,0x9cd3,0xad55,0xb5b7,0xb5b7,0xadb7,0xad76,0xad76,0xb5d8,
  0xb5d7,0xb5b7,0xb5d7,0xad96,0xb5d7,0xadd7,0xb5d8,0xadd7,0xb5f8,0xbe19,0xb5f8,0xad96,0xa555,0xb5d7,0xa514,0xb596,
  0xbdf8,0xad76,0x9cd3,0xa514,0x8430,0x8c71,0xa514,0xa534,0x9cf3,0x8c51,0x8430,0x52aa,0x528a,0x4a69,0x6b4d,0x39e7,
  0x3186,0x4a69,0x5aeb,0x2945,0x18c3,0x2124,0x2965,0x10a2,0x18c3,0x2104,0x18e3,0x1082,0x10a2,0x10a2,0x1082,0x10a2,
  0x1082,0x1082,0x1082,0x1082,0x1082,0x1082,0x1082,0x1082,0x1082,0x0861,0x0841,0x1082,0x1082,0x0861,0x0861,0x0020,
  0x0020,0x0020,0x0841,0x0841,0x0841,0x0020,0x0020,0x0020,0x0841,0x0020,0x0020,0x0841,0x0020,0x0020,0x0020,0x0841,
  0x0861,0x0020,0x0000,0x0000,0x0020,0x0000,0x0861,0x0841,0x0840,0x1061,0x1061,0x1061,0x1061,0x1061,0x1061,0x1081,
  0x528a,0x39c7,0x18c3,0x18c3,0x4a48,0x738e,0x4228,0x8c51,0xf7ff,0xf7df,0xf7df,0xefbe,0xf7fe,0xffff,0xf7ff,0xf7df,
  0xf7ff,0xefdf,0xe79e,0xce9a,0x8c72,0x73af,0x5b0c,0x7bf0,0xd6db,0xffff,0xf7be,0xef9c,0xef7c,0xffdd,0xffdd,0xffdc,
  0xffdd,0xffdd,0xf7bc,0xf79c,0xffdd,0xffbc,0xf79c,0xffdd,0xf79c,0xf79c,0xf79c,0xffbc,0xf77b,0xf77b,0xf7bb,0xf7bb,
  0xf7bb,0xdf19,0xd6d9,0xc699,0xd71c,0xd6fc,0xb619,0xbe7a,0xbe39,0x9d35,0x9d35,0xa576,0xb618,0xb618,0xbe39,0xbe39,
  0xadd8,0x9d56,0xbe39,0xb618,0xadd7,0xb5f8,0xb619,0xbe7a,0xbe39,0xbe39,0xa556,0x94d4,0xad76,0xad76,0xad76,0xad96,
  0xad76,0x9d14,0x94d3,0xa555,0xa555,0xc639,0x94b3,0x5b0c,0x73ae,0x52aa,0x738d,0x7bef,0x528a,0x4a69,0x5acb,0x5aeb,
  0x9492,0xad55,0x632c,0x2966,0x52aa,0x5aeb,0x4208,0x2945,0x18c3,0x1082,0x1082,0x1082,0x10a2,0x10a2,0x1082,0x10a2,
  0x10a2,0x1082,0x0861,0x2104,0x52aa,0x31a6,0x1082,0x18c3,0x1082,0x10a2,0x10a2,0x18c3,0x1082,0x2965,0x4208,0x4208,
  0x39e7,0x2945,0x2965,0x4208,0x4228,0x4208,0x31a6,0x39e7,0x4228,0x2104,0x2965,0x3186,0x39e7,0x2124,0x39c7,0x2945,
  0x3186,0x1082,0x1082,0x18c3,0x10a2,0x18c3,0x0861,0x10a2,0x18c3,0x31a6,0x4a49,0x2945,0x18e3,0x3186,0x4208,0x18e3,
  0x18e3,0x39c7,0x18e3,0x2104,0x2945,0x10a2,0x10a2,0x18c3,0x2124,0x2104,0x18e3,0x2124,0x2124,0x18c3,0x2124,0x2104,
  0x18e3,0x18e3,0x10a2,0x1082,0x1082,0x10a2,0x10a2,0x10a2,0x1082,0x10a2,0x10a2,0x18e3,0x18c3,0x18c3,0x2104,0x2104,
  0x2124,0x18c3,0x18c3,0x2124,0x2965,0x3186,0x2124,0x4a49,0x4a49,0x4228,0x6b6d,0x5acb,0x4a69,0x73ae,0x7bcf,0x630c,
  0x630c,0x8410,0x9cd3,0x94b2,0xa535,0xb596,0xad76,0x94b2,0x9492,0xa535,0xad55,0xa535,0xad76,0xad76,0xa555,0xb5b7,
  0xb5d7,0xb5b7,0xb5b7,0xbdf8,0xb5b7,0xb5d7,0xadb7,0xadb7,0xb5b7,0xadb7,0xb5d7,0xbdf8,0xad76,0xad75,0xad55,0xb596,
  0xb596,0xa534,0x73ae,0x73ae,0x6b4d,0x630c,0x94b2,0xa514,0x9cd3,0x6b6d,0x630c,0x632c,0x4228,0x3186,0x31a6,0x31a6,
  0x2124,0x39e7,0x4208,0x2965,0x2945,0x2104,0x10a2,0x18c3,0x2104,0x18e3,0x10a2,0x10a2,0x10a2,0x10a2,0x10a2,0x1082,
  0x1082,0x1082,0x1082,0x1082,0x1082,0x1082,0x0861,0x1082,0x1082,0x1082,0x0861,0x0861,0x0861,0x0861,0x0861,0x0841,
  0x0841,0x0020,0x0020,0x0020,0x0020,0x0841,0x0020,0x0020,0x0020,0x0020,0x0020,0x0020,0x0020,0x0020,0x0020,0x0020,
  0x0020,0x0020,0x0020,0x0020,0x0000,0x0861,0x0020,0x0841,0x0820,0x1061,0x1081,0x1061,0x1061,0x1061,0x1061,0x1061,
  0x9cf3,0xbdd7,0xa514,0x8c51,0x6b4d,0x630c,0x5269,0x39e7,0x8451,0xb5b7,0xa535,0xad76,0xb5f8,0xadb7,0xadb7,0xa555,
  0xa555,0xadb6,0x6b8e,0x31a7,0x5b0d,0x6b8f,0x9d15,0xe75d,0xf7de,0xffde,0xf7bd,0xef5c,0xef7c,0xf7bc,0xffbc,0xfffd,
  0xffdd,0xfffd,0xffdd,0xffdd,0xffdd,0xffdd,0xffdc,0xf79c,0xf79c,0xf77c,0xf79c,0xffbc,0xef5a,0xf79b,0xf79b,0xf7bb,
  0xf7bb,0xef7b,0xdf3a,0xce79,0xd6db,0xcebb,0xc69b,0xb639,0xc65a,0xa596,0x9d35,0xa576,0xbe39,0xadd7,0xb5f8,0xb639,
  0xb619,0xadd8,0xb5f8,0xb5f8,0xb5f8,0xadd7,0xadd8,0xbe5a,0xc67b,0xb5f8,0xadb7,0xad76,0xb597,0xad56,0xad76,0xad56,
  0xa555,0xb5b7,0xad76,0xa555,0xa555,0xb5d7,0xad96,0x7c10,0x7bf0,0x4a69,0x4208,0x8410,0x9cd3,0x7bcf,0x4a49,0x528a,
  0x738e,0x94b2,0xad55,0x2965,0x3186,0x5aeb,0x8c51,0x39c7,0x10a2,0x2945,0x2945,0x2104,0x0861,0x10a2,0x10a2,0x1082,
  0x2104,0x10a2,0x10a2,0x0841,0x0861,0x18c3,0x10a2,0x10a2,0x18c3,0x1082,0x10a2,0x10a2,0x0861,0x18e3,0x39e7,0x3186,
  0x39c7,0x4208,0x4228,0x4a49,0x4a49,0x4228,0x4a49,0x52aa,0x39c7,0x10a2,0x2945,0x10a2,0x39c7,0x2104,0x3186,0x2104,
  0x2965,0x2945,0x1082,0x18c3,0x1082,0x10a2,0x1082,0x1082,0x31a6,0x2945,0x4228,0x2945,0x18c3,0x18e3,0x39e7,0x2104,
  0x18c3,0x2945,0x18e3,0x18e3,0x2124,0x10a2,0x18c3,0x18e3,0x18c3,0x10a2,0x2945,0x2945,0x2124,0x2965,0x10a2,0x18c3,
  0x2124,0x2124,0x18e3,0x2104,0x18c3,0x10a2,0x10a2,0x10a2,0x1082,0x10a2,0x10a2,0x10a2,0x10a2,0x10a2,0x2965,0x18c3,
  0x2945,0x2945,0x10a2,0x2945,0x2124,0x2124,0x31a6,0x39e7,0x528a,0x52aa,0x6b4d,0x7bef,0x6b6d,0x8c51,0x630c,0x6b6d,
  0x73ae,0x7bcf,0x9492,0x8410,0x9cf4,0xad96,0xa535,0x94b3,0x9cf3,0xb5b6,0xa514,0x8c72,0xa535,0xb5d7,0xad76,0xb5d8,
  0xad96,0xb5d8,0xb5b7,0xadb7,0xad96,0xb5b7,0xb5d7,0xadb7,0xad97,0xadb7,0xadb7,0xb5d7,0xad96,0xad76,0xad54,0xa514,
  0x9491,0xa514,0xad55,0x8c71,0x5aeb,0x4a49,0x4208,0x7bef,0x7bef,0x6b4d,0x7bcf,0x5acb,0x4a69,0x39c7,0x4228,0x3186,
  0x2124,0x2104,0x2124,0x31a6,0x31a6,0x10a2,0x18e3,0x18e3,0x10a2,0x18c3,0x10a2,0x1082,0x1082,0x1082,0x10a2,0x10a2,
  0x1082,0x1082,0x1082,0x10a2,0x1082,0x1082,0x1082,0x1082,0x1082,0x10a2,0x0861,0x0861,0x0861,0x1082,0x1082,0x0861,
  0x0861,0x0841,0x0020,0x0020,0x0020,0x0020,0x0020,0x0020,0x0841,0x0841,0x0020,0x0020,0x0020,0x0020,0x0020,0x0020,
  0x0020,0x0020,0x0841,0x0020,0x0000,0x0841,0x0000,0x0020,0x0841,0x1061,0x1082,0x1061,0x1061,0x1061,0x1061,0x1061,
  0x2124,0x52aa,0x6b6d,0xa514,0xb596,0xbdd7,0xbdd7,0xbdd7,0xb596,0xad76,0x8c31,0x9493,0xa555,0x94b3,0xa535,0x8c52,
  0x630c,0x4a6a,0x39e8,0x632d,0xa536,0xd6db,0xf7ff,0xf7de,0xf79d,0xffdd,0xf7bc,0xf7bd,0xffdd,0xffdd,0xf7bc,0xf7bc,
  0xf79c,0xffdd,0xfffd,0xffdd,0xffbc,0xf79c,0xffbc,0xef5b,0xf77c,0xffdd,0xf79c,0xffbc,0xffbc,0xf77b,0xf7bc,0xffbc,
  0xef9b,0xe75b,0xef9c,0xceb9,0xce9a,0xcebb,0xd6dc,0xadd8,0xbe39,0xbe39,0xa596,0xa556,0xbe39,0xb619,0xadd8,0xb5f8,
  0xa5b7,0xb618,0xadd7,0xb5f8,0xb618,0xadb7,0xb619,0xbe5a,0xc67b,0xc65a,0xbe19,0xad76,0xad96,0x9d14,0x8c92,0xad76,
  0xb5b6,0xa535,0x94d3,0x9cd3,0x94b3,0xad96,0xb5d7,0x8c72,0x6b6d,0x8430,0x630c,0x8c51,0x94b2,0x18e3,0x4a49,0x6b6d,
  0x5acb,0x738e,0xad75,0x4a69,0x18e3,0x6b6d,0x7bef,0x8430,0x31a6,0x31a6,0x5aeb,0x39c7,0x39e7,0x2124,0x1082,0x1082,
  0x2965,0x2104,0x10a2,0x10a2,0x1082,0x1082,0x1082,0x10a2,0x10a2,0x10a2,0x10a2,0x18c3,0x1082,0x1082,0x31a6,0x39e7,
  0x528a,0x52aa,0x39c7,0x52aa,0x528a,0x4228,0x4228,0x4208,0x2124,0x1082,0x2104,0x1082,0x18c3,0x39c7,0x2945,0x2124,
  0x3186,0x31a6,0x0841,0x1082,0x1082,0x10a2,0x10a2,0x0841,0x39c7,0x2965,0x2124,0x52aa,0x5acb,0x0861,0x31a6,0x39e7,
  0x3186,0x4208,0x1082,0x1082,0x2124,0x18e3,0x18e3,0x2965,0x2104,0x18e3,0x39c7,0x31a6,0x2124,0x2104,0x2124,0x2945,
  0x2104,0x18c3,0x2124,0x2965,0x18e3,0x18c3,0x10a2,0x10a2,0x10a2,0x1082,0x10a2,0x10a2,0x18c3,0x18c3,0x2104,0x2104,
  0x39e7,0x4a69,0x31a6,0x0861,0x18e3,0x18e3,0x39c7,0x39e7,0x31a6,0x7bef,0x630c,0x4a69,0x5aeb,0x73ae,0x738e,0x5acb,
  0x73ae,0x6b4d,0x8430,0x8c51,0x9492,0xad75,0xa535,0xa555,0xad55,0xad75,0xa514,0xb5b7,0x94b3,0xa515,0xa535,0xad76,
  0xb5d7,0xb5d7,0xb5b7,0xa576,0xb5d7,0xb5b7,0xb5b7,0xb5d7,0xad96,0xad96,0xad76,0xb5d7,0xa555,0xb596,0xa534,0x73ae,
  0x73ae,0x8c71,0x9cf3,0xb5b6,0x9492,0x5aeb,0x4a69,0x5aeb,0x4a49,0x52aa,0x6b6d,0x738e,0x8430,0x6b4d,0x528a,0x2104,
  0x2965,0x39c7,0x2945,0x18e3,0x2124,0x2124,0x2124,0x18c3,0x10a2,0x10a2,0x18e3,0x18c3,0x1082,0x10a2,0x10a2,0x10a2,
  0x10a2,0x1082,0x1082,0x1082,0x1082,0x1082,0x1082,0x1082,0x1082,0x1082,0x1082,0x0861,0x0861,0x0861,0x1082,0x0861,
  0x0861,0x0861,0x0841,0x0020,0x0020,0x0020,0x0020,0x0020,0x0841,0x0841,0x0020,0x0000,0x0020,0x0841,0x0020,0x0020,
  0x0020,0x0020,0x0020,0x0040,0x1082,0x0861,0x0000,0x0820,0x1061,0x1082,0x1082,0x1061,0x1061,0x1061,0x1061,0x1061,
  0x4208,0x2104,0x0020,0x18c3,0x18e3,0x39e7,0x5aeb,0x6b6d,0x73ae,0x94b2,0xb575,0x94b2,0x7bef,0x94b2,0x738e,0x5aec,
  0x528b,0x6b6e,0xbdd8,0xef7e,0xf7bf,0xf7ff,0xf7dd,0xf7bc,0xef5b,0xef7b,0xef7b,0xf79c,0xffbc,0xffdc,0xf7bc,0xf7bc,
  0xf7bc,0xffbc,0xffbc,0xfffd,0xf79c,0xef7b,0xffdd,0xffbc,0xffbd,0xffdd,0xf79c,0xf7bc,0xf79c,0xf79b,0xf77b,0xf79b,
  0xf79c,0xef7b,0xf7bd,0xdf1b,0xce79,0xd6fc,0xc67a,0xbe39,0xbe39,0xb5d8,0xb5f8,0xadd8,0xa596,0xa596,0xb5f8,0xb5f8,
  0xb618,0xb618,0xadb7,0xadb7,0xb5f8,0xc65a,0xcebb,0xb5f8,0xb5f8,0xc67a,0xc65a,0xa535,0xa535,0xa555,0xa534,0xb5b6,
  0x9492,0xa534,0x8410,0x6b8e,0x73cf,0x8c92,0xadb7,0xad76,0x8410,0x632c,0x9492,0x8410,0x8c51,0x73ae,0x6b6d,0x6b6d,
  0x6b4d,0x9cd3,0xb5b7,0x9492,0x18c3,0x4a69,0x6b4d,0x8c51,0x4228,0x3186,0x4a49,0x4a49,0x738e,0x52aa,0x39e7,0x0861,
  0x10a2,0x18c3,0x18c3,0x10a2,0x1082,0x1082,0x1082,0x18c3,0x18e3,0x10a2,0x10a2,0x18c3,0x10a2,0x0861,0x3186,0x4a69,
  0x4208,0x5aeb,0x630c,0x528a,0x4a49,0x31a6,0x4228,0x4228,0x39e7,0x18c3,0x2104,0x4208,0x0861,0x4208,0x3186,0x2124,
  0x2945,0x4208,0x10a2,0x0861,0x10a2,0x18c3,0x18c3,0x0841,0x2945,0x528a,0x10a2,0x2124,0x4208,0x31a6,0x2945,0x4208,
  0x39c7,0x39e7,0x2104,0x18e3,0x2124,0x10a2,0x10a2,0x18c3,0x10a2,0x2124,0x4a69,0x630c,0x39c7,0x2104,0x31a6,0x2124,
  0x18c3,0x18e3,0x31a6,0x18e3,0x2124,0x2104,0x10a2,0x18c3,0x1082,0x1082,0x1082,0x10a2,0x18c3,0x18c3,0x1082,0x2104,
  0x2124,0x2945,0x2965,0x18c3,0x10a2,0x2945,0x39c7,0x31a6,0x31a6,0x4a69,0x2124,0x738e,0x73ae,0x4208,0x5acb,0x7bef,
  0x738e,0x9cf3,0x7bef,0x8410,0x9cf3,0xad75,0xa534,0xb5b7,0xb5b6,0xb596,0xad55,0xad76,0xad76,0xad55,0x9cf4,0x94b3,
  0xad76,0xad76,0xb5b6,0xbdf8,0xb5b6,0xb5b6,0xb5d7,0xad96,0xa555,0xb5b7,0xb5b7,0xb5b7,0xa555,0xad75,0xb596,0x73ae,
  0x632c,0x9492,0xa514,0x7bcf,0x8c71,0x8c51,0x9492,0x632c,0x4a49,0x4a69,0x3186,0x39e7,0x4a69,0x3186,0x2945,0x39e7,
  0x4a49,0x31a6,0x3186,0x31a6,0x18e3,0x2104,0x2124,0x18c3,0x18c3,0x18c3,0x18c3,0x18e3,0x1082,0x10a2,0x18c3,0x1082,
  0x10a2,0x1082,0x1082,0x1082,0x1082,0x0861,0x0861,0x1082,0x0861,0x0861,0x1082,0x0861,0x0861,0x0861,0x0861,0x1082,
  0x1082,0x0861,0x0861,0x0861,0x0841,0x0841,0x0020,0x0020,0x0000,0x0000,0x0020,0x0020,0x0020,0x0841,0x0020,0x0020,
  0x0841,0x0020,0x0020,0x0020,0x10a2,0x0020,0x0000,0x0020,0x0861,0x1061,0x1061,0x1061,0x1081,0x1061,0x1061,0x1061,
  0x4a69,0x52aa,0x3186,0x18e3,0x1082,0x0841,0x0000,0x0000,0x0000,0x0041,0x18c3,0x10a2,0x2965,0x4228,0x52aa,0x8c92,
  0xd6da,0xf7be,0xffff,0xf7be,0xf79d,0xf7bd,0xf7bc,0xffdc,0xffdc,0xf79b,0xffbc,0xf7bc,0xf79b,0xf79b,0xf79b,0xf79c,
  0xffdd,0xf7bc,0xf7bc,0xffdc,0xef5b,0xef7b,0xffbc,0xffdd,0xffdd,0xffdd,0xf79c,0xef5b,0xf79c,0xffbc,0xf79c,0xef5b,
  0xe71a,0xe73b,0xf79c,0xef7d,0xd6fb,0xd6fb,0xd6db,0xce9b,0xadd7,0xadb7,0xc69b,0xadb7,0xa576,0xa596,0xadd8,0xb618,
  0xb639,0xbe39,0xb5f8,0x9d56,0xbe19,0xcebb,0xc67a,0xadb6,0xb5d8,0xbe39,0xc65a,0xb5d8,0xa555,0xad96,0xa534,0xa534,
  0x528a,0x7bcf,0xb575,0xa514,0xa514,0x9cf4,0xb5b7,0x9d14,0x94d3,0x7bf0,0x9cd3,0x7bcf,0x8c72,0x9cd3,0x9492,0x2124,
  0x39e8,0x73af,0x8c51,0xa535,0x39c7,0x2125,0x632c,0x8430,0x4a49,0x2104,0x39e7,0x4a69,0x52aa,0x5aeb,0x4228,0x39e7,
  0x18c3,0x10a2,0x10a2,0x18c3,0x1082,0x1082,0x1082,0x10a2,0x2104,0x10a2,0x18e3,0x18e3,0x18c3,0x0861,0x2124,0x4228,
  0x2945,0x632c,0x4a69,0x2965,0x39e7,0x4a49,0x4a69,0x4a69,0x4a49,0x2124,0x10a2,0x4a69,0x39e7,0x4228,0x2965,0x39e7,
  0x2124,0x3186,0x18e3,0x0841,0x10a2,0x10a2,0x10a2,0x1082,0x1082,0x3186,0x2124,0x2945,0x2124,0x2965,0x3186,0x2965,
  0x2124,0x2124,0x18e3,0x2965,0x18e3,0x10a2,0x10a2,0x18c3,0x18c3,0x2104,0x18e3,0x2104,0x2945,0x2124,0x39e7,0x31a6,
  0x3186,0x3186,0x3186,0x2124,0x18e3,0x2104,0x2104,0x10a2,0x1082,0x1082,0x1082,0x10a2,0x18c3,0x18c3,0x1082,0x31a6,
  0x4208,0x39c7,0x10a2,0x10a2,0x1082,0x2965,0x528a,0x2945,0x31a6,0x31a6,0x31a6,0x7bef,0x8c71,0x31a6,0x39e7,0x5aeb,
  0x738e,0x73ae,0x5acb,0x7bef,0x94b2,0x9d14,0xa534,0xb5b6,0xb5b6,0xa534,0xad55,0xad76,0xad75,0xbdd7,0xb596,0xad55,
  0x9cf3,0x9d14,0xa555,0xb5b6,0xad75,0xad96,0xb5b6,0xb5b6,0xb5b7,0xb5d7,0xad75,0xa555,0xad96,0xad95,0x94b2,0xa513,
  0x9491,0x94b2,0x7bcf,0x6b4d,0x8430,0x9492,0x8410,0x8410,0x5aeb,0x528a,0x4a49,0x4a49,0x4208,0x2124,0x18e3,0x4228,
  0x39c7,0x2104,0x3186,0x39c7,0x2104,0x18e3,0x18e3,0x2104,0x18e3,0x10a2,0x10a2,0x18c3,0x10a2,0x10a2,0x10a2,0x1082,
  0x1082,0x1082,0x1082,0x1082,0x1082,0x0861,0x0861,0x0861,0x1082,0x0861,0x0861,0x0861,0x0841,0x0861,0x0861,0x0861,
  0x0861,0x0861,0x0861,0x1082,0x0861,0x0861,0x0020,0x0020,0x0020,0x0020,0x0020,0x0841,0x0020,0x0020,0x0020,0x0841,
  0x0020,0x0020,0x0020,0x0020,0x0000,0x0000,0x0000,0x0020,0x0841,0x1061,0x1061,0x1081,0x1061,0x1061,0x1061,0x1061,
  0x4208,0x4a69,0x18c3,0x2124,0x39c7,0x4a69,0x4a49,0x2124,0x634e,0x94b4,0xad56,0xb597,0xce5a,0xdefc,0xf79f,0xffff,
  0xf7dd,0xef9c,0xf7dd,0xf7bd,0xf79d,0xffbd,0xffbd,0xff9c,0xf77b,0xf77b,0xffbc,0xf79b,0xef7b,0xf7bc,0xfffd,0xf7bc,
  0xf79c,0xf77b,0xf7bc,0xf79c,0xf77b,0xf79c,0xf77b,0xf79c,0xffbd,0xffdd,0xf79c,0xf79c,0xf79c,0xef5b,0xf77c,0xef3b,
  0xef5b,0xef3b,0xf79d,0xef7c,0xdefa,0xd6db,0xcedb,0xc69b,0xbe5a,0x7c52,0xa597,0xc67a,0x9d55,0x9d56,0xa576,0xb5f8,
  0xb618,0xadd8,0xadd8,0xadb7,0xbe39,0xc659,0xadb7,0x94f4,0xa555,0xbe19,0xbe39,0xc639,0xb5f8,0x94b3,0x9cf4,0x738e,
  0x4228,0x4a49,0x73ae,0x7bcf,0x9cd3,0x9cf4,0xad75,0xb5d7,0xb5d7,0xa535,0x738e,0x8410,0xa514,0x6b8e,0x9492,0x31a6,
  0x1082,0x4a6a,0x738e,0x9cf4,0x630c,0x2125,0x9492,0x7bf0,0x39e7,0x18e3,0x39c7,0x8410,0x94b2,0x8410,0x39e7,0x5acb,
  0x52aa,0x31a6,0x2124,0x10a2,0x1082,0x1082,0x10a2,0x1082,0x10a2,0x18c3,0x2124,0x18c3,0x10a2,0x10a2,0x10a2,0x2945,
  0x4208,0x6b4d,0x4208,0x31a6,0x4a69,0x4a49,0x4a49,0x4228,0x52aa,0x39e7,0x2124,0x39c7,0x4228,0x39e7,0x39c7,0x39c7,
  0x39e7,0x2124,0x18e3,0x0841,0x1082,0x10a2,0x10a2,0x18c3,0x0841,0x2124,0x4a49,0x3186,0x3186,0x2965,0x3186,0x18e3,
  0x18c3,0x2965,0x2104,0x31a6,0x18e3,0x10a2,0x18c3,0x18c3,0x18e3,0x18e3,0x10a2,0x3186,0x3186,0x2965,0x18e3,0x2965,
  0x39e7,0x2945,0x2104,0x4208,0x2124,0x2965,0x18e3,0x10a2,0x10a2,0x1082,0x0861,0x10a2,0x10a2,0x2104,0x18e3,0x10a2,
  0x4208,0x528a,0x39c7,0x2124,0x1082,0x18c3,0x31a6,0x4a49,0x4228,0x4228,0x4208,0x630c,0x738e,0x3186,0x4a49,0x528a,
  0x4208,0x528a,0x738e,0x9cd2,0x73af,0x94b2,0xa514,0xad75,0x94b2,0x9cf3,0xa514,0xad55,0xad75,0xa534,0xb596,0xa534,
  0xad75,0xa534,0xb596,0xa534,0xb5b6,0xad55,0xad55,0xbdd7,0xb5d7,0xb596,0xad55,0xad76,0xad55,0xad55,0xad75,0xb5b6,
  0xc618,0xad55,0x94b2,0x73ae,0x8410,0x8410,0x528a,0x52aa,0x8410,0x73ae,0x3186,0x39e7,0x39c7,0x3186,0x18c3,0x18c3,
  0x10a2,0x18e3,0x31a6,0x2945,0x18c3,0x18c3,0x18e3,0x2104,0x18e3,0x10a2,0x10a2,0x10a2,0x18c3,0x10a2,0x1082,0x10a2,
  0x10a2,0x1082,0x10a2,0x10a2,0x1082,0x1082,0x1082,0x0861,0x1082,0x0861,0x0861,0x1082,0x0861,0x0841,0x0861,0x0861,
  0x1082,0x0861,0x0861,0x1082,0x0861,0x0861,0x0861,0x0841,0x0020,0x0020,0x0841,0x0841,0x0841,0x0000,0x0020,0x0020,
  0x0020,0x0020,0x0861,0x0000,0x0020,0x0020,0x0000,0x0821,0x0841,0x0841,0x1081,0x1081,0x1061,0x1061,0x1061,0x1061,
  0x31a6,0x630c,0x4a49,0x2965,0x52aa,0x73ae,0x9cd3,0x6b6d,0xad97,0xffff,0xffff,0xffff,0xffdf,0xf7be,0xf79d,0xf79d,
  0xef7b,0xef7b,0xf79c,0xffdc,0xffdd,0xffdd,0xffbd,0xff9d,0xff9c,0xffbd,0xffdd,0xffdd,0xffdd,0xffbc,0xf77b,0xffdd,
  0xffdc,0xffdc,0xf79c,0xffbc,0xffbc,0xef5b,0xf79c,0xf7bc,0xf77c,0xf79c,0xffdd,0xf77c,0xffbd,0xffbd,0xffbd,0xf79c,
  0xf77c,0xffbd,0xf7bd,0xf79c,0xe75c,0xc679,0xcebb,0xcebb,0xd6fc,0xa576,0x8cd4,0xadd8,0x9514,0xadb7,0xa555,0xad96,
  0xb618,0xbe59,0xb5f8,0xc69b,0xbe5a,0xb5d8,0x94b3,0x9d14,0x8c92,0x94f4,0xb5f8,0xc67a,0xc639,0xad96,0xad76,0x8c31,
  0x630c,0x3186,0x4228,0x6b6d,0x94b3,0x8430,0x632d,0x9492,0xad96,0xad76,0x9d14,0x8431,0x94d3,0xb596,0x8c51,0x5289,
  0x39c7,0x8410,0x8c51,0x9492,0x632d,0x18e3,0x7bcf,0x7bcf,0x39e7,0x18c3,0x7bcf,0x9cf3,0x9cf3,0x6b6d,0x7bcf,0x8c51,
  0x5aeb,0x4228,0x39c7,0x10a2,0x18c3,0x10a2,0x1082,0x10a2,0x1082,0x10a2,0x1082,0x10a2,0x18c3,0x10a2,0x0841,0x2945,
  0x4a49,0x2965,0x39e7,0x4228,0x39c7,0x2124,0x4228,0x528a,0x738e,0x4a49,0x39e7,0x39e7,0x4208,0x2965,0x52aa,0x31a6,
  0x2965,0x18c3,0x2104,0x10a2,0x1082,0x18c3,0x10a2,0x18c3,0x0861,0x18e3,0x4228,0x2124,0x2124,0x2965,0x18e3,0x2104,
  0x18e3,0x18c3,0x2104,0x4a69,0x2945,0x18e3,0x2104,0x10a2,0x1082,0x10a2,0x10a2,0x2945,0x2124,0x4228,0x31a6,0x18e3,
  0x39c7,0x18e3,0x2124,0x2124,0x2945,0x31a6,0x18c3,0x10a2,0x18c3,0x1082,0x1082,0x10a2,0x10a2,0x2104,0x18c3,0x1082,
  0x2945,0x2945,0x39e7,0x4208,0x10a2,0x10a2,0x2124,0x2104,0x2945,0x630c,0x39e7,0x2965,0x4a49,0x4208,0x4228,0x4228,
  0x4a69,0x630c,0x7bcf,0x5aaa,0x52ab,0x8c72,0xa535,0xb596,0x94b3,0xad55,0xad75,0xb596,0xad75,0x9cf3,0xa534,0xa534,
  0xad55,0xad55,0xad96,0xa555,0xad95,0xad75,0xb596,0xad75,0xad96,0xad76,0xa555,0xad75,0xad55,0xad55,0xa514,0xbdf7,
  0xb596,0xad55,0x9cf3,0x94b2,0x9cf3,0x9cd3,0x94b2,0x39e7,0x39e7,0x7bcf,0x528a,0x39e7,0x2945,0x2124,0x2104,0x2104,
  0x31a6,0x2104,0x2124,0x3186,0x18e3,0x18c3,0x18c3,0x10a2,0x10a2,0x10a2,0x10a2,0x18c3,0x10a2,0x1082,0x10a2,0x10a2,
  0x10a2,0x10a2,0x1082,0x10a2,0x1082,0x1082,0x1082,0x0861,0x0861,0x1082,0x0861,0x1082,0x1082,0x0841,0x0841,0x1082,
  0x1082,0x0861,0x0861,0x0861,0x0861,0x0861,0x0861,0x0841,0x0841,0x0841,0x0841,0x0861,0x0841,0x0020,0x0000,0x0020,
  0x0020,0x0841,0x0020,0x0841,0x0841,0x0841,0x0000,0x0841,0x1061,0x1061,0x1081,0x1061,0x1061,0x1061,0x1061,0x1061,
  0x10a2,0x4228,0x6b4d,0x2945,0x2945,0x630c,0x94b2,0x6b6e,0x8431,0xffff,0xf79e,0xffde,0xef7c,0xef5b,0xffbc,0xff9c,
  0xff7c,0xff7c,0xffbc,0xffbc,0xffdc,0xfffd,0xffdd,0xffbd,0xffbd,0xffdd,0xffbd,0xff9c,0xffdd,0xffbc,0xef7b,0xf79c,
  0xffdd,0xffdd,0xffbc,0xffbc,0xf79c,0xffdd,0xf77b,0xef3a,0xef3b,0xef5b,0xffdd,0xf79c,0xf79c,0xffbd,0xffbd,0xffbd,
  0xff9d,0xffbd,0xf79d,0xf79c,0xf7bd,0xce79,0xce7a,0xd6dc,0xcebb,0xd6fc,0x8492,0x9515,0xbe5a,0x9d55,0x8cb3,0x94d3,
  0xadd7,0xb619,0xb5f8,0xbe5a,0xcebb,0xa576,0x94d3,0xa555,0xadb6,0x9d14,0xa576,0xbe39,0xc639,0xc639,0x7bcf,0x6b4d,
  0x8c51,0x52aa,0x39e8,0x52aa,0x4228,0x8430,0x632c,0x8410,0xb5b7,0xa555,0xa555,0x9492,0x9cf4,0xa514,0x9cd3,0x7bcf,
  0x528a,0x9cd3,0x632d,0x8c71,0x8c51,0x528a,0x8430,0x6b4d,0x5acb,0x4208,0x8c51,0x94b2,0x6b6d,0x5aeb,0x5aeb,0x630c,
  0x73ae,0x6b4d,0x39c7,0x1082,0x18e3,0x1082,0x10a2,0x10a2,0x1082,0x10a2,0x10a2,0x18c3,0x18c3,0x18e3,0x1082,0x2124,
  0x6b4d,0x4228,0x4228,0x4a69,0x4228,0x31a6,0x528a,0x2965,0x39c7,0x4a49,0x2965,0x18c3,0x2124,0x39e7,0x4a69,0x2945,
  0x18e3,0x2104,0x2945,0x18c3,0x0841,0x10a2,0x18c3,0x10a2,0x1082,0x0861,0x2945,0x39e7,0x3186,0x31a6,0x31a6,0x4a49,
  0x4a69,0x2945,0x2124,0x18e3,0x18e3,0x2104,0x10a2,0x10a2,0x2124,0x10a2,0x18c3,0x2104,0x2104,0x39c7,0x18e3,0x18e3,
  0x2945,0x18e3,0x18c3,0x10a2,0x2965,0x39c7,0x18c3,0x10a2,0x18c3,0x18c3,0x1082,0x10a2,0x10a2,0x10a2,0x18c3,0x10a2,
  0x2104,0x2104,0x1082,0x4a69,0x4208,0x1082,0x18c3,0x2104,0x4208,0x52aa,0x5acb,0x2965,0x39c7,0x52aa,0x4208,0x4a49,
  0x31a6,0x8c51,0x8430,0x52aa,0x8410,0x8c51,0x8c51,0xa514,0xb596,0xa514,0x9cf3,0xad55,0xa534,0xa514,0xa514,0xa514,
  0x9cd2,0xb596,0xad75,0xad75,0xad75,0xa514,0xb596,0xad55,0x9cf3,0xa555,0xad75,0xb5b6,0xad55,0xad55,0x7bcf,0xad55,
  0xad75,0xb596,0xa534,0x9cf3,0xa534,0xad75,0xad75,0x8410,0x528a,0x4228,0x8410,0x8410,0x4208,0x39e7,0x2965,0x2124,
  0x2945,0x2124,0x2104,0x18e3,0x18c3,0x18e3,0x2104,0x10a2,0x18c3,0x2104,0x10a2,0x18c3,0x10a2,0x10a2,0x10a2,0x1082,
  0x1082,0x1082,0x1082,0x10a2,0x1082,0x0861,0x1082,0x1082,0x0861,0x0861,0x0861,0x0861,0x1082,0x1082,0x0841,0x0861,
  0x0861,0x0861,0x1082,0x0861,0x0861,0x0861,0x0861,0x0841,0x0841,0x0020,0x0861,0x0841,0x0841,0x0841,0x0020,0x0020,
  0x0020,0x0000,0x0841,0x0020,0x0861,0x0821,0x0000,0x0841,0x1082,0x1082,0x1061,0x1061,0x1081,0x1061,0x1061,0x1061,
  0x2965,0x18c3,0x2124,0x2104,0x0841,0x630c,0xa534,0x8430,0x636d,0xef7d,0xf7de,0xf7bc,0xef5a,0xf75b,0xffbd,0xf77c,
  0xef3a,0xef3a,0xff9c,0xf79b,0xf79c,0xffdc,0xffbc,0xffbd,0xffdd,0xffdd,0xffdd,0xffbc,0xffdc,0xffdd,0xffbc,0xf7bc,
  0xffbd,0xffdd,0xffdd,0xff9c,0xf79c,0xffdd,0xf77c,0xf79c,0xf77c,0xf77c,0xffbd,0xffbd,0xf77c,0xff9d,0xf77c,0xf77c,
  0xffbd,0xf79c,0xf79c,0xf7bd,0xf79c,0xdeda,0xd6bb,0xd6bc,0xc67b,0xcebb,0xbe39,0xa576,0xadd7,0x9d35,0x8cb3,0x94f4,
  0x9d56,0xbe39,0xc69b,0xbe59,0xc639,0xb5d7,0xb5d7,0xb5b7,0xbdf8,0xb5f8,0xadb7,0xb5f8,0xb5d7,0xbdf8,0xb5b7,0x5aec,
  0x5acb,0x6b6d,0x2965,0x2124,0x2945,0x9492,0x8410,0x5acb,0x8c72,0xad76,0xa555,0xa535,0xa555,0x8c51,0x6b4d,0x8c51,
  0x528a,0x31a6,0x6b6d,0xa535,0x8c51,0x94b3,0x528a,0x31a7,0x5aec,0x7bef,0x738e,0x632c,0x4228,0x5acb,0x528a,0x4228,
  0x6b4d,0x5acb,0x52aa,0x39c7,0x1082,0x10a3,0x10a2,0x10a3,0x1082,0x18c3,0x18c3,0x10a2,0x10a2,0x18e3,0x2965,0x0861,
  0x39c7,0x4208,0x31a6,0x5aeb,0x528a,0x5acb,0x2124,0x2124,0x2124,0x2104,0x31a6,0x2945,0x18e3,0x3186,0x39c7,0x4228,
  0x2945,0x2124,0x4a69,0x2124,0x0861,0x1082,0x18e3,0x18e3,0x10a2,0x0841,0x10a2,0x2965,0x4228,0x4a69,0x2104,0x39e7,
  0x52aa,0x2945,0x18e3,0x2104,0x2104,0x10a2,0x2104,0x2124,0x2104,0x18c3,0x18c3,0x2945,0x18e3,0x2104,0x2124,0x31a6,
  0x3186,0x2124,0x18c3,0x2124,0x31a6,0x18c3,0x10a2,0x1082,0x18e3,0x2965,0x1082,0x1082,0x18c3,0x18c3,0x2104,0x10a2,
  0x18e3,0x2104,0x1082,0x39e7,0x39c7,0x1082,0x18e3,0x2124,0x2945,0x3186,0x52aa,0x4228,0x528a,0x4a49,0x52aa,0x4a69,
  0x39e7,0x6b4d,0x738e,0x7bcf,0x8c51,0x94b2,0x73ae,0x94b2,0xa534,0x94b2,0x8410,0x9cf3,0xb596,0x9cf3,0xa514,0xad75,
  0x9492,0xa534,0xb596,0xa534,0xad55,0xad55,0xa534,0xa534,0xa534,0xad75,0xb5b6,0x94b2,0x8410,0xad55,0x8c51,0x8c51,
  0xbdd7,0xad55,0xa534,0xad55,0xa534,0xad55,0x9cf3,0x8c71,0x630c,0x632c,0x52aa,0x52aa,0x2965,0x632c,0x4228,0x18e3,
  0x10a2,0x2945,0x2104,0x18c3,0x10a2,0x18c3,0x18e3,0x18c3,0x18c3,0x18c3,0x10a2,0x10a2,0x2104,0x18c3,0x10a2,0x18e3,
  0x1082,0x1082,0x1082,0x10a2,0x10a2,0x1082,0x1082,0x1082,0x0861,0x0861,0x1082,0x0861,0x0861,0x0861,0x0841,0x0861,
  0x0861,0x0861,0x0861,0x0861,0x0861,0x0861,0x0861,0x0841,0x0841,0x0020,0x0861,0x0841,0x0841,0x0841,0x0841,0x0020,
  0x0020,0x0020,0x0020,0x0020,0x0020,0x0020,0x0020,0x0841,0x0841,0x1061,0x1081,0x1061,0x1061,0x1061,0x1061,0x1061,
  0xb5b6,0x94b2,0x73ae,0x4208,0x10a2,0x5acb,0x9492,0xad75,0x5aec,0xc638,0xfffe,0xef7b,0xf79b,0xff9b,0xf73a,0xeef9,
  0xef3a,0xf77b,0xff9b,0xff9b,0xf75b,0xef5b,0xf77b,0xf77b,0xffdd,0xffdd,0xffdd,0xffdc,0xffbc,0xffdc,0xffbc,0xf7bc,
  0xffdd,0xffdd,0xffdd,0xff9c,0xffbc,0xffbd,0xffbc,0xffbc,0xf77c,0xffbd,0xff9d,0xf79c,0xf79c,0xffdd,0xffbd,0xff9d,
  0xf77c,0xf77c,0xf77c,0xf77c,0xf79c,0xdf1b,0xd6bb,0xd6bc,0xc67b,0xbe39,0xc67a,0xbe39,0xadb7,0x9d35,0xad97,0xb5d8,
  0xadf8,0xc67b,0xc67a,0xc659,0xb5b7,0xb5d7,0xb5d7,0xb5b7,0xad96,0xa555,0xb5b7,0xbe19,0xad96,0xb5d7,0xc659,0x8451,
  0x52aa,0x73ae,0x5acb,0x4a69,0x5aeb,0x8410,0x94b2,0x52aa,0x73cf,0xa535,0xb5b7,0xad75,0xad75,0x8c71,0x528a,0x632c,
  0x632c,0x2124,0x528a,0x4a69,0x39e8,0x3186,0x3186,0x7bcf,0x94b3,0x8c51,0x6b6d,0x5acb,0x2965,0x39c6,0x52aa,0x2124,
  0x6b6d,0x52aa,0x5aeb,0x630c,0x1082,0x10a2,0x1082,0x1082,0x1082,0x1082,0x18c3,0x18c3,0x10a2,0x10a2,0x2104,0x0861,
  0x2104,0x528a,0x3186,0x4a69,0x632c,0x52aa,0x3186,0x2124,0x4a49,0x4208,0x3186,0x4228,0x39c7,0x31a6,0x31a6,0x39e7,
  0x18c3,0x31a6,0x39e7,0x10a2,0x0861,0x1082,0x10a2,0x18c3,0x1082,0x1082,0x0841,0x10a2,0x39c7,0x3186,0x18e3,0x18c3,
  0x18e3,0x18e3,0x18e3,0x31a6,0x3186,0x2124,0x18e3,0x18c3,0x18c3,0x2124,0x18c3,0x2124,0x18e3,0x10a2,0x18e3,0x4208,
  0x39c7,0x18e3,0x18e3,0x2104,0x2104,0x18c3,0x3186,0x2104,0x10a2,0x18e3,0x1082,0x10a2,0x1082,0x18c3,0x1082,0x1082,
  0x1082,0x18e3,0x10a2,0x39e7,0x31a6,0x1082,0x18c3,0x1082,0x18e3,0x3186,0x39e7,0x5acb,0x630c,0x4a49,0x4228,0x630c,
  0x4a49,0x4a49,0x4228,0x5acb,0x7bcf,0x7bef,0x9cd3,0x9cf3,0x8430,0x9492,0xad55,0xad55,0xb5b6,0xbdd7,0xa534,0xa534,
  0xa514,0xa514,0xad75,0xad75,0xa514,0x8c71,0xad75,0xad55,0x9cf3,0x94b2,0xb596,0xad55,0xa534,0xa534,0x9cd3,0x94b2,
  0xb596,0xb5b6,0xa514,0xad55,0xa514,0x9492,0x8c71,0x738e,0x4228,0x528a,0x52aa,0x4228,0x2945,0x39e7,0x39c7,0x31a6,
  0x2945,0x18c3,0x2104,0x18c3,0x10a2,0x10a2,0x2104,0x10a2,0x18e3,0x18c3,0x10a2,0x1082,0x18c3,0x10a2,0x10a2,0x10a2,
  0x1082,0x1082,0x1082,0x10a2,0x1082,0x1082,0x1082,0x0861,0x0841,0x0861,0x1082,0x0861,0x0861,0x0861,0x0861,0x0861,
  0x0861,0x0861,0x1082,0x0861,0x0861,0x0861,0x0861,0x0861,0x0861,0x0841,0x0841,0x0841,0x0841,0x0841,0x0841,0x0841,
  0x0861,0x0841,0x0841,0x0020,0x0020,0x0020,0x0020,0x0000,0x0820,0x1061,0x1081,0x1061,0x1061,0x1061,0x1061,0x1061,
  0x5aeb,0xa514,0xce59,0xbdf7,0xa514,0x9492,0x73ae,0x8410,0x4a6a,0x8471,0xe77c,0xe73a,0xf77a,0xf759,0xeef8,0xf739,
  0xf77a,0xf79b,0xf79b,0xf79b,0xf77b,0xf79b,0xffbc,0xf79b,0xffbc,0xffbc,0xffbc,0xffdc,0xffdc,0xf79b,0xffdc,0xf77b,
  0xf79c,0xffdd,0xffdd,0xffbd,0xffbd,0xf77c,0xf79c,0xff9c,0xff9d,0xff9d,0xffdd,0xffbd,0xf79c,0xf75c,0xffdd,0xffbd,
  0xef5b,0xf79c,0xf79c,0xf79c,0xef7c,0xdefb,0xd6bb,0xce9b,0xc65a,0xc65a,0xce9b,0xc67b,0xbe39,0xb5f9,0xb5d8,0xadb7,
  0xbe5a,0xc69b,0xbe59,0xadb7,0xad96,0xad76,0xad76,0xad96,0x9cf4,0xa535,0xbe18,0xbe18,0xb5b7,0xbe18,0xc639,0xad96,
  0x632c,0x6b6d,0x738e,0x9cd3,0x5acb,0x632c,0x8c71,0x7bcf,0x7bcf,0xa555,0xb5b6,0xa535,0x9cf3,0xa534,0x8c71,0x52cb,
  0x528a,0x39e7,0x39e7,0x4a49,0x528a,0x528a,0x7bcf,0x9cf4,0x8c72,0x8431,0x9492,0x528a,0x39e7,0x18c3,0x5acb,0x2124,
  0x2104,0x630c,0x8410,0x52aa,0x1081,0x18c3,0x1082,0x1082,0x10a2,0x1082,0x10a2,0x10a2,0x18c3,0x18c3,0x18c3,0x1082,
  0x1082,0x7bef,0x5acb,0x528a,0x5acb,0x4a49,0x4a69,0x6b4d,0x4a69,0x4208,0x4228,0x4228,0x630c,0x3186,0x18c3,0x3186,
  0x39e7,0x4a69,0x2124,0x18c3,0x18e3,0x0861,0x10a2,0x18c3,0x18c3,0x18c3,0x0861,0x2124,0x2124,0x18e3,0x2124,0x18e3,
  0x18c3,0x2124,0x2104,0x2945,0x2124,0x2945,0x2124,0x2104,0x10a2,0x2104,0x0861,0x39c7,0x5acb,0x31a6,0x1082,0x10a2,
  0x2124,0x18e3,0x2104,0x2965,0x3186,0x2124,0x2104,0x18e3,0x10a2,0x10a2,0x10a2,0x1082,0x1082,0x10a2,0x10a2,0x10a2,
  0x18e3,0x18c3,0x2124,0x2945,0x4208,0x2124,0x10a2,0x2104,0x18e3,0x31a6,0x3186,0x4a49,0x4208,0x4228,0x4228,0x39c7,
  0x4208,0x4208,0x528a,0x630c,0x8410,0x7bef,0x6b6d,0x8c71,0x9cf3,0x9cd3,0xad55,0xad75,0xad75,0xad75,0xa514,0xa534,
  0xa534,0x9cf3,0xa514,0xad55,0xa514,0x8410,0x8410,0xb596,0xad55,0x8430,0x9492,0xad75,0x9cf3,0xa534,0x94b2,0xad55,
  0x9492,0xa534,0x94b2,0xad55,0x9cf3,0x8c51,0x94b2,0x630c,0x5acb,0x6b6d,0x3186,0x4208,0x5aeb,0x4a49,0x2104,0x2965,
  0x39c7,0x39c7,0x2124,0x10a2,0x10a2,0x10a2,0x10a2,0x18e3,0x2124,0x10a2,0x10a2,0x1082,0x1082,0x10a2,0x18c3,0x1082,
  0x1082,0x1082,0x1082,0x1082,0x1082,0x1082,0x1082,0x1082,0x1082,0x0861,0x0861,0x1082,0x0861,0x0861,0x0861,0x0861,
  0x0841,0x0861,0x0861,0x0861,0x0861,0x0861,0x0861,0x0861,0x0841,0x0841,0x0841,0x0841,0x0841,0x0841,0x0841,0x0861,
  0x0841,0x0861,0x0841,0x0841,0x0841,0x0861,0x0020,0x0000,0x0020,0x1061,0x1081,0x1061,0x1061,0x1061,0x1061,0x1061,
  0x0020,0x1082,0x4228,0x8c51,0xbdf7,0xc638,0xce79,0x9cd3,0x5b0c,0x5b0c,0xdf1b,0xef7b,0xef5a,0xef39,0xf739,0xf759,
  0xf77a,0xf75a,0xf75a,0xf77a,0xf79b,0xff9b,0xf75a,0xef5a,0xf79c,0xffbc,0xf7bc,0xffdd,0xffdd,0xffbc,0xf79c,0xf77b,
  0xffbc,0xf79c,0xff9c,0xffbd,0xffbc,0xff9c,0xf79c,0xff9c,0xffbd,0xffbd,0xffbd,0xffdd,0xffbd,0xf77c,0xffdd,0xffdd,
  0xff9d,0xffbd,0xf79c,0xef3b,0xef7c,0xdf1b,0xc67a,0xce9b,0xc67a,0xc69b,0xce9b,0xcedc,0xc67a,0xb5d8,0xadb7,0xbe39,
  0xc67a,0xc67a,0xadb7,0x9d14,0xb5b7,0xad55,0xb5b7,0xb5b7,0xb5b7,0xb5f8,0xc639,0xb5d7,0x8431,0x94d3,0xb5d7,0xce59,
  0x7bef,0x4a69,0x5acb,0x9cf3,0x630c,0x4208,0x4a69,0x632c,0x7bf0,0xb5d7,0xad76,0x9cf3,0x8451,0x8430,0x8431,0x8410,
  0x5aeb,0x5aeb,0x8c71,0x8c71,0x7bf0,0x8c51,0x8431,0x6b6e,0x73ae,0x9492,0x8430,0x5aeb,0x39c7,0x18c3,0x2104,0x4228,
  0x1082,0x52aa,0x8c71,0x7bce,0x3185,0x18e3,0x31a6,0x10a2,0x10a2,0x0861,0x10a2,0x18c3,0x18c3,0x18c3,0x18e3,0x18e3,
  0x0841,0x4a69,0x9492,0x4a69,0x73ae,0x630c,0x5acb,0x6b4d,0x39c7,0x39e7,0x4a49,0x4208,0x5aeb,0x31a6,0x18e3,0x5acb,
  0x4a49,0x18c3,0x3186,0x2104,0x2965,0x10a2,0x10a2,0x2104,0x18e3,0x18c3,0x0861,0x18c3,0x18e3,0x2124,0x2945,0x4208,
  0x18e3,0x2124,0x2124,0x18e3,0x18e3,0x2104,0x2124,0x2104,0x1082,0x10a2,0x1082,0x2104,0x4228,0x52aa,0x31a6,0x31a6,
  0x2104,0x10a2,0x18c3,0x2965,0x2945,0x2124,0x18c3,0x10a2,0x18e3,0x18e3,0x10a2,0x1082,0x1082,0x10a2,0x18c3,0x1082,
  0x18c3,0x2124,0x2945,0x2104,0x4208,0x39c7,0x18e3,0x2104,0x18e3,0x2965,0x2945,0x2965,0x39e7,0x4208,0x5aeb,0x4228,
  0x4a69,0x630c,0x6b6d,0x6b4d,0x8430,0x9cd3,0x7bef,0x7bef,0x8410,0x8c71,0x8c51,0xa534,0xa514,0x94b2,0x94b2,0xa514,
  0xa514,0xad55,0xad75,0xa514,0xa514,0x73ae,0x8410,0xb596,0xad75,0x9cf3,0x9cf3,0xb5b6,0xa514,0x94b2,0xad55,0xb596,
  0xad75,0xb596,0x8430,0x94b2,0xa534,0x8430,0x8430,0x52aa,0x5acb,0x31a6,0x4208,0x3186,0x5acb,0x4a49,0x4208,0x39c7,
  0x2965,0x2945,0x39e7,0x2104,0x10a2,0x1082,0x10a2,0x2104,0x18c3,0x10a2,0x10a2,0x1082,0x1082,0x10a2,0x18c3,0x10a2,
  0x1082,0x1082,0x10a2,0x10a2,0x1082,0x1082,0x1082,0x1082,0x1082,0x0861,0x1082,0x1082,0x0861,0x0841,0x0861,0x0861,
  0x0841,0x0861,0x0861,0x0861,0x0861,0x0841,0x0841,0x0841,0x0841,0x0861,0x0841,0x0861,0x0841,0x0020,0x0841,0x0841,
  0x0841,0x0841,0x0841,0x0841,0x0841,0x0841,0x0020,0x0000,0x0020,0x1061,0x1081,0x1061,0x1061,0x1061,0x1061,0x1061,
  0x8c71,0x5aeb,0x10a2,0x10a2,0x2965,0x4a49,0x8c71,0xbdf8,0xc619,0x94b3,0xbe17,0xefbd,0xe73a,0xef39,0xf77a,0xef59,
  0xf77a,0xf77a,0xef39,0xf77a,0xef39,0xf75a,0xf77a,0xf77b,0xf79c,0xffbc,0xf79c,0xf79c,0xffbc,0xffdd,0xef5b,0xf77b,
  0xffdd,0xef3b,0xf75b,0xffbd,0xffbc,0xffbc,0xf77c,0xff9c,0xffbd,0xffdd,0xffbd,0xffbd,0xffbd,0xffbd,0xffdd,0xffbd,
  0xf79c,0xff9c,0xffbc,0xf77c,0xf7bd,0xe75c,0xc67a,0xcedc,0xd6fc,0xcebb,0xc69b,0xc67b,0xc67a,0xadd8,0xadb8,0xc69b,
  0xce9b,0xb5f8,0xad96,0xadb6,0xad76,0xad96,0xa535,0xb5b7,0xb5d7,0xc659,0xc67a,0xb5b7,0x94d3,0x9cf3,0x8431,0xc638,
  0xad75,0x4228,0x528a,0x738e,0x5aeb,0x7bef,0x52aa,0x5acb,0x8431,0xb5b7,0xad96,0x9d14,0x8410,0x73af,0x8c72,0x8431,
  0x39e7,0x632c,0x6b4d,0x9492,0x8431,0xa514,0x9cf4,0x9cd3,0x7bef,0x528a,0x2945,0x2945,0x18c3,0x1082,0x2104,0x5aeb,
  0x3186,0x31a6,0x6b4d,0x4a49,0x31a6,0x10a2,0x2945,0x2124,0x2124,0x1082,0x1082,0x18c3,0x10a2,0x18c3,0x18c3,0x2124,
  0x18c3,0x3186,0x7bef,0x52aa,0x7bcf,0x528a,0x4228,0x4a49,0x528a,0x4a49,0x4228,0x31a6,0x4228,0x4208,0x3186,0x2965,
  0x2965,0x2124,0x2965,0x2124,0x2945,0x2945,0x1082,0x18c3,0x18c3,0x18c3,0x0861,0x10a2,0x2104,0x1082,0x2945,0x4208,
  0x39c7,0x2945,0x2945,0x18c3,0x2124,0x2124,0x18e3,0x10a2,0x1082,0x31a6,0x3186,0x0861,0x0020,0x6b4d,0x632c,0x39e7,
  0x3186,0x3186,0x18c3,0x0861,0x10a2,0x2124,0x2945,0x2124,0x2965,0x18e3,0x18c3,0x1082,0x1082,0x1082,0x10a2,0x10a2,
  0x10a2,0x1082,0x2124,0x2965,0x2124,0x39c7,0x18e3,0x18e3,0x18e3,0x31a6,0x4208,0x39c7,0x2945,0x2945,0x4228,0x528a,
  0x39e7,0x7bef,0x738e,0x4a49,0x5acb,0x8c71,0x8c71,0x8c51,0x6b4d,0x7bcf,0x9492,0x9cd3,0xad55,0x9cd3,0x94b2,0xa534,
  0x9cf3,0x94b2,0xa534,0xad55,0x94b2,0x9492,0x9cf3,0x9492,0xa514,0xa514,0xa514,0xa534,0x9cd3,0xa514,0xb5b6,0xa534,
  0xb596,0xb5b6,0xad55,0x94b2,0xa514,0x8c71,0x8410,0x632c,0x6b4d,0x528a,0x31a6,0x2965,0x39c7,0x10a2,0x4208,0x4228,
  0x18c3,0x2124,0x39c7,0x18e3,0x18e3,0x10a2,0x10a2,0x10a2,0x10a2,0x10a2,0x10a2,0x10a2,0x10a2,0x10a2,0x18c3,0x10a2,
  0x1082,0x10a2,0x10a2,0x1082,0x1082,0x1082,0x1082,0x1082,0x1082,0x0861,0x0861,0x0861,0x0861,0x0841,0x0841,0x0861,
  0x0841,0x0841,0x0861,0x0861,0x0861,0x0861,0x0861,0x0861,0x0841,0x0841,0x0841,0x0861,0x0020,0x0861,0x0861,0x0841,
  0x0020,0x0841,0x0020,0x0020,0x0841,0x1082,0x0020,0x0000,0x0020,0x1061,0x1081,0x1061,0x1061,0x1061,0x1061,0x1061,
  0xa534,0xb596,0x73ae,0x9cf3,0xa514,0x632c,0x4228,0x4a8a,0x7baf,0xa535,0xadd6,0xf7ff,0xe73b,0xe6fa,0xef5b,0xef3a,
  0xf75a,0xf75a,0xef39,0xef39,0xef39,0xf79b,0xffdc,0xffbc,0xf79c,0xf79c,0xf79c,0xf77b,0xffbc,0xffbc,0xf7bc,0xffbc,
  0xff9c,0xff9c,0xff9c,0xffdd,0xffbc,0xffbc,0xffbd,0xffbc,0xffbd,0xffdd,0xf77c,0xffbc,0xffbc,0xffbc,0xffdd,0xffdd,
  0xffdd,0xffbd,0xffbd,0xffdd,0xf7bd,0xe73c,0xc69a,0xcebb,0xcebb,0xce9b,0xc67a,0xc69b,0xc69b,0xb619,0xbe19,0xcebc,
  0xb619,0xb5f8,0xb5d7,0xb5f7,0xa555,0xad55,0xad75,0xad96,0xbe39,0xc67a,0xb5d7,0xad96,0xa555,0x8c91,0x9492,0xb596,
  0xad75,0x8c71,0x52aa,0x5acb,0x630c,0x6b4d,0x4208,0x528a,0xad96,0xb5d7,0xa555,0x9cf4,0xa514,0xa555,0x8c92,0x9492,
  0x6b4d,0x5acb,0x8410,0x6b4d,0x7bef,0x8431,0x94b3,0x5acb,0x10a3,0x18c3,0x2104,0x0861,0x2124,0x2965,0x2945,0x5acb,
  0x31a6,0x31c6,0x52aa,0x528a,0x4a49,0x10a2,0x10a2,0x18c3,0x2945,0x18c3,0x0861,0x10a2,0x18c3,0x18c3,0x18e3,0x18e3,
  0x10a2,0x1082,0x4a69,0x4228,0x4208,0x5aeb,0x4a49,0x39c7,0x630c,0x4228,0x528a,0x2965,0x4228,0x4a69,0x4a69,0x2945,
  0x2965,0x2965,0x2965,0x2124,0x2965,0x3186,0x10a2,0x10a2,0x10a2,0x10a2,0x10a2,0x0841,0x2124,0x2124,0x10a2,0x2945,
  0x2945,0x2945,0x3186,0x18e3,0x2124,0x3186,0x2945,0x0861,0x1082,0x10a2,0x10a2,0x10a2,0x10a2,0x2124,0x738e,0x52aa,
  0x7bcf,0x5acb,0x4208,0x2965,0x10a2,0x1082,0x10a2,0x2124,0x2104,0x10a2,0x18c3,0x1082,0x1082,0x1082,0x1082,0x10a2,
  0x18c3,0x18c3,0x2124,0x2965,0x18e3,0x2945,0x18c3,0x2104,0x2965,0x2124,0x31a6,0x31a6,0x3186,0x3186,0x2965,0x4a49,
  0x39e7,0x4a49,0x632c,0x4a49,0x528a,0x8430,0x7bef,0x8410,0x6b4d,0x9cd3,0xa534,0x94b2,0x9cd3,0x9cd3,0x9cf3,0x8c71,
  0x73ae,0x8c71,0x9492,0x9cd3,0x9cd3,0x9cf3,0x8c71,0x9492,0x94b2,0x94b2,0xa514,0x9cf3,0xa514,0x9cd3,0x9cf3,0xad55,
  0xad55,0xad55,0xad55,0x9cd3,0x8c51,0x9cf3,0xa534,0x8c71,0x73ae,0x8c51,0x2124,0x4208,0x39e7,0x18e3,0x18e3,0x2945,
  0x39e7,0x39c7,0x2124,0x10a2,0x2104,0x18e3,0x10a2,0x10a2,0x10a2,0x1082,0x10a2,0x10a2,0x1082,0x1082,0x10a2,0x1082,
  0x1082,0x1082,0x1082,0x1082,0x1082,0x0861,0x1082,0x1082,0x1082,0x0861,0x0861,0x0861,0x0861,0x0841,0x0841,0x0861,
  0x0861,0x0020,0x0861,0x1082,0x0861,0x0861,0x0861,0x0861,0x0841,0x0841,0x0841,0x0861,0x0841,0x0861,0x0841,0x0020,
  0x0841,0x0841,0x0841,0x0841,0x0841,0x0020,0x0020,0x0000,0x0020,0x1061,0x1081,0x1061,0x1061,0x1061,0x1061,0x1061,
  0x39e7,0x630c,0x6b6d,0x94b2,0xbdf7,0xbdf7,0xb5b6,0x9492,0x8410,0x8c72,0x94d3,0xd6fc,0xef5d,0xef7d,0xef5c,0xe73b,
  0xef19,0xf75a,0xf75a,0xef19,0xf79b,0xffbc,0xf79c,0xef5b,0xf79b,0xf79b,0xf7bc,0xffbc,0xffdd,0xffbc,0xffbc,0xffbc,
  0xf77c,0xffbd,0xffbc,0xffbd,0xffbd,0xffdd,0xffdd,0xffbc,0xff9c,0xffbd,0xff9c,0xffbd,0xffdd,0xffdd,0xffbd,0xffdd,
  0xffbd,0xff9c,0xf79c,0xf79c,0xf79d,0xdf1b,0xc65a,0xc6bb,0xc69b,0xd6dc,0xc69b,0xc69b,0xc67a,0xc67a,0xc67b,0xc69b,
  0xadd8,0xbe39,0xbe18,0xbdf8,0xbdf8,0xa534,0xa535,0x8451,0xb5f8,0xc659,0xb5b7,0xad96,0xa534,0x9492,0xa554,0xad55,
  0xbdd7,0xa514,0x52aa,0x4a69,0x4228,0x2945,0x7bef,0x8c71,0xa514,0x9d14,0xa535,0x94d3,0xa535,0xb596,0xad55,0xb596,
  0x73cf,0x6b6e,0xad56,0x8431,0x52ab,0x52ab,0x73d0,0x2966,0x0841,0x18c3,0x2124,0x31a6,0x39c7,0x2945,0x2966,0x2945,
  0x39e7,0x5aec,0x5acb,0x6b6e,0x73ae,0x31a7,0x1082,0x18c3,0x18c3,0x18e3,0x1082,0x18c3,0x18e3,0x18c3,0x2124,0x18c3,
  0x18c2,0x1082,0x4a49,0x5acb,0x4208,0x4a49,0x39e7,0x52aa,0x5acb,0x528a,0x528a,0x52aa,0x4a49,0x4208,0x18e3,0x18e3,
  0x18e3,0x2124,0x2124,0x2945,0x18e3,0x3186,0x18c3,0x1082,0x10a2,0x18e3,0x18e3,0x0841,0x0861,0x18c3,0x31a6,0x2945,
  0x2945,0x3186,0x4a69,0x2124,0x2945,0x39c7,0x18c3,0x10a2,0x10a2,0x10a2,0x10a2,0x10a2,0x10a2,0x0861,0x4a49,0x39c7,
  0x630c,0x7bef,0x630c,0x6b4d,0x52aa,0x39c7,0x18c3,0x0861,0x1082,0x2965,0x2124,0x10a2,0x10a2,0x1082,0x10a2,0x10a2,
  0x18c3,0x18c3,0x1082,0x18c3,0x2965,0x31a6,0x2104,0x10a2,0x18e3,0x3186,0x2965,0x1082,0x31a6,0x39c7,0x2965,0x3186,
  0x39e7,0x2945,0x52aa,0x8c51,0x4208,0x528a,0x31a6,0x632c,0x7bcf,0x73ae,0x8430,0x8c51,0x9cf3,0x94b2,0x9492,0x9492,
  0x8c71,0x7bcf,0x8410,0x8430,0x8c51,0xa534,0x8c71,0x8430,0x94b2,0x9cf3,0x9cf3,0xb596,0xad55,0xad55,0x9cd3,0x8c51,
  0x6b4d,0x8c71,0xa514,0xa514,0x94b2,0x9cf3,0xa514,0x94b2,0x6b4d,0x630c,0x7bcf,0x5acb,0x18e3,0x3186,0x39c7,0x18c3,
  0x2945,0x52aa,0x3186,0x10a2,0x18c3,0x2104,0x18c3,0x1082,0x1082,0x1082,0x1082,0x10a2,0x10a2,0x1082,0x10a2,0x10a2,
  0x1082,0x1082,0x1082,0x1082,0x1082,0x1082,0x1082,0x1082,0x1082,0x1082,0x1082,0x0861,0x0861,0x0861,0x0861,0x0841,
  0x0861,0x0861,0x0841,0x0841,0x0861,0x0861,0x0861,0x0861,0x0841,0x0861,0x0861,0x0861,0x0841,0x0020,0x0841,0x1082,
  0x0020,0x0020,0x0841,0x0861,0x0861,0x0020,0x0000,0x0000,0x0840,0x1061,0x1061,0x1061,0x1081,0x1061,0x1061,0x1061,
  0x1082,0x0861,0x18c3,0x2104,0x528a,0x73ae,0x8c71,0xad75,0xce59,0xb5b7,0xa596,0xadb7,0xbe19,0xdf1c,0xe75d,0xe75c,
  0xe71a,0xef3a,0xef5a,0xef1a,0xf79b,0xf77b,0xf77c,0xf77c,0xffbc,0xf7bc,0xffdc,0xffbc,0xffdd,0xffdd,0xffdd,0xffdd,
  0xffdd,0xffdd,0xffbd,0xffbc,0xffbc,0xffbd,0xf79c,0xf77c,0xffbc,0xffbd,0xffdd,0xffbd,0xffbc,0xffdd,0xffbd,0xffdd,
  0xf77c,0xf77c,0xffbc,0xf7bc,0xf7bd,0xe73c,0xbe39,0xcedc,0xc69b,0xc67a,0xc69b,0xc65a,0xb619,0xc67b,0xc65a,0xbe3a,
  0xb619,0xb5f8,0xb618,0xb5d7,0xbdf8,0xb5d7,0xa555,0xa535,0xbe19,0xb5f8,0xbdf8,0xb5d7,0x9d14,0x9d14,0x9492,0x8c51,
  0xbdf7,0xbdd7,0x8c51,0x5acb,0x4228,0x632c,0xa514,0xbdd7,0xa535,0x7c10,0x9d14,0x9d14,0x94b3,0x94b3,0x94b3,0xa515,
  0x94d3,0x7bf0,0x73af,0x8431,0x7bf0,0x8c93,0x7c11,0x94b3,0x7bcf,0x39c7,0x39c7,0x4229,0x39c7,0x18e4,0x31a6,0x4a49,
  0x6b6e,0x73af,0x8c51,0x7bf0,0x8431,0x6b8e,0x0841,0x18e4,0x3186,0x10a2,0x10a2,0x1082,0x10a2,0x2965,0x2124,0x10a2,
  0x10a2,0x0861,0x2945,0x6b6d,0x52aa,0x39c7,0x4a49,0x4228,0x39c7,0x52aa,0x5acb,0x4a69,0x4a49,0x2965,0x10a2,0x2965,
  0x2945,0x31a6,0x10a2,0x2124,0x10a2,0x2945,0x2124,0x0841,0x10a2,0x2104,0x18e3,0x1082,0x0861,0x0861,0x2945,0x4a49,
  0x39c7,0x3186,0x39c7,0x2965,0x2124,0x3186,0x2945,0x1082,0x10a2,0x18c3,0x18c3,0x10a2,0x18c3,0x0861,0x2965,0x39e7,
  0x4228,0x7bef,0x630c,0x6b4d,0x6b4d,0x52aa,0x4228,0x2965,0x1082,0x1082,0x2124,0x2104,0x10a2,0x1082,0x1082,0x10a2,
  0x10a2,0x18c3,0x18c3,0x18e3,0x2124,0x2945,0x2945,0x18c3,0x1082,0x18e3,0x2965,0x18e3,0x2965,0x2965,0x18e3,0x18e3,
  0x2945,0x3186,0x4a49,0x6b4d,0x4228,0x39c7,0x6b4d,0x8c51,0x7bcf,0x5acb,0x5acb,0x8c51,0x94b2,0x8430,0xa514,0x9cd3,
  0x8c71,0x73ae,0x52aa,0x94b2,0x8c71,0x8430,0x738e,0x8c71,0x9cf3,0xa514,0x73ae,0x8410,0xa514,0xad75,0xa514,0x73ae,
  0x5aeb,0x8410,0x73ae,0x9cd3,0xa534,0x8c71,0x738e,0x9492,0x630c,0x31a6,0x632c,0x4208,0x2104,0x4208,0x4a49,0x2104,
  0x18e3,0x39c7,0x31a6,0x18e3,0x18c3,0x18e3,0x18c3,0x10a2,0x1082,0x1082,0x1082,0x1082,0x10a2,0x10a2,0x1082,0x1082,
  0x1082,0x1082,0x1082,0x1082,0x10a2,0x1082,0x1082,0x1082,0x1082,0x1082,0x0861,0x0861,0x0861,0x0841,0x0861,0x0841,
  0x0841,0x0861,0x0020,0x0841,0x0861,0x0861,0x0861,0x0861,0x0841,0x0841,0x0861,0x0841,0x0841,0x0020,0x0841,0x0020,
  0x0020,0x0020,0x0020,0x0020,0x0020,0x0000,0x0020,0x1082,0x0861,0x1061,0x1061,0x1061,0x1081,0x1061,0x1061,0x1061,
  0x18c3,0x18c3,0x10a2,0x10a2,0x1082,0x1082,0x2965,0x632c,0x6b8d,0xa575,0xbe18,0xbdf8,0xadb7,0xadb7,0xb5d8,0xce9b,
  0xe77d,0xefbd,0xefbc,0xef9b,0xf79b,0xf77b,0xf79c,0xff9c,0xffbc,0xffbc,0xf79b,0xf77b,0xffdc,0xffdd,0xffdd,0xf7bd,
  0xffbd,0xffdd,0xffdd,0xffdd,0xffdd,0xffdd,0xff9c,0xf77b,0xf77b,0xffdc,0xffdc,0xffbc,0xffdd,0xffdd,0xffdd,0xffbd,
  0xf77c,0xf79c,0xef7c,0xef9d,0xef9d,0xce9a,0xbe5a,0xce9b,0xc69b,0xbe5a,0xbe5a,0xbe7a,0xbe5a,0xc67b,0xbe39,0xadd8,
  0xc67a,0xbe5a,0xbe5a,0xb5d8,0xb5f8,0xb5d7,0xadb7,0xb5f8,0xc67a,0xb5f8,0xb5d7,0xb5f7,0xad75,0x9cf4,0x8c92,0x7bf0,
  0xb596,0xb596,0x8431,0x6b6d,0x630c,0xb596,0xad55,0xb5b6,0x73cf,0x6b6e,0x73cf,0xad76,0x9d14,0x9d35,0xa556,0x8452,
  0x8452,0x8492,0x94f4,0x8c73,0x73d0,0x9cf5,0xa556,0xad77,0x8411,0x630d,0x528b,0x5aed,0x5aed,0x4a4a,0x632e,0x8432,
  0x7bd0,0x738f,0x738f,0x7bf1,0xa535,0x8431,0x2105,0x18e4,0x18e3,0x10a2,0x1082,0x10a2,0x18c3,0x18e3,0x18c3,0x20e4,
  0x2104,0x18c3,0x1061,0x5289,0x738e,0x31a6,0x7bce,0x6b8d,0x4a69,0x4a49,0x52aa,0x31a6,0x39c7,0x39e7,0x2124,0x1082,
  0x31a6,0x39c7,0x4208,0x2945,0x2965,0x18e3,0x2104,0x0841,0x10a2,0x18e3,0x1082,0x18c3,0x0841,0x4208,0x4208,0x2104,
  0x31a6,0x2965,0x2124,0x39c7,0x2124,0x18c3,0x18e3,0x10a2,0x10a2,0x18c3,0x18e3,0x1082,0x10a2,0x1082,0x1082,0x2965,
  0x5acb,0x630c,0x6b6d,0x738e,0x632c,0x39c7,0x4208,0x4a49,0x4a69,0x2124,0x18e3,0x18e3,0x10a2,0x1082,0x1082,0x1082,
  0x18c3,0x10a2,0x10a2,0x10a2,0x2104,0x18e3,0x31a6,0x2104,0x10a2,0x2104,0x2945,0x18e3,0x18e3,0x18c3,0x18c3,0x2104,
  0x4a49,0x39c7,0x528a,0x39c7,0x4228,0x4a69,0x7bef,0x5acb,0x73ae,0x632c,0x630c,0x9cd3,0x9cf3,0x73ae,0x9492,0x8c51,
  0x632c,0x8c51,0x73ae,0x9cd3,0x9cd3,0x9492,0x7bef,0x7bcf,0x9cd3,0x9cf3,0x8430,0x94b2,0x94b2,0xa514,0x8c71,0xa534,
  0x8410,0x630c,0x73ae,0x8410,0x7bcf,0x8430,0x8430,0x8410,0x52aa,0x4228,0x39e7,0x2965,0x18c3,0x3186,0x528a,0x3186,
  0x2965,0x2104,0x10a2,0x18e3,0x2104,0x18e3,0x10a2,0x10a2,0x10a2,0x0861,0x1082,0x1082,0x10a2,0x1082,0x1082,0x10a2,
  0x10a2,0x1082,0x10a2,0x1082,0x1082,0x1082,0x1082,0x0861,0x1082,0x10a2,0x1082,0x0861,0x1082,0x0861,0x0841,0x0841,
  0x0841,0x0861,0x0841,0x0841,0x1082,0x0861,0x0841,0x0861,0x0841,0x0841,0x0841,0x0841,0x0841,0x0020,0x0000,0x0020,
  0x0000,0x0020,0x0020,0x0000,0x0000,0x0000,0x0020,0x10a2,0x0020,0x0020,0x0841,0x1061,0x1061,0x1061,0x1061,0x1061,
  0x0841,0x10a2,0x18e3,0x18e3,0x18c3,0x10a2,0x1082,0x0861,0x0841,0x2944,0x4a49,0x8c92,0xad76,0xadb7,0xbe39,0xb5f9,
  0xb5f8,0xc679,0xdf3c,0xef7c,0xf7bd,0xf79c,0xef5b,0xef5b,0xf79c,0xffbc,0xf79c,0xffbc,0xffdc,0xf7bc,0xffdd,0xf79c,
  0xffbd,0xffdd,0xffdd,0xffdd,0xffdd,0xffbd,0xffdd,0xffbd,0xf79b,0xf79b,0xf7bc,0xf7bc,0xffbc,0xffbd,0xffbc,0xffbc,
  0xffbd,0xffbd,0xf7bd,0xef9d,0xbe38,0xb5f8,0xc67a,0xce9b,0xcedc,0xbe7a,0xbe7a,0xc69b,0xc67a,0xb5f8,0xbe19,0xad97,
  0xc67b,0xc69b,0xbe19,0xadd8,0xad97,0xb5f8,0xad96,0xa555,0xad96,0xb5d7,0xb5b7,0xad96,0xa514,0xa535,0xa534,0x9cd3,
  0xad55,0xa535,0x9cd3,0x3186,0x8430,0xb5d7,0xad96,0x8c93,0x7c10,0x73f0,0x7c10,0xa576,0xad96,0xadb7,0xad76,0x9d15,
  0x9d14,0x94b3,0x94b3,0x8451,0x8410,0x8431,0x9492,0x8c52,0x8410,0x7bf0,0x73af,0x738e,0x738e,0x9492,0x94b3,0x94d3,
  0x73d0,0x6b6f,0x7bf1,0x9cf4,0xa556,0x9493,0x7bf0,0x634d,0x2946,0x39a7,0x3186,0x10a3,0x10a3,0x2125,0x18c3,0x18e3,
  0x18e3,0x18e3,0x0841,0x39a6,0x5aeb,0x39c7,0x6b2d,0x6b4d,0x73ae,0x4228,0x2965,0x39c7,0x738e,0x4a69,0x39e7,0x2124,
  0x1082,0x2945,0x528a,0x39c7,0x3186,0x2965,0x18e3,0x10a2,0x1082,0x18c3,0x10a2,0x18c3,0x0020,0x4208,0x6b4d,0x1082,
  0x2945,0x39c7,0x2965,0x2965,0x39c7,0x1082,0x2104,0x18e3,0x10a2,0x10a2,0x10a2,0x10a2,0x18e3,0x18c3,0x1082,0x3186,
  0x39e7,0x52aa,0x4228,0x4a49,0x4a49,0x528a,0x39e7,0x31a6,0x738e,0x8c71,0x3186,0x10a2,0x10a2,0x1082,0x1082,0x1082,
  0x10a2,0x1082,0x10a2,0x10a2,0x18c3,0x2124,0x52aa,0x39c7,0x10a2,0x10a2,0x10a2,0x10a2,0x18c3,0x18e3,0x18e3,0x2104,
  0x4208,0x4208,0x39e7,0x4228,0x31a6,0x632c,0x5acb,0x73ae,0x9cf3,0x8410,0x738e,0x7bcf,0x73ae,0x8c51,0x8c51,0x5acb,
  0x6b4d,0x9cd3,0x8430,0x6b6d,0x9cf3,0x8c51,0x8c71,0x73ae,0x8c51,0x9cf3,0x94b2,0x8c51,0x9cf3,0xa514,0x8410,0x8430,
  0x8c71,0x5aeb,0x8430,0x7bcf,0x738e,0x8430,0x8410,0x8c51,0x5acb,0x528a,0x4228,0x31a6,0x2965,0x2104,0x39e7,0x52aa,
  0x18e3,0x2104,0x18e3,0x18e3,0x2104,0x2104,0x18c3,0x2104,0x10a2,0x1082,0x0861,0x1082,0x10a2,0x1082,0x1082,0x10a2,
  0x10a2,0x1082,0x1082,0x1082,0x1082,0x1082,0x1082,0x0020,0x0861,0x1082,0x1082,0x1082,0x0861,0x0861,0x0841,0x0841,
  0x0841,0x0841,0x0861,0x0020,0x0861,0x1082,0x0841,0x0841,0x0841,0x0841,0x0841,0x0841,0x0841,0x0020,0x0020,0x0020,
  0x0020,0x0000,0x0000,0x0000,0x0000,0x0020,0x0020,0x0020,0x0000,0x0000,0x0841,0x0861,0x1061,0x1061,0x1061,0x1061,
  0x39c7,0x0841,0x18c3,0x18e3,0x10a2,0x10a2,0x10a2,0x10a2,0x1082,0x0840,0x0820,0x18e4,0x2125,0x2146,0x73d0,0xa577,
  0xb5f8,0xb5d8,0xad97,0xb5d7,0xdefb,0xef7d,0xef5c,0xe75b,0xf7bd,0xf7bc,0xf79b,0xf79b,0xf7bc,0xf79b,0xf79b,0xf79b,
  0xffdd,0xfffd,0xffdd,0xf7bd,0xf7dd,0xf7bc,0xf7bc,0xf7bc,0xffbc,0xef7b,0xf7bc,0xffdc,0xf7bc,0xf7bd,0xf7bc,0xf7bd,
  0xffdd,0xf7be,0xf7de,0xdf1b,0xb618,0xb618,0xbe39,0xb5f9,0xb619,0xcedc,0xcebb,0xcedc,0xce9b,0xb5d8,0xc659,0xbe19,
  0xbe39,0xbe39,0xc65a,0xb5d7,0x9cf4,0xad76,0xbdf8,0xad76,0xad96,0xb5d7,0xad75,0x7bcf,0x94b2,0x9492,0x8431,0x738e,
  0x9cd3,0xbdd7,0x8c51,0x4a6a,0xa576,0xad97,0xa556,0x8493,0xa576,0x8cd3,0x94f4,0xad76,0xa555,0x8c92,0x7c10,0x73ae,
  0x6b6c,0x738d,0x7bce,0x8c50,0x8c0f,0x6b2c,0x62aa,0x62ca,0x62ea,0x5a89,0x5248,0x4a48,0x4a48,0x5aca,0x6b4c,0x5aca,
  0x5aeb,0x5aeb,0x632c,0x7bef,0x8430,0x9492,0x9492,0x8431,0x6b4e,0x736f,0x528b,0x39a7,0x1083,0x2986,0x3186,0x1904,
  0x10c2,0x18e3,0x10a2,0x1082,0x4228,0x4a49,0x6b6e,0x5aec,0x738e,0x6b6d,0x4228,0x31a6,0x52aa,0x39c7,0x4228,0x3186,
  0x2945,0x2104,0x31a6,0x4208,0x39c7,0x18e3,0x2945,0x2124,0x0841,0x10a2,0x18c3,0x18e3,0x10a2,0x0861,0x4208,0x2965,
  0x18e3,0x4208,0x3186,0x2965,0x2124,0x18e3,0x10a2,0x18c3,0x10a2,0x10a2,0x18c3,0x18c3,0x10a2,0x10a2,0x1082,0x2945,
  0x39e7,0x3186,0x3186,0x18c3,0x2945,0x5acb,0x4228,0x630c,0x73ae,0x9492,0x528a,0x2104,0x10a2,0x18c3,0x1082,0x0861,
  0x1082,0x18c3,0x10a2,0x10a2,0x10a2,0x18e3,0x2104,0x4208,0x2124,0x1082,0x18c3,0x18c3,0x10a2,0x18e3,0x18e3,0x2945,
  0x4a69,0x528a,0x18e3,0x3186,0x31a6,0x630c,0x4208,0x630c,0x630c,0x632c,0x738e,0x7bef,0x52aa,0x6b6d,0x8c51,0x528a,
  0x6b4d,0x528a,0x8c51,0xa534,0x8c51,0x8430,0x6b4d,0x632c,0x9492,0x94b2,0x8c51,0x94b2,0x8c51,0x7bef,0x8430,0x4a69,
  0x3186,0x630c,0xa514,0x8c71,0x9492,0x73ae,0x2124,0x5acb,0x52aa,0x2124,0x31a6,0x39c7,0x2124,0x39c7,0x4a49,0x528a,
  0x2965,0x2104,0x2124,0x2965,0x18c3,0x18c3,0x18e3,0x2945,0x2104,0x18e3,0x1082,0x10a2,0x10a2,0x1082,0x1082,0x1082,
  0x10a2,0x10a2,0x1082,0x1082,0x1082,0x1082,0x10a2,0x0861,0x0861,0x0861,0x1082,0x1082,0x1082,0x0861,0x0861,0x0861,
  0x0841,0x0841,0x0020,0x0020,0x0841,0x1082,0x0861,0x0841,0x0861,0x0841,0x0841,0x0841,0x0841,0x0841,0x0841,0x0841,
  0x0020,0x0000,0x0000,0x0000,0x0020,0x0020,0x0020,0x0841,0x0000,0x0000,0x0841,0x1061,0x1061,0x1061,0x1061,0x1061,
  0xbdd7,0x738e,0x1082,0x0841,0x1082,0x10a2,0x10a2,0x10a2,0x18a2,0x18a2,0x0861,0x3186,0xbe18,0x8431,0x52cc,0x73f0,
  0x7410,0xa597,0xbe19,0xbe3a,0xad77,0xbe19,0xd6bb,0xe75c,0xffde,0xef9d,0xf79c,0xf79c,0xf79c,0xf79c,0xffbc,0xffbc,
  0xffdd,0xf79c,0xf79c,0xffdd,0xf7bc,0xf7bc,0xf79c,0xf79c,0xf79c,0xef5b,0xf79c,0xffdd,0xef5b,0xdefa,0xf7bd,0xfffe,
  0xfffe,0xe73c,0xd6db,0xc659,0xc69a,0xc67a,0xbe5a,0xbe3a,0xa5b7,0xc67a,0xadd8,0x73d0,0xa556,0xce9a,0xd6bb,0xc618,
  0xb5f8,0xbe18,0xbe39,0xb5b7,0xbdf7,0x94d3,0xa514,0xb5b6,0xb5b6,0xb596,0x8430,0x8410,0x8430,0x8c71,0x8430,0x8410,
  0xad96,0xb5f7,0xad97,0xc63a,0xb5d8,0xad97,0x9d35,0x94d4,0x8472,0x7c10,0x6b8e,0x73ce,0x8c70,0xa513,0xb574,0xc616,
  0xce57,0xd677,0xc5d4,0xb553,0xbd94,0xbd94,0xc5d5,0xcdf6,0xd637,0xde78,0xd677,0xd657,0xde98,0xd677,0xd657,0xce36,
  0xbdb5,0xbdb5,0xbdd5,0xad33,0xa512,0x9491,0x7bad,0x6b0c,0x6b0d,0x630d,0x62ec,0x630d,0x4a6a,0x4a6a,0x528a,0x2966,
  0x2104,0x18c3,0x2965,0x1082,0x630c,0x4208,0x736e,0x738e,0x7bef,0x5aeb,0x39c7,0x3186,0x630c,0x4a69,0x39e7,0x39e7,
  0x3186,0x2124,0x39e7,0x2124,0x18e3,0x18e3,0x2124,0x4a69,0x18e3,0x1082,0x18c3,0x10a2,0x18c3,0x0841,0x4208,0x528a,
  0x2945,0x2124,0x2124,0x39c7,0x39c7,0x2104,0x18c3,0x10a2,0x10a2,0x18e3,0x18c3,0x1082,0x1082,0x18e3,0x10a2,0x1082,
  0x4208,0x2945,0x2965,0x31a6,0x3186,0x2965,0x3186,0x39c7,0x39e7,0x2965,0x2945,0x2104,0x10a2,0x18c3,0x1082,0x1082,
  0x1082,0x10a2,0x10a2,0x10a2,0x1082,0x2104,0x18e3,0x2965,0x2945,0x18e3,0x2945,0x18c3,0x31a6,0x4228,0x2124,0x2945,
  0x4a49,0x3186,0x18c3,0x2124,0x2945,0x5aeb,0x528a,0x5acb,0x4a49,0x5acb,0x630c,0x8410,0x5aeb,0x4228,0x8c51,0x6b4d,
  0x8410,0x6b4d,0x7bef,0x94b2,0x8c71,0x94b2,0x9cd3,0x5acb,0x738e,0x9cf3,0x8430,0x7bef,0x6b4d,0x7bcf,0x8c71,0xa514,
  0x6b6d,0x4a69,0x5acb,0x8430,0x9cd3,0x8410,0x632c,0x5acb,0x73ae,0x4a49,0x4208,0x2965,0x39e7,0x4208,0x4a49,0x528a,
  0x3186,0x2124,0x2965,0x2124,0x18c3,0x18e3,0x10a2,0x18c3,0x18e3,0x18c3,0x1082,0x10a2,0x1082,0x1082,0x1082,0x1082,
  0x1082,0x10a2,0x1082,0x1082,0x1082,0x10a2,0x1082,0x1082,0x1082,0x1082,0x0861,0x0861,0x0861,0x0861,0x0861,0x0841,
  0x0861,0x0861,0x0020,0x0000,0x0841,0x0861,0x0861,0x0841,0x0861,0x0861,0x0841,0x0841,0x0841,0x0841,0x0841,0x0841,
  0x0841,0x0020,0x0841,0x0020,0x0841,0x0020,0x0020,0x0020,0x0020,0x0020,0x0841,0x1061,0x1081,0x1061,0x1061,0x1061,
  0x5aeb,0xa514,0x9cd3,0x4228,0x0021,0x0841,0x10a3,0x10a2,0x10a2,0x10a2,0x18e3,0x0882,0x8451,0xffff,0xf7df,0xd6fc,
  0xb617,0xb618,0xa556,0x94d4,0xa557,0xadb8,0xb5d8,0xc67a,0xce9a,0xdefb,0xef7d,0xef5d,0xef9d,0xf79d,0xf79c,0xf7bc,
  0xffbc,0xf79b,0xf79c,0xf7bc,0xf79b,0xffdc,0xff9b,0xf77b,0xf79c,0xe73a,0xf7bd,0xf7bd,0xe71b,0xef7d,0xef7d,0xe75c,
  0xdf1c,0xce9a,0xc67a,0xc67a,0xcebb,0xc69b,0xbe5a,0xbe5a,0xbe5a,0xbe19,0xb5d8,0x6baf,0x426a,0x5aec,0x6b6e,0xb596,
  0xce7a,0xc638,0xbdf7,0xb5b6,0x9cd3,0x8430,0x7bef,0xa534,0xc618,0xb5b6,0x9cd2,0x8c51,0xad55,0x94b3,0x73af,0x6b8e,
  0x7c51,0xa576,0xbe19,0xbe18,0xb5b7,0x8431,0x8410,0x840f,0x8c71,0xb596,0xce58,0xd699,0xe6d9,0xe6d8,0xde77,0xcdf4,
  0xa4d0,0x9caf,0xad11,0xd656,0xef19,0xff7a,0xff9b,0xff7b,0xff7b,0xffdd,0xff9c,0xff7b,0xff9c,0xff9b,0xffbc,0xffbc,
  0xffbc,0xffdc,0xffdc,0xffbc,0xffbc,0xff7b,0xef3b,0xde99,0xc5d6,0x9cb2,0x83ef,0x738e,0x6b4d,0x632d,0x8411,0x632e,
  0x4209,0x2966,0x2946,0x10a3,0x3186,0x4248,0x39e7,0x4a69,0x630b,0x2965,0x0000,0x2945,0x4a69,0x4228,0x31a6,0x10a2,
  0x1082,0x2104,0x2124,0x39c7,0x2965,0x2965,0x18c3,0x3186,0x2104,0x0861,0x10a2,0x10a2,0x18c3,0x0861,0x2945,0x4a69,
  0x2965,0x2945,0x18e3,0x3186,0x2124,0x2104,0x3186,0x2124,0x18c3,0x10a2,0x18c3,0x1082,0x1082,0x10a2,0x10a2,0x10a2,
  0x2945,0x39e7,0x31a6,0x3186,0x2104,0x18e3,0x18c3,0x10a2,0x18c3,0x18c3,0x2104,0x18e3,0x10a2,0x10a2,0x10a2,0x10a2,
  0x1082,0x10a2,0x10a2,0x18c3,0x10a2,0x2124,0x2104,0x18c3,0x18e3,0x18c3,0x18e3,0x18c3,0x2104,0x3186,0x2124,0x3186,
  0x2124,0x18c3,0x2124,0x18e3,0x4a49,0x630c,0x4208,0x73ae,0x630c,0x7bef,0x7bef,0x5acb,0x8410,0x73ae,0x6b4d,0x630c,
  0x73ae,0x7bef,0x8430,0x7bef,0x632c,0x9492,0x630c,0x6b6d,0x6b4d,0x7bef,0x8410,0x7bcf,0x8410,0xa514,0xa514,0x8410,
  0x8410,0x7bcf,0x2124,0x632c,0x39c7,0x4228,0x73ae,0x73ae,0x5aeb,0x4228,0x31a6,0x39e7,0x2124,0x39c7,0x3186,0x2945,
  0x39e7,0x31a6,0x2104,0x2104,0x2945,0x18c3,0x10a2,0x18c3,0x10a2,0x18c3,0x1082,0x1082,0x10a2,0x1082,0x1082,0x1082,
  0x1082,0x10a2,0x10a2,0x1082,0x1082,0x1082,0x1082,0x1082,0x1082,0x1082,0x0861,0x0861,0x0861,0x0841,0x0861,0x0861,
  0x0841,0x0861,0x0841,0x0020,0x0841,0x0841,0x0841,0x0841,0x0861,0x0861,0x0841,0x0841,0x0841,0x0841,0x0841,0x0020,
  0x0020,0x0841,0x0841,0x0020,0x0020,0x0841,0x0841,0x0861,0x0020,0x0000,0x0841,0x1061,0x1061,0x1061,0x1061,0x1061,
  0x0862,0x4208,0xa514,0xad55,0x73ae,0x18c3,0x0021,0x1082,0x10a2,0x10c2,0x18e3,0x18e3,0x2145,0x634d,0xbe18,0xefdf,
  0xf7de,0xe77d,0xd6da,0xb5d7,0x94d3,0x5b0d,0x6b6f,0xad97,0xbdf8,0xb5d8,0xad97,0xce9a,0xef7e,0xf7df,0xf7be,0xffde,
  0xfffd,0xfffd,0xffdd,0xf79c,0xef7b,0xffdc,0xffbc,0xf7bc,0xf7bd,0xf7bd,0xf7bd,0xdefb,0xd6da,0xd6fb,0xce9a,0xce9a,
  0xc67a,0xc67a,0xbe5a,0xc67a,0xc67b,0xbe39,0xbe7a,0xc69b,0xbe7a,0xb619,0xc67b,0xcebb,0xbe19,0x9d15,0x634e,0x6baf,
  0x6b8e,0x9d14,0xc639,0xbdf7,0xa555,0x7c10,0x632c,0x7bcf,0xa514,0x6b6d,0x7bcf,0xa514,0x9cf4,0x8c51,0x8431,0x8c72,
  0x9d14,0xb618,0x9d34,0x8c71,0x8c70,0xad53,0xce57,0xef3b,0xef1b,0xd657,0xc5b5,0xad32,0xbd93,0xc593,0xad10,0xad10,
  0xc5d4,0xeef8,0xff9a,0xff9a,0xf759,0xff9a,0xf739,0xf719,0xf73a,0xff7b,0xff7b,0xff7b,0xf73a,0xf75a,0xf75a,0xef19,
  0xff5a,0xf759,0xf739,0xf759,0xf759,0xf739,0xff7b,0xff7b,0xffdd,0xffbd,0xdeda,0xc5f7,0x9cb2,0x738e,0x738e,0x83f0,
  0x8c52,0x6b6e,0x4a49,0x4229,0x0862,0x52aa,0x4a69,0x4207,0x3186,0x4a49,0x2124,0x1082,0x39c7,0x4a49,0x2104,0x10a2,
  0x18c3,0x2104,0x2104,0x4a69,0x2945,0x39c7,0x2965,0x2965,0x18c3,0x0841,0x1082,0x10a2,0x18e3,0x10a2,0x0861,0x528a,
  0x3186,0x3186,0x2965,0x2104,0x10a2,0x2124,0x31a6,0x4228,0x2965,0x10a2,0x10a2,0x10a2,0x10a2,0x10a2,0x10a2,0x10a2,
  0x18c3,0x31a6,0x18e3,0x18e3,0x10a2,0x18c3,0x18c3,0x10a2,0x10a2,0x1082,0x1082,0x18e3,0x18e3,0x18e3,0x18c3,0x1082,
  0x1082,0x18c3,0x18c3,0x1082,0x10a2,0x10a2,0x18c3,0x10a2,0x39c7,0x2104,0x1082,0x18e3,0x10a2,0x18c3,0x18c3,0x2104,
  0x2945,0x18e3,0x31a6,0x5acb,0x5aeb,0x52aa,0x31a6,0x528a,0x630c,0x630c,0x738e,0x632c,0x73ae,0x8430,0x8c51,0x738e,
  0x73ae,0x9cd3,0x7bcf,0x6b4d,0x630c,0x73ae,0x5aeb,0x7bcf,0x8410,0x5aeb,0x52aa,0x4a49,0x630c,0x738e,0x9492,0x7bef,
  0x6b4d,0x738e,0x39e7,0x39c7,0x10a2,0x18e3,0x2124,0x528a,0x5aeb,0x5aeb,0x3186,0x4208,0x2945,0x4208,0x3186,0x18e3,
  0x4228,0x528a,0x18e3,0x2104,0x2965,0x18c3,0x18c3,0x10a2,0x18c3,0x10a2,0x10a2,0x1082,0x10a2,0x10a2,0x1082,0x10a2,
  0x1082,0x1082,0x10a2,0x10a2,0x0861,0x1082,0x1082,0x1082,0x1082,0x1082,0x0861,0x1082,0x1082,0x0861,0x0861,0x0841,
  0x0841,0x0861,0x1082,0x0861,0x0841,0x0841,0x0841,0x0841,0x0841,0x0841,0x0841,0x0861,0x0841,0x0841,0x0841,0x0020,
  0x0841,0x0020,0x0000,0x0020,0x0841,0x0841,0x0841,0x0841,0x0020,0x0000,0x0841,0x1061,0x1061,0x1061,0x1061,0x1061,
  0x1082,0x0841,0x3166,0x8c71,0xb596,0xa514,0x5aeb,0x0000,0x0020,0x10a2,0x10a2,0x10a2,0x10a2,0x0041,0x10a3,0x632d,
  0xdefc,0xe75d,0xe73b,0xef9c,0xdf1a,0xb5b6,0x7c10,0x6b8f,0x7bf1,0xa556,0xc65a,0xc67a,0xbe39,0xbe39,0xcedb,0xdf3c,
  0xef9d,0xf7de,0xf7fe,0xf7be,0xf7de,0xfffe,0xef9d,0xef7c,0xe75c,0xceba,0xadb6,0xa575,0xbe39,0xb5f8,0xbe59,0xc67a,
  0xbe59,0xbe59,0xbe19,0xc67a,0xbe3a,0xbe5a,0xbe7a,0xbe7a,0xc69a,0xbe5a,0xbe5a,0xbe3a,0xbe19,0xbe5a,0xce9b,0xb5d8,
  0x8452,0x6b8e,0x632d,0x8c92,0xbe18,0xa555,0x6b4d,0x632d,0x73cf,0x5b0c,0x8c92,0xa535,0x9cf4,0xad97,0xbdd7,0xad55,
  0x9cd3,0x9492,0xad54,0xce57,0xe6f9,0xded8,0xce16,0xc5b4,0xbd74,0xbd53,0xd636,0xeef9,0xeef8,0xc5b3,0xbd72,0xe6d7,
  0xff7a,0xf77a,0xf77a,0xff7a,0xf75a,0xef39,0xf77a,0xef19,0xef19,0xf73a,0xf739,0xf75a,0xf75a,0xff7b,0xf75a,0xf75a,
  0xf759,0xf75a,0xff7a,0xf779,0xf77a,0xf77a,0xf75a,0xef3a,0xf77b,0xf77b,0xf77b,0xffdd,0xff9d,0xdeda,0xbdb6,0x8c10,
  0x7bef,0x7bf0,0x7bcf,0x6b6e,0x2145,0x3a08,0x6b4d,0x528a,0x2965,0x6b6d,0x52aa,0x0861,0x3186,0x2124,0x1082,0x18e3,
  0x18e3,0x18c3,0x18c3,0x18e3,0x3186,0x4228,0x2965,0x39c7,0x2965,0x0861,0x1082,0x18c3,0x10a2,0x10a2,0x0020,0x4208,
  0x6b4d,0x10a2,0x2104,0x39c7,0x18e3,0x2104,0x3186,0x18c3,0x2124,0x18c3,0x1082,0x10a2,0x10a2,0x10a2,0x10a2,0x18e3,
  0x1082,0x18e3,0x2945,0x18c3,0x10a2,0x18e3,0x18c3,0x1082,0x10a2,0x1082,0x1082,0x18c3,0x18c3,0x18c3,0x18c3,0x1082,
  0x1082,0x1082,0x1082,0x18c3,0x18e3,0x1082,0x10a2,0x18c3,0x39e7,0x2965,0x1082,0x10a2,0x39c7,0x2124,0x18c3,0x10a2,
  0x18e3,0x10a2,0x18e3,0x39e7,0x4a49,0x528a,0x39e7,0x4a49,0x4228,0x31a6,0x5aeb,0x738e,0x6b4d,0x632c,0x8c71,0x6b6d,
  0x4208,0x8c51,0x6b4d,0x5acb,0x73ae,0x2124,0x7bef,0x738e,0x6b6d,0x6b6d,0x528a,0x4a69,0x5aeb,0x39e7,0x528a,0x73ae,
  0x7bef,0x738e,0x6b4d,0x4a49,0x2104,0x2104,0x2965,0x18c3,0x2124,0x2945,0x10a2,0x39e7,0x4a49,0x4228,0x3186,0x2945,
  0x2124,0x2945,0x2104,0x2104,0x2104,0x10a2,0x10a2,0x10a2,0x18c3,0x10a2,0x18c3,0x1082,0x1082,0x1082,0x10a2,0x10a2,
  0x1082,0x1082,0x1082,0x10a2,0x0861,0x1082,0x1082,0x0861,0x0861,0x1082,0x1082,0x1082,0x1082,0x1082,0x0841,0x0841,
  0x0841,0x0861,0x0861,0x0861,0x0861,0x0841,0x0861,0x0841,0x0861,0x0861,0x0841,0x0841,0x0841,0x0841,0x0841,0x0841,
  0x0020,0x0020,0x0000,0x0020,0x0020,0x0841,0x0020,0x0020,0x0020,0x0000,0x0861,0x1061,0x1061,0x1061,0x1061,0x1061,
  0x10a3,0x0021,0x0000,0x18e4,0x5aeb,0x9cd3,0xad75,0x73af,0x31a6,0x0820,0x0841,0x10a2,0x18a3,0x18e3,0x2124,0x10a3,
  0x62ed,0xe71c,0xef5c,0xe75a,0xef9a,0xf7bc,0xef7c,0xc638,0x8431,0x4a8b,0x6b8f,0x9d36,0xc67a,0xce9b,0xb619,0xa576,
  0xadb6,0xb618,0xceba,0xd71c,0xdf5d,0xe7be,0xe77e,0xefbe,0xdf5d,0xc67a,0xbe18,0xbe39,0xbe19,0xb5f8,0xc65a,0xbe5a,
  0xb5f8,0xbe39,0xbe5a,0xbe3a,0xbe39,0xbe39,0xb618,0xb618,0xbe7a,0xbe5a,0xbe5a,0xc69b,0xbe5a,0xbe5a,0xb5f8,0xb5f8,
  0xbe39,0xbe18,0x8452,0x6b8e,0x9d14,0xc639,0xb5f8,0xad97,0xb5b7,0xa576,0x9d15,0xadb7,0xadb7,0x94b3,0x94b3,0xad55,
  0xb575,0xce57,0xd697,0xce36,0xce35,0xc5d4,0xcdf5,0xe6b9,0xff5b,0xf71a,0xeed8,0xcdf5,0xb531,0xd676,0xf79a,0xf79a,
  0xf75a,0xf75a,0xf77a,0xf77a,0xf77a,0xf75a,0xef19,0xff7b,0xff9b,0xf75a,0xef19,0xef39,0xf77a,0xff9a,0xf77a,0xff9a,
  0xff7a,0xf75a,0xf759,0xf77a,0xf77a,0xf77a,0xf77b,0xf79c,0xff9b,0xf79b,0xf75a,0xf75b,0xf77b,0xf77b,0xffdd,0xf75b,
  0xb575,0x7bef,0x7bef,0x8c72,0x7c10,0x6b6e,0x9493,0x52ab,0x52aa,0x6b6d,0x5aeb,0x4208,0x2104,0x18c3,0x1082,0x18c3,
  0x18c3,0x18c3,0x10a2,0x18c3,0x39c7,0x39c7,0x18e3,0x39c7,0x39c7,0x0861,0x10a2,0x2104,0x1082,0x18c3,0x1082,0x18c3,
  0x5aeb,0x3186,0x2965,0x31a6,0x2124,0x2945,0x3186,0x2965,0x2945,0x18e3,0x1082,0x10a2,0x18c3,0x18c3,0x10a2,0x10a2,
  0x1082,0x18c3,0x18e3,0x18e3,0x18c3,0x2124,0x2124,0x1082,0x10a2,0x1082,0x10a2,0x10a2,0x18c3,0x18c3,0x18c3,0x10a2,
  0x1082,0x0861,0x1082,0x10a2,0x18c3,0x10a2,0x1082,0x2104,0x2945,0x2124,0x18c3,0x18c3,0x2945,0x10a2,0x2104,0x2104,
  0x3186,0x2945,0x2965,0x2965,0x39c7,0x39e7,0x5aeb,0x5acb,0x4a49,0x5acb,0x528a,0x632c,0x8c71,0x52aa,0x630c,0x6b6d,
  0x632c,0x52aa,0x4a49,0x5aeb,0x5acb,0x31a6,0x630c,0x2124,0x4228,0x5acb,0x52aa,0x5acb,0x5aeb,0x73ae,0x4a69,0x2965,
  0x52aa,0x6b4d,0x528a,0x630c,0x52aa,0x4a69,0x4208,0x2124,0x2104,0x2104,0x18c3,0x2104,0x39e7,0x18e3,0x3186,0x18e3,
  0x18e3,0x18c3,0x2104,0x18e3,0x18c3,0x10a2,0x10a2,0x10a2,0x18c3,0x10a2,0x10a2,0x10a2,0x0861,0x1082,0x1082,0x1082,
  0x1082,0x1082,0x1082,0x10a2,0x0861,0x0861,0x1082,0x1082,0x1082,0x1082,0x1082,0x1082,0x1082,0x1082,0x0861,0x0841,
  0x0841,0x0841,0x0841,0x0861,0x0861,0x0841,0x0841,0x0841,0x0841,0x0841,0x0861,0x0841,0x0841,0x0841,0x0841,0x0841,
  0x0841,0x0020,0x0020,0x0841,0x0841,0x0020,0x0841,0x0020,0x0000,0x0000,0x0841,0x0861,0x1061,0x1061,0x1061,0x1061,
  0xbe19,0x7bf1,0x2966,0x0000,0x0000,0x18e3,0x528a,0xa554,0xa514,0x630c,0x2104,0x0021,0x0862,0x10a2,0x2103,0x4207,
  0x2946,0xa535,0xf7bd,0xef7c,0xef5a,0xf75a,0xff9c,0xffbd,0xef5c,0xc638,0x8472,0x52cb,0x52ab,0x73af,0xb5b7,0xbdd7,
  0xc65a,0xc659,0xb5d8,0xa576,0xa576,0xa576,0xad97,0xc67a,0xcebb,0xcebb,0xd6fc,0xd6fc,0xce9b,0xce9b,0xce7b,0xc65a,
  0xb619,0xb5d8,0xadd8,0xb5d8,0xbe59,0xbe59,0xb5f8,0xb639,0xb639,0xbe5a,0xb619,0xbe5a,0xc67a,0xbe5a,0xbe5a,0xbe39,
  0xbe59,0xb618,0xbe5a,0xbe3a,0xadd8,0xb5f9,0xbe39,0xb5f8,0xbe19,0xc65a,0xad56,0x9cb3,0x9471,0xad54,0xce17,0xce37,
  0xd656,0xde97,0xd676,0xe6d8,0xeef9,0xff7b,0xff9c,0xeed9,0xcdd4,0xb4f1,0xa48f,0x940d,0xde77,0xffbc,0xf77a,0xf77a,
  0xf75a,0xf75a,0xf73a,0xf77a,0xf77a,0xff7a,0xf73a,0xf75a,0xf75a,0xff7a,0xff7b,0xf75a,0xff7b,0xff7a,0xf73a,0xff7b,
  0xff9b,0xf75a,0xf739,0xff7a,0xf75a,0xff9b,0xff9b,0xf77a,0xf77b,0xf77b,0xf77a,0xf77b,0xf75a,0xef3a,0xf75b,0xff9b,
  0xffbc,0xe6fa,0xbdb5,0x7bce,0x73ae,0x8451,0x9d14,0x8493,0x634e,0x630c,0x528a,0x39e7,0x18c2,0x18c2,0x1082,0x10a2,
  0x10a3,0x10a2,0x18c3,0x0861,0x31a6,0x4228,0x18c3,0x18e3,0x39e7,0x2124,0x0841,0x10a2,0x18c3,0x18c3,0x18c3,0x0841,
  0x3186,0x4a49,0x39e7,0x39c7,0x3186,0x528a,0x2945,0x18e3,0x2124,0x2124,0x0861,0x10a2,0x10a2,0x10a2,0x1082,0x10a2,
  0x10a2,0x1082,0x18c3,0x2104,0x18e3,0x18c3,0x18c3,0x1082,0x1082,0x10a2,0x10a2,0x0861,0x2104,0x39c7,0x10a2,0x18c3,
  0x1082,0x0861,0x1082,0x10a2,0x10a2,0x10a2,0x1082,0x2104,0x2104,0x3186,0x2104,0x10a2,0x2104,0x18c3,0x2124,0x2945,
  0x2945,0x18e3,0x4a69,0x31a6,0x2104,0x31a6,0x4a69,0x5aeb,0x4a49,0x528a,0x738e,0x528a,0x39e7,0x630c,0x528a,0x4a69,
  0x73ae,0x6b4d,0x4228,0x39c7,0x6b6d,0x4208,0x7bcf,0x5aeb,0x4a49,0x4a49,0x632c,0x738e,0x4a49,0x5acb,0x6b6d,0x8430,
  0x630c,0x2965,0x2965,0x4a69,0x8c71,0x8c51,0x31a6,0x4228,0x2104,0x10a2,0x18e3,0x2104,0x2124,0x2104,0x18e3,0x2945,
  0x2965,0x2104,0x18e3,0x2124,0x18c3,0x10a2,0x10a2,0x10a2,0x10a2,0x10a2,0x10a2,0x10a2,0x0861,0x1082,0x1082,0x1082,
  0x1082,0x1082,0x1082,0x1082,0x1082,0x1082,0x1082,0x1082,0x1082,0x1082,0x1082,0x10a2,0x1082,0x0861,0x0861,0x0861,
  0x0841,0x0841,0x0861,0x0841,0x0861,0x0861,0x0841,0x0841,0x0841,0x0841,0x0841,0x0841,0x0841,0x0841,0x0020,0x0841,
  0x0020,0x0020,0x0020,0x0861,0x0841,0x0841,0x0020,0x0020,0x0020,0x1062,0x1062,0x1081,0x1081,0x1081,0x1081,0x1081,
  0xa535,0xdefd,0xce9b,0x73cf,0x18e3,0x0000,0x0841,0x2104,0x4a69,0x9492,0xb595,0x738e,0x10a2,0x0040,0x0841,0x39c7,
  0x9493,0x7bf0,0xbdf7,0xef9d,0xf7bd,0xf77c,0xef3b,0xf77c,0xf7be,0xffdf,0xef9e,0xce9b,0x94f4,0x39e9,0x10a3,0x2966,
  0x738e,0x8c72,0xc639,0xce7a,0xce9b,0xbe19,0xb5d8,0xadd8,0xadd8,0xb619,0xc67b,0xcebc,0xcebc,0xc67b,0xc69b,0xc65a,
  0xc69b,0xc69b,0xbe5a,0xadd8,0xadf8,0xb619,0xadd8,0xb619,0xb639,0xbe5a,0xb5f8,0xbe39,0xb619,0xbe19,0xb619,0xbe39,
  0xbe7a,0xb639,0xc67a,0xbe5a,0xadb7,0xb5f8,0xc67a,0xbe18,0xad76,0x8c72,0x94b2,0xbdd6,0xce37,0xd657,0xce16,0xd656,
  0xe6f8,0xf77a,0xff9b,0xff9b,0xff7a,0xeef9,0xbd32,0x942e,0xa44f,0xcdd4,0xacd0,0xd615,0xffbc,0xf75a,0xff9b,0xff7a,
  0xef19,0xf75a,0xff7a,0xf75a,0xf739,0xff5a,0xf75a,0xeef8,0xf75a,0xff7a,0xf75a,0xff7b,0xff7b,0xf739,0xf75a,0xf75a,
  0xf75a,0xf77a,0xf77a,0xff9b,0xff9b,0xff9b,0xff7b,0xf77a,0xff9b,0xffbb,0xff9b,0xff9b,0xf77b,0xf75b,0xff9b,0xff9b,
  0xf75b,0xf77b,0xffbc,0xe6d9,0x9490,0x634c,0x8c92,0x9d35,0x9d15,0x8431,0x4229,0x4a69,0x39c7,0x18e3,0x18e3,0x10a2,
  0x10a2,0x10a2,0x2104,0x18c3,0x18c3,0x3186,0x39e7,0x18c3,0x2124,0x31a6,0x1082,0x1082,0x10a2,0x10a2,0x18c3,0x0020,
  0x2965,0x5acb,0x0861,0x3186,0x4208,0x4208,0x2965,0x18e3,0x2104,0x2965,0x10a2,0x1082,0x18c3,0x1082,0x1082,0x1082,
  0x10a2,0x18c3,0x10a2,0x18c3,0x18c3,0x18c3,0x18e3,0x10a2,0x0861,0x1082,0x10a2,0x1082,0x10a2,0x2945,0x2104,0x2104,
  0x10a2,0x0861,0x0861,0x10a2,0x18c3,0x10a2,0x1082,0x18e3,0x2104,0x2965,0x39c7,0x18e3,0x10a2,0x18e3,0x18e3,0x18e3,
  0x18e3,0x2124,0x3186,0x18e3,0x2965,0x2965,0x3186,0x39c7,0x4a49,0x2965,0x4a49,0x6b6d,0x632c,0x7bcf,0x632c,0x4a69,
  0x738e,0x7bcf,0x39c7,0x4208,0x5acb,0x18c3,0x5acb,0x8430,0x528a,0x5aeb,0x738e,0x6b6d,0x8c71,0x5aeb,0x630c,0x7bef,
  0x6b4d,0x2124,0x39c7,0x2124,0x528a,0x4208,0x31a6,0x6b6d,0x528a,0x31a6,0x18c3,0x18e3,0x2945,0x4208,0x2945,0x2104,
  0x10a2,0x10a2,0x2124,0x18e3,0x10a2,0x10a2,0x18c3,0x10a2,0x10a2,0x10a2,0x1082,0x10a2,0x1082,0x0861,0x1082,0x1082,
  0x1082,0x1082,0x1082,0x1082,0x10a2,0x1082,0x1082,0x1082,0x1082,0x1082,0x1082,0x10a2,0x1082,0x1082,0x1082,0x0861,
  0x0861,0x0841,0x0841,0x0841,0x0841,0x0841,0x0861,0x0020,0x0841,0x0841,0x0841,0x0841,0x0841,0x0020,0x0841,0x0861,
  0x0841,0x0000,0x0000,0x0020,0x0020,0x0020,0x0020,0x0000,0x0020,0x1062,0x1082,0x1082,0x1081,0x1081,0x1081,0x1081,
  0x0862,0x52cb,0xa535,0xce7a,0xbdd8,0x5aec,0x18c4,0x0000,0x0861,0x18e3,0x7bef,0xad95,0x9cf3,0x738e,0x3186,0x0842,
  0x39e8,0x94b3,0x6b4d,0x7c0f,0xce99,0xf7be,0xe71c,0xe71c,0xef7e,0xef5d,0xef5e,0xffff,0xffff,0xef5e,0x9cd4,0x31a7,
  0x0000,0x2104,0x39c7,0x4a49,0x8c72,0xce7a,0xd6db,0xd6db,0xc67a,0xbe39,0xbe19,0xbe3a,0xc69b,0xcebc,0xc67b,0xc69b,
  0xcebc,0xc67b,0xc67b,0xce9b,0xbe3a,0xb619,0xb5f8,0xadd8,0xadd8,0xbe19,0xbe39,0xb5f8,0xb5d8,0xb5f8,0xadb7,0xb5f8,
  0xadd8,0xb5f8,0xb639,0xb618,0xb5f8,0xc639,0xad96,0x94d3,0x9cd2,0xc5f7,0xd699,0xd678,0xce36,0xe6f9,0xff9b,0xffbb,
  0xf77a,0xf77a,0xf77a,0xff7b,0xffbb,0xc593,0x8bcd,0xa4b0,0xb4f1,0xbd32,0xc573,0xff7b,0xff7b,0xff7b,0xff7b,0xf77a,
  0xff7a,0xf75a,0xf75a,0xf75a,0xf75a,0xff7b,0xff7b,0xef19,0xff7a,0xff9b,0xff7b,0xf75a,0xff7a,0xff7a,0xff7a,0xf739,
  0xff7a,0xff9b,0xf75a,0xf73a,0xff7a,0xff9b,0xff7b,0xff7b,0xff9b,0xff9b,0xf75a,0xef3a,0xff9b,0xf77b,0xf77b,0xf77b,
  0xf75a,0xf75a,0xf75b,0xff9b,0xf77b,0xc5f6,0x73ad,0x8c91,0xad96,0x8c72,0x8c92,0x6b6e,0x3186,0x2104,0x39c7,0x1082,
  0x18c2,0x10a2,0x18e3,0x10a2,0x2124,0x4228,0x4a69,0x31a6,0x2124,0x39e7,0x2104,0x0841,0x10a2,0x10a2,0x18c3,0x10a2,
  0x10a2,0x31a6,0x39c7,0x2104,0x2965,0x2965,0x2104,0x2945,0x2945,0x2945,0x2965,0x10a2,0x10a2,0x10a2,0x1082,0x1082,
  0x18c3,0x10a2,0x1082,0x1082,0x10a2,0x18c3,0x18c3,0x1082,0x1082,0x1082,0x1082,0x1082,0x1082,0x10a2,0x2124,0x18c3,
  0x10a2,0x1082,0x0861,0x1082,0x10a2,0x10a2,0x10a2,0x1082,0x2124,0x18c3,0x2124,0x2104,0x18e3,0x2124,0x10a2,0x18c3,
  0x2124,0x2945,0x31a6,0x2945,0x2124,0x2965,0x6b4d,0x52aa,0x4228,0x2104,0x3186,0x4228,0x52aa,0x4a49,0x7bcf,0x738e,
  0x528a,0x5acb,0x632c,0x8c51,0x4a69,0x2104,0x3186,0x6b4d,0x39c7,0x39e7,0x73ae,0x5acb,0x9492,0x5acb,0x632c,0x52aa,
  0x8410,0x630c,0x6b4d,0x4208,0x3186,0x18c3,0x2945,0x39e7,0x5aeb,0x5acb,0x5aeb,0x2104,0x3186,0x39c7,0x4208,0x18e3,
  0x10a2,0x18c3,0x18c3,0x10a2,0x18c3,0x18c3,0x10a2,0x10a2,0x18e3,0x10a2,0x10a2,0x10a2,0x1082,0x0861,0x1082,0x1082,
  0x1082,0x1082,0x1082,0x1082,0x1082,0x0861,0x1082,0x1082,0x1082,0x0861,0x1082,0x1082,0x0861,0x1082,0x1082,0x0861,
  0x0861,0x0841,0x0841,0x0841,0x0841,0x0861,0x0861,0x0841,0x0841,0x0841,0x0841,0x0020,0x0841,0x0841,0x0841,0x0841,
  0x0020,0x0020,0x0000,0x0020,0x0000,0x0000,0x0000,0x0000,0x0821,0x0861,0x0861,0x1082,0x1081,0x1081,0x1081,0x1081,
  0x1082,0x0000,0x0862,0x528a,0xbdf8,0xdefd,0xb5b8,0x5b0d,0x10a3,0x0000,0x0881,0x3a07,0x7bce,0x73ae,0x9cb3,0x73af,
  0x10a3,0x4a49,0x39e7,0x2965,0x1904,0x5aec,0xb5b7,0xc639,0xe71c,0xef7e,0xd6bb,0xb5d8,0xad76,0xb5b7,0xe71c,0xd69a,
  0x5acb,0x3186,0x73ae,0x4208,0x0841,0x18c3,0x5acb,0x9cf4,0xb5b7,0xc659,0xc639,0xbe18,0xbe39,0xbe19,0xc67a,0xbe7a,
  0xc65a,0xbe3a,0xc67b,0xce9b,0xbe5a,0xbe5a,0xb5f8,0xadb7,0xb5d8,0xb5f8,0xb5f8,0xb5d8,0xa577,0xadd8,0xb619,0xc67a,
  0xb618,0xa5b7,0xb5f8,0xbe18,0xad96,0x9491,0x94b2,0xbdd6,0xdeb9,0xd637,0xde78,0xeef9,0xf77b,0xffbb,0xffbb,0xff7a,
  0xff7a,0xff9b,0xff9b,0xf75a,0xff7b,0xeef9,0xde36,0xe677,0xc593,0x8bac,0xeed8,0xff7b,0xff5a,0xff9b,0xff7a,0xff7b,
  0xff7b,0xff7b,0xff7b,0xf73a,0xf73a,0xf75a,0xf75a,0xff7b,0xf75a,0xf75a,0xff9b,0xf75a,0xff7a,0xff7b,0xf75a,0xff7a,
  0xf75a,0xf75a,0xf73a,0xef39,0xf75a,0xff7b,0xff9b,0xff7b,0xff7b,0xff7b,0xf75a,0xff7b,0xffbc,0xff7b,0xff7b,0xf75b,
  0xff9b,0xff9b,0xff7b,0xff7a,0xff7b,0xffbc,0xded8,0x94b0,0x7bef,0x9d14,0xad96,0x7c11,0x528b,0x4208,0x2104,0x18c2,
  0x18c2,0x18c3,0x18c3,0x10a2,0x18c3,0x18c3,0x2124,0x39c7,0x2124,0x39c7,0x2124,0x0841,0x1082,0x10a2,0x1082,0x10a2,
  0x0841,0x2104,0x39e7,0x18e3,0x0841,0x31a6,0x2104,0x31a6,0x31a6,0x31a6,0x2945,0x0861,0x1082,0x10a2,0x10a2,0x10a2,
  0x10a2,0x10a2,0x10a2,0x10a2,0x10a2,0x1082,0x1082,0x10a2,0x1082,0x10a2,0x1082,0x1082,0x1082,0x1082,0x2945,0x2104,
  0x10a2,0x1082,0x0861,0x10a2,0x10a2,0x10a2,0x10a2,0x1082,0x18c3,0x10a2,0x10a2,0x2124,0x10a2,0x10a2,0x18c3,0x18c3,
  0x18e3,0x18c3,0x18e3,0x2104,0x2104,0x4208,0x4228,0x6b4d,0x6b4d,0x2945,0x18e3,0x5aeb,0x73ae,0x632c,0x5acb,0x7bcf,
  0x52aa,0x4208,0x5aeb,0x7bef,0x738e,0x528a,0x4208,0x4208,0x18c3,0x2124,0x6b6d,0x632c,0x52aa,0x630c,0x39e7,0x2965,
  0x5aeb,0x73ae,0x4a49,0x4a49,0x4208,0x528a,0x4208,0x18c3,0x2104,0x2124,0x2965,0x39e7,0x18c3,0x18c3,0x31a6,0x18e3,
  0x2104,0x18c3,0x10a2,0x1082,0x10a2,0x18c3,0x10a2,0x10a2,0x18c3,0x2124,0x10a2,0x10a2,0x10a2,0x0861,0x0861,0x10a2,
  0x1082,0x1082,0x0861,0x1082,0x10a2,0x1082,0x0861,0x0861,0x1082,0x1082,0x1082,0x1082,0x0861,0x0861,0x1082,0x0861,
  0x0861,0x0841,0x0861,0x0841,0x0841,0x0841,0x0841,0x0841,0x0841,0x0841,0x0841,0x0020,0x0841,0x0841,0x0841,0x0841,
  0x0841,0x0020,0x0020,0x0020,0x0841,0x0020,0x0020,0x0020,0x0862,0x0861,0x0841,0x1082,0x1081,0x1081,0x1081,0x1081,
  0x1081,0x10a2,0x1082,0x0000,0x2966,0x6b8f,0xbdd8,0xd6bc,0xb598,0x6b6f,0x1905,0x0041,0x10a2,0x10a2,0x5acb,0x8c71,
  0x4a28,0x4a69,0x8430,0x630c,0x738e,0x5aec,0x4229,0x2986,0x4208,0x528a,0x4229,0x5aec,0x10a3,0x0021,0x2986,0x5aec,
  0x9cd3,0x630b,0x18e3,0x73ae,0xa534,0x528a,0x0000,0x0000,0x18a3,0x528a,0x8410,0xbdd7,0xc638,0xbe18,0xb5f8,0xad96,
  0xadb7,0xb5f9,0xbe39,0xc67a,0xc65a,0xcebb,0xc65a,0xbe3a,0xc69b,0xc67a,0xb619,0xadb8,0x9d36,0xa576,0xb618,0xb619,
  0xbe39,0xbe38,0xbe18,0x9d13,0x94b1,0xc5f6,0xdeb9,0xd678,0xd677,0xef19,0xff9c,0xffbb,0xff7a,0xff5a,0xff7a,0xf759,
  0xf77a,0xf79a,0xff7a,0xf739,0xff7b,0xff9b,0xe697,0xd636,0xacd0,0xbd52,0xff7b,0xf719,0xf73a,0xf73a,0xff5a,0xff7b,
  0xeef9,0xf75a,0xf75a,0xff7b,0xf75a,0xef19,0xf75a,0xff9b,0xff7b,0xff7a,0xff9b,0xff7b,0xff9b,0xff7b,0xff7a,0xff9b,
  0xef39,0xf739,0xf77a,0xf75a,0xf75a,0xf77a,0xf75a,0xff9b,0xff9b,0xffbc,0xff7b,0xe6d8,0xd677,0xcdf5,0xbd94,0xbd94,
  0xd616,0xde56,0xe6b7,0xff3a,0xff7b,0xff7a,0xffbb,0xf77a,0x9cf2,0x842f,0xad96,0xa535,0x738f,0x73af,0x2124,0x10a2,
  0x18c2,0x2124,0x18e3,0x2124,0x18e3,0x18c3,0x2945,0x18c3,0x2104,0x31a6,0x3186,0x18e3,0x0861,0x10a2,0x10a2,0x18c3,
  0x1082,0x18c3,0x2104,0x10a2,0x0841,0x18c3,0x2945,0x39e7,0x3186,0x2965,0x3186,0x2965,0x0861,0x10a2,0x10a2,0x1082,
  0x1082,0x18c3,0x10a2,0x10a2,0x10a2,0x1082,0x1082,0x1082,0x1082,0x10a2,0x10a2,0x1082,0x1082,0x1082,0x2124,0x4208,
  0x18c3,0x10a2,0x10a2,0x1082,0x10a2,0x10a2,0x18c3,0x10a2,0x1082,0x2965,0x2124,0x10a2,0x39e7,0x31a6,0x0861,0x10a2,
  0x18c3,0x18e3,0x10a2,0x2945,0x2965,0x2104,0x2124,0x2124,0x2965,0x31a6,0x2945,0x4208,0x630c,0x2965,0x2965,0x6b6d,
  0x5acb,0x52aa,0x738e,0x7bcf,0x738e,0x7bef,0x7bef,0x52aa,0x2104,0x18c3,0x6b4d,0x7bcf,0x4228,0x5aeb,0x39e7,0x3186,
  0x4228,0x4a49,0x4208,0x39e7,0x630c,0x528a,0x2945,0x2124,0x2124,0x2124,0x10a2,0x2104,0x18c3,0x18e3,0x2104,0x18e3,
  0x18c3,0x10a2,0x10a2,0x18c3,0x18c3,0x10a2,0x10a2,0x10a2,0x18e3,0x18e3,0x10a2,0x10a2,0x1082,0x1082,0x0861,0x1082,
  0x1082,0x10a2,0x1082,0x0861,0x1082,0x1082,0x0861,0x0861,0x1082,0x1082,0x1082,0x10a2,0x0861,0x1082,0x1082,0x0861,
  0x1082,0x1082,0x1082,0x0861,0x0861,0x0841,0x0861,0x0861,0x0861,0x0861,0x0841,0x0841,0x0020,0x0841,0x0841,0x0841,
  0x0841,0x0020,0x0020,0x0841,0x0841,0x0841,0x0021,0x0841,0x0841,0x0020,0x0020,0x1061,0x1081,0x1081,0x1081,0x1081,
  0x1082,0x1082,0x1082,0x10a2,0x0862,0x0001,0x1904,0x73af,0xc65a,0xdefd,0xb5d8,0x7c11,0x39e8,0x0882,0x1082,0x31a6,
  0x5aca,0x2124,0x2104,0x528a,0x8c72,0xbdf8,0xad96,0xbdf8,0x8c71,0x2104,0x10a2,0x4249,0x4a49,0x738e,0x4a69,0x18e3,
  0x0861,0x2945,0x0861,0x0000,0x39e7,0xad55,0xbdd7,0x630c,0x18c3,0x0000,0x0000,0x528a,0x9cd3,0x8430,0x73ae,0xbe18,
  0xbdf8,0xb5d8,0xb5f8,0xb5d8,0xadb7,0xb5d7,0xbe18,0xce7a,0xcebb,0xcebc,0xcebc,0xbe3a,0xb5f9,0xadb8,0xa576,0xb5f7,
  0xbe38,0xa575,0x8c91,0xb594,0xef3b,0xef3a,0xde97,0xf75a,0xff9b,0xff7b,0xff9b,0xff9b,0xf75a,0xf739,0xff7a,0xff7a,
  0xf77a,0xf79a,0xff7a,0xff7a,0xff5a,0xf719,0xe6b8,0xc594,0xb511,0xf73a,0xff5a,0xff3a,0xf719,0xff5a,0xff5a,0xff5a,
  0xf75a,0xf75a,0xf739,0xff7b,0xff7b,0xf75a,0xff9b,0xff9b,0xf75a,0xff9b,0xff7a,0xf75a,0xff7b,0xff7b,0xff7b,0xff9b,
  0xff9b,0xff9b,0xef39,0xe6d8,0xf75a,0xff9b,0xff9b,0xf77a,0xe6d8,0xc5b4,0xad11,0x9c8f,0x9c6f,0x9c6f,0x944f,0x9c6f,
  0xa4b0,0xacd1,0xacd0,0xbd52,0xeed8,0xff9b,0xff7a,0xf77a,0xf75b,0xb594,0x7bee,0xa514,0x94b2,0x6b8e,0x2124,0x10a2,
  0x18c3,0x18e3,0x18c3,0x2945,0x18c3,0x18e3,0x31a6,0x2965,0x3186,0x2945,0x5acb,0x4a69,0x0861,0x10a2,0x18c3,0x10a2,
  0x1082,0x0861,0x2965,0x3186,0x2124,0x18e3,0x2124,0x4208,0x3186,0x2104,0x2945,0x18e3,0x1082,0x10a2,0x10a2,0x10a2,
  0x10a2,0x1082,0x10a2,0x10a2,0x1082,0x2124,0x2104,0x0861,0x1082,0x10a2,0x18c3,0x10a2,0x1082,0x10a2,0x18c3,0x3186,
  0x2104,0x10a2,0x1082,0x1082,0x1082,0x10a2,0x10a2,0x10a2,0x0861,0x31a6,0x2965,0x10a2,0x39e7,0x4228,0x39e7,0x2124,
  0x1082,0x18c3,0x18c3,0x18e3,0x2124,0x18c3,0x31a6,0x4a69,0x39c7,0x2945,0x39c7,0x31a6,0x39c7,0x5aeb,0x7bcf,0x6b4d,
  0x6b6d,0x5acb,0x5aeb,0x73ae,0x632c,0x630c,0x4a69,0x8410,0x4a49,0x1082,0x4a49,0x4a69,0x528a,0x632c,0x5acb,0x528a,
  0x52aa,0x4208,0x39c7,0x31a6,0x39e7,0x4208,0x18c3,0x39c7,0x39c7,0x6b4d,0x39c7,0x2945,0x18c3,0x10a2,0x18e3,0x18e3,
  0x10a2,0x1082,0x18c3,0x10a2,0x10a2,0x10a2,0x10a2,0x10a2,0x10a2,0x10a2,0x10a2,0x10a2,0x10a2,0x10a2,0x0861,0x1082,
  0x1082,0x1082,0x1082,0x1082,0x10a2,0x10a2,0x1082,0x0861,0x0861,0x1082,0x0861,0x1082,0x1082,0x0861,0x0861,0x0861,
  0x0861,0x1082,0x0861,0x0861,0x0861,0x0841,0x0861,0x0841,0x0861,0x0861,0x0861,0x0841,0x0841,0x0020,0x0841,0x0841,
  0x0861,0x0020,0x0020,0x0841,0x0841,0x0841,0x0841,0x0841,0x0841,0x0020,0x0020,0x0861,0x1081,0x1081,0x0861,0x1081,
  0x0000,0x0862,0x10a2,0x0862,0x1082,0x10a2,0x0861,0x0021,0x39e8,0x94b3,0xce7b,0xdedd,0xd6bc,0x9d15,0x52ab,0x10c3,
  0x0861,0x0020,0x5aec,0xad76,0x31a7,0x4a49,0x630c,0x8410,0xb596,0xc639,0x94b2,0x3185,0x10a2,0x7bef,0xdedb,0xce79,
  0xa555,0x6b6d,0x4208,0x2945,0x18c3,0x0000,0x94b2,0xef7e,0xbdf8,0x9493,0x4a6a,0x2104,0x39c7,0x1082,0x630c,0xb5b7,
  0xb5d7,0x94d3,0x8c72,0xb5b7,0xad96,0x8451,0x2124,0x528a,0xad97,0xd6fc,0xcebc,0xc67b,0xc67a,0xce9b,0xce79,0xbdf7,
  0x94b2,0xad54,0xdeb9,0xf79c,0xe719,0xef19,0xff9b,0xff7b,0xff7b,0xff9b,0xff7b,0xff9b,0xff5a,0xf73a,0xf77a,0xf77a,
  0xf79a,0xff9a,0xf75a,0xff7a,0xf73a,0xbd73,0xa46f,0xa46f,0xf75a,0xff7b,0xf73a,0xff5a,0xf719,0xf719,0xff7b,0xf739,
  0xff5a,0xff9b,0xff7b,0xff7a,0xff7a,0xff7b,0xf75a,0xff7a,0xff7a,0xf75a,0xff7a,0xf75a,0xf75a,0xff7a,0xff9b,0xff9b,
  0xff7b,0xff9b,0xf73a,0xef39,0xff7b,0xf73a,0xd656,0xc5d4,0xc5b4,0xbd73,0xc5b4,0xd636,0xde77,0xde77,0xde98,0xe698,
  0xe6b8,0xeed9,0xeeb8,0xe698,0xf6f9,0xff7b,0xf73a,0xf739,0xf75a,0xef19,0xbdd5,0x73ad,0x9cf3,0x9cf4,0x528a,0x2966,
  0x10a3,0x18c2,0x18c3,0x18e3,0x18e3,0x18c3,0x2945,0x2945,0x31a6,0x31a6,0x2965,0x3186,0x18c3,0x0861,0x10a2,0x10a2,
  0x1082,0x0861,0x2945,0x3186,0x3186,0x3186,0x4a49,0x2104,0x2104,0x3186,0x2945,0x0861,0x10a2,0x18c3,0x10a2,0x10a2,
  0x18c3,0x1082,0x10a2,0x10a2,0x1082,0x2945,0x2104,0x1082,0x1082,0x0861,0x1082,0x10a2,0x10a2,0x10a2,0x10a2,0x18c3,
  0x10a2,0x1082,0x0861,0x0861,0x1082,0x1082,0x10a2,0x10a2,0x1082,0x2104,0x18c3,0x2104,0x2124,0x2965,0x528a,0x528a,
  0x4208,0x10a2,0x1082,0x10a2,0x2124,0x2945,0x2945,0x31a6,0x5acb,0x31a6,0x10a2,0x3186,0x4208,0x4228,0x4208,0x4a69,
  0x5acb,0x39c7,0x5acb,0x4a49,0x4208,0x2965,0x3186,0x4a69,0x4228,0x1082,0x4208,0x528a,0x4a69,0x4228,0x4a69,0x4228,
  0x5aeb,0x630c,0x39e7,0x31a6,0x4208,0x3186,0x2124,0x2945,0x39e7,0x39e7,0x3186,0x3186,0x18e3,0x10a2,0x10a2,0x10a2,
  0x1082,0x10a2,0x10a2,0x10a2,0x10a2,0x10a2,0x10a2,0x10a2,0x10a2,0x10a2,0x10a2,0x10a2,0x10a2,0x1082,0x1082,0x1082,
  0x1082,0x1082,0x1082,0x0861,0x0861,0x1082,0x1082,0x0861,0x0861,0x1082,0x1082,0x0861,0x1082,0x1082,0x0861,0x0861,
  0x0861,0x0861,0x0861,0x0861,0x0861,0x0861,0x0841,0x0841,0x0841,0x0861,0x0841,0x0841,0x0020,0x0841,0x0020,0x0841,
  0x0020,0x0841,0x0841,0x0841,0x0841,0x0841,0x0841,0x0841,0x0021,0x0000,0x0020,0x0861,0x0881,0x0881,0x0881,0x0861,
  0x4229,0x0021,0x0000,0x1082,0x1082,0x0861,0x1082,0x1082,0x0020,0x0882,0x5acc,0x8c73,0xd69c,0xdefd,0xdedd,0xb5d8,
  0x73af,0x2145,0x3a09,0xbdf8,0x94d4,0x5b0c,0x18e3,0x18e3,0x3186,0x39c7,0x9492,0xbdd7,0x6b4d,0x2124,0x4228,0xb596,
  0xe73c,0xd6db,0xc639,0xb5b7,0xad55,0x3186,0x0000,0x630c,0xd6bc,0xe73e,0xce9b,0xb5d8,0x8451,0x6b6e,0xb5d7,0xa535,
  0xa555,0x9d14,0x8c72,0x6b8e,0x630c,0x528a,0x5aeb,0x4a49,0x31c8,0x73f0,0xce7a,0xc67a,0xce7a,0xce59,0x9cd2,0xad54,
  0xd698,0xf79c,0xf77b,0xf75a,0xf75a,0xf77a,0xff7a,0xf73a,0xff7b,0xff7b,0xff7b,0xff7b,0xef3a,0xff7b,0xff7b,0xf77b,
  0xf77a,0xff9a,0xf77a,0xff7a,0xff5a,0xa4b0,0xacd1,0xeef9,0xff7b,0xff5a,0xff7a,0xff7b,0xff7b,0xeed8,0xf719,0xe697,
  0xe6b8,0xf75a,0xff9b,0xff7b,0xff7b,0xf73a,0xf75a,0xff7a,0xff9b,0xff9b,0xf75a,0xff7a,0xff7b,0xff9b,0xff9b,0xff7a,
  0xf75a,0xff9b,0xff7b,0xf75a,0xf75a,0xde97,0xd656,0xe6d8,0xff7a,0xffbc,0xffbc,0xff7b,0xff7b,0xff9c,0xffbc,0xff5b,
  0xeef9,0xef1a,0xe698,0xd5f6,0xcdb5,0xde77,0xf73a,0xf73a,0xff7a,0xf75a,0xffbc,0xbdf5,0x840e,0x9cf3,0xa555,0x5b0d,
  0x2104,0x1082,0x18e3,0x18e3,0x2104,0x10a2,0x3186,0x2965,0x4228,0x31a6,0x2965,0x2104,0x18c3,0x0861,0x10a2,0x10a2,
  0x10a2,0x0841,0x0861,0x18c3,0x18e3,0x31a6,0x39e7,0x2965,0x2965,0x39c7,0x3186,0x18c3,0x10a2,0x10a2,0x0861,0x1082,
  0x10a2,0x10a2,0x18c3,0x10a2,0x1082,0x1082,0x1082,0x1082,0x2104,0x2124,0x0861,0x1082,0x10a2,0x10a2,0x1082,0x1082,
  0x1082,0x10a2,0x10a2,0x1082,0x1082,0x1082,0x10a2,0x10a2,0x10a2,0x18c3,0x18c3,0x10a2,0x2104,0x2124,0x2104,0x4208,
  0x528a,0x5aeb,0x39c7,0x18c3,0x3186,0x39c7,0x2965,0x39c7,0x4228,0x3186,0x39c7,0x4208,0x4a69,0x4228,0x528a,0x4208,
  0x4228,0x4208,0x5acb,0x4228,0x4208,0x4228,0x39e7,0x4228,0x3186,0x1082,0x4a49,0x4228,0x39e7,0x39c7,0x528a,0x4a69,
  0x528a,0x52aa,0x4208,0x39c7,0x3186,0x39c7,0x2104,0x18e3,0x31a6,0x2124,0x2945,0x2965,0x18e3,0x2965,0x2124,0x10a2,
  0x1082,0x10a2,0x10a2,0x10a2,0x18c3,0x18e3,0x10a2,0x10a2,0x10a2,0x10a2,0x10a2,0x10a2,0x10a2,0x1082,0x10a2,0x0861,
  0x0861,0x1082,0x1082,0x1082,0x0861,0x1082,0x1082,0x0861,0x0861,0x0861,0x1082,0x1082,0x1082,0x1082,0x1082,0x1082,
  0x0861,0x0861,0x0861,0x0861,0x0861,0x0861,0x0841,0x0841,0x0841,0x0841,0x0841,0x0841,0x0020,0x0020,0x0020,0x0020,
  0x0841,0x0841,0x0020,0x0841,0x0020,0x0020,0x0841,0x0840,0x0841,0x0020,0x0020,0x0861,0x0881,0x0881,0x0881,0x0861,
  0xbe19,0x9cf5,0x39c8,0x0842,0x0841,0x1082,0x0861,0x1081,0x1082,0x1061,0x0000,0x0862,0x52ab,0x9d15,0xc65a,0xd6dc,
  0xdf1d,0xce9b,0x94f5,0x6bb0,0x7c11,0x9cf5,0xa536,0x7bf0,0x4229,0x0841,0x0020,0x9492,0xa534,0x738e,0x738e,0x31a6,
  0x632c,0xad55,0xd6bb,0xd69a,0xc659,0xb5b7,0x6b8e,0x0021,0x2987,0xbe19,0xc65a,0xce9b,0xd6dc,0xc67b,0xc67a,0xbe5a,
  0xb5d8,0xb5f8,0xbdf8,0x9d35,0x8c92,0x7bcf,0x7bcf,0xa514,0x6b8f,0x52ed,0x9d15,0xce79,0xb5b6,0x9cb1,0xbd94,0xf75b,
  0xffbc,0xf75a,0xf77b,0xff7b,0xf75a,0xf73a,0xf75a,0xff7b,0xff9b,0xf75a,0xff7b,0xff7b,0xff7b,0xff7b,0xff7b,0xff9b,
  0xf77a,0xef39,0xf73a,0xffbc,0xd636,0x8bac,0xcdd5,0xff5b,0xf73a,0xf75a,0xff5a,0xf71a,0xeef9,0xe677,0xe697,0xd615,
  0xde56,0xff5a,0xff5a,0xff5a,0xf73a,0xf739,0xf73a,0xf75a,0xff7b,0xff7b,0xff7a,0xff7a,0xff9b,0xff9b,0xff7b,0xf75a,
  0xff7a,0xff7a,0xef19,0xf739,0xff7a,0xff7a,0xffdc,0xff9b,0xff7a,0xff9a,0xff7a,0xff5b,0xf75a,0xeefa,0xde98,0xde57,
  0xd617,0xde37,0xd5f6,0xde37,0xd616,0xcdd5,0xcdf6,0xeefa,0xff7b,0xf75a,0xf75a,0xffbb,0xc615,0x83ee,0xa514,0x6b6f,
  0x52ab,0x18c3,0x18a2,0x10a2,0x18c3,0x20e4,0x10a2,0x4228,0x4a69,0x31a6,0x2965,0x2104,0x18c3,0x0861,0x1082,0x10a2,
  0x1082,0x0841,0x1082,0x1082,0x10a2,0x18e3,0x2104,0x2104,0x31a6,0x39c7,0x2945,0x18e3,0x10a2,0x0861,0x1082,0x1082,
  0x10a2,0x1082,0x10a2,0x10a2,0x10a2,0x10a2,0x10a2,0x1082,0x18c3,0x18c3,0x3186,0x18e3,0x0861,0x0861,0x1082,0x1082,
  0x1082,0x1082,0x1082,0x0861,0x1082,0x1082,0x10a2,0x10a2,0x10a2,0x0861,0x18e3,0x18c3,0x10a2,0x2124,0x2965,0x2104,
  0x10a2,0x2965,0x39e7,0x52aa,0x4208,0x2104,0x2104,0x2965,0x31a6,0x2965,0x39c7,0x4228,0x2124,0x39e7,0x6b6d,0x528a,
  0x5aeb,0x4208,0x4a49,0x39c7,0x4228,0x5acb,0x632c,0x4228,0x4208,0x10a2,0x2965,0x4a49,0x4228,0x630c,0x7bef,0x39e7,
  0x2945,0x39c7,0x528a,0x39c7,0x3186,0x31a6,0x2965,0x3186,0x39c7,0x2104,0x2104,0x18c3,0x2124,0x2945,0x2945,0x18c3,
  0x18c3,0x1082,0x18e3,0x18c3,0x18e3,0x18c3,0x10a2,0x10a2,0x10a2,0x10a2,0x10a2,0x10a2,0x1082,0x1082,0x10a2,0x0861,
  0x0861,0x1082,0x1082,0x1082,0x1082,0x1082,0x1082,0x0861,0x0841,0x0861,0x1082,0x1082,0x1082,0x0861,0x1082,0x1082,
  0x0861,0x0861,0x0841,0x0861,0x0861,0x0861,0x0861,0x0841,0x0020,0x0841,0x0841,0x0841,0x0841,0x0841,0x0020,0x0020,
  0x0020,0x0841,0x0020,0x0841,0x0020,0x0020,0x0841,0x0020,0x0841,0x0020,0x0020,0x0881,0x0881,0x0881,0x0881,0x0881,
  0x4a8b,0xb5d8,0xdf1d,0x8431,0x18e4,0x0000,0x0861,0x1082,0x1081,0x1081,0x1081,0x0861,0x0020,0x1082,0x424a,0x94d4,
  0xbdf8,0xce9b,0xcebc,0xce7b,0xa577,0x7bf1,0x5b0d,0x7bf1,0xa535,0x9492,0x6b4d,0x9472,0x39e7,0x2965,0x5aeb,0x73ae,
  0x738e,0x18e3,0x39e8,0x9cf4,0xce59,0xd6db,0xdedc,0xb5b7,0x2166,0x2966,0xb5b8,0xc65a,0xc65a,0xbe19,0xc67b,0xc69b,
  0xb619,0xbe19,0xbe3a,0xbe19,0xb5f8,0xb5d7,0x8c92,0x6b6e,0x8472,0xad76,0x9cf4,0x7bef,0xa513,0xe6fa,0xffbc,0xf73a,
  0xef19,0xef3a,0xff9b,0xff7b,0xf75a,0xf73a,0xff9b,0xff7b,0xf73a,0xf75a,0xf75a,0xff7b,0xff7b,0xef19,0xef3a,0xff9b,
  0xf77b,0xeef9,0xf75a,0xf73a,0x9c6f,0xacd1,0xb4f1,0xde16,0xff7b,0xff5b,0xeed9,0xe697,0xe677,0xe677,0xe697,0xd636,
  0xeef9,0xff9b,0xff7b,0xff7a,0xf75a,0xff7b,0xff9b,0xf75a,0xf75a,0xff7b,0xf75a,0xf75a,0xf75a,0xff9b,0xff7a,0xff7a,
  0xde97,0xe6d8,0xff9b,0xff7a,0xf75a,0xf75a,0xff9b,0xff9b,0xff9b,0xff9a,0xff7b,0xff7b,0xf71a,0xde78,0xc5b6,0xcdd6,
  0xc595,0xc5b5,0xd5f7,0xcdd6,0xde78,0xe6b9,0xd617,0xbd74,0xe6d9,0xf77b,0xf75a,0xff9b,0xff9b,0xbdd5,0x8430,0xa535,
  0x73af,0x2104,0x10a2,0x2104,0x31a7,0x2945,0x1082,0x2944,0x2124,0x18e3,0x18c3,0x2104,0x2104,0x10a2,0x10a2,0x10a2,
  0x0861,0x1082,0x10a2,0x1082,0x1082,0x0861,0x1082,0x1082,0x3186,0x4228,0x31a6,0x4228,0x4208,0x2945,0x1082,0x1082,
  0x1082,0x1082,0x1082,0x1082,0x1082,0x10a2,0x18c3,0x10a2,0x1082,0x1082,0x2124,0x18c3,0x1082,0x1082,0x1082,0x0861,
  0x1082,0x1082,0x0861,0x0861,0x1082,0x1082,0x10a2,0x10a2,0x18c3,0x1082,0x1082,0x18c3,0x18e3,0x18e3,0x2104,0x10a2,
  0x18c3,0x2945,0x2104,0x39e7,0x73ae,0x4228,0x39e7,0x39e7,0x18e3,0x31a6,0x3186,0x31a6,0x2945,0x39e7,0x18e3,0x632c,
  0x4a69,0x2945,0x39c7,0x39c7,0x39c7,0x5aeb,0x632c,0x2945,0x52aa,0x18c3,0x3186,0x4a49,0x39c7,0x4208,0x632c,0x3186,
  0x4a69,0x39e7,0x31a6,0x2104,0x39c7,0x2104,0x2965,0x2104,0x1082,0x18c3,0x2104,0x2104,0x18e3,0x18c3,0x18c3,0x10a2,
  0x10a2,0x18c3,0x10a2,0x18c3,0x18e3,0x10a2,0x10a2,0x10a2,0x10a2,0x10a2,0x10a2,0x10a2,0x18c3,0x10a2,0x10a2,0x10a2,
  0x0861,0x1082,0x1082,0x1082,0x1082,0x1082,0x1082,0x1082,0x0861,0x1082,0x1082,0x1082,0x1082,0x1082,0x0861,0x0861,
  0x0861,0x0861,0x0861,0x0861,0x0861,0x0861,0x0861,0x0841,0x0020,0x0841,0x0841,0x0020,0x0841,0x0841,0x0020,0x0000,
  0x0020,0x0020,0x0841,0x0841,0x0841,0x0020,0x0020,0x0020,0x0841,0x0020,0x0020,0x0861,0x0881,0x0881,0x0881,0x0881,
  0x0020,0x18c3,0x7c10,0xce9a,0xbdd8,0x5aec,0x10a3,0x0021,0x0861,0x10a2,0x10a2,0x0881,0x10a2,0x1082,0x0000,0x1904,
  0x7bd0,0xb5b7,0xc639,0xce7b,0xcebc,0xdefd,0xc65b,0x8412,0x424a,0x424a,0x8431,0x94d3,0x7bf0,0x7bcf,0x4208,0x0861,
  0x8430,0xad55,0x4208,0x10a3,0x2105,0x634d,0xad76,0xd6bb,0xd6ba,0x3a08,0x18c4,0xa535,0xc659,0xbe39,0xc67b,0xc69b,
  0xbe5a,0xc67b,0xc67b,0xbe3a,0xb619,0xb618,0xa576,0x8452,0xad55,0x9471,0x7bce,0xc5f6,0xff9d,0xffbc,0xf77b,0xff9b,
  0xf75a,0xff9b,0xff9b,0xff7b,0xff7b,0xff7b,0xf75a,0xff7b,0xef19,0xff9b,0xf73a,0xf73a,0xf75a,0xff7b,0xff7b,0xff9b,
  0xff7b,0xef1a,0xff7b,0xbd53,0xa470,0xacb1,0x730a,0x8b8d,0xd616,0xde97,0xd636,0xde37,0xe698,0xe698,0xd636,0xde77,
  0xf75a,0xff7b,0xff7b,0xff7b,0xf75a,0xef19,0xff7b,0xf73a,0xf75a,0xff9b,0xf739,0xff7b,0xff9b,0xf75a,0xef19,0xde97,
  0xde77,0xf73a,0xff9b,0xff9b,0xff7b,0xff7a,0xff9b,0xff7a,0xff7b,0xff9b,0xef19,0xef1a,0xde98,0xce17,0xcdf7,0xcdd7,
  0xbd75,0xc5b6,0xcdf7,0xc5b6,0xd658,0xd658,0xd678,0xcdf7,0xc5d6,0xef1a,0xff7b,0xff9b,0xef39,0xf77b,0xb595,0x8c51,
  0x94b3,0x630d,0x10a3,0x18e3,0x18e3,0x10a2,0x10a2,0x18e3,0x4228,0x2945,0x10a2,0x18e3,0x2945,0x2965,0x0861,0x1082,
  0x10a2,0x10a2,0x10a2,0x10a2,0x1082,0x1082,0x0861,0x0841,0x1082,0x3186,0x4a49,0x4228,0x39c7,0x4a49,0x2965,0x18c3,
  0x1082,0x1082,0x0861,0x10a2,0x18c3,0x10a2,0x2104,0x18c3,0x10a2,0x1082,0x1082,0x1082,0x10a2,0x1082,0x1082,0x0861,
  0x10a2,0x0861,0x0861,0x0861,0x1082,0x1082,0x10a2,0x18c3,0x10a2,0x10a2,0x10a2,0x10a2,0x18c3,0x18e3,0x18e3,0x18c3,
  0x4208,0x3186,0x18c3,0x18e3,0x31a6,0x2945,0x39e7,0x4a49,0x2965,0x4208,0x3186,0x4228,0x4228,0x39c7,0x31a6,0x4a69,
  0x4a49,0x2104,0x39e7,0x31a6,0x39e7,0x6b4d,0x5aeb,0x31a6,0x2945,0x10a2,0x3186,0x39c7,0x3186,0x3186,0x39e7,0x39c7,
  0x4208,0x4a69,0x39e7,0x2945,0x18e3,0x2965,0x3186,0x18e3,0x18e3,0x2104,0x18c3,0x2124,0x18e3,0x2104,0x2104,0x18c3,
  0x10a2,0x18c3,0x10a2,0x10a2,0x10a2,0x10a2,0x10a2,0x18c3,0x10a2,0x10a2,0x10a2,0x10a2,0x10a2,0x10a2,0x10a2,0x1082,
  0x0861,0x1082,0x1082,0x0861,0x1082,0x0861,0x1082,0x10a2,0x0861,0x0861,0x1082,0x1082,0x1082,0x0861,0x0861,0x0861,
  0x0861,0x0861,0x0861,0x0861,0x0861,0x0861,0x0841,0x0841,0x0841,0x0841,0x0841,0x0020,0x0841,0x0841,0x0020,0x0020,
  0x0000,0x0000,0x0020,0x0020,0x0841,0x0841,0x0000,0x0020,0x0020,0x0000,0x0000,0x0881,0x0881,0x0881,0x0881,0x0881,
  0x10a2,0x0861,0x0020,0x39e8,0xb576,0xdedc,0xbdb8,0x738f,0x18e4,0x0000,0x0862,0x10a2,0x1082,0x1082,0x10a2,0x1081,
  0x2945,0x528b,0x738f,0xa536,0xc65b,0xdf1e,0xe73e,0xe75f,0xcebc,0x9d15,0x5aec,0x4a6a,0x634d,0x7c10,0x7bef,0x528a,
  0x52ab,0xbdd7,0xce59,0xa535,0x630c,0x2145,0x18c3,0x2966,0x7bef,0xce59,0x73af,0x31a7,0xad96,0xb5b7,0xad76,0xb5f8,
  0xc65a,0xc67b,0xc67b,0xce9b,0xc69a,0xc67a,0xdefc,0xb5d7,0x840f,0xad13,0xef1a,0xffbc,0xf77b,0xf73a,0xf75b,0xf73a,
  0xff9b,0xff9b,0xff7b,0xff7b,0xff9b,0xff7b,0xff7b,0xff7b,0xff7b,0xff7b,0xff9b,0xff7b,0xf77b,0xff9b,0xff7b,0xff7b,
  0xf75b,0xf73a,0xeef9,0x838c,0x8bee,0x8bcd,0x9c2f,0xbd53,0xad12,0x9c4f,0xd5f6,0xe678,0xde57,0xd636,0xcdd5,0xe6d8,
  0xf75a,0xff7b,0xff7b,0xff9b,0xff7b,0xf73a,0xef3a,0xff9b,0xff7b,0xf77a,0xf75a,0xff7b,0xff9b,0xf73a,0xde76,0xe6d8,
  0xff7b,0xff9b,0xff7b,0xff7b,0xf75a,0xf75a,0xff9b,0xff7b,0xff7b,0xff7b,0xf75b,0xf71b,0xde99,0xc5b6,0xc5d7,0xcdf8,
  0xc5b7,0xc5b7,0xc5d7,0xc5d7,0xc5f7,0xce38,0xce38,0xd659,0xc5d6,0xde78,0xff9b,0xf75a,0xf75a,0xef3a,0xf77c,0x94b1,
  0x7bd0,0x9cf5,0x4229,0x1904,0x2124,0x10c2,0x10a2,0x10a3,0x39c7,0x2104,0x3186,0x2124,0x2945,0x2945,0x10a2,0x0861,
  0x10a2,0x10a2,0x1082,0x1082,0x1082,0x1082,0x10a2,0x1082,0x0861,0x0020,0x18c3,0x18e3,0x2945,0x2965,0x3186,0x3186,
  0x10a2,0x1082,0x1082,0x3186,0x3186,0x1082,0x1082,0x1082,0x18c3,0x2124,0x18c3,0x1082,0x10a2,0x10a2,0x1082,0x0861,
  0x0861,0x1082,0x0861,0x1082,0x1082,0x1082,0x0861,0x10a2,0x10a2,0x10a2,0x1082,0x10a2,0x18c3,0x18c3,0x2104,0x18c3,
  0x39c7,0x39e7,0x2945,0x18e3,0x3186,0x2945,0x2965,0x2965,0x73ae,0x6b6d,0x4208,0x2124,0x39e7,0x4208,0x2124,0x2945,
  0x4208,0x2965,0x52aa,0x4a49,0x2945,0x2965,0x528a,0x39c7,0x39c7,0x2104,0x18c3,0x18e3,0x2965,0x4208,0x18c3,0x2104,
  0x2124,0x39e7,0x4228,0x2104,0x2124,0x39c7,0x2965,0x18e3,0x3186,0x2124,0x10a2,0x18e3,0x2945,0x18c3,0x2124,0x2965,
  0x18c3,0x18e3,0x18c3,0x10a2,0x10a2,0x10a2,0x1082,0x10a2,0x10a2,0x10a2,0x18c3,0x18c3,0x10a2,0x10a2,0x10a2,0x1082,
  0x0861,0x0861,0x1082,0x1082,0x1082,0x0861,0x0861,0x1082,0x1082,0x0841,0x0861,0x0861,0x1082,0x0861,0x0861,0x0861,
  0x0861,0x0861,0x0861,0x0861,0x0861,0x0841,0x0861,0x0861,0x0841,0x0841,0x0841,0x0020,0x0020,0x0841,0x0841,0x0020,
  0x0020,0x0000,0x0000,0x0000,0x0020,0x0020,0x0000,0x0841,0x10a2,0x0020,0x0020,0x1082,0x0881,0x0881,0x0881,0x0881,
  0x0881,0x10a2,0x18c3,0x0862,0x18c3,0x4229,0x9cf5,0xe73e,0xc65a,0x6b6e,0x10c4,0x0001,0x1062,0x1082,0x1082,0x18a2,
  0x0862,0x2946,0x2966,0x2146,0x424a,0x73b0,0xb5b8,0xd6dd,0xe73e,0xe77f,0xdf3e,0xc63a,0x73af,0x2146,0x10a2,0x18c3,
  0x52ab,0xad76,0xbe18,0xce59,0xce7a,0xc619,0x9cf4,0x52ab,0x1082,0x18e3,0x630c,0x10a3,0x39e8,0xb5b7,0xa556,0x8452,
  0x9d15,0x9d35,0xbdf9,0xbe19,0xce9a,0xd6da,0xc618,0x9cd2,0xc5d5,0xff7b,0xff9c,0xff7b,0xf75b,0xf75a,0xf75a,0xff9b,
  0xff7b,0xf75a,0xff9b,0xff7b,0xf77b,0xff7b,0xff9b,0xff7b,0xff9b,0xff9b,0xff7b,0xff9b,0xff7b,0xff7b,0xff7b,0xff7b,
  0xff7b,0xf71a,0xb553,0x8bcd,0x940e,0xc594,0xd5f6,0xbd53,0xde98,0xce16,0x9c70,0xd616,0xde37,0xc5b4,0xde78,0xf75a,
  0xff7b,0xff9b,0xff7b,0xffbc,0xf77b,0xf75a,0xf73a,0xff7b,0xf73a,0xff7b,0xff7a,0xff7b,0xff7b,0xde76,0xe6b8,0xff9b,
  0xf75a,0xff7b,0xf75a,0xf75a,0xf739,0xf75a,0xff9b,0xff7b,0xf75b,0xff5b,0xff9c,0xeefb,0xce18,0xce18,0xcdf8,0xc5b8,
  0xbdb7,0xbd97,0xbdd8,0xbdb7,0xbdd7,0xc618,0xc5d7,0xd679,0xd658,0xc5d6,0xeef9,0xff7a,0xff7a,0xf75a,0xf79b,0xef5b,
  0x8c71,0x8c72,0x8c72,0x3a08,0x1904,0x18e2,0x18e3,0x10a3,0x4208,0x39e7,0x39c7,0x4a49,0x2965,0x2945,0x18e3,0x0861,
  0x1082,0x1082,0x1082,0x1082,0x10a2,0x1082,0x1082,0x1082,0x10a2,0x1082,0x0861,0x0841,0x0841,0x2945,0x31a6,0x2124,
  0x39c7,0x18e3,0x18c3,0x31a6,0x2945,0x1082,0x10a2,0x10a2,0x10a2,0x2104,0x10a2,0x10a2,0x10a2,0x0861,0x1082,0x0861,
  0x1082,0x0861,0x0841,0x1082,0x18c3,0x0861,0x0861,0x10a2,0x10a2,0x10a2,0x10a2,0x1082,0x18c3,0x18e3,0x18e3,0x2124,
  0x2945,0x18e3,0x2965,0x2124,0x2124,0x31a6,0x39e7,0x2965,0x39e7,0x2945,0x2945,0x39c7,0x2965,0x2104,0x3186,0x528a,
  0x31a6,0x4a69,0x5aeb,0x39e7,0x3186,0x2965,0x31a6,0x2945,0x2965,0x2104,0x18c3,0x18c3,0x2124,0x4208,0x2965,0x2965,
  0x2945,0x31a6,0x2124,0x18c3,0x18e3,0x18e3,0x2124,0x2104,0x2965,0x31a6,0x2104,0x10a2,0x3186,0x18e3,0x10a2,0x18e3,
  0x18e3,0x18c3,0x18c3,0x10a2,0x10a2,0x1082,0x10a2,0x10a2,0x10a2,0x10a2,0x10a2,0x18c3,0x10a2,0x10a2,0x1082,0x1082,
  0x1082,0x0861,0x1082,0x10a2,0x1082,0x1082,0x0861,0x1082,0x1082,0x0841,0x0861,0x0861,0x0861,0x0861,0x0861,0x0861,
  0x0861,0x0861,0x0861,0x0861,0x0841,0x0861,0x0841,0x0841,0x0841,0x0841,0x0020,0x0020,0x0020,0x0020,0x0841,0x0841,
  0x0841,0x0020,0x0000,0x0020,0x0020,0x0020,0x0000,0x0020,0x0841,0x0020,0x0020,0x1081,0x0881,0x0881,0x0881,0x0881,
  0x1081,0x10a2,0x10a2,0x10a2,0x1082,0x0842,0x0862,0x4a6b,0xb597,0xd6dc,0xc63a,0x630d,0x1083,0x10a3,0x18c4,0x0862,
  0x39e8,0xc639,0xd6bb,0xbe19,0x8c73,0x424a,0x3187,0x422a,0x8c93,0xd6bc,0xd6dc,0xd6fc,0xd6dc,0xbe19,0x9493,0x39a8,
  0x0000,0x52ab,0x9cf4,0xc639,0xbdf8,0xbe18,0xc67a,0xce9a,0xad76,0x8c92,0x5b0c,0x424a,0x6b6e,0xbdf8,0xb5d8,0x6b8f,
  0x8451,0x8451,0xad56,0xb597,0xc618,0xb5b5,0x9cd1,0xdeb9,0xff9b,0xef19,0xf75a,0xff9b,0xf75a,0xf75a,0xf75a,0xff7a,
  0xf75a,0xf75a,0xffbc,0xef3a,0xef3a,0xf75a,0xf77b,0xff9b,0xff9b,0xff9b,0xff7b,0xff7b,0xf73a,0xff9b,0xff9b,0xff7b,
  0xf719,0xacf1,0x8bed,0xacf1,0xacd1,0xacd1,0xbd53,0xd637,0xb532,0xe6d9,0xd636,0xacd1,0xcdf5,0xde57,0xff7b,0xef3a,
  0xf75a,0xf77b,0xf75a,0xff9b,0xef3a,0xf77b,0xf77b,0xf77a,0xef39,0xf77a,0xff9b,0xff7b,0xf77a,0xef39,0xff9b,0xff9b,
  0xff9b,0xff7a,0xf75a,0xff7a,0xff7a,0xff9b,0xf75a,0xf739,0xff5b,0xff7b,0xff7c,0xe6ba,0xd658,0xce18,0xce19,0xbd97,
  0xb597,0xbdb8,0xbdd8,0xc5d8,0xbdd8,0xc618,0xc5f8,0xd679,0xd679,0xc5f6,0xd636,0xff9b,0xf759,0xff7a,0xf75a,0xffbc,
  0xdeb9,0x7bcf,0xa515,0x632d,0x1904,0x10a2,0x10a2,0x1082,0x18e3,0x39e7,0x3186,0x31a6,0x18e3,0x2104,0x31a6,0x0841,
  0x1082,0x1082,0x18c3,0x1082,0x1082,0x1082,0x1082,0x1082,0x10a2,0x10a2,0x1082,0x1082,0x1082,0x0841,0x1082,0x10a2,
  0x10a2,0x2104,0x2945,0x2945,0x2104,0x18c3,0x2124,0x2124,0x18e3,0x18c3,0x10a2,0x10a2,0x1082,0x0841,0x0861,0x1082,
  0x10a2,0x1082,0x10a2,0x10a2,0x18c3,0x1082,0x0861,0x1082,0x1082,0x10a2,0x10a2,0x1082,0x10a2,0x2124,0x18e3,0x2104,
  0x2945,0x1082,0x3186,0x2965,0x18c3,0x31a6,0x528a,0x18e3,0x2104,0x2945,0x1082,0x18c3,0x2104,0x39e7,0x2965,0x2124,
  0x4a69,0x4208,0x4208,0x4208,0x4228,0x2965,0x2104,0x31a6,0x2965,0x1082,0x2124,0x31a6,0x39c7,0x3186,0x2104,0x4208,
  0x39c7,0x2965,0x2965,0x2124,0x2104,0x2124,0x2104,0x2104,0x18e3,0x10a2,0x18c3,0x18e3,0x18e3,0x18c3,0x18c3,0x10a2,
  0x10a2,0x10a2,0x10a2,0x10a2,0x18c3,0x10a2,0x10a2,0x10a2,0x10a2,0x10a2,0x10a2,0x1082,0x1082,0x1082,0x10a2,0x10a2,
  0x1082,0x0861,0x0861,0x1082,0x1082,0x1082,0x0861,0x0861,0x1082,0x0861,0x0841,0x0861,0x0861,0x0861,0x0861,0x0861,
  0x0861,0x0841,0x0861,0x0861,0x0861,0x0841,0x0861,0x0841,0x0861,0x0841,0x0841,0x0020,0x0020,0x0841,0x0841,0x0861,
  0x1082,0x0000,0x0020,0x0000,0x0000,0x0020,0x0020,0x0020,0x0841,0x0020,0x0020,0x0861,0x0881,0x0881,0x0881,0x0881,
  0x1082,0x1082,0x10a2,0x10a2,0x18c2,0x18a3,0x10a3,0x0000,0x1082,0x2966,0x7bf0,0xd6bb,0x9cf4,0x2125,0x0841,0x0841,
  0x18e4,0x2105,0x2987,0x8432,0xad77,0xce7a,0xbdf9,0x8c52,0x5acc,0x4a6b,0x636e,0xad97,0xd6dc,0xe73e,0xdf1d,0xdedd,
  0x94b4,0x31a7,0x10e4,0x4aab,0x73f0,0xc65a,0xc639,0xc65a,0xbe19,0xbe39,0xbe19,0xbe39,0xbe39,0xb5f8,0xb5d8,0x7bf1,
  0x9cf4,0xa535,0xa515,0xad35,0x83ef,0xad33,0xef3a,0xff7b,0xf73a,0xf75a,0xf75a,0xf75a,0xf75a,0xff9b,0xff7b,0xf75a,
  0xff9b,0xff9b,0xff7b,0xff7b,0xff9b,0xff9b,0xff9b,0xff7b,0xff7b,0xf75a,0xef19,0xff7b,0xf75a,0xf75a,0xf75a,0xff7b,
  0xb531,0x9c4e,0xd635,0xde56,0xe697,0xff5a,0xff5a,0xff9b,0xde77,0xc5b4,0xef19,0xbd73,0xeef9,0xffbc,0xf75b,0xef3a,
  0xef3a,0xf77b,0xf77b,0xf77b,0xf75a,0xff9b,0xff9c,0xef3a,0xf75a,0xff9b,0xff9b,0xf77b,0xf77a,0xff9b,0xff9b,0xff9b,
  0xf75a,0xf75a,0xff7b,0xff7a,0xff7a,0xff9b,0xff7a,0xff7a,0xff7b,0xf75b,0xe6b9,0xd657,0xc5b6,0xc5f8,0xc5f8,0xbdd8,
  0xc5f9,0xb597,0xb597,0xbdb7,0xbdb7,0xbdd7,0xc5d7,0xce38,0xd679,0xce16,0xcdf5,0xff7a,0xff79,0xef18,0xe6b7,0xf739,
  0xffdc,0xb595,0x8c51,0x8452,0x2986,0x2985,0x2124,0x18a3,0x18e3,0x2124,0x18c3,0x39e7,0x31a6,0x2104,0x2965,0x1082,
  0x0861,0x1082,0x1082,0x10a2,0x1082,0x1082,0x1082,0x1082,0x1082,0x1082,0x1082,0x1082,0x1082,0x1082,0x0861,0x0861,
  0x0020,0x0841,0x2104,0x2124,0x18e3,0x18e3,0x2124,0x2124,0x18c3,0x18c3,0x10a2,0x18c3,0x10a2,0x10a2,0x1082,0x18c3,
  0x10a2,0x10a2,0x2104,0x2124,0x10a2,0x10a2,0x0861,0x0841,0x10a2,0x10a2,0x18c3,0x0861,0x1082,0x18e3,0x2104,0x18e3,
  0x2104,0x3186,0x2965,0x3186,0x2965,0x18e3,0x39c7,0x2124,0x2104,0x2965,0x2124,0x10a2,0x1082,0x18e3,0x31a6,0x18e3,
  0x1082,0x4208,0x4208,0x3186,0x39c7,0x528a,0x5acb,0x4a69,0x2124,0x18e3,0x18c3,0x31a6,0x4228,0x4208,0x39e7,0x4a49,
  0x2945,0x2104,0x39e7,0x3186,0x2124,0x2945,0x10a2,0x2104,0x18e3,0x10a2,0x10a2,0x18e3,0x18e3,0x18c3,0x10a2,0x10a2,
  0x2124,0x18c3,0x10a2,0x10a2,0x18c3,0x10a2,0x10a2,0x18c3,0x10a2,0x10a2,0x10a2,0x10a2,0x10a2,0x10a2,0x1082,0x1082,
  0x10a2,0x0861,0x0841,0x1082,0x1082,0x1082,0x1082,0x0861,0x1082,0x1082,0x0841,0x0861,0x0861,0x0861,0x0861,0x0861,
  0x0861,0x0861,0x0861,0x0861,0x0861,0x0861,0x0841,0x0861,0x0841,0x0861,0x0841,0x0841,0x0020,0x0020,0x0020,0x0841,
  0x0020,0x0020,0x0000,0x0020,0x0000,0x0000,0x0841,0x0861,0x0020,0x0020,0x0020,0x0861,0x0881,0x0881,0x0881,0x0881,
  0x1082,0x1082,0x10a2,0x1082,0x10a2,0x10a2,0x10a2,0x10a2,0x0861,0x0841,0x0021,0x0841,0x10a3,0x0862,0x2966,0x8431,
  0xad56,0x9cf4,0x6b6e,0x4a8b,0x2946,0x18e4,0x39e8,0x73af,0x94b3,0xa536,0x8c93,0x73d0,0x6b90,0xa557,0xd6bc,0xdefe,
  0xdefd,0xd6dc,0xa556,0x424a,0x0062,0x424a,0x94f4,0xbe19,0xb619,0xbe5a,0xadd8,0xb5d8,0xb5d8,0xbe19,0xb5b8,0x9d15,
  0x9d15,0x9d15,0xa556,0x8c31,0xb595,0xf77c,0xf75b,0xde77,0xef19,0xff9b,0xf75a,0xf75a,0xf73a,0xff9b,0xff9b,0xff7b,
  0xf77b,0xf75a,0xf75a,0xf75a,0xef19,0xe6d8,0xf75a,0xff7b,0xf77b,0xf73a,0xff7b,0xff7b,0xff9b,0xef19,0xef19,0xce15,
  0xbd92,0xf739,0xff7a,0xff7a,0xff7a,0xeef9,0xff5a,0xf739,0xf77a,0xce15,0xc5b4,0xcdf5,0xe697,0xff9b,0xff7a,0xf75a,
  0xff7b,0xf77b,0xf75b,0xf75b,0xf75a,0xff9c,0xef1a,0xf75a,0xff9b,0xf77b,0xf77b,0xf77a,0xf77a,0xff9b,0xff9b,0xff9b,
  0xff7b,0xff7a,0xff7b,0xff7a,0xff7a,0xff7b,0xff9b,0xff9b,0xff9b,0xde97,0xbd94,0xb554,0x9471,0x9471,0x8c51,0x9cd4,
  0xb577,0xbdb8,0xb577,0xb597,0xbd97,0xc5d8,0xc5f8,0xc5f7,0xd658,0xce37,0xd636,0xff7a,0xff9a,0xff7a,0xf739,0xf75a,
  0xef39,0xf77b,0x9cd3,0x9cb4,0x52ab,0x31c6,0x4248,0x18c3,0x18e3,0x2965,0x4a69,0x2965,0x18c3,0x18e3,0x39e7,0x2945,
  0x0841,0x10a2,0x10a2,0x10a2,0x1082,0x10a2,0x1082,0x10a2,0x1082,0x1082,0x1082,0x1082,0x1082,0x1082,0x1082,0x1082,
  0x1082,0x0841,0x0841,0x18c3,0x18c3,0x2104,0x18c3,0x1082,0x10a2,0x18c3,0x2124,0x2104,0x2104,0x18c3,0x18e3,0x18c3,
  0x10a2,0x2104,0x18c3,0x18e3,0x18c3,0x10a2,0x10a2,0x0861,0x1082,0x18c3,0x1082,0x1082,0x1082,0x10a2,0x18c3,0x18c3,
  0x2104,0x2945,0x18e3,0x2124,0x39c7,0x2124,0x1082,0x18e3,0x18e3,0x2124,0x2104,0x18c3,0x1082,0x18e3,0x4a49,0x2945,
  0x18e3,0x0861,0x39c7,0x4208,0x2124,0x31a6,0x31a6,0x39e7,0x3186,0x2124,0x1082,0x2104,0x2945,0x18c3,0x3186,0x4a69,
  0x2124,0x18c3,0x2124,0x2104,0x1082,0x18e3,0x18c3,0x2124,0x18e3,0x18c3,0x18e3,0x18c3,0x18c3,0x10a2,0x18e3,0x18c3,
  0x10a2,0x10a2,0x10a2,0x10a2,0x18c3,0x10a2,0x10a2,0x10a2,0x18c3,0x10a2,0x1082,0x1082,0x10a2,0x1082,0x1082,0x10a2,
  0x1082,0x1082,0x0861,0x0861,0x1082,0x1082,0x1082,0x0861,0x0861,0x1082,0x0861,0x0861,0x0861,0x0861,0x0861,0x0861,
  0x1082,0x0861,0x0861,0x0861,0x0841,0x0841,0x0841,0x0841,0x0841,0x0841,0x0841,0x0841,0x0841,0x0020,0x0841,0x0000,
  0x0020,0x0841,0x0020,0x0020,0x0020,0x0000,0x0000,0x0020,0x0020,0x0020,0x0020,0x1081,0x0881,0x0881,0x0881,0x0881,
  0x10a2,0x10a2,0x10a2,0x1082,0x1082,0x10a2,0x10a2,0x10a2,0x18e3,0x1082,0x0021,0x39c8,0x6b6e,0xa576,0xbe39,0xc63a,
  0xb5f8,0x94f4,0x8452,0x8472,0x94b4,0x9d15,0x7bd0,0x4a4a,0x10c3,0x4229,0x8c52,0xbdf8,0x738f,0x1083,0x4a4a,0xb5b7,
  0xd6dd,0xd6dd,0xdf3e,0xdf3e,0x9d36,0x424a,0x2966,0x8431,0x8c93,0x8452,0xa576,0xbe19,0xadb8,0xbe19,0xbdf9,0xbe3a,
  0xb619,0x9d35,0x8c50,0xc5d6,0xff7b,0xf73a,0xde77,0xe6b8,0xf73a,0xff7b,0xff5a,0xff7b,0xff7a,0xff9b,0xff9b,0xff9b,
  0xff7b,0xff7b,0xff7a,0xf75a,0xe6d8,0xdeb7,0xe6d8,0xff7a,0xff9b,0xf77b,0xf77b,0xff9b,0xff9b,0xff9b,0xc5d4,0xcdf5,
  0xff7a,0xff9b,0xf75a,0xff7a,0xf75a,0xeef8,0xff5a,0xff7a,0xff7a,0xf719,0xd615,0xd615,0xde56,0xffbc,0xf75a,0xff5b,
  0xff7b,0xf75a,0xf75a,0xf75a,0xff7b,0xff7b,0xef19,0xf75a,0xff7b,0xff9b,0xf75a,0xf77a,0xff9b,0xff9b,0xff7b,0xf75a,
  0xffbb,0xffbb,0xff7b,0xff7a,0xff7b,0xff7b,0xff9b,0xff9b,0xff7a,0xe6d8,0xe6d8,0xef3a,0xe6da,0xde9a,0xbd96,0x734e,
  0x62cc,0xb556,0xb597,0xb576,0xbdb7,0xc619,0xc619,0xce19,0xde9a,0xd617,0xc5b5,0xff9b,0xff7a,0xff9b,0xff7b,0xff7b,
  0xf75a,0xf77b,0xdeb9,0x7bef,0x7c10,0x52cb,0x39e8,0x18c3,0x18e3,0x2104,0x4a49,0x2945,0x10a2,0x2965,0x2945,0x4228,
  0x0861,0x1082,0x10a2,0x10a2,0x10a2,0x10a2,0x10a2,0x1082,0x10a2,0x1082,0x1082,0x1082,0x1082,0x1082,0x1082,0x1082,
  0x1082,0x1082,0x0841,0x0841,0x0841,0x0861,0x18e3,0x2104,0x2104,0x10a2,0x2945,0x18c3,0x18e3,0x18e3,0x18c3,0x10a2,
  0x18c3,0x18e3,0x18c3,0x10a2,0x18c3,0x10a2,0x1082,0x0861,0x1082,0x10a2,0x10a2,0x1082,0x1082,0x10a2,0x18e3,0x2104,
  0x18c3,0x2104,0x2945,0x2124,0x2945,0x18e3,0x10a2,0x18e3,0x2104,0x18e3,0x18e3,0x18e3,0x10a2,0x10a2,0x2945,0x2104,
  0x31a6,0x2104,0x4a49,0x39c7,0x18e3,0x2104,0x2945,0x2945,0x2945,0x18c3,0x10a2,0x2104,0x2124,0x2104,0x2124,0x4a49,
  0x2945,0x18e3,0x18e3,0x18e3,0x18e3,0x2124,0x18c3,0x18e3,0x18c3,0x10a2,0x18e3,0x18e3,0x10a2,0x10a2,0x10a2,0x10a2,
  0x10a2,0x10a2,0x18c3,0x10a2,0x10a2,0x18c3,0x10a2,0x1082,0x10a2,0x10a2,0x1082,0x1082,0x10a2,0x1082,0x10a2,0x10a2,
  0x10a2,0x10a2,0x0861,0x0841,0x0861,0x1082,0x0861,0x0861,0x0861,0x0861,0x1082,0x0861,0x0841,0x0841,0x0841,0x0861,
  0x0861,0x0861,0x0861,0x0861,0x0861,0x0861,0x0841,0x0841,0x0841,0x0861,0x0841,0x0841,0x0841,0x0841,0x0020,0x0020,
  0x0020,0x0020,0x0841,0x0020,0x0020,0x0020,0x0000,0x0000,0x0000,0x0000,0x0841,0x0881,0x0881,0x0881,0x0881,0x0882,
  0x1082,0x10a3,0x1082,0x1082,0x1082,0x1082,0x10a2,0x18c3,0x20e4,0x0821,0x8c52,0xce7b,0xbe1a,0xd6dd,0xce9c,0xce9c,
  0xc65b,0xc65a,0xa536,0x73b0,0x6b90,0x632e,0x634e,0x7c11,0x94d3,0x4a8a,0x18e3,0x4a49,0x7bef,0x7bcf,0x2965,0x18c3,
  0x5aec,0xb5b8,0xdf1d,0xd6fc,0xdf3d,0xdf1d,0xa556,0x6b6e,0x52cc,0x4249,0x94b3,0xb5f9,0xb5d8,0xbe19,0xb5f8,0xb5f8,
  0xb5f8,0x8c71,0xc5f6,0xff9c,0xf73a,0xe697,0xe6b7,0xff7b,0xf73a,0xff7b,0xff7a,0xff7b,0xff9b,0xff7b,0xff9b,0xff9b,
  0xff7b,0xff7b,0xff9b,0xff7b,0xf75a,0xff9b,0xf739,0xff7a,0xf77a,0xf77a,0xff9b,0xff9b,0xffbb,0xce35,0xd636,0xf77b,
  0xf79a,0xff9a,0xff9b,0xff7a,0xff7a,0xf75a,0xff7a,0xff7a,0xf73a,0xff9b,0xcdd4,0xd615,0xf71a,0xf71a,0xf73a,0xff7b,
  0xff9b,0xff7b,0xf75a,0xf77b,0xff9b,0xff7b,0xff7b,0xff9b,0xf75a,0xef19,0xf75a,0xf73a,0xf75a,0xff9b,0xf77b,0xf73a,
  0xff7b,0xff9b,0xff9b,0xff9b,0xff9b,0xf73a,0xef19,0xff7a,0xf739,0xff7a,0xff7b,0xff7b,0xff7c,0xff9d,0xef1b,0xce18,
  0x8c11,0xa4d4,0xb577,0xad36,0xbdb8,0xc619,0xc619,0xd65a,0xd618,0xcdd6,0xe6b9,0xff5b,0xf75a,0xf75a,0xff9b,0xf75b,
  0xf73a,0xf75a,0xffbc,0xad74,0x738e,0x6b8f,0x39a7,0x2104,0x18c3,0x10a2,0x2104,0x2965,0x39c7,0x2945,0x2945,0x31a6,
  0x10a2,0x0861,0x10a2,0x10a2,0x10a2,0x1082,0x1082,0x1082,0x1082,0x1082,0x10a2,0x1082,0x1082,0x1082,0x1082,0x1082,
  0x1082,0x0861,0x0861,0x1082,0x0861,0x0861,0x0020,0x0861,0x18c3,0x2945,0x31a6,0x18e3,0x10a2,0x10a2,0x1082,0x18e3,
  0x18c3,0x10a2,0x10a2,0x10a2,0x18c3,0x10a2,0x10a2,0x1082,0x1082,0x1082,0x10a2,0x10a2,0x1082,0x10a2,0x10a2,0x18e3,
  0x18c3,0x2124,0x18e3,0x2104,0x18c3,0x10a2,0x2124,0x4228,0x2945,0x2104,0x2124,0x18c3,0x1082,0x10a2,0x18c3,0x2104,
  0x2945,0x18e3,0x2124,0x2945,0x2104,0x2124,0x2965,0x2945,0x2945,0x10a2,0x10a2,0x2945,0x2965,0x3186,0x18c3,0x18e3,
  0x2124,0x18e3,0x18e3,0x2104,0x2104,0x18c3,0x10a2,0x2104,0x18c3,0x10a2,0x18c3,0x18c3,0x10a2,0x10a2,0x10a2,0x10a2,
  0x10a2,0x10a2,0x10a2,0x10a2,0x10a2,0x10a2,0x1082,0x10a2,0x10a2,0x1082,0x10a2,0x1082,0x1082,0x10a2,0x10a2,0x1082,
  0x1082,0x1082,0x0861,0x0861,0x0861,0x1082,0x0861,0x0861,0x0861,0x0861,0x1082,0x0861,0x0861,0x0861,0x0841,0x0861,
  0x0861,0x0861,0x0861,0x0861,0x0861,0x0841,0x0861,0x0841,0x0841,0x0861,0x0841,0x0841,0x0841,0x0841,0x0841,0x0020,
  0x0020,0x0020,0x0020,0x0841,0x0020,0x0020,0x0020,0x0000,0x0020,0x0000,0x0841,0x0881,0x0881,0x0881,0x0881,0x0882,
  0x10a3,0x10a2,0x10a2,0x10a2,0x10a2,0x10a2,0x10a2,0x10a2,0x0841,0x0821,0xa536,0xa556,0x9d15,0xc61a,0xb5b8,0xad77,
  0xbdfa,0xce9c,0xdefe,0xe75f,0xdefd,0xb5d9,0x8452,0x426a,0x31a7,0x4a6a,0x52ab,0x4a49,0x39e7,0x6b6d,0x52aa,0x4228,
  0x18e3,0x18e4,0x73cf,0xce7a,0xdf1d,0xd6dc,0xe73d,0xe73d,0xa555,0x4a6a,0x4a8b,0x31a8,0x634e,0xbe18,0xb5f7,0xad96,
  0x9491,0xc5f6,0xff9c,0xf73a,0xde76,0xe6b7,0xff9b,0xff9b,0xff9b,0xff7b,0xff5a,0xff7a,0xff9b,0xff7b,0xf739,0xf77a,
  0xff9b,0xff7a,0xff7a,0xf77a,0xf75a,0xff7b,0xf77a,0xf75a,0xef39,0xf75a,0xff9b,0xff9b,0xc5f4,0xce15,0xf77a,0xf75a,
  0xef39,0xf77a,0xff9a,0xff7a,0xf75a,0xff5a,0xff7b,0xf73a,0xf73a,0xe6b7,0x9c4e,0xde56,0xff7b,0xf73a,0xf75b,0xf75a,
  0xff7b,0xff9b,0xff7b,0xff9b,0xff9b,0xff7b,0xff9b,0xff7b,0xf75a,0xf77b,0xf77b,0xf73a,0xef3a,0xff9b,0xff9b,0xf75a,
  0xff7b,0xff7b,0xff9b,0xff9b,0xff9b,0xff7a,0xf75a,0xf75a,0xf739,0xf739,0xf75a,0xff7b,0xf77b,0xf77c,0xf77c,0xe6b9,
  0xd659,0x7bb0,0xad15,0xb597,0xb597,0xc5f8,0xce39,0xd65a,0xc5b6,0xde79,0xf75b,0xf73a,0xef19,0xff7a,0xff7a,0xf75b,
  0xff7a,0xf77a,0xf75a,0xe71a,0x8410,0x6b6e,0x4209,0x2104,0x3186,0x0841,0x4a49,0x8410,0x2124,0x2965,0x2124,0x2965,
  0x2965,0x0020,0x10a2,0x1082,0x10a2,0x1082,0x1082,0x1082,0x1082,0x1082,0x1082,0x1082,0x1082,0x1082,0x1082,0x1082,
  0x1082,0x0861,0x0861,0x1082,0x1082,0x1082,0x0861,0x0020,0x0020,0x1082,0x18e3,0x18c3,0x39c7,0x39c7,0x18e3,0x2124,
  0x10a2,0x10a2,0x18c3,0x10a2,0x10a2,0x10a2,0x10a2,0x1082,0x0861,0x1082,0x1082,0x10a2,0x10a2,0x1082,0x10a2,0x18c3,
  0x2124,0x18c3,0x10a2,0x10a2,0x18c3,0x18e3,0x39c7,0x39e7,0x2965,0x18c3,0x2124,0x2124,0x10a2,0x10a2,0x18c3,0x2124,
  0x2104,0x1082,0x10a2,0x2965,0x2945,0x2945,0x2945,0x2104,0x10a2,0x10a2,0x1082,0x18e3,0x2965,0x2104,0x18e3,0x3186,
  0x2104,0x18c3,0x18c3,0x10a2,0x10a2,0x18c3,0x18c3,0x18c3,0x18e3,0x18c3,0x18e3,0x18e3,0x10a2,0x1082,0x10a2,0x1082,
  0x10a2,0x10a2,0x10a2,0x1082,0x18c3,0x10a2,0x1082,0x10a2,0x1082,0x10a2,0x10a2,0x1082,0x1082,0x10a2,0x10a2,0x1082,
  0x1082,0x10a2,0x10a2,0x0861,0x0861,0x10a2,0x1082,0x1082,0x0861,0x0861,0x1082,0x0861,0x0841,0x0861,0x0861,0x0861,
  0x0861,0x0861,0x0861,0x0861,0x0861,0x1082,0x0841,0x0841,0x0841,0x0841,0x0841,0x0841,0x0841,0x0841,0x0841,0x0020,
  0x0841,0x0020,0x0020,0x0020,0x0020,0x0020,0x0020,0x0841,0x0000,0x0000,0x0861,0x1082,0x0881,0x0881,0x0881,0x0882,
  0x1082,0x10a2,0x10a2,0x1082,0x10a2,0x10a2,0x10a2,0x10a2,0x1081,0x0881,0x2144,0x31c7,0x31c7,0x6b4d,0x52ab,0x5acb,
  0x6b4e,0x7bf2,0x7bf1,0xad98,0xce7b,0xc65b,0xd6fd,0xdf3e,0xbdf8,0x634d,0x2125,0x2986,0x4208,0x18c3,0x5289,0x5aeb,
  0x39c7,0x5aab,0x2104,0x2965,0x8c72,0xce9b,0xdf1d,0xd6dc,0xe75e,0xe75e,0x52ac,0x3187,0x7bd0,0x94b3,0xad55,0x8c70,
  0xce16,0xff7b,0xff5a,0xeeb7,0xeeb7,0xff9b,0xf73a,0xf73a,0xff7b,0xff7b,0xff7b,0xff7a,0xff7b,0xf75a,0xf739,0xf77a,
  0xff7a,0xf75a,0xff7a,0xff7a,0xff7b,0xff9b,0xffbc,0xff7b,0xf77a,0xff9a,0xf75a,0xb572,0xbdb3,0xff9b,0xf739,0xf75a,
  0xf75a,0xf77a,0xff7a,0xff9b,0xff7a,0xf75a,0xff5a,0xff7a,0xff3a,0xacd0,0xacf1,0xcdf5,0xd656,0xffdc,0xff7b,0xf75b,
  0xff7b,0xf75a,0xff7b,0xff9b,0xff9b,0xff9b,0xff7b,0xf75a,0xff7b,0xffbc,0xff7b,0xf75a,0xff7b,0xff7b,0xff7b,0xff9b,
  0xff7b,0xf75a,0xff7a,0xff9b,0xff9b,0xf75a,0xff7b,0xff7b,0xff7a,0xff7b,0xff7a,0xf75a,0xf75a,0xff7b,0xf75b,0xe6d9,
  0xd679,0x9c93,0x9452,0xbdb7,0xb576,0xb597,0xc618,0xce39,0xc5d6,0xeefa,0xf73b,0xf71a,0xf75a,0xff7a,0xf75a,0xff9b,
  0xff7a,0xff7a,0xff7b,0xf77b,0xde9a,0x6b4e,0x8411,0x4229,0x2945,0x2124,0x2965,0x4a69,0x2965,0x2965,0x2965,0x2104,
  0x39c7,0x18e3,0x0841,0x1082,0x1082,0x1082,0x1082,0x1082,0x10a2,0x10a2,0x1082,0x1082,0x1082,0x1082,0x1082,0x0861,
  0x0861,0x1082,0x1082,0x0861,0x1082,0x1082,0x1082,0x1082,0x0861,0x0861,0x0841,0x0861,0x2104,0x31a6,0x2124,0x2124,
  0x18c3,0x1082,0x18e3,0x2104,0x18c3,0x10a2,0x18c3,0x18c3,0x0861,0x0861,0x10a2,0x10a2,0x10a2,0x1082,0x1082,0x18c3,
  0x2124,0x18c3,0x18e3,0x2124,0x1082,0x2124,0x3186,0x18c3,0x31a6,0x31a6,0x18e3,0x3186,0x18c3,0x18c3,0x18c3,0x10a2,
  0x18e3,0x18e3,0x18c3,0x18c3,0x2104,0x3186,0x2104,0x2945,0x2965,0x18c3,0x1082,0x18c3,0x2104,0x10a2,0x18e3,0x18e3,
  0x10a2,0x18c3,0x10a2,0x18c3,0x10a2,0x10a2,0x10a2,0x10a2,0x10a2,0x10a2,0x10a2,0x18c3,0x10a2,0x10a2,0x2104,0x10a2,
  0x10a2,0x10a2,0x10a2,0x10a2,0x1082,0x10a2,0x10a2,0x1082,0x1082,0x1082,0x10a2,0x10a2,0x1082,0x10a2,0x10a2,0x1082,
  0x10a2,0x1082,0x1082,0x0861,0x0841,0x0861,0x1082,0x0861,0x0861,0x0841,0x1082,0x1082,0x0861,0x0861,0x0861,0x0861,
  0x0861,0x0841,0x0841,0x0861,0x0861,0x1082,0x0861,0x0841,0x0841,0x0841,0x0841,0x0841,0x0841,0x0841,0x0841,0x0841,
  0x0841,0x0020,0x0020,0x0020,0x0020,0x0020,0x0020,0x0020,0x0020,0x0000,0x0841,0x1081,0x1081,0x0881,0x0881,0x0882,
  0x1082,0x1082,0x1082,0x0861,0x10a2,0x10a2,0x10a2,0x1082,0x0840,0x0000,0x0000,0x0000,0x0000,0x0000,0x0000,0x18e3,
  0x4a6a,0x6b4d,0x5aec,0x7c11,0xce7b,0xc67b,0xbe1a,0xc63a,0xd6dc,0xd6dc,0xc67a,0x73d0,0x10c3,0x0021,0x5aeb,0xc639,
  0x7bce,0x39e7,0x4a49,0x2986,0x31a7,0x5acc,0x8c73,0xbdd8,0xc63a,0xad77,0xa515,0xce7b,0xd6bb,0xbdb7,0x8c30,0xc5f6,
  0xff9b,0xff3a,0xe697,0xeef8,0xff7a,0xff9a,0xff7a,0xff7a,0xf75a,0xff7a,0xff7b,0xff7b,0xff7b,0xff9b,0xffbb,0xff9b,
  0xff7a,0xef39,0xf75a,0xffbb,0xf75a,0xd656,0xd677,0xf75a,0xff9b,0xf75a,0xbd72,0xbd72,0xf77a,0xff7a,0xf77a,0xff7a,
  0xff9a,0xf75a,0xef19,0xff7a,0xff9b,0xf73a,0xff5a,0xff7b,0xde36,0x8bcc,0xd615,0xc594,0xe6d8,0xf75a,0xff9b,0xff9b,
  0xff9b,0xf75a,0xf75a,0xff9b,0xff7b,0xff7b,0xff9b,0xf75a,0xff7b,0xff9b,0xff7b,0xff9b,0xf75a,0xf75a,0xff9b,0xff7b,
  0xff9b,0xff7a,0xff5a,0xff7b,0xff9b,0xff9b,0xff7a,0xf75a,0xf73a,0xf73a,0xff7a,0xff5a,0xff5a,0xff7b,0xff7b,0xeed8,
  0xcdf7,0xbd97,0x8c31,0xad15,0xbdd8,0xb596,0xc5f7,0xe6da,0xd637,0xd616,0xf73a,0xeef9,0xef19,0xf75a,0xff7b,0xf75a,
  0xf739,0xff7a,0xff9b,0xef1a,0xef1b,0xad35,0x630d,0x4a8b,0x31a7,0x31a6,0x0841,0x39e7,0x5aeb,0x39c7,0x2104,0x18e3,
  0x39c7,0x2104,0x0841,0x1082,0x0861,0x1082,0x10a2,0x10a2,0x10a2,0x10a2,0x10a2,0x1082,0x1082,0x1082,0x0861,0x0861,
  0x1082,0x0861,0x1082,0x0861,0x0841,0x0861,0x0861,0x18e3,0x2945,0x10a2,0x10a2,0x0841,0x0841,0x0020,0x0861,0x2124,
  0x4208,0x18e3,0x18c3,0x18c3,0x18c3,0x18c3,0x18c3,0x18e3,0x1082,0x0861,0x10a2,0x10a2,0x10a2,0x1082,0x1082,0x18c3,
  0x2124,0x10a2,0x18e3,0x2965,0x2945,0x18e3,0x10a2,0x18c3,0x2945,0x39c7,0x2104,0x18e3,0x2124,0x10a2,0x1082,0x10a2,
  0x10a2,0x18c3,0x18c3,0x10a2,0x18e3,0x2965,0x2945,0x3186,0x2965,0x18c3,0x1082,0x10a2,0x18c3,0x18e3,0x18c3,0x2124,
  0x31a6,0x10a2,0x18e3,0x18c3,0x18e3,0x1082,0x18c3,0x10a2,0x10a2,0x18c3,0x10a2,0x1082,0x10a2,0x1082,0x10a2,0x10a2,
  0x18c3,0x10a2,0x10a2,0x10a2,0x10a2,0x1082,0x1082,0x1082,0x10a2,0x10a2,0x1082,0x10a2,0x1082,0x10a2,0x1082,0x1082,
  0x1082,0x1082,0x1082,0x0861,0x0841,0x0861,0x1082,0x0861,0x0861,0x0861,0x0861,0x1082,0x0861,0x0841,0x0861,0x0861,
  0x0841,0x0861,0x0861,0x0861,0x0861,0x0861,0x0841,0x0861,0x0841,0x0861,0x0841,0x0861,0x0841,0x0841,0x0841,0x0841,
  0x0020,0x0020,0x0020,0x0020,0x0020,0x0020,0x0020,0x0020,0x0841,0x0020,0x0840,0x0861,0x0861,0x0881,0x0881,0x0882,
  0x1082,0x0861,0x1082,0x10a2,0x10a2,0x10a2,0x10a2,0x0861,0x2966,0x5acc,0x6b8e,0x8452,0x8411,0x630d,0x39c8,0x0862,
  0x0000,0x0000,0x2104,0x52ab,0x73af,0x9cf5,0xbe19,0xc63a,0xc65a,0xb5f8,0xd6dc,0xdf1d,0xad97,0x634e,0x2986,0x6b8e,
  0x9cd3,0x2945,0x2965,0x2125,0x4229,0x738f,0x5acc,0x39e9,0x6b6f,0x8411,0xc619,0xce5a,0xdefb,0xa513,0xbdb5,0xf77b,
  0xff7b,0xe697,0xde76,0xff7a,0xf739,0xf739,0xff7a,0xef19,0xff7b,0xff9b,0xff7b,0xff7b,0xff9b,0xff9b,0xff7b,0xf77a,
  0xf77a,0xeef8,0xf77a,0xf759,0xb552,0xa4b0,0xb532,0xef1a,0xef19,0xa4cf,0xad10,0xf75a,0xff9a,0xff9a,0xff9a,0xf759,
  0xf77a,0xff7a,0xf77a,0xff9b,0xff9b,0xf739,0xff9b,0xf739,0xd615,0x9c4f,0xcdf5,0xd636,0xff7b,0xf75a,0xff9b,0xf75a,
  0xf75a,0xff9b,0xff9b,0xff9b,0xff9b,0xff9b,0xff9b,0xff9b,0xff9b,0xff9b,0xff9b,0xff9b,0xff9b,0xff7b,0xff9b,0xff9b,
  0xf75a,0xff7b,0xff7b,0xff5a,0xf73a,0xf75a,0xff9b,0xff7a,0xff5a,0xf73a,0xff5a,0xeeb8,0xd615,0xcdd4,0xbd72,0xc593,
  0x9c50,0x734d,0xa4b3,0xa4b3,0xce39,0xce17,0xd678,0xef3b,0xf75b,0xcdf5,0xde98,0xe6d8,0xe6b7,0xff7b,0xff7b,0xf739,
  0xf75a,0xff7a,0xff7a,0xeed9,0x8bef,0x5a8a,0x2925,0x52cb,0x4208,0x1082,0x1082,0x31a6,0x7bef,0x73ae,0x4a69,0x18e3,
  0x2945,0x2945,0x0841,0x1082,0x1082,0x0861,0x0861,0x10a2,0x1082,0x1082,0x1082,0x1082,0x1082,0x0861,0x0861,0x1082,
  0x0861,0x1082,0x1082,0x1082,0x0861,0x1082,0x0861,0x18c3,0x18c3,0x1082,0x10a2,0x1082,0x0861,0x0841,0x0841,0x0861,
  0x10a2,0x2104,0x39c7,0x3186,0x18c3,0x10a2,0x18c3,0x10a2,0x10a2,0x0861,0x0861,0x10a2,0x10a2,0x10a2,0x10a2,0x10a2,
  0x18c3,0x10a2,0x18e3,0x2104,0x2965,0x2104,0x18c3,0x2104,0x2945,0x2945,0x18e3,0x2945,0x18c3,0x10a2,0x1082,0x10a2,
  0x2104,0x18c3,0x10a2,0x10a2,0x18e3,0x3186,0x2965,0x2104,0x18e3,0x18e3,0x10a2,0x10a2,0x18c3,0x18e3,0x18c3,0x10a2,
  0x2104,0x10a2,0x10a2,0x10a2,0x10a2,0x10a2,0x10a2,0x18c3,0x10a2,0x18e3,0x18e3,0x18c3,0x10a2,0x10a2,0x10a2,0x18c3,
  0x10a2,0x10a2,0x18e3,0x1082,0x0861,0x1082,0x1082,0x1082,0x1082,0x1082,0x10a2,0x10a2,0x1082,0x1082,0x10a2,0x1082,
  0x1082,0x1082,0x10a2,0x1082,0x0861,0x0861,0x0861,0x0861,0x1082,0x0861,0x0861,0x1082,0x1082,0x0841,0x0841,0x0861,
  0x0841,0x0861,0x0861,0x0861,0x0861,0x0861,0x0861,0x0861,0x0861,0x0841,0x0841,0x0841,0x0841,0x0841,0x0841,0x0841,
  0x0841,0x0020,0x0020,0x0020,0x0020,0x0020,0x0020,0x0020,0x0000,0x0020,0x0841,0x0881,0x0881,0x0881,0x0881,0x0882,
  0x0861,0x1081,0x1082,0x1082,0x1082,0x1082,0x0021,0x2104,0x52ab,0x6b4e,0x7bf1,0xb597,0xc63a,0xce7b,0xb5d8,0xad56,
  0x94d3,0x4a8a,0x0041,0x0000,0x0000,0x10a3,0x4a4a,0x73af,0xa556,0xce9b,0xc65a,0xb5f9,0xbe5a,0xd6dc,0xc63a,0x6b8f,
  0x18e4,0x0841,0x2104,0x18e4,0x2105,0x632d,0xa515,0x8432,0x94b4,0xb576,0xd6ba,0xdefa,0x94b1,0xb594,0xff7b,0xff7b,
  0xeef9,0xde56,0xf719,0xff5a,0xf75a,0xf739,0xf759,0xe6b7,0xff7a,0xff9b,0xff7b,0xff7b,0xff7a,0xff9b,0xff9b,0xf79a,
  0xf77a,0xf77a,0xffbb,0xef19,0xc5d4,0xce36,0xef3a,0xde97,0xa4af,0x9c6e,0xef19,0xff7a,0xff7a,0xff7a,0xff7a,0xff7a,
  0xff9b,0xff9a,0xf75a,0xff9b,0xff7a,0xf739,0xff5a,0xe697,0xd636,0xacd0,0xcdf5,0xe6b8,0xffbc,0xff9b,0xf79b,0xf79b,
  0xff7b,0xff7b,0xff7b,0xff9b,0xff7b,0xff7b,0xff7b,0xf77b,0xff7b,0xef19,0xff7b,0xf75a,0xff9b,0xf77b,0xf77b,0xff9b,
  0xf73a,0xffbb,0xff7a,0xf75a,0xf75a,0xef19,0xff9b,0xff9b,0xf75a,0xe6b8,0xcdd4,0xc593,0xcdd4,0xde57,0xd615,0xbd32,
  0x8bce,0x6289,0xa4d2,0xacf3,0xce17,0xd637,0x9c6f,0xc5b4,0xff9b,0xf73a,0xe6b8,0xde97,0xe6d8,0xf75a,0xff7a,0xef19,
  0xf75b,0xff7b,0xff5a,0xde77,0xb4f2,0x7b8e,0x20c4,0x2945,0x1904,0x18e3,0x18e3,0x10a2,0x4208,0x4a69,0x31a6,0x2104,
  0x2104,0x4228,0x18c3,0x0841,0x10a2,0x10a2,0x0861,0x1082,0x1082,0x1082,0x1082,0x10a2,0x0861,0x0861,0x1082,0x1082,
  0x1082,0x1082,0x0861,0x1082,0x10a2,0x1082,0x10a2,0x1082,0x1082,0x1082,0x0841,0x0861,0x1082,0x1082,0x1082,0x0861,
  0x0861,0x0841,0x1082,0x10a2,0x3186,0x2965,0x18c3,0x18c3,0x10a2,0x0861,0x0861,0x1082,0x10a2,0x1082,0x1082,0x0861,
  0x2104,0x10a2,0x18c3,0x18c3,0x18e3,0x18c3,0x18e3,0x18c3,0x2104,0x18c3,0x18c3,0x39c7,0x18e3,0x18c3,0x1082,0x1082,
  0x2104,0x18c3,0x10a2,0x0861,0x3186,0x2945,0x18c3,0x18c3,0x2104,0x2124,0x1082,0x10a2,0x10a2,0x10a2,0x10a2,0x18c3,
  0x18c3,0x10a2,0x18c3,0x18c3,0x1082,0x0861,0x18c3,0x18c3,0x1082,0x18c3,0x10a2,0x18c3,0x10a2,0x10a2,0x10a2,0x10a2,
  0x10a2,0x18c3,0x10a2,0x10a2,0x10a2,0x1082,0x1082,0x10a2,0x1082,0x0861,0x1082,0x10a2,0x1082,0x1082,0x1082,0x1082,
  0x1082,0x1082,0x1082,0x1082,0x1082,0x0841,0x0861,0x0861,0x0861,0x0841,0x0861,0x1082,0x1082,0x0861,0x0861,0x0861,
  0x0861,0x0841,0x0841,0x0841,0x0841,0x0861,0x0861,0x0861,0x0861,0x0841,0x0841,0x0841,0x0841,0x0841,0x0841,0x0020,
  0x0841,0x0020,0x0020,0x0020,0x0020,0x0020,0x0020,0x0020,0x0000,0x0020,0x0841,0x0881,0x1081,0x0881,0x0881,0x0882,
  0x0861,0x1082,0x1081,0x1082,0x0841,0x0000,0x2966,0x73ae,0x39c7,0x0000,0x0000,0x0042,0x8c72,0xad97,0xa556,0xb5d8,
  0xc639,0xc65a,0xa555,0x738e,0x2945,0x0000,0x0000,0x0861,0x18e4,0x632d,0xadb7,0xce7b,0x9d15,0xb5d8,0xcebc,0xdf1d,
  0xa556,0x3187,0x0862,0x4a4a,0x7bf0,0x8c52,0x7bf1,0x73af,0xad56,0xdebb,0xce58,0xad73,0xa511,0xf77a,0xf73a,0xf73a,
  0xde77,0xf73a,0xff7b,0xff9b,0xff9b,0xff9b,0xff7a,0xf739,0xff5a,0xff7b,0xff7b,0xff9b,0xff5a,0xff7b,0xff7a,0xf75a,
  0xff7a,0xff7a,0xf77a,0xff9b,0xd656,0xb552,0xe6b8,0xacf1,0xa4d0,0xf739,0xff9a,0xff5a,0xff7a,0xff7a,0xff7a,0xff9a,
  0xff9b,0xff7a,0xf739,0xff7a,0xff9b,0xff9b,0xde76,0xde56,0xe677,0xacd0,0xcdb4,0xeef9,0xffbc,0xff9b,0xff9b,0xf77b,
  0xff7b,0xf77b,0xf75a,0xf77b,0xff7b,0xff7b,0xf75a,0xef3a,0xf75a,0xef3a,0xf73a,0xef19,0xff9b,0xf75a,0xf75a,0xff7b,
  0xff7a,0xff9b,0xff7a,0xef19,0xf75a,0xff9b,0xf75a,0xce15,0xc5d4,0xd636,0xf6f9,0xff7b,0xff7b,0xff5b,0xf6f9,0xe698,
  0xeed9,0xb4f3,0x836d,0xcdd6,0xacd2,0x7b6c,0x9c4f,0xf719,0xff7a,0xf75a,0xf75a,0xf75a,0xff7b,0xff7b,0xff7b,0xf75a,
  0xff9c,0xff9c,0xf71a,0xbd53,0xde37,0xe6ba,0x83cf,0x0021,0x2104,0x2104,0x2104,0x1082,0x2124,0x31a6,0x2124,0x4208,
  0x18e3,0x39e7,0x31a6,0x0020,0x10a2,0x10a2,0x1082,0x1082,0x0861,0x1082,0x1082,0x1082,0x0861,0x1082,0x10a2,0x1082,
  0x1082,0x1082,0x1082,0x10a2,0x10a2,0x1082,0x1082,0x1082,0x1082,0x1082,0x0861,0x1082,0x1082,0x1082,0x0861,0x0861,
  0x0861,0x0861,0x0841,0x0841,0x1082,0x2104,0x31a6,0x2124,0x10a2,0x10a2,0x0841,0x0861,0x1082,0x1082,0x1082,0x18c3,
  0x1082,0x1082,0x0861,0x10a2,0x18e3,0x18c3,0x1082,0x1082,0x1082,0x10a2,0x18c3,0x2124,0x18c3,0x10a2,0x1082,0x1082,
  0x10a2,0x10a2,0x18e3,0x0861,0x2124,0x3186,0x2104,0x18c3,0x18e3,0x18c3,0x1082,0x10a2,0x10a2,0x10a2,0x10a2,0x10a2,
  0x10a2,0x18c3,0x10a2,0x18c3,0x10a2,0x1082,0x1082,0x10a2,0x0861,0x1082,0x10a2,0x1082,0x10a2,0x10a2,0x10a2,0x10a2,
  0x18c3,0x10a2,0x10a2,0x10a2,0x10a2,0x18c3,0x1082,0x1082,0x1082,0x0861,0x1082,0x1082,0x1082,0x1082,0x18c3,0x10a2,
  0x0861,0x1082,0x1082,0x1082,0x0861,0x0861,0x0861,0x0841,0x0841,0x0861,0x0861,0x0861,0x1082,0x0861,0x0861,0x0861,
  0x0861,0x0861,0x0861,0x0861,0x0861,0x0841,0x0841,0x0841,0x0861,0x0841,0x0841,0x0841,0x0841,0x0020,0x0841,0x0841,
  0x0020,0x0020,0x0020,0x0020,0x0020,0x0000,0x0020,0x0020,0x0020,0x0020,0x0841,0x1081,0x0881,0x0881,0x0881,0x0881,
  0x0021,0x0000,0x0861,0x0861,0x2124,0x73af,0xbdd8,0xc61a,0xb5d8,0x9cf4,0x8452,0x52cd,0x9cf5,0xc65a,0x5aec,0x0841,
  0x2986,0x6b8e,0xad97,0xce7b,0xce5a,0x73cf,0x2945,0x10a2,0x18c2,0x0861,0x10c3,0x52ab,0xb5b7,0xce9b,0xc63a,0xc63a,
  0xd6dd,0xce7b,0x6b6f,0x31a8,0x634e,0x8c51,0x8411,0x83f0,0xa514,0xd69a,0x9471,0xa4f1,0xef19,0xef19,0xf75a,0xe6d8,
  0xe6d8,0xff7b,0xff7a,0xff7a,0xf73a,0xff5a,0xff7b,0xff7b,0xff9b,0xff7b,0xff7b,0xff9b,0xff7b,0xeed9,0xeef9,0xff7b,
  0xff5b,0xff9b,0xe698,0xacf1,0xb512,0xb532,0xcdf5,0xacf1,0xde96,0xf75a,0xeef8,0xff7a,0xff7a,0xf759,0xff9a,0xff9a,
  0xff7a,0xf759,0xf75a,0xff7a,0xf759,0xf759,0xd656,0xef19,0xe6b8,0x940d,0xc594,0xf73a,0xf75a,0xf73a,0xf75b,0xf75b,
  0xf73a,0xf75a,0xff7b,0xff9b,0xff9b,0xff9b,0xf75a,0xff7b,0xff9b,0xff9b,0xff9b,0xff9b,0xf75a,0xf75a,0xf73a,0xf75a,
  0xf77b,0xf77b,0xff7b,0xff7a,0xff5a,0xe677,0xcdd4,0xd636,0xf719,0xff9b,0xff3a,0xe657,0xacb0,0x730a,0x6288,0x5227,
  0x7b2b,0xa490,0x5a26,0x51e5,0x6aa8,0xacf1,0xf75a,0xf75a,0xff5a,0xf73a,0xf719,0xff7b,0xff9b,0xff7b,0xff7b,0xff9b,
  0xffbc,0xff9c,0xe6b9,0xb533,0xde57,0xd617,0xd639,0x5a8b,0x0841,0x18e3,0x18c3,0x1082,0x2945,0x52ab,0x31a7,0x4a49,
  0x31a7,0x18e3,0x2124,0x0861,0x1082,0x10a2,0x1082,0x0861,0x10a2,0x1082,0x1082,0x0861,0x1082,0x1082,0x10a2,0x1082,
  0x0861,0x1082,0x1082,0x1082,0x1082,0x1082,0x1082,0x1082,0x1082,0x1082,0x10a2,0x1082,0x1082,0x1082,0x0861,0x0861,
  0x1082,0x1082,0x1082,0x0861,0x0861,0x0841,0x1082,0x10a2,0x18e3,0x2965,0x18e3,0x0841,0x1082,0x1082,0x10a2,0x10a2,
  0x10a2,0x1082,0x1082,0x1082,0x1082,0x10a2,0x1082,0x1082,0x1082,0x10a2,0x10a2,0x1082,0x10a2,0x10a2,0x10a2,0x1082,
  0x10a2,0x18c3,0x2104,0x10a2,0x10a2,0x39e7,0x18e3,0x18c3,0x2124,0x10a2,0x18c3,0x10a2,0x10a2,0x10a2,0x10a2,0x18c3,
  0x18c3,0x10a2,0x18c3,0x10a2,0x10a2,0x10a2,0x10a2,0x1082,0x1082,0x1082,0x1082,0x10a2,0x10a2,0x10a2,0x10a2,0x10a2,
  0x2104,0x18e3,0x10a2,0x10a2,0x1082,0x10a2,0x1082,0x1082,0x1082,0x1082,0x1082,0x1082,0x10a2,0x1082,0x1082,0x1082,
  0x1082,0x1082,0x1082,0x1082,0x1082,0x0861,0x0841,0x0841,0x0861,0x0861,0x0841,0x0841,0x1082,0x1082,0x0861,0x0841,
  0x0861,0x0861,0x0861,0x0841,0x0841,0x0861,0x0861,0x0841,0x0861,0x0841,0x0841,0x0841,0x0841,0x0841,0x0020,0x0841,
  0x0020,0x0841,0x0841,0x0020,0x0020,0x0020,0x0020,0x0841,0x1082,0x10a2,0x0861,0x1081,0x0881,0x0881,0x0881,0x0881,
  0x9473,0x4a6a,0x0862,0x0000,0x18e4,0x31a7,0x422a,0x634e,0x7bf0,0xad76,0xc639,0xc65a,0xc65a,0xb5b8,0x9cf4,0x4a6a,
  0x0021,0x0000,0x10a3,0x3187,0x632d,0xb596,0xb5b7,0x7bef,0x2985,0x10a2,0x2124,0x0862,0x10c3,0x8411,0xce9b,0xdefd,
  0xc63a,0xce9c,0xd6bd,0x9d15,0x4229,0x52cb,0x9cf4,0x7baf,0xa514,0xce18,0x9470,0xe6f9,0xf75a,0xf75a,0xef19,0xeef8,
  0xff7b,0xff5a,0xff7b,0xff5a,0xf719,0xf75a,0xff7a,0xff7b,0xff7b,0xff7b,0xff7b,0xff9b,0xff7b,0xff5a,0xff5b,0xff5b,
  0xff5b,0xc594,0xa490,0xb4f2,0xcdd5,0xde97,0xa48f,0xd635,0xffbb,0xf739,0xf759,0xf739,0xff9a,0xff7a,0xf75a,0xff7a,
  0xff7a,0xf759,0xf759,0xff7a,0xff9a,0xe6b7,0xef18,0xffbb,0xf73a,0x93ed,0xbd73,0xff7b,0xeef9,0xf73a,0xf75a,0xff9b,
  0xff7b,0xff7b,0xff7b,0xff7b,0xff9b,0xff9b,0xf75a,0xff9b,0xff7b,0xff7b,0xff9b,0xf77b,0xf73a,0xff7b,0xff7b,0xf75a,
  0xff9b,0xff9b,0xffbb,0xeed8,0xb4f1,0xbd32,0xeed8,0xeed9,0xcdd5,0x9c0e,0x730a,0x5a68,0x5a68,0x5207,0x3985,0x41c6,
  0x28c2,0x30e2,0x3943,0x3902,0x72e9,0xa48f,0xd656,0xf75a,0xff5a,0xff7a,0xff5a,0xff7b,0xff9b,0xff9b,0xff9c,0xff9b,
  0xff9b,0xff9b,0xd637,0xb513,0xe678,0xcdf6,0xd618,0xad15,0x1082,0x10a2,0x2945,0x18c3,0x18e3,0x4208,0x2104,0x31a7,
  0x2965,0x18c3,0x39e7,0x18e3,0x0861,0x1082,0x10a2,0x1082,0x1082,0x1082,0x1082,0x0861,0x10a2,0x1082,0x0861,0x1082,
  0x1082,0x1082,0x1082,0x1082,0x1082,0x1082,0x1082,0x1082,0x1082,0x1082,0x1082,0x10a2,0x1082,0x1082,0x0861,0x0861,
  0x0861,0x1082,0x0861,0x1082,0x1082,0x0861,0x0861,0x0841,0x0841,0x18c3,0x2124,0x39c7,0x2124,0x0861,0x1082,0x10a2,
  0x10a2,0x10a2,0x10a2,0x10a2,0x1082,0x1082,0x1082,0x10a2,0x10a2,0x1082,0x10a2,0x10a2,0x18c3,0x18e3,0x10a2,0x18e3,
  0x10a2,0x18c3,0x2104,0x18c3,0x0861,0x2965,0x2124,0x4208,0x3186,0x10a2,0x18c3,0x10a2,0x10a2,0x10a2,0x10a2,0x10a2,
  0x18c3,0x18c3,0x10a2,0x1082,0x1082,0x1082,0x10a2,0x1082,0x10a2,0x10a2,0x1082,0x1082,0x10a2,0x10a2,0x1082,0x10a2,
  0x18c3,0x10a2,0x10a2,0x10a2,0x10a2,0x1082,0x1082,0x10a2,0x10a2,0x1082,0x1082,0x10a2,0x1082,0x1082,0x1082,0x0861,
  0x1082,0x1082,0x1082,0x1082,0x1082,0x0861,0x0841,0x0841,0x0841,0x0861,0x0841,0x0841,0x0861,0x1082,0x0861,0x0841,
  0x0861,0x0841,0x0841,0x0841,0x0841,0x0841,0x0841,0x0861,0x0841,0x0841,0x0841,0x0841,0x0841,0x0841,0x0841,0x0841,
  0x0841,0x0020,0x0841,0x0841,0x0020,0x0020,0x0020,0x0020,0x0861,0x1082,0x0882,0x0881,0x0881,0x0881,0x0881,0x0881,
  0xb5b8,0xc619,0xa516,0x632e,0x2966,0x0000,0x0000,0x0000,0x0021,0x18e3,0x31a7,0x52ab,0x7bf0,0xb5d7,0xbe19,0xc65a,
  0x9cf5,0x4a6b,0x0862,0x0000,0x0020,0x18c3,0x528a,0x9493,0x9cf3,0x4208,0x2104,0x18e3,0x10a3,0x0041,0x3a09,0x94d4,
  0xd69b,0xce7b,0xce7b,0xce9b,0xbdf8,0x8430,0xad35,0x6b2c,0x7bae,0x7bce,0xd657,0xffbc,0xff9b,0xf75a,0xde96,0xeef8,
  0xff5a,0xf75a,0xf73a,0xff9b,0xff7b,0xff7a,0xff7a,0xff7b,0xff7b,0xff7b,0xff7b,0xff9b,0xff9b,0xff9b,0xff7b,0xff9c,
  0xcdd5,0x9c4f,0xd616,0xad11,0xb532,0x942e,0xb511,0xff7a,0xff9b,0xff7a,0xff9a,0xff9a,0xf759,0xf739,0xf75a,0xff7a,
  0xff9a,0xff7a,0xf75a,0xff9a,0xf75a,0xe6b7,0xff7a,0xef19,0xff7b,0xb511,0xad11,0xff9b,0xf73a,0xf75a,0xef3a,0xef3a,
  0xef19,0xff9b,0xf75a,0xf73a,0xff9b,0xff9b,0xff9b,0xf75a,0xf77b,0xf75b,0xff7b,0xff7b,0xf75a,0xf75a,0xff7b,0xff9b,
  0xffbb,0xff7b,0xeef8,0xcdd4,0xd5f5,0xf719,0xcd94,0x730a,0x49e6,0x5a69,0x732c,0x9c51,0xa4d3,0x8c10,0x9cb2,0xbdb6,
  0x9410,0x4165,0x3944,0x49a5,0x6267,0xacf0,0xf73a,0xff9a,0xff7b,0xff9b,0xff9b,0xff9b,0xff7b,0xff9b,0xff9b,0xff9c,
  0xf79b,0xff9b,0xcdf6,0xacf2,0xde57,0xd637,0xce17,0xcdf8,0x3166,0x0862,0x18c3,0x18e3,0x10a2,0x2124,0x4a49,0x4a49,
  0x2124,0x10a2,0x4a49,0x3186,0x0020,0x1082,0x1082,0x10a2,0x0861,0x0861,0x1082,0x1082,0x1082,0x0861,0x0861,0x1082,
  0x1082,0x1082,0x1082,0x1082,0x1082,0x1082,0x10a2,0x1082,0x10a2,0x1082,0x1082,0x10a2,0x1082,0x1082,0x1082,0x1082,
  0x0861,0x0861,0x0861,0x0861,0x1082,0x0861,0x0861,0x1082,0x0861,0x0841,0x0841,0x18c3,0x39c7,0x3186,0x0861,0x1082,
  0x10a2,0x10a2,0x10a2,0x1082,0x1082,0x0861,0x1082,0x10a2,0x18c3,0x10a2,0x10a2,0x10a2,0x10a2,0x18c3,0x10a2,0x2104,
  0x18c3,0x10a2,0x18e3,0x2124,0x1082,0x18c3,0x18e3,0x2945,0x10a2,0x18c3,0x18c3,0x1082,0x10a2,0x10a2,0x18c3,0x10a2,
  0x1082,0x18c3,0x10a2,0x10a2,0x10a2,0x10a2,0x10a2,0x1082,0x10a2,0x10a2,0x1082,0x10a2,0x18c3,0x10a2,0x18c3,0x10a2,
  0x10a2,0x10a2,0x1082,0x10a2,0x10a2,0x1082,0x1082,0x1082,0x1082,0x10a2,0x1082,0x1082,0x1082,0x1082,0x1082,0x1082,
  0x1082,0x1082,0x1082,0x0861,0x1082,0x0861,0x0861,0x0861,0x0861,0x0861,0x0841,0x0841,0x0861,0x0861,0x0861,0x0841,
  0x0841,0x0841,0x0841,0x0861,0x0861,0x0841,0x0841,0x0841,0x0841,0x0841,0x0841,0x0841,0x0841,0x0841,0x0841,0x0861,
  0x0841,0x0841,0x0841,0x0841,0x0841,0x0020,0x0020,0x0841,0x0020,0x0861,0x0882,0x0881,0x0881,0x0881,0x0881,0x0881,
  0x7bb0,0xa536,0xb5b8,0xce7b,0xc65a,0x9cf4,0x5b0c,0x18e4,0x0021,0x0000,0x10a2,0x18e3,0x0882,0x2986,0x5aec,0x8c52,
  0xc619,0xc619,0x9493,0x4228,0x0882,0x0882,0x0841,0x0021,0x6b4d,0x73ae,0x20e3,0x10a2,0x18c3,0x6b6e,0x3186,0x0862,
  0x8452,0xbdd9,0xb5b8,0xbdd8,0xc619,0xbdd7,0xa4f3,0x9451,0x83ce,0xad33,0xffbc,0xf77a,0xf77a,0xe6d7,0xeef8,0xe6d7,
  0xf73a,0xff7a,0xf73a,0xff7b,0xff7b,0xff7b,0xff7b,0xff9b,0xff9b,0xff9b,0xff7b,0xff5a,0xef19,0xe698,0xe6b8,0xeed9,
  0x942e,0xde57,0xbd53,0x940e,0xacd1,0xb552,0xff7b,0xff5a,0xff5a,0xff9a,0xff7a,0xf75a,0xf75a,0xf759,0xff9a,0xff7a,
  0xff7a,0xf739,0xe6d7,0xff7a,0xe6b7,0xf739,0xff9a,0xeef8,0xff7a,0xcdf4,0xb531,0xffbb,0xef3a,0xf75a,0xf79b,0xf79b,
  0xf75a,0xff9b,0xff7b,0xff7b,0xff9b,0xff9b,0xff9b,0xf75a,0xff9c,0xff9b,0xff9b,0xff7b,0xf75a,0xf75a,0xff7b,0xff9b,
  0xff9b,0xff7a,0xf6f8,0xff19,0xc552,0x7b2a,0x72c9,0x6aa9,0x9c51,0xc5d7,0xce18,0xce39,0xc5d8,0xb597,0xbdd8,0xb597,
  0xc5d7,0xacf3,0x5207,0x8bcd,0x9c4f,0xeef9,0xff7a,0xf75a,0xff7b,0xff9b,0xff7b,0xff7b,0xff7b,0xff7b,0xf75b,0xf77b,
  0xff9b,0xffbc,0xd637,0xb533,0xde57,0xd637,0xcdf7,0xc5b7,0x39c8,0x2104,0x2124,0x1082,0x0861,0x3186,0x5aeb,0x4208,
  0x4a69,0x2945,0x3186,0x2965,0x0861,0x1082,0x1082,0x1082,0x1082,0x1082,0x1082,0x1082,0x1082,0x1082,0x1082,0x10a2,
  0x1082,0x1082,0x1082,0x1082,0x1082,0x0861,0x1082,0x1082,0x10a2,0x1082,0x1082,0x1082,0x1082,0x1082,0x1082,0x1082,
  0x1082,0x1082,0x0861,0x0861,0x0861,0x0861,0x0861,0x0841,0x0861,0x1082,0x0861,0x0020,0x0841,0x2104,0x18c3,0x2124,
  0x2104,0x0861,0x1082,0x10a2,0x1082,0x1082,0x1082,0x1082,0x10a2,0x18c3,0x10a2,0x10a2,0x10a2,0x10a2,0x18c3,0x18c3,
  0x18e3,0x18e3,0x18c3,0x10a2,0x18c3,0x0861,0x18e3,0x18c3,0x10a2,0x18e3,0x18c3,0x1082,0x18c3,0x2945,0x18c3,0x18c3,
  0x18c3,0x10a2,0x10a2,0x10a2,0x1082,0x10a2,0x10a2,0x1082,0x10a2,0x10a2,0x1082,0x1082,0x1082,0x18c3,0x10a2,0x1082,
  0x10a2,0x10a2,0x10a2,0x10a2,0x10a2,0x10a2,0x1082,0x1082,0x1082,0x1082,0x1082,0x1082,0x10a2,0x10a2,0x1082,0x1082,
  0x1082,0x1082,0x1082,0x0861,0x0861,0x1082,0x0861,0x0861,0x0841,0x0841,0x0841,0x0020,0x0020,0x1082,0x1082,0x0861,
  0x0861,0x0861,0x0841,0x0861,0x0861,0x0841,0x0861,0x0841,0x0861,0x0861,0x0841,0x0841,0x0841,0x0841,0x0841,0x0841,
  0x0020,0x0841,0x0841,0x0841,0x0841,0x0841,0x0020,0x0020,0x0841,0x0861,0x0861,0x1082,0x0881,0x0881,0x0881,0x0881,
  0x10a2,0x4a6a,0x73af,0x8452,0xad57,0xb5d8,0xce9b,0xc639,0x7c11,0x3a09,0x2125,0x10a2,0x0861,0x1082,0x18c3,0x1083,
  0x4208,0x8431,0xb5b7,0xc619,0x8431,0x2986,0x0841,0x18e3,0x1082,0x18c3,0x18c3,0x18c3,0x2124,0x630c,0x6b4d,0x4a69,
  0x31a7,0x39e8,0x9cd5,0xbdf9,0xb576,0xc5f7,0x9470,0x83ce,0x9cb0,0xf75b,0xf77b,0xf77a,0xff7a,0xe6d7,0xf75a,0xff9b,
  0xf75a,0xf75a,0xff7b,0xff9b,0xff7b,0xff7b,0xf73a,0xf75a,0xf73a,0xf719,0xe697,0xde97,0xeed9,0xeef9,0xf71a,0xf71a,
  0x9c4f,0xb532,0x9c6f,0xa490,0xb512,0xf71a,0xff5a,0xff5a,0xff7a,0xff7a,0xf75a,0xf739,0xff7a,0xff9a,0xff9a,0xf75a,
  0xf739,0xeef8,0xeef8,0xeef8,0xde97,0xf75a,0xff7a,0xf75a,0xff9b,0xbd93,0xbd93,0xff9b,0xef39,0xf77a,0xff9b,0xff9b,
  0xff9b,0xff9b,0xf77b,0xff7b,0xff7b,0xff9b,0xf73a,0xef19,0xff9b,0xff9b,0xff9b,0xff7b,0xff7b,0xff9b,0xff9b,0xff9b,
  0xf75a,0xf759,0xf6f8,0xeeb7,0x9c0d,0x6a67,0x8b8c,0x93ee,0xa4d3,0xb576,0xb555,0xa4f4,0x9cd3,0xad56,0xad76,0xbdd8,
  0xb556,0xc5b7,0x732c,0x6aa9,0xde57,0xf719,0xff7a,0xf75a,0xf75a,0xff5a,0xff5a,0xff7b,0xff9b,0xf77b,0xf75b,0xff7b,
  0xff9b,0xffbc,0xc5d5,0xacf2,0xd657,0xd616,0xd617,0xcdf7,0x41e8,0x2104,0x20e4,0x10a3,0x10c3,0x1904,0x73ae,0x5acb,
  0x4a49,0x31a7,0x2945,0x2945,0x18e4,0x0861,0x1082,0x1082,0x10a2,0x1082,0x1082,0x0861,0x1082,0x10a2,0x0861,0x0861,
  0x10a2,0x1082,0x0861,0x1082,0x1082,0x0861,0x1082,0x0861,0x1082,0x1082,0x1082,0x0861,0x0861,0x1082,0x1082,0x0861,
  0x0861,0x1082,0x0861,0x0861,0x0861,0x0861,0x0861,0x0841,0x0861,0x1082,0x0861,0x0861,0x0861,0x0841,0x0841,0x2945,
  0x39e7,0x18e3,0x10a2,0x1082,0x0861,0x1082,0x1082,0x0861,0x10a2,0x10a2,0x10a2,0x18c3,0x10a2,0x1082,0x18e3,0x18e3,
  0x18c3,0x18c3,0x18e3,0x18e3,0x10a2,0x1082,0x18e3,0x18e3,0x10a2,0x18c3,0x10a2,0x1082,0x10a2,0x2104,0x10a2,0x18e3,
  0x2124,0x10a2,0x1082,0x18c3,0x18e3,0x10a2,0x1082,0x1082,0x10a2,0x10a2,0x1082,0x10a2,0x1082,0x10a2,0x10a2,0x10a2,
  0x10a2,0x10a2,0x1082,0x1082,0x1082,0x10a2,0x10a2,0x1082,0x1082,0x1082,0x1082,0x1082,0x1082,0x10a2,0x1082,0x1082,
  0x1082,0x1082,0x1082,0x0861,0x0861,0x0861,0x0841,0x0861,0x0841,0x0861,0x0861,0x0841,0x0020,0x0861,0x1082,0x1082,
  0x0861,0x0861,0x0841,0x0861,0x0841,0x0861,0x0841,0x0841,0x0861,0x0861,0x0841,0x0841,0x0841,0x0841,0x0841,0x0841,
  0x0841,0x0841,0x0841,0x0841,0x0841,0x0020,0x0020,0x0000,0x0841,0x0861,0x0881,0x0881,0x0881,0x0881,0x0881,0x0881,
  0x0020,0x0000,0x0862,0x31a7,0x4a8b,0x8c52,0x9cd4,0xb5d8,0xcedc,0xcebb,0xb5d8,0x73af,0x39c7,0x0862,0x1082,0x1082,
  0x0861,0x0882,0x2946,0x8c52,0xc639,0xad55,0x5acb,0x0881,0x18c3,0x2125,0x18c3,0x18c2,0x18e3,0x2965,0x18e3,0x2945,
  0x18e4,0x0021,0x52ab,0xa515,0x9471,0xce17,0x9c70,0x9c70,0xe6b8,0xff9b,0xf739,0xf759,0xf779,0xe6f8,0xff7a,0xff9b,
  0xf73a,0xf73a,0xf75a,0xf73a,0xff9b,0xf73a,0xe6b8,0xdeb7,0xde97,0xeed8,0xeef9,0xf71a,0xff7b,0xffbc,0xff5b,0xf73a,
  0xd636,0x9c6f,0x9c6f,0xacd1,0xde97,0xff5a,0xff5a,0xff9b,0xf75a,0xf759,0xff7a,0xf739,0xff9a,0xff9a,0xff9a,0xff7a,
  0xf759,0xf759,0xff7a,0xd656,0xe6d8,0xff9a,0xff7a,0xf75a,0xf739,0xb531,0xde96,0xff9b,0xf77a,0xff9b,0xff9b,0xff9b,
  0xff9b,0xff9b,0xff9b,0xff7b,0xff9b,0xff7b,0xf75a,0xf77b,0xff7b,0xff9c,0xff9b,0xffbb,0xff9b,0xff9b,0xff7b,0xf75a,
  0xf77a,0xf739,0xeef8,0xf6f8,0xe696,0xde15,0xcdb4,0x9c2e,0x83ad,0xb574,0xd658,0xce17,0xad14,0x9471,0x8c51,0x8c30,
  0x9431,0xbd55,0xc5b5,0x5a68,0xb512,0xffbc,0xff7a,0xff9b,0xf739,0xf73a,0xf73a,0xff7b,0xff7b,0xf77b,0xff9b,0xff9c,
  0xf77b,0xff9b,0xd657,0xacf2,0xde77,0xde57,0xd617,0xd638,0x4a08,0x41e8,0x2945,0x18c3,0x2104,0x10a3,0x4208,0x52aa,
  0x31a6,0x2125,0x2945,0x39c7,0x2104,0x0841,0x0841,0x0861,0x1082,0x1082,0x1082,0x0861,0x1082,0x10a2,0x1082,0x1082,
  0x0861,0x1082,0x1082,0x0861,0x0861,0x0861,0x1082,0x1082,0x1082,0x1082,0x1082,0x1082,0x0861,0x0861,0x1082,0x0861,
  0x0861,0x1082,0x0861,0x0861,0x0861,0x0861,0x0861,0x1082,0x1082,0x0861,0x0861,0x0861,0x0861,0x1082,0x0861,0x0020,
  0x0841,0x18e3,0x18e3,0x31a6,0x2104,0x18e3,0x0861,0x1082,0x10a2,0x10a2,0x10a2,0x1082,0x0841,0x1082,0x18e3,0x2104,
  0x18c3,0x18c3,0x2945,0x18e3,0x18e3,0x1082,0x1082,0x10a2,0x10a2,0x18c3,0x10a2,0x1082,0x10a2,0x10a2,0x10a2,0x18c3,
  0x2124,0x10a2,0x1082,0x18c3,0x2104,0x10a2,0x10a2,0x10a2,0x10a2,0x10a2,0x10a2,0x10a2,0x18c3,0x10a2,0x10a2,0x10a2,
  0x1082,0x1082,0x1082,0x1082,0x1082,0x1082,0x10a2,0x10a2,0x10a2,0x10a2,0x10a2,0x1082,0x1082,0x1082,0x10a2,0x1082,
  0x0861,0x1082,0x1082,0x1082,0x0861,0x0861,0x0861,0x0861,0x0861,0x0841,0x0841,0x0841,0x0841,0x0861,0x0861,0x0861,
  0x0841,0x0861,0x0841,0x0841,0x0841,0x0861,0x0841,0x0841,0x0841,0x0841,0x0841,0x0841,0x0861,0x0841,0x0841,0x0841,
  0x0841,0x0020,0x0841,0x0841,0x0841,0x0841,0x0841,0x0020,0x0020,0x0861,0x1082,0x0881,0x0881,0x0881,0x0881,0x0881,
  0x0840,0x0020,0x0020,0x0020,0x0841,0x3187,0x4209,0x5aec,0x94d3,0xb5d8,0xb5f9,0xcebc,0xc63a,0xa556,0x6b8f,0x2125,
  0x0020,0x0841,0x0861,0x18e3,0x630c,0x94b3,0xbe18,0x8431,0x1083,0x2966,0x2104,0x18c3,0x3186,0x52aa,0x4a49,0x18c3,
  0x10a2,0x1082,0x4229,0x736d,0x62eb,0xce17,0x83ac,0xbd93,0xff7b,0xf75a,0xef19,0xff7a,0xeef8,0xe6d8,0xff9b,0xff7b,
  0xff7b,0xff9b,0xff9b,0xe6f8,0xe6d8,0xde97,0xde97,0xef39,0xff5a,0xff7b,0xff9b,0xff9b,0xff7b,0xff7b,0xff7b,0xff7b,
  0xd616,0x9c70,0x9c6f,0xcdb4,0xffbc,0xff7b,0xff7b,0xff5a,0xff7a,0xff7a,0xf759,0xef19,0xff9a,0xff7a,0xf75a,0xf75a,
  0xf739,0xff7a,0xef19,0xcdf4,0xf739,0xff7a,0xff7a,0xff9b,0xd635,0xcdd4,0xffbb,0xff5a,0xf75a,0xff7a,0xf75a,0xff7b,
  0xff9b,0xff9b,0xff9b,0xff7b,0xf75a,0xff9b,0xff7b,0xff9b,0xff9c,0xf77b,0xff9b,0xff7b,0xff7b,0xff9b,0xff7b,0xf75a,
  0xef39,0xf77a,0xff7a,0xf739,0xe697,0xf6f8,0xf739,0xde77,0xcdf5,0xff7b,0xf73b,0xef3b,0xe6d9,0xef1b,0xe6da,0xd678,
  0xc5d6,0x9450,0xb533,0xbd53,0xacb0,0xeef9,0xff9b,0xf75a,0xf73a,0xff5a,0xff7b,0xff9b,0xf75a,0xf75a,0xff9b,0xff7b,
  0xf77a,0xf75a,0xf77c,0xb533,0xb532,0xe698,0xe6b9,0xd638,0x5a6a,0x62cc,0x3986,0x2945,0x3186,0x10a3,0x10a3,0x632d,
  0x39c7,0x528a,0x630c,0x528a,0x31a6,0x18e3,0x0861,0x1082,0x0861,0x0841,0x0861,0x1082,0x0861,0x1082,0x10a2,0x1082,
  0x1082,0x1082,0x1082,0x1082,0x1082,0x1082,0x1082,0x1082,0x0861,0x1082,0x1082,0x1082,0x0861,0x1082,0x1082,0x0861,
  0x0861,0x0861,0x1082,0x0861,0x1082,0x1082,0x1082,0x1082,0x0861,0x0861,0x0861,0x0841,0x0841,0x0861,0x0861,0x0861,
  0x0841,0x0020,0x0841,0x18c3,0x18e3,0x10a2,0x1082,0x0861,0x1082,0x1082,0x0861,0x0861,0x1082,0x10a2,0x10a2,0x10a2,
  0x18c3,0x18e3,0x18c3,0x18e3,0x18e3,0x18c3,0x10a2,0x18e3,0x18c3,0x18c3,0x10a2,0x1082,0x1082,0x18c3,0x10a2,0x10a2,
  0x18c3,0x10a2,0x10a2,0x10a2,0x10a2,0x10a2,0x18c3,0x10a2,0x10a2,0x1082,0x1082,0x10a2,0x10a2,0x10a2,0x10a2,0x1082,
  0x1082,0x10a2,0x10a2,0x10a2,0x10a2,0x10a2,0x1082,0x10a2,0x10a2,0x10a2,0x10a2,0x1082,0x1082,0x1082,0x1082,0x1082,
  0x0861,0x0861,0x1082,0x1082,0x1082,0x0861,0x0861,0x0020,0x0841,0x0841,0x0841,0x0841,0x0841,0x0861,0x1082,0x0841,
  0x0841,0x0861,0x0841,0x0841,0x0861,0x0841,0x0841,0x0841,0x0861,0x0861,0x0841,0x0841,0x0841,0x0841,0x0841,0x0841,
  0x0841,0x0841,0x0841,0x0841,0x0020,0x0841,0x0841,0x0020,0x0020,0x0861,0x1082,0x0881,0x1081,0x0881,0x0881,0x0881,
  0x1082,0x18c3,0x10a2,0x18c2,0x18e3,0x0020,0x0841,0x0021,0x10a2,0x52ab,0x8452,0x9d16,0xb5d9,0xbe5a,0xcebb,0xbe39,
  0x7bf0,0x31c7,0x0861,0x0020,0x0840,0x2125,0x5acc,0xad56,0x8c51,0x2965,0x18e3,0x10a2,0x4228,0x39e7,0x52ab,0x4208,
  0x2104,0x0020,0x18a3,0x5aab,0x83ce,0xbd94,0x944e,0xeef9,0xf75a,0xf73a,0xff7a,0xff9b,0xde96,0xe6d8,0xff7b,0xff7b,
  0xff9b,0xef19,0xde97,0xde97,0xe6b8,0xf75a,0xff9b,0xff9b,0xff7b,0xff7b,0xff9b,0xff7b,0xff7b,0xff7b,0xff5b,0xf73a,
  0xbd73,0x942e,0xacd1,0xeef9,0xeef9,0xff5a,0xff7b,0xf739,0xf75a,0xf75a,0xf75a,0xff9a,0xff7a,0xff7a,0xff7a,0xff7a,
  0xff7a,0xff7a,0xde97,0xcdf4,0xf739,0xf75a,0xff7a,0xff7a,0xcdd4,0xf718,0xff5a,0xeed8,0xf719,0xff5a,0xf75a,0xff7a,
  0xf75a,0xff7b,0xff9b,0xf75a,0xeef9,0xf75a,0xff9b,0xff9b,0xff9b,0xf75a,0xff7b,0xff7b,0xff7b,0xff9b,0xff7b,0xff7b,
  0xf75a,0xf77a,0xf759,0xff7a,0xf718,0xf718,0xf719,0xeed8,0xde76,0xf719,0xf739,0xeef9,0xeef9,0xdeb8,0xd636,0xf73a,
  0xeefa,0xd657,0xcdf5,0xd636,0xbd73,0xbd73,0xff7a,0xf75a,0xf75a,0xff7a,0xff5b,0xff5b,0xf75a,0xff9b,0xff7b,0xf77b,
  0xf79b,0xf79b,0xff9c,0xeed9,0xa490,0xa490,0xcdd5,0xc5b6,0x626a,0x41a7,0x20c3,0x0841,0x4208,0x3a08,0x2966,0x6b4d,
  0x4208,0x4208,0x5aeb,0x31a6,0x39c7,0x2945,0x10a2,0x10a3,0x0861,0x1082,0x0841,0x0841,0x0861,0x0861,0x0841,0x0861,
  0x1082,0x10a2,0x1082,0x0861,0x1082,0x1082,0x10a2,0x0861,0x0861,0x0861,0x0861,0x1082,0x0861,0x0861,0x0861,0x1082,
  0x1082,0x0861,0x1082,0x1082,0x0861,0x0861,0x1082,0x1082,0x0861,0x0861,0x0861,0x0861,0x0841,0x0861,0x0841,0x0841,
  0x0841,0x0841,0x0841,0x0020,0x0841,0x0861,0x0861,0x1082,0x0861,0x0841,0x0861,0x0861,0x0861,0x1082,0x0861,0x1082,
  0x0861,0x10a2,0x10a2,0x10a2,0x10a2,0x18c3,0x10a2,0x18c3,0x18e3,0x10a2,0x10a2,0x10a2,0x1082,0x18c3,0x10a2,0x10a2,
  0x18c3,0x18c3,0x10a2,0x18c3,0x18c3,0x10a2,0x10a2,0x1082,0x10a2,0x1082,0x1082,0x10a2,0x1082,0x1082,0x1082,0x1082,
  0x1082,0x1082,0x10a2,0x1082,0x10a2,0x10a2,0x10a2,0x1082,0x10a2,0x1082,0x10a2,0x1082,0x10a2,0x10a2,0x1082,0x1082,
  0x10a2,0x1082,0x0861,0x0861,0x0861,0x0841,0x0861,0x0841,0x0020,0x0841,0x0861,0x0841,0x0841,0x0861,0x0861,0x0861,
  0x1082,0x0861,0x0841,0x0841,0x0841,0x0841,0x0841,0x0841,0x0841,0x0841,0x0841,0x0841,0x0841,0x0841,0x0841,0x0020,
  0x0841,0x0841,0x0020,0x0841,0x0841,0x0841,0x0841,0x0020,0x0841,0x0861,0x0861,0x0881,0x1081,0x0881,0x0881,0x0881,
  0x18c3,0x2104,0x2945,0x18c3,0x18c3,0x0000,0x39e8,0x5acb,0x2104,0x0020,0x10a3,0x39e8,0x6b8f,0x8cb3,0xad97,0xbe19,
  0xc63b,0xce7b,0xa556,0x52cb,0x10a3,0x0000,0x0000,0x10a2,0x73ae,0x52aa,0x18e3,0x18e3,0x39e7,0x31a6,0x20e4,0x3186,
  0x1904,0x31c7,0x528b,0x3166,0x9c91,0xbd74,0xcdf4,0xff9a,0xf75a,0xf73a,0xff7a,0xf739,0xce15,0xef19,0xff9b,0xf739,
  0xeed8,0xde77,0xe697,0xff5a,0xff9b,0xff7a,0xff9b,0xf719,0xff7a,0xff7b,0xff7b,0xff7b,0xf73a,0xef19,0xff7b,0xe6b8,
  0xa4b0,0xa4b0,0xde56,0xff7b,0xf73a,0xff7a,0xff5a,0xff5a,0xf739,0xf739,0xff7a,0xff7a,0xff7a,0xff7a,0xff5a,0xff5a,
  0xff7a,0xff9b,0xe6d8,0xd635,0xff5a,0xff7a,0xff7b,0xeed8,0xc5b3,0xf719,0xcdd4,0xcdd4,0xeef8,0xff7b,0xff5b,0xff7b,
  0xf73a,0xf73a,0xff7b,0xff7b,0xe6f9,0xe6d8,0xf75a,0xff9b,0xff9b,0xff7b,0xff7b,0xff7b,0xffbc,0xff7b,0xff9b,0xff9b,
  0xf75a,0xff9a,0xff7a,0xff7a,0xf759,0xf759,0xff7a,0xff7a,0xff7a,0xff5a,0xf739,0xeef8,0xff5a,0xff7b,0xf71a,0xf75b,
  0xde77,0xc5b4,0xe697,0xbd72,0x8bec,0xacd0,0xeed8,0xff7b,0xff7b,0xff9b,0xff7b,0xf75a,0xf75a,0xf75a,0xf75a,0xff7b,
  0xf77b,0xff9b,0xf75b,0xf75b,0xeef9,0xc5b4,0xb532,0xa4b0,0xb533,0xc596,0x9451,0x5249,0x83d0,0x9493,0x6b4e,0x630e,
  0x94d4,0x8451,0x7c10,0x634d,0x8411,0x6b4e,0x5acc,0x4a6a,0x18c4,0x0861,0x0861,0x0861,0x0861,0x0861,0x0841,0x0841,
  0x1082,0x0841,0x0841,0x0861,0x0861,0x0861,0x1082,0x1082,0x1082,0x1082,0x0861,0x0861,0x1082,0x0861,0x1082,0x1082,
  0x1082,0x0861,0x1082,0x1082,0x0861,0x0861,0x0861,0x1082,0x0861,0x0841,0x0861,0x0861,0x0861,0x0841,0x0861,0x0861,
  0x1082,0x0861,0x0861,0x0841,0x0841,0x0861,0x0841,0x0841,0x0861,0x0861,0x1082,0x18e3,0x10a2,0x0841,0x1082,0x1082,
  0x0861,0x0861,0x10a2,0x18c3,0x18e3,0x18c3,0x10a2,0x18c3,0x10a2,0x18e3,0x10a2,0x1082,0x1082,0x10a2,0x10a2,0x10a2,
  0x10a2,0x10a2,0x10a2,0x10a2,0x18e3,0x10a2,0x10a2,0x10a2,0x1082,0x10a2,0x10a2,0x10a2,0x10a2,0x1082,0x1082,0x10a2,
  0x1082,0x1082,0x1082,0x10a2,0x10a2,0x1082,0x10a2,0x10a2,0x1082,0x1082,0x1082,0x1082,0x1082,0x1082,0x1082,0x1082,
  0x1082,0x1082,0x0861,0x0841,0x0861,0x0841,0x0861,0x0861,0x0841,0x0841,0x0841,0x0841,0x0841,0x0841,0x1082,0x1082,
  0x1082,0x10a2,0x0861,0x0841,0x0841,0x0861,0x0861,0x0861,0x0841,0x0861,0x0841,0x0841,0x0841,0x0841,0x0841,0x0841,
  0x0841,0x0841,0x0020,0x0841,0x0020,0x0841,0x0841,0x0020,0x0020,0x0020,0x0020,0x0861,0x0881,0x1081,0x0881,0x0881,
  0x1082,0x3186,0x738e,0x2124,0x52aa,0x2945,0x20e4,0x6b6e,0x39e8,0x18c3,0x18c3,0x0841,0x0862,0x2105,0x4a8a,0x8431,
  0xad77,0xad98,0xb5d8,0xc63a,0xad56,0x8431,0x5acc,0x2986,0x0000,0x1082,0x31a7,0x5acb,0x4208,0x39c6,0x2104,0x10a2,
  0x1904,0x94d3,0xad56,0x8c31,0xacf3,0xd657,0xf75a,0xf759,0xeef8,0xff5a,0xff5a,0xde77,0xde76,0xe6d8,0xeef9,0xeed8,
  0xf719,0xff5a,0xff9b,0xff7b,0xff7b,0xff5a,0xf73a,0xff7b,0xff9b,0xff5a,0xff7b,0xff7a,0xf75a,0xeef9,0xff5a,0xde56,
  0xc5b4,0xe6d8,0xff7b,0xff5a,0xf75a,0xff5a,0xff5a,0xff9a,0xff5a,0xff5a,0xff7a,0xff9b,0xff9b,0xff7a,0xf73a,0xff5a,
  0xff9b,0xffbb,0xeed8,0xd635,0xf719,0xf719,0xff9b,0xd615,0xa4af,0xd635,0xacd0,0xde97,0xf73a,0xf75a,0xff7b,0xf75b,
  0xef3a,0xf75a,0xff7b,0xff7b,0xf77b,0xf77b,0xf73a,0xf75a,0xf75a,0xf75a,0xff9b,0xffbc,0xff9b,0xf75a,0xff9b,0xff7b,
  0xef3a,0xff9b,0xff9a,0xef19,0xff7a,0xff7a,0xff9a,0xff7a,0xff7a,0xff7a,0xf718,0xe6b7,0xf75a,0xff5b,0xef1a,0xef1a,
  0xf73a,0xeef9,0xde77,0xcdf5,0xcdd5,0xde77,0xf73a,0xf73a,0xf73a,0xff9b,0xf75a,0xf73a,0xf75a,0xf75a,0xf75a,0xff7b,
  0xf77b,0xf75a,0xf75a,0xff7b,0xff7b,0xffbc,0xd636,0xd636,0xffbd,0xe6b9,0x7b8d,0x9450,0x83cf,0x6b2d,0x5aab,0x630d,
  0x8431,0x7bf0,0x634d,0x7bef,0x738e,0x62ec,0x52ab,0x6b4e,0x528a,0x10a2,0x0861,0x1082,0x0861,0x0862,0x0841,0x0861,
  0x10a2,0x1082,0x0861,0x1082,0x1082,0x0841,0x0861,0x1082,0x1082,0x1082,0x0861,0x0861,0x0861,0x1082,0x1082,0x1082,
  0x0861,0x1082,0x0861,0x1082,0x1082,0x0861,0x0861,0x0861,0x0861,0x0861,0x0861,0x0861,0x0841,0x0841,0x0861,0x0861,
  0x1082,0x1082,0x0861,0x0861,0x0861,0x0861,0x0861,0x0841,0x0841,0x1082,0x1082,0x2945,0x2965,0x3186,0x1082,0x1082,
  0x0861,0x0861,0x0861,0x10a2,0x18e3,0x10a2,0x18c3,0x18c3,0x10a2,0x10a2,0x10a2,0x10a2,0x1082,0x1082,0x10a2,0x18c3,
  0x10a2,0x10a2,0x10a2,0x10a2,0x10a2,0x10a2,0x10a2,0x10a2,0x10a2,0x10a2,0x10a2,0x1082,0x10a2,0x10a2,0x1082,0x10a2,
  0x10a2,0x1082,0x1082,0x1082,0x1082,0x1082,0x1082,0x1082,0x1082,0x1082,0x10a2,0x1082,0x1082,0x1082,0x1082,0x1082,
  0x1082,0x1082,0x0861,0x0861,0x0861,0x0841,0x0861,0x0861,0x0841,0x0841,0x0861,0x0861,0x0841,0x0020,0x0861,0x1082,
  0x1082,0x1082,0x1082,0x0841,0x0841,0x0861,0x0841,0x0861,0x0841,0x0841,0x0841,0x0841,0x0841,0x0841,0x0841,0x0841,
  0x0841,0x0841,0x0841,0x0020,0x0020,0x0841,0x0841,0x0020,0x0020,0x0020,0x0020,0x0861,0x0881,0x0881,0x0881,0x0881,
  0x10a2,0x1082,0x31a6,0x4a6a,0x39c7,0x39e8,0x4a6a,0x2966,0x0861,0x1082,0x18e3,0x2104,0x2104,0x0882,0x0021,0x0841,
  0x2125,0x31a7,0x7bd0,0xad76,0xbdd9,0xc5f9,0xc61a,0xbe1a,0xa516,0x73b0,0x73b0,0xa536,0x5aec,0x1082,0x2965,0x0861,
  0x52cc,0x9cd4,0xa515,0x9472,0xbd75,0xff9c,0xf77a,0xff7a,0xf739,0xff5a,0xf719,0xcdf4,0xde56,0xf719,0xf739,0xff9b,
  0xff7b,0xf73a,0xff7a,0xff7b,0xff5a,0xff7a,0xf739,0xff7b,0xff9b,0xff7b,0xf75a,0xf73a,0xff7b,0xff9b,0xff7b,0xde77,
  0xeef9,0xffbc,0xff7b,0xf75a,0xf73a,0xf73a,0xff7a,0xff5a,0xff7a,0xff5a,0xff7a,0xff7a,0xff7b,0xff7a,0xf739,0xf73a,
  0xf75a,0xff9b,0xef19,0xd635,0xf739,0xf719,0xff5a,0xcdd4,0xb511,0xde76,0xc5b3,0xf75a,0xff7a,0xff7b,0xf75a,0xff7b,
  0xf75a,0xff7b,0xffbc,0xf77b,0xff7b,0xffbc,0xff9b,0xff9b,0xff7b,0xff7b,0xff9b,0xf77b,0xff9b,0xff9b,0xf77b,0xf75a,
  0xf75a,0xf739,0xff9b,0xf75a,0xff7a,0xff7a,0xff5a,0xff7a,0xff7a,0xff7a,0xff7a,0xff7a,0xff7a,0xf75a,0xf71a,0xf73a,
  0xff7b,0xff7b,0xff5b,0xff7b,0xff9b,0xef19,0xef19,0xff7b,0xef19,0xf75a,0xf75a,0xff7b,0xff7b,0xff9b,0xff9b,0xff7b,
  0xf75a,0xff9b,0xf75a,0xff7b,0xff7a,0xcdf5,0x9c8f,0xe6b8,0xff9b,0xe697,0xacd1,0xb532,0xad32,0x9470,0x9470,0x8c4f,
  0x8c70,0x94d2,0x94b1,0x9cf2,0xad34,0xa4f3,0x9450,0x6b0b,0x5269,0x4208,0x20e3,0x1082,0x10a2,0x0862,0x0841,0x0861,
  0x1082,0x1082,0x0861,0x1082,0x10a2,0x10a2,0x1082,0x0861,0x0861,0x0861,0x0861,0x1082,0x0861,0x0861,0x0861,0x0861,
  0x1082,0x0861,0x0861,0x0841,0x0861,0x0841,0x0861,0x0841,0x0861,0x0861,0x0861,0x0861,0x1082,0x0861,0x0841,0x0841,
  0x0861,0x0841,0x0841,0x0841,0x0861,0x0841,0x0841,0x1082,0x10a2,0x0861,0x10a2,0x18e3,0x10a2,0x2104,0x2945,0x18e3,
  0x1082,0x0861,0x0861,0x1082,0x18c3,0x10a2,0x1082,0x1082,0x10a2,0x18c3,0x18c3,0x1082,0x1082,0x1082,0x18c3,0x10a2,
  0x18c3,0x18c3,0x10a2,0x10a2,0x10a2,0x10a2,0x10a2,0x10a2,0x10a2,0x1082,0x10a2,0x1082,0x1082,0x10a2,0x10a2,0x1082,
  0x18c3,0x10a2,0x1082,0x10a2,0x1082,0x10a2,0x10a2,0x1082,0x1082,0x10a2,0x1082,0x1082,0x1082,0x1082,0x1082,0x1082,
  0x1082,0x0861,0x0841,0x0861,0x1082,0x0841,0x0861,0x1082,0x0841,0x0020,0x0841,0x0841,0x0861,0x0841,0x0841,0x1082,
  0x1082,0x1082,0x0861,0x0861,0x0841,0x0841,0x0841,0x0841,0x0841,0x0841,0x0841,0x0841,0x0020,0x0020,0x0841,0x0841,
  0x0841,0x0841,0x0020,0x0020,0x0020,0x0841,0x0020,0x0020,0x0020,0x0020,0x0020,0x0861,0x0881,0x0881,0x0881,0x0881,
  0x1082,0x10a2,0x10a2,0x3186,0x2104,0x10a3,0x10a2,0x1082,0x1082,0x1082,0x10a2,0x18c3,0x10a2,0x18c3,0x18e4,0x10c3,
  0x0861,0x0841,0x0841,0x2966,0x630d,0x8432,0xa516,0xad78,0xb5b8,0xbe1a,0xbe1a,0xbdf9,0xbdd9,0x6b6e,0x10a2,0x0041,
  0x7bf0,0xa536,0xb556,0x83f0,0xbdb5,0xff9c,0xef39,0xef39,0xf739,0xf739,0xde56,0xce15,0xeef8,0xff7a,0xff5a,0xff7a,
  0xf739,0xf739,0xff5a,0xf73a,0xff7b,0xff7b,0xff9b,0xff7b,0xff7b,0xff5a,0xf73a,0xff5a,0xff9b,0xff7b,0xf73a,0xe697,
  0xff7b,0xf73a,0xeef9,0xf719,0xff7a,0xf73a,0xff5a,0xff9a,0xff7a,0xff5a,0xff7a,0xff7a,0xff5a,0xff7a,0xf75a,0xf73a,
  0xf75a,0xff9b,0xf75a,0xde56,0xde56,0xf739,0xff7a,0xcdd4,0xc593,0xf739,0xf759,0xff9b,0xf75a,0xff9b,0xff9b,0xff7b,
  0xff7b,0xf73a,0xf77b,0xf75a,0xf75a,0xff9b,0xff9b,0xffbc,0xff9b,0xf75a,0xf75a,0xff7b,0xff9b,0xef19,0xeef9,0xff7b,
  0xf77b,0xf75a,0xf77a,0xf75a,0xff7a,0xff7a,0xf739,0xf739,0xf739,0xef19,0xf759,0xf75a,0xf739,0xff5a,0xff5b,0xf71a,
  0xff5b,0xf73a,0xf75a,0xff7b,0xff5b,0xf75a,0xef19,0xf73a,0xf75a,0xf73a,0xf75a,0xff9b,0xff9b,0xff9b,0xff9b,0xff9b,
  0xef39,0xef39,0xffbb,0xf77a,0xbd72,0xb531,0xd656,0xff7a,0xff3a,0xbd52,0xacf0,0xc5b4,0xff9b,0xff9c,0xffbc,0xff9c,
  0xff9c,0xffbc,0xfffd,0xfffd,0xfffd,0xffdd,0xff9c,0xce16,0x6b2b,0x5aaa,0x4208,0x0842,0x0862,0x0861,0x0861,0x0861,
  0x1082,0x10a2,0x0861,0x0841,0x10a2,0x10a2,0x10a2,0x10a2,0x1082,0x0861,0x1082,0x0861,0x1082,0x1082,0x0861,0x0841,
  0x0841,0x0861,0x0861,0x1082,0x0861,0x0861,0x0841,0x0861,0x0861,0x1082,0x0861,0x0861,0x0861,0x0841,0x0841,0x0841,
  0x0841,0x0841,0x0841,0x0841,0x0841,0x1082,0x1082,0x18c3,0x18c3,0x0861,0x18c3,0x2945,0x1082,0x0861,0x1082,0x18c3,
  0x2104,0x1082,0x0861,0x0861,0x1082,0x10a2,0x18e3,0x2945,0x10a2,0x18c3,0x18c3,0x1082,0x1082,0x10a2,0x10a2,0x1082,
  0x18e3,0x10a2,0x10a2,0x10a2,0x10a2,0x10a2,0x10a2,0x18c3,0x18c3,0x10a2,0x10a2,0x10a2,0x1082,0x1082,0x10a2,0x1082,
  0x1082,0x1082,0x10a2,0x10a2,0x1082,0x10a2,0x10a2,0x1082,0x1082,0x1082,0x1082,0x1082,0x10a2,0x1082,0x1082,0x1082,
  0x1082,0x0861,0x0861,0x0861,0x0861,0x0841,0x0861,0x1082,0x0861,0x0841,0x0841,0x0841,0x0841,0x0841,0x0841,0x0861,
  0x1082,0x0861,0x1082,0x0861,0x0841,0x0841,0x0841,0x0841,0x0841,0x0841,0x0841,0x0841,0x0841,0x0020,0x0841,0x0841,
  0x0841,0x0841,0x0020,0x0841,0x0841,0x0020,0x0841,0x0841,0x0841,0x0020,0x0020,0x0861,0x0861,0x0861,0x0881,0x0881,
  0x10a2,0x10a2,0x1082,0x1082,0x18c3,0x10a2,0x0861,0x0861,0x0841,0x1061,0x1082,0x18a2,0x10a2,0x1082,0x18e3,0x18e3,
  0x18c2,0x2124,0x10a2,0x0821,0x0000,0x0862,0x31c8,0x6b6e,0x8c93,0x9d15,0xb598,0xb5d9,0xbe1a,0xb5d9,0x9cf4,0x6b6e,
  0x738f,0x8432,0xad15,0x8c10,0xd657,0xff9b,0xef18,0xf75a,0xf75a,0xd635,0xd656,0xf75a,0xff7b,0xff5a,0xf739,0xff5a,
  0xff7b,0xf719,0xf73a,0xf75a,0xf75a,0xff7b,0xff7b,0xff5a,0xf73a,0xff5a,0xff7b,0xff7b,0xff9b,0xff7b,0xd656,0xce15,
  0xf73a,0xf73a,0xf73a,0xff7b,0xff7b,0xff5a,0xf75a,0xff7a,0xff7a,0xf739,0xff5a,0xff7a,0xf75a,0xff5a,0xf739,0xeef9,
  0xf75a,0xf77a,0xff7a,0xff5a,0xe697,0xeef8,0xf719,0xc5b3,0xc5b3,0xf75a,0xff9a,0xff9b,0xff9b,0xff9b,0xff9b,0xffbc,
  0xff7b,0xef39,0xff7b,0xff7b,0xf73a,0xff7b,0xff9b,0xff9b,0xff9b,0xf75a,0xf75a,0xff9b,0xf73a,0xf73a,0xf75a,0xff7b,
  0xf77b,0xff7b,0xff7b,0xf75a,0xff9b,0xff9b,0xff5a,0xff7a,0xf77a,0xf739,0xeef8,0xe6d8,0xe6d8,0xf73a,0xff7b,0xff7b,
  0xff5b,0xf73a,0xff5b,0xff7b,0xff7b,0xf75b,0xff7b,0xf75a,0xff7b,0xf75a,0xf73a,0xf77b,0xf75a,0xff7b,0xf75a,0xff9b,
  0xf77a,0xdeb7,0xe6d8,0xd635,0xcdf4,0xef19,0xff9b,0xff5a,0xcdf5,0xacd0,0xa48f,0xcdd4,0xf75a,0xff7b,0xf75a,0xff7b,
  0xff9b,0xff9b,0xf79b,0xf75a,0xef19,0xef19,0xf75a,0xffbc,0xa512,0x5289,0x526a,0x3166,0x1082,0x0020,0x0861,0x0841,
  0x0861,0x18c3,0x1082,0x0841,0x10a2,0x1082,0x10a2,0x10a2,0x18c3,0x1082,0x1082,0x1082,0x0861,0x0020,0x0020,0x0841,
  0x1082,0x0841,0x0841,0x1082,0x1082,0x0861,0x0861,0x0841,0x0861,0x0861,0x0861,0x0841,0x0841,0x0861,0x0841,0x0841,
  0x0841,0x0841,0x0861,0x0841,0x0861,0x1082,0x10a2,0x10a2,0x1082,0x0861,0x18c3,0x18e3,0x1082,0x1082,0x10a2,0x10a2,
  0x18c3,0x10a2,0x1082,0x0861,0x0020,0x0841,0x10a2,0x2124,0x18e3,0x18c3,0x10a2,0x0861,0x1082,0x1082,0x1082,0x1082,
  0x10a2,0x1082,0x18c3,0x10a2,0x10a2,0x1082,0x10a2,0x10a2,0x10a2,0x10a2,0x10a2,0x1082,0x1082,0x1082,0x10a2,0x18c3,
  0x10a2,0x10a2,0x0861,0x0861,0x1082,0x1082,0x1082,0x1082,0x1082,0x10a2,0x10a2,0x1082,0x1082,0x1082,0x1082,0x0861,
  0x1082,0x0861,0x0861,0x0861,0x0861,0x0861,0x0861,0x0861,0x0861,0x0841,0x0020,0x0841,0x0841,0x0841,0x0020,0x0861,
  0x0861,0x0861,0x0861,0x0861,0x0020,0x0861,0x0861,0x0861,0x0861,0x0841,0x0020,0x0841,0x0841,0x0861,0x0841,0x0841,
  0x0841,0x0841,0x0020,0x0841,0x0841,0x0020,0x0841,0x0841,0x0020,0x0020,0x0020,0x0861,0x0881,0x0861,0x0881,0x0881,
  0x10a2,0x10a2,0x0841,0x1082,0x10a2,0x0861,0x1061,0x0841,0x0841,0x1082,0x10a2,0x10a2,0x10a2,0x0861,0x0861,0x1081,
  0x18a2,0x10a2,0x10a2,0x18c2,0x10a2,0x1081,0x0861,0x1082,0x2125,0x3187,0x632d,0x94b3,0xb5b8,0xb5b8,0xb5b8,0xbe1a,
  0xbdf9,0xb577,0x9cb3,0x9450,0xf75b,0xff7b,0xf75a,0xf77b,0xde56,0xde56,0xff5a,0xff5a,0xf75a,0xff7a,0xff7a,0xff7a,
  0xff7b,0xff7b,0xff7b,0xf75a,0xf719,0xff7a,0xff7b,0xf73a,0xf719,0xf719,0xff5a,0xff5a,0xff5a,0xeed8,0xacf1,0xcdf5,
  0xf71a,0xff7b,0xff7b,0xff5a,0xf73a,0xff5a,0xff9b,0xff7a,0xff7a,0xff7a,0xf719,0xf75a,0xff5a,0xff5a,0xf75a,0xf719,
  0xff7a,0xf739,0xf739,0xff7a,0xe697,0xde76,0xeed8,0xcdb4,0xc5d3,0xf759,0xf75a,0xff7a,0xff7a,0xf77a,0xf75a,0xff9b,
  0xff7b,0xf75a,0xff9b,0xff9b,0xf75a,0xff7b,0xffbc,0xff9b,0xf77b,0xff7b,0xff9b,0xf75a,0xf77b,0xff9b,0xff9b,0xff9b,
  0xff9b,0xf75a,0xff7b,0xf75a,0xf75a,0xff7b,0xff7a,0xff9b,0xff9b,0xff9b,0xff7b,0xff9b,0xff7b,0xf75a,0xf73a,0xff7a,
  0xff7b,0xf75b,0xf75b,0xf73a,0xf73a,0xef1a,0xf75b,0xff7b,0xff9b,0xf75a,0xf73a,0xff7b,0xff7b,0xff9b,0xffbc,0xffbc,
  0xffbc,0xce15,0xde77,0xef19,0xff7a,0xff5a,0xff9b,0xd656,0xa4b0,0xacf1,0xd636,0xf73a,0xff7b,0xff5b,0xf77b,0xf75b,
  0xff9b,0xff9b,0xff7a,0xf77a,0xeef8,0xeef8,0xeef8,0xff5a,0xce16,0x4207,0x6b4d,0x5aab,0x10a2,0x0861,0x0861,0x0841,
  0x0861,0x10a2,0x10a2,0x0861,0x0861,0x1082,0x10a2,0x18c3,0x18c3,0x10a2,0x1082,0x10a2,0x10a2,0x1082,0x0841,0x0020,
  0x0861,0x0861,0x0861,0x0841,0x0841,0x0841,0x0861,0x0841,0x0841,0x0861,0x0861,0x0841,0x0841,0x0841,0x0841,0x0841,
  0x0841,0x0841,0x0861,0x0861,0x1082,0x1082,0x1082,0x1082,0x1082,0x1082,0x10a2,0x1082,0x1082,0x1082,0x0861,0x10a2,
  0x1082,0x10a2,0x10a2,0x18c3,0x2945,0x0861,0x0000,0x0841,0x1082,0x2104,0x2945,0x10a2,0x10a2,0x1082,0x1082,0x10a2,
  0x1082,0x1082,0x18c3,0x10a2,0x1082,0x10a2,0x10a2,0x10a2,0x1082,0x10a2,0x1082,0x10a2,0x10a2,0x10a2,0x1082,0x10a2,
  0x1082,0x1082,0x1082,0x1082,0x10a2,0x10a2,0x1082,0x1082,0x10a2,0x10a2,0x1082,0x1082,0x1082,0x0861,0x1082,0x1082,
  0x1082,0x0861,0x1082,0x0861,0x0841,0x0861,0x1082,0x0861,0x1082,0x0861,0x0020,0x0841,0x0020,0x0861,0x0841,0x0841,
  0x1082,0x0861,0x0861,0x0861,0x0841,0x0861,0x0841,0x0861,0x0861,0x0861,0x0861,0x0841,0x0020,0x0841,0x0841,0x0841,
  0x0841,0x0020,0x0841,0x0841,0x0841,0x0841,0x0020,0x0020,0x0841,0x0020,0x0000,0x0861,0x0861,0x0861,0x0881,0x0881,
  0x18c3,0x1082,0x0841,0x0841,0x0861,0x1081,0x10a2,0x1081,0x0841,0x0841,0x1082,0x1082,0x10a2,0x0861,0x0861,0x0840,
  0x0862,0x18c3,0x2104,0x18c3,0x0861,0x0861,0x10a2,0x1081,0x0861,0x0862,0x1082,0x18e4,0x528b,0x8431,0xad56,0xbdd9,
  0xad77,0xbdd8,0x9451,0xb533,0xffbc,0xff7a,0xff9b,0xd677,0xde56,0xff9b,0xf719,0xf739,0xf73a,0xff7a,0xff7a,0xff7a,
  0xff5a,0xff7b,0xff7a,0xff5a,0xff7a,0xff7b,0xff7b,0xff7a,0xf75a,0xf75a,0xf75a,0xff7a,0xff5a,0xc5b4,0xacd0,0xde56,
  0xff7b,0xff7b,0xff7b,0xf73a,0xff7b,0xff5a,0xff7a,0xff7a,0xff7b,0xff7a,0xff5a,0xff7a,0xff7a,0xff7b,0xf719,0xf75a,
  0xff9b,0xf759,0xef19,0xe697,0xacf1,0xc5b3,0xff3a,0xd615,0xbd72,0xf739,0xff9a,0xf75a,0xf77a,0xf75a,0xf75a,0xf77b,
  0xf75a,0xf73a,0xff9b,0xeef9,0xef3a,0xff9b,0xff9b,0xff9b,0xff9b,0xffbc,0xff9b,0xff7b,0xff7b,0xff9b,0xf75a,0xff7b,
  0xef3a,0xf75a,0xff9b,0xff7b,0xff9b,0xff7a,0xff5a,0xff7a,0xff9b,0xf77a,0xf75a,0xf77b,0xff7b,0xff7a,0xff7b,0xf73a,
  0xf73a,0xff7b,0xf73a,0xef1a,0xff7b,0xf73a,0xf73a,0xff7b,0xff7b,0xff9b,0xffbc,0xffbc,0xff7b,0xf73a,0xeef9,0xde97,
  0xce15,0xd636,0xef19,0xf75a,0xf71a,0xf75a,0xe6b8,0xacf1,0xd616,0xef1a,0xff7b,0xff7b,0xff9b,0xff9b,0xff9b,0xf77b,
  0xf77b,0xef19,0xff7b,0xe6d8,0xce15,0xe6d8,0xef19,0xff5a,0xc5f5,0x5248,0x4a49,0x2926,0x1904,0x0881,0x0881,0x0861,
  0x0861,0x1082,0x10a2,0x1082,0x0861,0x1082,0x10a2,0x10a2,0x10a2,0x10a2,0x18c3,0x10a2,0x18c3,0x10a2,0x10a2,0x1082,
  0x0861,0x0020,0x0020,0x0841,0x0841,0x0841,0x0841,0x0841,0x0861,0x0861,0x0841,0x0020,0x0841,0x0861,0x0841,0x0841,
  0x0841,0x0841,0x1082,0x10a2,0x1082,0x10a2,0x1082,0x10a2,0x1082,0x1082,0x10a2,0x1082,0x10a2,0x1082,0x1082,0x0841,
  0x0861,0x1082,0x10a2,0x18c3,0x4228,0x4208,0x18e3,0x0841,0x0000,0x0841,0x10a2,0x10a2,0x18c3,0x18c3,0x1082,0x1082,
  0x1082,0x1082,0x10a2,0x10a2,0x1082,0x10a2,0x10a2,0x10a2,0x10a2,0x10a2,0x10a2,0x10a2,0x10a2,0x10a2,0x1082,0x1082,
  0x1082,0x1082,0x1082,0x1082,0x1082,0x1082,0x10a2,0x10a2,0x1082,0x1082,0x1082,0x1082,0x1082,0x10a2,0x1082,0x1082,
  0x1082,0x0861,0x1082,0x0861,0x0861,0x0861,0x1082,0x0861,0x0861,0x1082,0x0841,0x0841,0x0841,0x0841,0x0841,0x0020,
  0x0861,0x0861,0x0861,0x0861,0x0020,0x0841,0x0861,0x0841,0x0841,0x0861,0x0861,0x0861,0x0841,0x0841,0x0020,0x0020,
  0x0841,0x0841,0x0841,0x0841,0x0841,0x0841,0x0020,0x0841,0x0841,0x0020,0x0020,0x0861,0x0881,0x0881,0x0881,0x0881,
  0x1082,0x10a2,0x1082,0x1082,0x1082,0x1082,0x0841,0x1081,0x18e3,0x0881,0x0881,0x10a2,0x1082,0x10a2,0x10a3,0x10a2,
  0x0020,0x18c3,0x2104,0x0861,0x0861,0x0861,0x0841,0x0862,0x1082,0x0861,0x1082,0x10a2,0x1082,0x10a3,0x3187,0x83f1,
  0xb5b8,0xb5b7,0x83cf,0xe6b9,0xff9b,0xff9a,0xef19,0xc5f5,0xf739,0xff7a,0xff7a,0xff5a,0xf75a,0xff7a,0xff7b,0xff7a,
  0xff5a,0xff9b,0xff7b,0xff5a,0xf75a,0xff9b,0xff9b,0xff5a,0xf73a,0xff5a,0xff7b,0xff7b,0xe6b8,0xacf1,0xb552,0xeef9,
  0xff9b,0xff7b,0xff7b,0xf719,0xff7a,0xff5a,0xf739,0xf759,0xff7a,0xff7a,0xff5a,0xff7b,0xff9b,0xf75a,0xf719,0xff9b,
  0xff7a,0xf75a,0xf739,0xe697,0xacd0,0xb531,0xf719,0xeed8,0xacf0,0xd676,0xffbb,0xf759,0xf75a,0xf77a,0xf79b,0xff9b,
  0xf75a,0xf73a,0xff9b,0xf77b,0xf75a,0xff9b,0xff7b,0xff9b,0xf75a,0xf75a,0xef3a,0xff7b,0xf75a,0xff9b,0xf73a,0xf77b,
  0xf75b,0xf77b,0xff7b,0xff7b,0xff7b,0xff5a,0xf739,0xff5a,0xff9b,0xf79b,0xf77a,0xf77a,0xf75a,0xf73a,0xff9b,0xff9b,
  0xff7b,0xf75b,0xf73a,0xff7b,0xff7b,0xf75b,0xff9b,0xff7b,0xef19,0xef19,0xe6b8,0xd636,0xc5d4,0xc5b4,0xcdf5,0xd636,
  0xdeb8,0xff9c,0xffbc,0xff7b,0xff7b,0xd657,0xa490,0xcdf5,0xff7b,0xf75a,0xf739,0xeef8,0xf77a,0xffbb,0xff9b,0xff9b,
  0xf75a,0xf75b,0xde77,0xb532,0xacd1,0xb552,0xef19,0xffbc,0xad32,0x5289,0x39a7,0x2126,0x2104,0x0881,0x0881,0x0861,
  0x0861,0x0861,0x18c3,0x18c3,0x0861,0x1082,0x10a2,0x18c3,0x10a2,0x10a2,0x18e3,0x1082,0x10a2,0x1082,0x1082,0x10a2,
  0x10a2,0x1082,0x0861,0x0841,0x0861,0x0841,0x0841,0x0020,0x0861,0x0861,0x0020,0x0841,0x0841,0x1082,0x0841,0x0841,
  0x0861,0x1082,0x1082,0x1082,0x10a2,0x10a2,0x10a2,0x1082,0x1082,0x10a2,0x10a2,0x1082,0x1082,0x1082,0x1082,0x0861,
  0x0861,0x0861,0x0861,0x1082,0x1082,0x18e3,0x528a,0x52aa,0x18e3,0x0020,0x0020,0x0861,0x1082,0x18c3,0x18c3,0x18e3,
  0x10a2,0x1082,0x10a2,0x10a2,0x10a2,0x10a2,0x10a2,0x10a2,0x1082,0x10a2,0x10a2,0x10a2,0x10a2,0x1082,0x10a2,0x1082,
  0x10a2,0x1082,0x1082,0x1082,0x1082,0x1082,0x1082,0x1082,0x1082,0x1082,0x1082,0x1082,0x1082,0x1082,0x0861,0x1082,
  0x1082,0x1082,0x1082,0x0861,0x0861,0x0861,0x1082,0x0861,0x1082,0x0861,0x0841,0x0020,0x0841,0x0841,0x0841,0x0020,
  0x0841,0x0861,0x1082,0x0861,0x0841,0x0020,0x0861,0x0861,0x0861,0x0861,0x0841,0x0841,0x0861,0x0861,0x0841,0x0020,
  0x0841,0x0841,0x0841,0x0841,0x0841,0x0841,0x0841,0x0841,0x0020,0x0000,0x0020,0x0881,0x1081,0x0881,0x1081,0x1081,
  0x0841,0x0841,0x0861,0x10a2,0x10a2,0x1082,0x0861,0x1082,0x2945,0x3186,0x18e3,0x10a2,0x18c3,0x1082,0x10a2,0x18c3,
  0x10a2,0x1082,0x10a2,0x0861,0x0861,0x0841,0x0841,0x10a2,0x10a3,0x1061,0x10a2,0x10a1,0x10c2,0x18e3,0x2966,0x422a,
  0x8411,0x8410,0x9450,0xff9c,0xff7a,0xff7a,0xd635,0xe6d8,0xff7a,0xf73a,0xf719,0xf73a,0xff9b,0xff7a,0xff7b,0xff7b,
  0xff7a,0xff7b,0xff9b,0xff5a,0xf73a,0xff7b,0xff9b,0xff9b,0xf739,0xeef8,0xff5a,0xff5a,0xbd52,0x940e,0xc594,0xff9c,
  0xff7b,0xff7b,0xff7b,0xf73a,0xff7b,0xff7a,0xf73a,0xff5a,0xff7a,0xff7a,0xff7a,0xff5a,0xff7a,0xf719,0xef19,0xf739,
  0xff7b,0xf75a,0xf73a,0xeef9,0xb512,0x8bed,0xc594,0xff7b,0xc5d4,0xb552,0xf739,0xff9a,0xf759,0xff9b,0xf79b,0xf79b,
  0xf77b,0xff7b,0xff9b,0xff9b,0xf75a,0xf75a,0xf77b,0xff9b,0xff7b,0xe6d8,0xeed9,0xf75a,0xff5b,0xff9b,0xff7b,0xff7b,
  0xff5a,0xff5a,0xff7a,0xff7b,0xef19,0xf73a,0xf75a,0xef19,0xff7b,0xff9b,0xff9b,0xff9b,0xf77b,0xf73a,0xf77b,0xff9b,
  0xff7b,0xff5b,0xff7b,0xff9c,0xff7b,0xef3a,0xde97,0xc5f5,0xce15,0xc5f5,0xd656,0xef1a,0xf75a,0xff9b,0xff9b,0xf75b,
  0xef3b,0xe6fa,0xdeb9,0xd677,0xde77,0x9cb0,0xc5b4,0xff7b,0xff7b,0xf75a,0xf75a,0xe6f8,0xf73a,0xff9a,0xf77a,0xff9b,
  0xf75a,0xc5d5,0xbd74,0xcdf6,0xc5b4,0xd5f5,0xf719,0xff3a,0x9c71,0x62eb,0x4a08,0x0842,0x0882,0x0861,0x1081,0x0841,
  0x0861,0x0841,0x10a2,0x10a2,0x0861,0x1082,0x1082,0x10a2,0x10a2,0x10a2,0x10a2,0x10a2,0x1082,0x1082,0x10a2,0x10a2,
  0x1082,0x1082,0x10a2,0x1082,0x0861,0x0841,0x0841,0x0020,0x0020,0x0841,0x0841,0x0841,0x0841,0x0841,0x0841,0x1082,
  0x1082,0x1082,0x1082,0x1082,0x1082,0x1082,0x10a2,0x1082,0x1082,0x1082,0x10a2,0x1082,0x1082,0x1082,0x1082,0x0861,
  0x0861,0x0861,0x1082,0x0861,0x0861,0x0861,0x0841,0x2124,0x632c,0x4a69,0x10a2,0x0841,0x0841,0x0861,0x10a2,0x18c3,
  0x10a2,0x10a2,0x10a2,0x1082,0x10a2,0x1082,0x10a2,0x10a2,0x1082,0x1082,0x1082,0x10a2,0x10a2,0x1082,0x10a2,0x10a2,
  0x10a2,0x1082,0x1082,0x10a2,0x1082,0x1082,0x10a2,0x10a2,0x0861,0x1082,0x1082,0x0861,0x1082,0x1082,0x1082,0x0861,
  0x0861,0x1082,0x0861,0x1082,0x0861,0x1082,0x1082,0x0861,0x1082,0x1082,0x0861,0x0020,0x0841,0x0841,0x0841,0x0020,
  0x0841,0x0861,0x0861,0x0861,0x0861,0x0841,0x0841,0x0841,0x0841,0x0841,0x0020,0x0020,0x0841,0x0841,0x0861,0x0861,
  0x0841,0x0841,0x0841,0x0841,0x0020,0x0841,0x0841,0x0020,0x0841,0x0020,0x0020,0x1081,0x0881,0x0881,0x0881,0x0881,
  0x0841,0x10a2,0x18c3,0x1082,0x1082,0x10a2,0x10a2,0x2104,0x2965,0x10a2,0x18c3,0x2124,0x2104,0x18e3,0x1082,0x1082,
  0x10a2,0x1082,0x1082,0x18c3,0x1082,0x0861,0x0841,0x0861,0x1082,0x1061,0x1082,0x10a2,0x1082,0x18c3,0x31a7,0x5acc,
  0x6b4d,0x5269,0xc5d6,0xff7b,0xff7b,0xde76,0xd635,0xf73a,0xff5a,0xde36,0xbd73,0xcdd4,0xf73a,0xff7b,0xf73a,0xf75a,
  0xff7b,0xf719,0xff5a,0xff5a,0xff5a,0xff7b,0xff5a,0xff7b,0xff3a,0xff7a,0xff7b,0xd615,0x9c4f,0xa4b0,0xde97,0xff9c,
  0xff7b,0xff7b,0xff7b,0xff5a,0xf73a,0xf73a,0xff7b,0xff9b,0xff7a,0xff7a,0xff7a,0xff5a,0xef19,0xf75a,0xff7a,0xf73a,
  0xff7b,0xf73a,0xff7b,0xff7b,0xeed8,0xb511,0xc5b4,0xff5a,0xe6b8,0xad11,0xbd72,0xef18,0xf759,0xff9b,0xf79b,0xff9c,
  0xf77a,0xf77a,0xffbb,0xf77a,0xff9b,0xffbb,0xff9b,0xf79b,0xff9b,0xff9b,0xff7b,0xff7b,0xff7b,0xff7b,0xff7b,0xff7b,
  0xff5a,0xff5a,0xff9b,0xffbb,0xff7b,0xf77a,0xff7a,0xf75a,0xff9b,0xffbc,0xffbc,0xffbc,0xff7b,0xff7b,0xf75b,0xf75b,
  0xeef9,0xe6b8,0xcdf6,0xbd53,0xb553,0xbd94,0xd677,0xe6f9,0xf77b,0xf75b,0xef5a,0xef3a,0xd657,0xbd93,0xad12,0xa4f1,
  0x944f,0x9450,0x9c90,0x9cb0,0xad11,0xce15,0xf75a,0xff9b,0xff7b,0xff9b,0xf77b,0xf73a,0xff7b,0xff7a,0xff7a,0xf77a,
  0xc5d4,0xbd73,0xcdd6,0xbd54,0xd636,0xff7a,0xeed9,0xee98,0x8bef,0x6b0c,0x3986,0x0020,0x0882,0x0882,0x1082,0x0861,
  0x0861,0x0861,0x1082,0x18c3,0x10a2,0x0861,0x1082,0x10a2,0x10a2,0x10a2,0x18c3,0x18c3,0x10a2,0x10a2,0x10a2,0x10a2,
  0x10a2,0x1082,0x1082,0x10a2,0x10a2,0x1082,0x1082,0x0841,0x0841,0x0020,0x0020,0x0841,0x0020,0x0861,0x1082,0x1082,
  0x0861,0x1082,0x1082,0x1082,0x1082,0x1082,0x1082,0x1082,0x1082,0x1082,0x1082,0x1082,0x1082,0x1082,0x0861,0x0861,
  0x0861,0x1082,0x10a2,0x1082,0x0861,0x1082,0x0861,0x0861,0x0841,0x31a6,0x31a6,0x2945,0x2104,0x0841,0x0841,0x0861,
  0x0861,0x1082,0x10a2,0x10a2,0x10a2,0x1082,0x1082,0x10a2,0x1082,0x10a2,0x10a2,0x10a2,0x1082,0x10a2,0x10a2,0x10a2,
  0x1082,0x1082,0x1082,0x1082,0x1082,0x1082,0x1082,0x1082,0x1082,0x1082,0x1082,0x1082,0x1082,0x10a2,0x1082,0x0861,
  0x1082,0x0861,0x0861,0x0861,0x1082,0x1082,0x0861,0x0861,0x1082,0x1082,0x1082,0x0841,0x0020,0x0841,0x0841,0x0841,
  0x0020,0x0861,0x0861,0x0861,0x0861,0x0861,0x0020,0x0841,0x0841,0x0020,0x0020,0x0020,0x0000,0x0020,0x0020,0x0841,
  0x0861,0x0020,0x0020,0x0841,0x0841,0x0020,0x0841,0x0841,0x0861,0x0841,0x0020,0x0861,0x0881,0x0881,0x0881,0x0881,
  0x1082,0x0861,0x0841,0x1082,0x18e3,0x2104,0x10a2,0x10a2,0x1082,0x1082,0x1082,0x18e3,0x18c3,0x18e3,0x18c3,0x0861,
  0x10a2,0x1082,0x1082,0x18c3,0x18c3,0x18c3,0x18c3,0x1082,0x1082,0x1082,0x18c3,0x2104,0x18c3,0x2104,0x18a3,0x3166,
  0x39c6,0x6b0a,0xf75b,0xef19,0xf739,0xd635,0xeef8,0xf73a,0xde77,0xacd0,0xcdd4,0xcdd4,0xcdf4,0xff7b,0xf75a,0xff7a,
  0xff7a,0xff7b,0xff7b,0xff9b,0xff7b,0xff7b,0xf73a,0xf75a,0xf719,0xff5a,0xff5a,0xacf1,0x8bed,0xb532,0xf73a,0xff9b,
  0xff7b,0xff7a,0xff7a,0xff7b,0xf75a,0xf75a,0xff5a,0xf75a,0xff5a,0xf73a,0xf75a,0xf75a,0xf73a,0xff7b,0xff9b,0xf77a,
  0xf77b,0xf77b,0xf75b,0xf73a,0xff7a,0xef19,0xf739,0xff5a,0xff5a,0xe6b7,0xad11,0xbd72,0xeef8,0xff9b,0xf75a,0xf73a,
  0xff9b,0xff9b,0xff9b,0xf77a,0xf79b,0xffbb,0xff9b,0xff9b,0xff9b,0xf75a,0xf73a,0xff9b,0xffbc,0xff9b,0xff7b,0xf73a,
  0xeef9,0xe6d8,0xde77,0xd635,0xc5d4,0xc5d4,0xb552,0xbdb4,0xe6f9,0xde77,0xd656,0xd656,0xc5d4,0xc5d4,0xcdf5,0xbd93,
  0xa4d1,0xa4b1,0x9c4f,0xad12,0xd658,0xf75c,0xffdd,0xe6f9,0xc5f5,0xad53,0xa512,0xa4f1,0xad32,0xa4f1,0xbd94,0xd677,
  0xd678,0xd678,0xe6d9,0xef3a,0xef3a,0xff9b,0xffbb,0xff7a,0xef19,0xf73a,0xff9b,0xff7b,0xf75a,0xf739,0xff9b,0xf77a,
  0xb532,0x9c90,0xa4b1,0xcdd5,0xff5b,0xff5a,0xeef9,0xd617,0x5a69,0x5aab,0x4208,0x0020,0x0862,0x1082,0x10a2,0x1082,
  0x0861,0x0861,0x1082,0x18c3,0x18c3,0x0841,0x1082,0x10a2,0x10a2,0x1082,0x10a2,0x10a2,0x10a2,0x10a2,0x10a2,0x10a2,
  0x10a2,0x18c3,0x18c3,0x10a2,0x1082,0x1082,0x1082,0x0861,0x0861,0x0861,0x0841,0x0020,0x0861,0x1082,0x1082,0x0861,
  0x0861,0x1082,0x1082,0x1082,0x10a2,0x1082,0x1082,0x1082,0x1082,0x1082,0x1082,0x0861,0x0861,0x1082,0x0861,0x1082,
  0x0861,0x1082,0x10a2,0x1082,0x1082,0x10a2,0x1082,0x1082,0x1082,0x0841,0x0861,0x2104,0x4228,0x31a6,0x18e3,0x0020,
  0x0841,0x0861,0x0861,0x1082,0x10a2,0x10a2,0x10a2,0x10a2,0x1082,0x10a2,0x10a2,0x10a2,0x10a2,0x1082,0x10a2,0x1082,
  0x1082,0x1082,0x10a2,0x1082,0x1082,0x1082,0x1082,0x1082,0x0861,0x1082,0x1082,0x1082,0x1082,0x1082,0x1082,0x1082,
  0x1082,0x0861,0x0861,0x0841,0x0861,0x1082,0x0861,0x0861,0x0861,0x0861,0x1082,0x0861,0x0020,0x0020,0x0841,0x0841,
  0x0020,0x0841,0x0841,0x0861,0x0861,0x0861,0x0020,0x0841,0x0861,0x0020,0x0020,0x0020,0x0020,0x0020,0x0020,0x0020,
  0x0841,0x0841,0x0841,0x0020,0x0020,0x0841,0x0020,0x0841,0x0841,0x0020,0x0020,0x0881,0x1081,0x0881,0x0881,0x0881,
  0x0861,0x10a2,0x0020,0x2104,0x31a6,0x2945,0x10a2,0x10a2,0x10a2,0x1082,0x0841,0x1082,0x18c3,0x2104,0x2945,0x0841,
  0x0861,0x1082,0x1082,0x10a2,0x2104,0x18e3,0x2104,0x2124,0x10a2,0x3186,0x18e4,0x2125,0x39e8,0x5aab,0x3145,0x41c6,
  0x3985,0xacf1,0xf77a,0xf739,0xf759,0xef19,0xf73a,0xf719,0xc573,0xb511,0xd636,0xcdb4,0xc5b3,0xff7b,0xf739,0xf75a,
  0xff5a,0xff7a,0xff7a,0xff7a,0xff9b,0xf73a,0xef19,0xf73a,0xf719,0xf719,0xd636,0x9c4e,0xa490,0xd616,0xff7b,0xff7b,
  0xf75a,0xf75a,0xff7a,0xff7b,0xf73a,0xff7b,0xef3a,0xef19,0xf75a,0xf73a,0xf77b,0xf75b,0xef3a,0xf77b,0xf77b,0xef1a,
  0xef5a,0xf77b,0xef3a,0xef3a,0xf75a,0xf75a,0xf739,0xf739,0xff7a,0xff9b,0xf719,0xb531,0xbd73,0xf719,0xf739,0xff7b,
  0xff9b,0xff9b,0xff9b,0xff7a,0xff9b,0xf75a,0xff9b,0xff9b,0xff7b,0xff7b,0xf75a,0xef19,0xde97,0xcdf5,0xb552,0xa4d0,
  0x9c4e,0xa48f,0xa4b0,0x9c6f,0xa48f,0xa4b0,0x9c8f,0xacf1,0xbd93,0xcdf5,0xde77,0xde76,0xde77,0xe6b7,0xeef8,0xeef8,
  0xd636,0xce16,0xe6da,0xff7d,0xeefb,0xcdf7,0xa4f2,0xa4b1,0x944f,0xa4f1,0xce16,0xe6f9,0xf77b,0xffdd,0xffbc,0xff9c,
  0xffbc,0xffbc,0xffbc,0xffbc,0xff9b,0xf73a,0xff9b,0xf77a,0xef39,0xf73a,0xff9b,0xff7b,0xef39,0xf739,0xff7a,0xffbb,
  0xeef8,0xce15,0xeed9,0xff5b,0xff7b,0xf719,0xeef9,0xb513,0x2924,0x3166,0x39c7,0x0861,0x0861,0x1082,0x1082,0x1082,
  0x0841,0x0861,0x0861,0x1082,0x18c3,0x10a2,0x1082,0x10a2,0x10a2,0x10a2,0x10a2,0x1082,0x10a2,0x10a2,0x10a2,0x10a2,
  0x10a2,0x10a2,0x18c3,0x10a2,0x10a2,0x1082,0x10a2,0x1082,0x1082,0x1082,0x0861,0x0841,0x1082,0x1082,0x1082,0x10a2,
  0x0861,0x1082,0x1082,0x1082,0x1082,0x10a2,0x1082,0x1082,0x1082,0x10a2,0x1082,0x0861,0x0861,0x10a2,0x1082,0x1082,
  0x0861,0x1082,0x10a2,0x10a2,0x1082,0x10a2,0x10a2,0x0861,0x10a2,0x10a2,0x1082,0x0861,0x0861,0x2104,0x2124,0x31a6,
  0x18c3,0x0841,0x0841,0x0861,0x0861,0x1082,0x18c3,0x10a2,0x10a2,0x1082,0x10a2,0x1082,0x1082,0x10a2,0x10a2,0x1082,
  0x10a2,0x10a2,0x1082,0x10a2,0x1082,0x1082,0x1082,0x0861,0x0861,0x1082,0x1082,0x0861,0x0861,0x1082,0x0861,0x1082,
  0x0861,0x0861,0x0861,0x1082,0x0861,0x0861,0x0861,0x0861,0x0861,0x0861,0x1082,0x1082,0x0841,0x0020,0x0841,0x0841,
  0x0841,0x0000,0x0020,0x0841,0x0861,0x0861,0x0020,0x0861,0x0861,0x0020,0x0020,0x0020,0x0020,0x0020,0x0841,0x0020,
  0x0020,0x0841,0x0861,0x0020,0x0020,0x0841,0x0020,0x0020,0x0020,0x0020,0x0020,0x0881,0x1081,0x0881,0x0881,0x0881,
  0x10a2,0x18e3,0x0841,0x18e3,0x18c3,0x10a2,0x18c3,0x18c3,0x18c3,0x18e3,0x18c3,0x10a2,0x18c3,0x2104,0x2104,0x1082,
  0x0861,0x18c3,0x2124,0x18c3,0x18c3,0x18c3,0x18e3,0x18c3,0x2965,0x2945,0x2125,0x20e5,0x4a2a,0x7b8f,0x5a69,0x4a07,
  0x6288,0xde77,0xf75a,0xeef8,0xf719,0xf719,0xff5b,0xe697,0xbd32,0xcdd4,0xacd0,0xa48f,0xd636,0xff9b,0xff7b,0xf75a,
  0xff7b,0xff5a,0xf719,0xff5a,0xf75a,0xf73a,0xff5a,0xff7b,0xff5b,0xf6f9,0xb4f1,0x9c6f,0xb512,0xf73b,0xff7b,0xff7b,
  0xf73a,0xff7a,0xff7b,0xf75a,0xf75b,0xf77c,0xf75b,0xef5b,0xf77c,0xff7c,0xf75b,0xf77c,0xf79c,0xf75c,0xf7bd,0xffbd,
  0xef5b,0xf77c,0xf77c,0xf75b,0xf75b,0xef5a,0xe6d8,0xef59,0xff7a,0xf75a,0xff9b,0xff7b,0xd636,0xd636,0xff7b,0xff7b,
  0xff9b,0xff9b,0xf75a,0xff7a,0xff9b,0xf75a,0xff7a,0xff9b,0xf73a,0xde97,0xc5d4,0xcdf5,0xce15,0xd636,0xde77,0xde77,
  0xde57,0xde56,0xeef9,0xf71a,0xf75a,0xf75a,0xff7b,0xf77b,0xf75a,0xff9b,0xf75a,0xff5a,0xff7b,0xff9b,0xf73a,0xff7b,
  0xffbc,0xff9c,0xdeb9,0xb554,0x9450,0x9450,0xa4d2,0xc5b5,0xde98,0xef3a,0xffbc,0xffbc,0xffbc,0xffbc,0xf77b,0xf77b,
  0xf77b,0xf77b,0xff9b,0xff9b,0xf77b,0xe6d8,0xff7b,0xf75a,0xf77a,0xff9b,0xf75a,0xf77a,0xff9b,0xff7a,0xff7a,0xff9b,
  0xff9b,0xff7b,0xff7c,0xf71a,0xff7a,0xe6d8,0xe6b9,0x8bcf,0x3145,0x18e3,0x10a2,0x1082,0x0841,0x1082,0x1062,0x1082,
  0x0861,0x1082,0x0841,0x0861,0x1082,0x18e3,0x0861,0x10a2,0x1082,0x18c3,0x10a2,0x10a2,0x10a2,0x10a2,0x1082,0x18c3,
  0x10a2,0x1082,0x10a2,0x10a2,0x10a2,0x1082,0x1082,0x10a2,0x1082,0x0841,0x0861,0x0861,0x0861,0x1082,0x1082,0x1082,
  0x1082,0x1082,0x1082,0x1082,0x10a2,0x10a2,0x1082,0x1082,0x1082,0x0861,0x1082,0x0861,0x0861,0x1082,0x10a2,0x1082,
  0x1082,0x1082,0x10a2,0x10a2,0x10a2,0x10a2,0x10a2,0x1082,0x1082,0x10a2,0x1082,0x1082,0x1082,0x0861,0x1082,0x2104,
  0x2945,0x18c3,0x10a2,0x0841,0x0841,0x0861,0x0861,0x1082,0x10a2,0x1082,0x0861,0x1082,0x10a2,0x10a2,0x10a2,0x1082,
  0x10a2,0x10a2,0x10a2,0x10a2,0x18c3,0x10a2,0x18c3,0x10a2,0x0861,0x1082,0x1082,0x0861,0x1082,0x1082,0x1082,0x0861,
  0x0861,0x0861,0x0861,0x1082,0x0861,0x0861,0x0861,0x0861,0x0861,0x1082,0x0861,0x0861,0x0861,0x0020,0x0841,0x0020,
  0x0841,0x0020,0x0020,0x0020,0x0861,0x0841,0x0841,0x0841,0x0861,0x0861,0x0000,0x0020,0x0020,0x0821,0x0820,0x0000,
  0x0020,0x0020,0x0861,0x0861,0x0020,0x0020,0x0020,0x0841,0x0841,0x0020,0x0020,0x0881,0x0881,0x0881,0x0881,0x0881,
  0x0861,0x10a2,0x0861,0x18e3,0x10a2,0x18c3,0x18e3,0x18c3,0x18c3,0x10a2,0x10a2,0x10a2,0x10a2,0x1082,0x1082,0x0841,
  0x0861,0x18e3,0x2104,0x18c3,0x10a2,0x10a2,0x18e3,0x0861,0x18c3,0x18c3,0x18c3,0x3146,0x2925,0x5229,0x6289,0x6aca,
  0x7b4b,0xeef9,0xff7b,0xf75a,0xf739,0xf73a,0xff5b,0xd5f5,0xde36,0xff5a,0xbd73,0xc5b4,0xf73a,0xff7b,0xff9b,0xff7a,
  0xff7b,0xff5a,0xff9b,0xff5a,0xf73a,0xff7b,0xff5a,0xf719,0xff5a,0xe697,0x942e,0x9c4f,0xcdf5,0xff5b,0xff7b,0xff7b,
  0xf73a,0xf75a,0xff7b,0xf75b,0xef1a,0xe6fa,0xdeb9,0xd699,0xbd96,0xb555,0xb575,0xb575,0xbdd7,0xce38,0xbdf7,0xb595,
  0xad54,0xad75,0xc5f7,0xd678,0xef3b,0xf79c,0xef5a,0xf79b,0xf75b,0xf73a,0xf75b,0xeef9,0xacf1,0xa4b0,0xef19,0xffbc,
  0xff7b,0xff7a,0xff7b,0xf75a,0xff7b,0xff9b,0xeef8,0xde97,0xd636,0xde57,0xeef9,0xff5b,0xf73a,0xef19,0xff7b,0xff9b,
  0xf73a,0xf719,0xe6b8,0xe6b8,0xef19,0xe6b8,0xef19,0xeef9,0xef39,0xeef9,0xef19,0xf75a,0xef1a,0xf75a,0xff9b,0xff9b,
  0xd677,0xad53,0x8c2f,0x8c30,0x9c91,0xcdf6,0xef1b,0xf75b,0xf77b,0xffbc,0xff9b,0xf77b,0xf79b,0xf79b,0xf77a,0xf77b,
  0xff9b,0xffbb,0xf77b,0xf79b,0xf75a,0xf73a,0xff7b,0xffbc,0xff9b,0xff9b,0xff9b,0xff7b,0xf75a,0xff9b,0xff9b,0xff9a,
  0xf739,0xff7a,0xf73a,0xf73a,0xef19,0xe6f8,0xcdd6,0x6acb,0x4a28,0x18c3,0x18c3,0x1082,0x0841,0x1082,0x1082,0x1082,
  0x1082,0x0861,0x0841,0x0861,0x1082,0x10a2,0x1082,0x1082,0x10a2,0x10a2,0x10a2,0x10a2,0x10a2,0x10a2,0x1082,0x10a2,
  0x10a2,0x1082,0x10a2,0x10a2,0x10a2,0x10a2,0x1082,0x1082,0x1082,0x0861,0x0841,0x0861,0x0861,0x1082,0x1082,0x1082,
  0x1082,0x0861,0x1082,0x1082,0x10a2,0x18c3,0x1082,0x1082,0x1082,0x1082,0x0861,0x1082,0x1082,0x1082,0x10a2,0x0861,
  0x0861,0x10a2,0x10a2,0x1082,0x1082,0x1082,0x1082,0x1082,0x1082,0x1082,0x10a2,0x1082,0x10a2,0x10a2,0x0861,0x0861,
  0x1082,0x18c3,0x2124,0x2945,0x18c3,0x0020,0x0861,0x1082,0x0861,0x1082,0x1082,0x1082,0x1082,0x1082,0x1082,0x1082,
  0x1082,0x1082,0x18c3,0x10a2,0x10a2,0x10a2,0x18c3,0x18c3,0x0861,0x0861,0x0861,0x1082,0x0861,0x0861,0x1082,0x0861,
  0x0861,0x0861,0x1082,0x0861,0x0861,0x0861,0x0861,0x0861,0x0861,0x1082,0x0861,0x0861,0x0861,0x0020,0x0020,0x0841,
  0x0841,0x0841,0x0020,0x0020,0x0841,0x0841,0x0841,0x0841,0x0861,0x0861,0x0020,0x0020,0x0841,0x0020,0x0841,0x0000,
  0x0020,0x0020,0x0841,0x0861,0x0020,0x0020,0x0841,0x0020,0x1082,0x0841,0x0020,0x1081,0x0881,0x0881,0x0881,0x0881,
  0x0020,0x1082,0x0020,0x0861,0x10a2,0x18c3,0x2104,0x18c3,0x10a2,0x10a2,0x18c3,0x10a2,0x1082,0x0861,0x0841,0x0020,
  0x0861,0x18e3,0x18c3,0x18c3,0x18c3,0x10a2,0x1082,0x18e3,0x18c3,0x18e4,0x20e4,0x3986,0x2904,0x3145,0x5a48,0x6aca,
  0x72e9,0xf719,0xf6f9,0xf719,0xeef9,0xeef9,0xf719,0xcdb4,0xf6f9,0xff7b,0xff9b,0xff7b,0xff7a,0xff5a,0xf75a,0xf75a,
  0xff5a,0xff5a,0xf73a,0xeef9,0xf719,0xff5a,0xf75a,0xff5a,0xff5b,0xb512,0x83ac,0xa4b0,0xf71a,0xff3b,0xf75b,0xf75b,
  0xff7b,0xff9c,0xff7c,0xeefa,0xdeba,0xde99,0xce38,0xc618,0xbdb7,0xc5f8,0xbdb7,0xbdb7,0xb597,0xb576,0xad56,0x8c72,
  0x8c32,0xa515,0xad76,0x9cd3,0xa513,0xc617,0xf77c,0xf77b,0xf77c,0xf77c,0xd657,0xb533,0xacf2,0x8bee,0xa490,0xce15,
  0xeef8,0xff9b,0xf75a,0xff7b,0xef19,0xce15,0xc5d4,0xe6b7,0xf75a,0xff9b,0xff5b,0xf73a,0xff7b,0xf71a,0xf71a,0xf75a,
  0xef19,0xf719,0xf719,0xeef9,0xef19,0xef19,0xef19,0xe6f9,0xef39,0xef39,0xef5a,0xf77b,0xff9c,0xef1a,0xcdf6,0xa4b1,
  0x9490,0xad33,0xad54,0xb574,0xde99,0xf73b,0xf77b,0xff9b,0xef5a,0xf77a,0xf77a,0xff9b,0xff9b,0xf75a,0xf77a,0xff9b,
  0xf77b,0xf77a,0xf75a,0xf77a,0xf75a,0xff7b,0xf75a,0xff9b,0xff7b,0xf75a,0xff7b,0xf73a,0xf73a,0xff9b,0xff9b,0xff7a,
  0xf739,0xff7a,0xf73a,0xff7b,0xef19,0xf73a,0xacf2,0x6b0c,0x528a,0x18c3,0x18e4,0x18c3,0x1082,0x1082,0x10a2,0x0881,
  0x1082,0x0861,0x0861,0x0841,0x1082,0x10a2,0x1082,0x10a2,0x10a2,0x10a2,0x1082,0x1082,0x10a2,0x10a2,0x10a2,0x1082,
  0x10a2,0x10a2,0x10a2,0x10a2,0x10a2,0x10a2,0x10a2,0x1082,0x1082,0x1082,0x0841,0x0861,0x0861,0x1082,0x1082,0x10a2,
  0x1082,0x0861,0x1082,0x1082,0x1082,0x10a2,0x1082,0x1082,0x1082,0x1082,0x1082,0x10a2,0x0861,0x0861,0x1082,0x1082,
  0x1082,0x10a2,0x10a2,0x1082,0x10a2,0x1082,0x1082,0x1082,0x1082,0x10a2,0x10a2,0x1082,0x10a2,0x10a2,0x10a2,0x1082,
  0x0861,0x1082,0x0861,0x2124,0x4208,0x2965,0x1082,0x0841,0x0841,0x0861,0x1082,0x1082,0x10a2,0x10a2,0x1082,0x1082,
  0x1082,0x1082,0x1082,0x10a2,0x1082,0x1082,0x1082,0x1082,0x0861,0x1082,0x0861,0x0861,0x0861,0x0861,0x0861,0x0861,
  0x0861,0x0861,0x0861,0x0861,0x0861,0x1082,0x0861,0x0861,0x0861,0x1082,0x0861,0x0861,0x0861,0x0841,0x0020,0x0020,
  0x0841,0x0020,0x0020,0x0020,0x0841,0x0861,0x0841,0x0841,0x0861,0x0841,0x0020,0x0000,0x0020,0x0820,0x1061,0x1082,
  0x0020,0x0020,0x0000,0x0000,0x0020,0x0020,0x0841,0x0841,0x0841,0x0020,0x0020,0x0881,0x0881,0x0881,0x0881,0x0881,
  0x0020,0x1082,0x0020,0x0861,0x0861,0x1082,0x2104,0x18c3,0x10a2,0x18c3,0x2104,0x2124,0x10a2,0x1082,0x0861,0x0841,
  0x10a2,0x2124,0x10a2,0x1082,0x1082,0x1082,0x1082,0x2945,0x3186,0x1082,0x18a2,0x2904,0x2924,0x5228,0x6289,0x49a5,
  0x6268,0xeeb8,0xeeb9,0xf6fa,0xe698,0xd636,0xde57,0xbd52,0xff3a,0xff3a,0xff7b,0xff7b,0xff7a,0xff5a,0xf73a,0xff9b,
  0xff5a,0xff5a,0xeef8,0xeef8,0xf719,0xf75a,0xff5a,0xff9b,0xe698,0x8bcd,0x8bed,0xd5f6,0xff5b,0xf71a,0xeed9,0xff7c,
  0xef1a,0xce16,0xad33,0x8c0f,0x83ef,0x6b4d,0x630d,0x630d,0x5acc,0x73af,0x8411,0x9493,0xb577,0xb598,0xb597,0xb597,
  0xb598,0xb5b8,0xbdf8,0xc618,0xad55,0xb596,0xef3b,0xf77c,0xef3b,0xdeb9,0xbd95,0xc5f7,0x9c71,0x83ce,0xacf2,0xb532,
  0xb511,0xe6d8,0xef19,0xcdf5,0xbd73,0xd636,0xf73a,0xff7b,0xff5b,0xff7b,0xff7b,0xff9b,0xff9c,0xf73a,0xff7b,0xff7b,
  0xf75a,0xff7b,0xff7b,0xff9b,0xffbc,0xffbb,0xff9b,0xff7b,0xf77a,0xf75a,0xef19,0xe6f9,0xbd94,0x8c50,0x9c91,0xad33,
  0xbdb6,0xc5f6,0xd679,0xe6fa,0xffbd,0xff9c,0xff9c,0xff7b,0xef39,0xf79a,0xf77a,0xf79a,0xf79a,0xf79a,0xf77a,0xf77a,
  0xf79b,0xf75a,0xf77a,0xff9b,0xf77a,0xf77b,0xf75a,0xff7b,0xff7b,0xf75a,0xff7b,0xf75a,0xf77a,0xff9b,0xf77a,0xf77a,
  0xff7a,0xff9b,0xef19,0xff7a,0xeef8,0xdeb7,0xb574,0x734e,0x4a29,0x10a2,0x2104,0x18e3,0x10a2,0x1082,0x1082,0x0882,
  0x10a2,0x0861,0x0861,0x0841,0x1082,0x18c3,0x10a2,0x10a2,0x1082,0x10a2,0x10a2,0x10a2,0x18c3,0x10a2,0x10a2,0x1082,
  0x10a2,0x10a2,0x10a2,0x10a2,0x10a2,0x10a2,0x1082,0x1082,0x1082,0x0861,0x0861,0x0861,0x0861,0x0861,0x1082,0x1082,
  0x1082,0x1082,0x0861,0x1082,0x10a2,0x1082,0x1082,0x1082,0x0861,0x10a2,0x18e3,0x1082,0x0861,0x0841,0x0861,0x18c3,
  0x18c3,0x1082,0x10a2,0x10a2,0x1082,0x1082,0x10a2,0x1082,0x1082,0x1082,0x1082,0x1082,0x10a2,0x10a2,0x10a2,0x10a2,
  0x1082,0x0861,0x1082,0x0861,0x1082,0x2124,0x2945,0x2104,0x18c3,0x0841,0x0841,0x0861,0x1082,0x18c3,0x18c3,0x1082,
  0x0861,0x1082,0x10a2,0x10a2,0x10a2,0x10a2,0x1082,0x1082,0x10a2,0x1082,0x1082,0x1082,0x1082,0x0861,0x0861,0x0861,
  0x0861,0x0861,0x0861,0x0861,0x0861,0x0861,0x0861,0x0861,0x0841,0x0861,0x1082,0x0841,0x0861,0x0861,0x0020,0x0841,
  0x0841,0x0841,0x0841,0x0020,0x0020,0x0841,0x0861,0x0861,0x0841,0x0861,0x0841,0x0000,0x0020,0x0841,0x0841,0x1082,
  0x1061,0x0841,0x0000,0x0020,0x0020,0x0020,0x0020,0x0841,0x0020,0x0020,0x0020,0x0861,0x0881,0x0881,0x0881,0x0881,
  0x0000,0x0861,0x0841,0x0841,0x1082,0x10a2,0x0841,0x18e3,0x18c3,0x18a2,0x10a2,0x2104,0x1082,0x10a3,0x10a2,0x0021,
  0x1061,0x10a2,0x0861,0x0861,0x18c3,0x18e4,0x526a,0x5269,0x3986,0x3144,0x5228,0x7b4c,0x9c71,0xe699,0xff3b,0xb513,
  0x6ac9,0xe697,0xf71a,0xf6fa,0xe698,0xde57,0xc5b4,0xce15,0xff5a,0xf739,0xff5a,0xff7b,0xff5a,0xff7a,0xff9b,0xff9b,
  0xf739,0xf77a,0xf75a,0xf75a,0xff7b,0xff5b,0xf719,0xf719,0xb4f1,0x838b,0xacd1,0xe6b8,0xf73b,0xeefa,0xf71b,0xd637,
  0x8c2f,0x738d,0x738e,0x6b2d,0x2946,0x2966,0x1062,0x0862,0x10a3,0x0000,0x0021,0x2946,0x5aab,0x632d,0x9cb3,0xad56,
  0x8c32,0x6b4e,0x7baf,0x9492,0xb575,0xbdd7,0xc617,0xd679,0xb576,0xb575,0xb535,0x83cf,0x5207,0x51e6,0x6ac9,0xb532,
  0x9c6f,0xa48f,0xc5b4,0xd636,0xe6d9,0xff7c,0xf79c,0xff9c,0xff7c,0xf77c,0xef1b,0xde99,0xd658,0xce16,0xd616,0xeed9,
  0xf73a,0xf719,0xff7a,0xe6b7,0xcdf4,0xf739,0xff7b,0xff7b,0xff9b,0xef19,0xad12,0x8c0f,0x840e,0xa512,0xbdd5,0xc637,
  0xce57,0xded9,0xffbc,0xff9c,0xf79b,0xff9b,0xf77b,0xf75a,0xff9b,0xffbb,0xf79b,0xff9b,0xf77a,0xf79b,0xf79b,0xef59,
  0xf79b,0xff9b,0xf75a,0xf77a,0xffbb,0xff9b,0xff9b,0xff9b,0xff9b,0xff7b,0xff7a,0xff7a,0xff9b,0xf77a,0xf75a,0xff7a,
  0xf77a,0xf75a,0xff7a,0xff9b,0xf75a,0xe6f9,0xe6d9,0x7b8d,0x736e,0x5aac,0x4209,0x2125,0x18c3,0x10c2,0x0861,0x0862,
  0x0861,0x1081,0x0861,0x0861,0x0861,0x1082,0x10a2,0x18e3,0x1082,0x1082,0x10a2,0x10a2,0x1082,0x10a2,0x10a2,0x18c3,
  0x18c3,0x10a2,0x10a2,0x1082,0x10a2,0x10a2,0x1082,0x1082,0x1082,0x1082,0x1082,0x0841,0x0861,0x1082,0x1082,0x1082,
  0x1082,0x1082,0x0861,0x1082,0x1082,0x10a2,0x10a2,0x1082,0x1082,0x1082,0x1082,0x1082,0x0861,0x0861,0x1082,0x18c3,
  0x1082,0x1082,0x10a2,0x10a2,0x1082,0x10a2,0x10a2,0x1082,0x1082,0x1082,0x1082,0x10a2,0x10a2,0x10a2,0x1082,0x10a2,
  0x10a2,0x10a2,0x1082,0x1082,0x1082,0x0841,0x1082,0x2104,0x39c7,0x10a2,0x0861,0x0841,0x0861,0x0861,0x10a2,0x10a2,
  0x1082,0x1082,0x18c3,0x10a2,0x1082,0x10a2,0x1082,0x10a2,0x1082,0x1082,0x1082,0x1082,0x10a2,0x1082,0x1082,0x0861,
  0x1082,0x0861,0x1082,0x1082,0x0861,0x0861,0x0861,0x0861,0x0861,0x0861,0x0861,0x0861,0x0861,0x0861,0x0841,0x0020,
  0x0841,0x0841,0x0861,0x0841,0x0000,0x0020,0x0841,0x0861,0x0841,0x0841,0x0861,0x0020,0x0020,0x0020,0x0861,0x0841,
  0x0020,0x0020,0x0000,0x0000,0x0020,0x0020,0x0020,0x0841,0x0841,0x0841,0x0020,0x1081,0x1081,0x0881,0x0881,0x0882,
  0x0020,0x0000,0x0020,0x0861,0x18c3,0x2945,0x18e3,0x10a2,0x18c3,0x18c3,0x10a2,0x18e3,0x18e3,0x0862,0x10a2,0x0861,
  0x0840,0x1081,0x0861,0x2104,0x18e4,0x18c3,0x5269,0x3165,0x49e6,0xacf2,0xd637,0x8c0e,0x5227,0x6aca,0x9c70,0xacf2,
  0x49e5,0xcdd5,0xeeb8,0xf71a,0xeed9,0xde57,0xacf0,0xe6b7,0xf739,0xff7a,0xff5a,0xff5a,0xff7a,0xf75a,0xff7a,0xf739,
  0xf759,0xf77a,0xf77a,0xf75a,0xff9b,0xff9b,0xff7b,0xde16,0x93ed,0x9c4f,0xbd74,0xf73b,0xef1a,0xf73b,0xc5b5,0x838d,
  0x6b2c,0x8c30,0xad15,0x9472,0x2105,0x52ab,0x2966,0x4a6a,0x632d,0x1082,0x0000,0x18e4,0x4a4a,0x528a,0x8410,0x62ec,
  0x3986,0x3986,0x3145,0x39a6,0x6b0b,0xad34,0xbd96,0xc5f7,0xce38,0xc5b6,0x9c71,0x5a68,0x4184,0x6aa9,0x6267,0x9c4f,
  0xc5b4,0xd636,0xf73a,0xff9c,0xf77c,0xef3b,0xef3b,0xd679,0xc5b6,0xb555,0xa4d3,0x9c92,0x9c71,0xa4d2,0xa491,0xbd74,
  0xf73a,0xf71a,0xeed8,0xb531,0xb531,0xbd73,0xff7b,0xf73a,0xf71a,0xe698,0x944f,0x8bee,0xc5f6,0xbdb5,0xc5f6,0xe73a,
  0xf77b,0xef19,0xf77b,0xf77b,0xf77b,0xffbc,0xf77b,0xef19,0xef19,0xef19,0xef5a,0xf75a,0xff9b,0xff9b,0xffdc,0xffbb,
  0xffbb,0xf79b,0xf77a,0xff9b,0xff9b,0xff9b,0xff7b,0xff7a,0xff7a,0xff9b,0xf77a,0xf77a,0xff9b,0xff9b,0xff7a,0xff7a,
  0xf75a,0xf75a,0xff9a,0xff9b,0xf75a,0xef19,0xf79c,0xc5f6,0x6b0c,0x736f,0x83f1,0x5acb,0x1082,0x1082,0x0841,0x0862,
  0x0862,0x1082,0x1082,0x0841,0x0841,0x1082,0x18c3,0x18c3,0x10a2,0x10a2,0x10a2,0x10a2,0x10a2,0x10a2,0x10a2,0x18c3,
  0x18c3,0x10a2,0x10a2,0x10a2,0x10a2,0x10a2,0x1082,0x1082,0x1082,0x1082,0x0861,0x0861,0x0841,0x0861,0x1082,0x0861,
  0x1082,0x1082,0x1082,0x1082,0x1082,0x10a2,0x1082,0x1082,0x1082,0x1082,0x0861,0x1082,0x0861,0x0841,0x0861,0x10a2,
  0x10a2,0x1082,0x10a2,0x1082,0x10a2,0x18c3,0x10a2,0x1082,0x0861,0x1082,0x1082,0x18c3,0x10a2,0x10a2,0x10a2,0x1082,
  0x1082,0x10a2,0x1082,0x1082,0x10a2,0x1082,0x0861,0x0861,0x1082,0x2124,0x18e3,0x1082,0x0861,0x0861,0x0841,0x0861,
  0x0861,0x1082,0x1082,0x18c3,0x10a2,0x10a2,0x1082,0x1082,0x1082,0x1082,0x1082,0x1082,0x1082,0x1082,0x1082,0x0861,
  0x1082,0x0861,0x0861,0x1082,0x0861,0x0861,0x0861,0x0861,0x0861,0x0861,0x0861,0x0841,0x0841,0x0861,0x0861,0x0020,
  0x0000,0x0841,0x0841,0x0841,0x0020,0x0000,0x0000,0x0841,0x0861,0x0841,0x0841,0x0841,0x0841,0x0000,0x0020,0x0841,
  0x0020,0x0000,0x0020,0x0000,0x0020,0x0841,0x0841,0x0861,0x0861,0x0020,0x0841,0x0881,0x0881,0x0881,0x0881,0x0882,
  0x0020,0x0021,0x0020,0x2124,0x2125,0x2124,0x2965,0x2104,0x2124,0x2104,0x18e3,0x18e3,0x2104,0x18c3,0x18c2,0x10a2,
  0x0861,0x0861,0x1082,0x2125,0x4208,0x5acb,0x39a6,0x6b2b,0xe6b9,0xce16,0x62c9,0x41a5,0x49c6,0xacf2,0x9430,0x732c,
  0x6aea,0xe6b9,0xc595,0x93ef,0xde37,0xb4f1,0xb531,0xff5a,0xf739,0xf739,0xff7a,0xff5a,0xf73a,0xff5a,0xf75a,0xf75a,
  0xff7a,0xf75a,0xf77a,0xf75a,0xff5b,0xf6fa,0xcdb4,0x9c2f,0x93ee,0x93ee,0xd616,0xf75b,0xf77c,0xce17,0x6b0c,0x732c,
  0x9c92,0x9492,0xb556,0x39a8,0x39c8,0x6b2e,0x3187,0x3187,0x2946,0x41e8,0x4208,0x3166,0x20e4,0x5269,0x6b0c,0x5249,
  0x7bae,0x9451,0x6b0b,0x5248,0x6b0b,0x9450,0x8c0f,0xad13,0xb574,0x9c70,0x5a68,0x5247,0x5226,0x944f,0x9c90,0xc5b4,
  0xff7b,0xff9c,0xf73b,0xeefa,0xe6da,0xc5f7,0xad14,0x9cb3,0xa4f4,0xb536,0xbd97,0xbd97,0xc5d7,0xbd96,0xad13,0x8bce,
  0xe698,0xff5b,0xe698,0xb552,0xb532,0xc594,0xff7b,0xf73b,0xf75b,0xbd53,0x8c0e,0xbd94,0xbdb5,0xd657,0xf77c,0xf7bc,
  0xf77b,0xef5a,0xf77b,0xf75a,0xef3a,0xff9b,0xff9b,0xf79b,0xf77a,0xf75a,0xf77a,0xf77a,0xffbb,0xf79b,0xff9b,0xff9b,
  0xffbb,0xff9b,0xffbb,0xf77b,0xf75a,0xff7a,0xf77a,0xf739,0xf75a,0xf75a,0xff9b,0xff7b,0xf75a,0xff9b,0xf75a,0xf77a,
  0xf77a,0xff7a,0xef39,0xf75a,0xff9b,0xf75b,0xf77c,0xff9d,0xce38,0x9492,0x6b2d,0x5aab,0x4208,0x18e3,0x0861,0x10a2,
  0x18c3,0x10a2,0x10a2,0x1082,0x0841,0x0841,0x10a2,0x10a2,0x1082,0x10a2,0x10a2,0x10a2,0x10a2,0x1082,0x10a2,0x10a2,
  0x10a2,0x1082,0x10a2,0x10a2,0x10a2,0x10a2,0x1082,0x10a2,0x1082,0x1082,0x0861,0x0861,0x0841,0x0841,0x0861,0x0861,
  0x1082,0x1082,0x1082,0x0861,0x1082,0x10a2,0x1082,0x0861,0x0861,0x0861,0x1082,0x1082,0x0861,0x0861,0x0861,0x1082,
  0x10a2,0x1082,0x1082,0x10a2,0x1082,0x10a2,0x1082,0x10a2,0x1082,0x0861,0x1082,0x1082,0x10a2,0x10a2,0x18c3,0x10a2,
  0x1082,0x1082,0x1082,0x10a2,0x18c3,0x10a2,0x10a2,0x0861,0x0861,0x0861,0x10a2,0x18c3,0x10a2,0x10a2,0x0861,0x0861,
  0x0861,0x0861,0x0841,0x0861,0x1082,0x10a2,0x10a2,0x10a2,0x1082,0x1082,0x1082,0x1082,0x1082,0x1082,0x1082,0x1082,
  0x0861,0x0861,0x1082,0x0861,0x0861,0x0861,0x0861,0x0861,0x0841,0x0861,0x0861,0x0861,0x0861,0x0861,0x0861,0x0020,
  0x2124,0x39c7,0x0861,0x0020,0x0841,0x0020,0x0020,0x0841,0x0861,0x0841,0x0841,0x10a2,0x0020,0x0000,0x0020,0x0020,
  0x0841,0x0020,0x0020,0x0020,0x0020,0x0020,0x0841,0x0000,0x0841,0x0020,0x0841,0x0881,0x0881,0x0881,0x0881,0x0882,
  0x0000,0x0000,0x0862,0x0862,0x0841,0x18c3,0x1082,0x0000,0x0000,0x0020,0x0841,0x0861,0x1082,0x2104,0x18c2,0x10a2,
  0x18c3,0x10a2,0x2945,0x4a49,0x62ec,0x41e7,0x83ce,0xf75b,0xacf2,0x49e5,0x49e6,0x4a06,0xbd75,0xce18,0x5a49,0x62cb,
  0x8c30,0xcdf8,0x6aec,0x6aaa,0xbd54,0xacd1,0xde36,0xf719,0xf73a,0xeef8,0xff5a,0xff5a,0xff5a,0xff5a,0xff7a,0xff7a,
  0xf77a,0xf75a,0xff9b,0xf75a,0xff5b,0xcdd5,0xa490,0x8bad,0x7b2c,0x940f,0xeefa,0xf73c,0xde99,0x83ce,0x62cb,0x8bef,
  0x6b2c,0x8c10,0x526a,0x2905,0x5aab,0x1062,0x0000,0x0000,0x4a08,0x83cf,0x6b0c,0x6aeb,0x5208,0x5a89,0x62aa,0x9470,
  0xb554,0x8c0e,0x8c2f,0x83ed,0xd657,0xf75b,0xbd94,0x736c,0x734b,0x7b6b,0x83ad,0xbd73,0xd616,0xeef9,0xf73b,0xf75b,
  0xf73b,0xef1a,0xeefa,0xde99,0xbd96,0xad35,0xbd97,0xb556,0xbdb7,0xc5f8,0xc5d7,0xa4f4,0x9451,0x9450,0xa4b1,0x944f,
  0xc595,0xff7c,0xf73b,0xe6d9,0xde98,0xef1a,0xf73b,0xff9c,0xde98,0x9c6f,0xa4d1,0xef1a,0xf75b,0xef5b,0xef5b,0xf77b,
  0xef5a,0xf77a,0xf75a,0xf75a,0xef3a,0xf77a,0xef5a,0xf77b,0xf77b,0xf79b,0xf79b,0xff9b,0xff9b,0xff9b,0xff9b,0xffbb,
  0xff9b,0xffbb,0xf79b,0xf75a,0xffbb,0xf77a,0xf75a,0xef39,0xff7b,0xff7b,0xff9b,0xff7b,0xf73a,0xff9b,0xff7a,0xff7b,
  0xff5a,0xff7b,0xff5a,0xf75a,0xff9b,0xf75b,0xde99,0xde99,0xe6fa,0xf77d,0xdefc,0x5acc,0x52ab,0x31a7,0x0861,0x1082,
  0x10a2,0x10a2,0x10a2,0x10a2,0x0861,0x0841,0x1082,0x10a2,0x10a2,0x18c3,0x18c3,0x1082,0x10a2,0x10a2,0x10a2,0x10a2,
  0x10a2,0x10a2,0x10a2,0x10a2,0x1082,0x10a2,0x1082,0x10a2,0x1082,0x1082,0x0861,0x0861,0x1082,0x0861,0x0841,0x1082,
  0x1082,0x1082,0x1082,0x0861,0x1082,0x10a2,0x1082,0x1082,0x1082,0x1082,0x0861,0x1082,0x0841,0x1082,0x0861,0x0861,
  0x10a2,0x10a2,0x1082,0x1082,0x1082,0x10a2,0x10a2,0x10a2,0x1082,0x0861,0x1082,0x1082,0x10a2,0x10a2,0x10a2,0x18c3,
  0x10a2,0x1082,0x10a2,0x18e3,0x1082,0x1082,0x10a2,0x10a2,0x1082,0x1082,0x0841,0x1082,0x1082,0x18e3,0x18e3,0x0861,
  0x0841,0x0861,0x0861,0x0861,0x0841,0x0861,0x1082,0x1082,0x1082,0x1082,0x10a2,0x10a2,0x1082,0x0861,0x1082,0x1082,
  0x1082,0x1082,0x0861,0x0861,0x0861,0x0861,0x0861,0x0861,0x0861,0x0861,0x0861,0x1082,0x0861,0x0861,0x0861,0x0841,
  0x18c3,0x18e3,0x0000,0x0020,0x0020,0x0020,0x0841,0x0861,0x0841,0x0861,0x0861,0x10a2,0x0841,0x0000,0x0020,0x0861,
  0x0841,0x0020,0x0020,0x0000,0x0000,0x0020,0x0020,0x0020,0x0020,0x0020,0x0841,0x0861,0x0881,0x0881,0x0881,0x0882,
  0x18c3,0x18a3,0x2105,0x2125,0x18e4,0x3187,0x2125,0x2125,0x2946,0x2125,0x0862,0x0841,0x0000,0x0000,0x0000,0x0020,
  0x0041,0x0862,0x3186,0x7baf,0x4208,0x734d,0xef1b,0x8c0e,0x4a06,0x41c6,0x3985,0x9c71,0xc5d7,0x41c8,0x2905,0x1883,
  0x3987,0x734d,0x5a6a,0x628b,0xb513,0xb4f2,0xeed8,0xf719,0xff7a,0xff7a,0xff7a,0xff9b,0xff7a,0xf73a,0xf75a,0xff9b,
  0xf75a,0xf73a,0xff7b,0xff7b,0xeed9,0xd617,0xe699,0x9430,0x5a08,0xa491,0xf75c,0xe6db,0x9451,0x62cb,0x9c92,0x8bf0,
  0x41c7,0x7b6d,0x9430,0xa4b2,0x9c92,0x6b2c,0x526a,0x4a08,0x6b0c,0x7b6e,0xa491,0xb534,0xc595,0xde58,0xe699,0xf75b,
  0xff9c,0xe6b8,0xce15,0xef19,0xff7b,0xf75a,0xff9c,0xeefa,0xd616,0xbd54,0xde78,0xffbd,0xff7c,0xf73b,0xef3b,0xde99,
  0xcdf7,0xcdf6,0xbd75,0x8c30,0x8c10,0xb576,0xcdf8,0xc5d8,0xbdb6,0xad13,0x9470,0x9c70,0xbdb5,0xeefa,0xf75b,0xe6d9,
  0xa4b1,0xb533,0xd658,0xf73b,0xf73b,0xff5c,0xff9c,0xde98,0xb512,0x9c70,0xd636,0xffbc,0xf77b,0xef5a,0xf75b,0xf75b,
  0xf77b,0xff9b,0xf75a,0xf77a,0xff9b,0xf79b,0xef39,0xf77b,0xf77a,0xf79b,0xf79b,0xf77a,0xff9b,0xffbb,0xffbb,0xffbb,
  0xf79b,0xf79b,0xf77a,0xef39,0xff9b,0xff9b,0xff7b,0xf75a,0xf73a,0xff9b,0xf75a,0xf75a,0xf75a,0xff7b,0xf77a,0xf75a,
  0xff9b,0xf71a,0xf75a,0xf75a,0xef1a,0xcdf6,0xbd95,0xb554,0xa4d2,0xc5d6,0xe6dc,0x7bd0,0x18e4,0x2104,0x2104,0x0861,
  0x1081,0x10a2,0x10a2,0x1082,0x1082,0x0841,0x1082,0x10a2,0x10a2,0x18c3,0x18c3,0x10a2,0x10a2,0x1082,0x10a2,0x10a2,
  0x1082,0x10a2,0x10a2,0x10a2,0x10a2,0x1082,0x10a2,0x18c3,0x10a2,0x1082,0x0861,0x0861,0x1082,0x0861,0x0861,0x0861,
  0x1082,0x1082,0x1082,0x1082,0x1082,0x1082,0x1082,0x10a2,0x10a2,0x0861,0x0841,0x0861,0x0861,0x1082,0x0841,0x0841,
  0x10a2,0x18c3,0x1082,0x1082,0x10a2,0x1082,0x10a2,0x10a2,0x0861,0x0861,0x1082,0x1082,0x10a2,0x10a2,0x10a2,0x10a2,
  0x1082,0x2104,0x2945,0x10a2,0x10a2,0x1082,0x1082,0x10a2,0x10a2,0x1082,0x1082,0x1082,0x0841,0x0861,0x10a2,0x18c3,
  0x10a2,0x1082,0x0861,0x0861,0x0861,0x0841,0x0841,0x0861,0x1082,0x1082,0x1082,0x1082,0x1082,0x0861,0x1082,0x1082,
  0x1082,0x0861,0x1082,0x0861,0x0841,0x0861,0x0861,0x0861,0x0861,0x0861,0x0861,0x0841,0x0841,0x0861,0x0841,0x0841,
  0x0000,0x0000,0x0841,0x0020,0x0020,0x0020,0x0841,0x0861,0x0841,0x0861,0x0841,0x0020,0x0841,0x0020,0x0000,0x0861,
  0x0861,0x0020,0x0020,0x0000,0x0000,0x0020,0x0020,0x0020,0x0020,0x0020,0x0841,0x1081,0x1081,0x0881,0x0881,0x0882,
  0x7bd0,0x738f,0x6b4e,0x6b4e,0x7bf0,0x738f,0x738f,0x8411,0x8432,0x7bf1,0x52ac,0x5acc,0x39c8,0x18c4,0x2105,0x10a3,
  0x10a3,0x1082,0x39c7,0x39a7,0x5a8a,0xe6ba,0x8bef,0x41a5,0x5a69,0x3145,0x62cb,0xe6db,0x62cc,0x41e9,0x39a8,0x4209,
  0x1082,0x6b2d,0x5aab,0x3987,0x9c51,0xa4b1,0xff5a,0xff7a,0xff7a,0xff7a,0xff7a,0xff7a,0xff7a,0xff7a,0xf75a,0xff7a,
  0xff7b,0xf75a,0xff7b,0xf73b,0xd617,0xeeba,0xeeda,0x7b2c,0x5229,0xcdf8,0xeefc,0xce18,0x8c0f,0x6b0c,0x9c71,0x7b4c,
  0xbd54,0xf71b,0xff9c,0xff5c,0xde58,0xbd74,0xacf3,0x8bef,0xbd34,0xacb2,0xa450,0xb4f2,0xd616,0xf71a,0xf73a,0xf71a,
  0xf73a,0xff7b,0xf719,0xff5a,0xff7a,0xf75a,0xf73b,0xff9c,0xcdd6,0x942f,0xbd54,0xbd74,0xa4b2,0xa4d2,0x9c71,0x9410,
  0x838d,0x732c,0x5248,0x6289,0x730b,0x9430,0xc5d7,0xacf3,0xa4d2,0xbd94,0xde98,0xff7b,0xff7b,0xff7b,0xf75a,0xeef9,
  0xbd95,0x83ce,0x8bef,0x9450,0x9c50,0xad13,0xc5d5,0xa4d1,0x9c4f,0xacf2,0xff9c,0xff9b,0xff7b,0xf77b,0xf77b,0xef5a,
  0xef5a,0xf79b,0xffbb,0xf79b,0xf79b,0xff9b,0xf77a,0xf77a,0xff9b,0xf77a,0xe719,0xef19,0xf79b,0xf79b,0xf79b,0xffbb,
  0xff9b,0xf75a,0xffbb,0xff9b,0xffbb,0xf75a,0xf75a,0xf77a,0xf73a,0xff7b,0xf75b,0xf77b,0xff7b,0xf77b,0xff7b,0xf75a,
  0xff7b,0xf73a,0xeef9,0xef1a,0xde78,0xd657,0xd658,0xcdf7,0xc5b6,0xbd95,0xc5f8,0xb556,0x18a3,0x10a3,0x18c3,0x1082,
  0x0861,0x10a2,0x10a2,0x10a2,0x1082,0x0841,0x0861,0x1082,0x10a2,0x18c3,0x10a2,0x1082,0x10a2,0x10a2,0x10a2,0x10a2,
  0x10a2,0x10a2,0x10a2,0x10a2,0x10a2,0x10a2,0x10a2,0x10a2,0x10a2,0x1082,0x1082,0x0861,0x0861,0x0861,0x0861,0x0861,
  0x1082,0x10a2,0x1082,0x1082,0x1082,0x1082,0x1082,0x1082,0x0861,0x0841,0x0861,0x0861,0x0861,0x0861,0x0841,0x0841,
  0x1082,0x10a2,0x1082,0x1082,0x10a2,0x1082,0x1082,0x0861,0x0861,0x0841,0x0861,0x1082,0x1082,0x10a2,0x10a2,0x18c3,
  0x10a2,0x2124,0x2104,0x1082,0x1082,0x10a2,0x1082,0x1082,0x10a2,0x1082,0x1082,0x1082,0x1082,0x0861,0x0841,0x0861,
  0x1082,0x10a2,0x10a2,0x1082,0x0861,0x0841,0x0841,0x0861,0x0841,0x0841,0x0861,0x1082,0x1082,0x1082,0x0861,0x0861,
  0x0861,0x0861,0x0861,0x0861,0x0861,0x0861,0x0861,0x0841,0x0861,0x0841,0x0841,0x0861,0x0861,0x0841,0x0861,0x0861,
  0x0861,0x0000,0x0020,0x0020,0x0020,0x0020,0x0020,0x0861,0x0841,0x0841,0x0841,0x0841,0x0841,0x0020,0x0020,0x0020,
  0x0841,0x0841,0x0000,0x0020,0x0000,0x0000,0x0020,0x0841,0x0841,0x0020,0x0841,0x0881,0x0881,0x0881,0x0881,0x0882,
  0x9cd5,0x9493,0x9cf5,0xa515,0xa516,0x9cb4,0xad56,0xa515,0x94b4,0x94d5,0x94b4,0x6b4e,0x6b4e,0x8c53,0x8c52,0x4a6b,
  0x528b,0x736e,0x62eb,0x3145,0xce18,0xa4b2,0x4186,0x732c,0x41e7,0x3145,0xde9b,0x9493,0x18a3,0x2125,0x2945,0x4208,
  0x18c4,0x6b2d,0x39a7,0x3987,0x8bf0,0x9c71,0xff5b,0xff5a,0xff7a,0xf719,0xf719,0xff7a,0xff7a,0xff7a,0xff5a,0xf75a,
  0xff5b,0xff5b,0xff7c,0xeed9,0xd5f7,0xe6ba,0xcdd7,0x5a49,0x732d,0xde9b,0xb576,0xad34,0x83ae,0x6b0b,0x838d,0xde37,
  0xff3c,0xa471,0x836c,0x838c,0x836c,0x93ee,0x942f,0x940f,0xb4f3,0xb4f2,0xbd12,0xac70,0x6aa8,0x93ed,0xde57,0xff7b,
  0xff5a,0xf719,0xf739,0xff5a,0xf739,0xff3a,0xf73a,0xff3b,0xeefa,0xbd94,0x942f,0x83ad,0x7b6c,0x8bee,0x838d,0x8bce,
  0xacd2,0xacf2,0x732b,0x7b6c,0x8bee,0x8bcd,0xb512,0xcdf6,0xef1a,0xff9b,0xff9b,0xff5a,0xf73a,0xcdd5,0xde57,0xf75b,
  0xe6da,0x9450,0xa4b2,0xb555,0xa4d2,0xb533,0xc5b5,0xa4f1,0xbd74,0xbd74,0xef19,0xff9b,0xff7b,0xff9b,0xff7b,0xf75a,
  0xf75a,0xf77a,0xef39,0xf79b,0xf77a,0xf77a,0xffdc,0xff9b,0xf79b,0xef5a,0xf77a,0xff9b,0xf79b,0xff9b,0xf79b,0xf77a,
  0xf77a,0xf77a,0xf79b,0xf75a,0xf77a,0xf75a,0xef39,0xf73a,0xf75b,0xff7b,0xf77b,0xff7b,0xf75a,0xf73a,0xff7b,0xf73a,
  0xeef9,0xeefa,0xeed9,0xe6b8,0xde78,0xe6da,0xde79,0xd618,0xd638,0xcdf8,0xb536,0xad35,0x20e4,0x18c3,0x18e3,0x1904,
  0x0861,0x0861,0x18c3,0x10a2,0x1082,0x0861,0x0861,0x1082,0x2945,0x18e3,0x1082,0x10a2,0x10a2,0x10a2,0x18c3,0x10a2,
  0x10a2,0x10a2,0x10a2,0x10a2,0x10a2,0x10a2,0x18e3,0x18c3,0x10a2,0x1082,0x1082,0x0861,0x0841,0x1082,0x0841,0x0861,
  0x1082,0x10a2,0x1082,0x1082,0x1082,0x0861,0x1082,0x0861,0x0861,0x0841,0x0861,0x0861,0x0861,0x0841,0x0861,0x0841,
  0x1082,0x18c3,0x1082,0x1082,0x0861,0x0841,0x0861,0x0861,0x0861,0x0861,0x0861,0x10a2,0x1082,0x10a2,0x18c3,0x18c3,
  0x18c3,0x1082,0x1082,0x10a2,0x1082,0x10a2,0x10a2,0x1082,0x10a2,0x10a2,0x1082,0x10a2,0x10a2,0x1082,0x0861,0x0861,
  0x0841,0x0841,0x10a2,0x2104,0x1082,0x1082,0x0861,0x0841,0x0841,0x0841,0x0841,0x0841,0x0841,0x0861,0x1082,0x1082,
  0x1082,0x0861,0x0861,0x0861,0x0861,0x0861,0x0861,0x0841,0x0841,0x0861,0x0841,0x0861,0x0841,0x1082,0x0861,0x0861,
  0x1082,0x0020,0x0020,0x0020,0x0020,0x0020,0x0020,0x0020,0x0861,0x0841,0x0841,0x0841,0x0841,0x0841,0x0000,0x0020,
  0x0861,0x0841,0x0020,0x0020,0x0020,0x0000,0x0020,0x1082,0x0841,0x0000,0x0841,0x1081,0x0881,0x0881,0x0881,0x0882,
  0x9cd5,0x9cd5,0xa515,0xa516,0x9cd4,0xa536,0xa536,0x9cd5,0x8c73,0x8c53,0xa516,0xa516,0x8c53,0x9494,0xa516,0x8c53,
  0x6b2d,0x6b4d,0x39c6,0xa4d2,0xcdf7,0x39a6,0x732c,0x4a08,0x0821,0x8410,0xad35,0x20e4,0x10a3,0x0841,0x3186,0x31a6,
  0x0021,0x4a49,0x3187,0x4a29,0x9451,0x9450,0xff7b,0xf739,0xf73a,0xf719,0xff5a,0xff7a,0xff7a,0xff5a,0xf75a,0xff7a,
  0xf75a,0xeef9,0xf71a,0xe699,0xde58,0xeefb,0xa4b2,0x3945,0x8411,0xb597,0x9472,0x9cb3,0x5269,0x5a68,0xc574,0xf71a,
  0x8b6d,0x72ca,0x72a9,0x6a88,0x834b,0xbd33,0xcdb5,0xcd95,0xc554,0xc533,0xac90,0x93ac,0x6a67,0x6a67,0x834a,0xc593,
  0xff7b,0xff3a,0xf739,0xf739,0xff3a,0xf71a,0xeef9,0xff3b,0xef1a,0xf75b,0xe6d9,0xd616,0xc5d5,0xd636,0xe698,0xde77,
  0xf73b,0xeefa,0xd637,0xc5b4,0xbd52,0xd615,0xf739,0xff7a,0xff7b,0xf73a,0xf6f9,0xf719,0xf719,0xde57,0xbd54,0xbd54,
  0xd638,0xd658,0xacf3,0x9cb2,0x9c91,0xad33,0xb553,0xb573,0xff7b,0xde78,0xad12,0xf73a,0xff9a,0xff7a,0xff7b,0xffbc,
  0xffbc,0xf77a,0xef19,0xff9b,0xff9b,0xf75a,0xef19,0xf77a,0xf75a,0xef5a,0xff9b,0xf79b,0xf77a,0xff9b,0xf77a,0xf75a,
  0xf77a,0xf79b,0xf77a,0xef39,0xf77a,0xef39,0xf77a,0xff7b,0xff9b,0xff9c,0xf75b,0xf75b,0xf75b,0xf73a,0xf73a,0xef19,
  0xeef9,0xde37,0xde57,0xcdd5,0xbd94,0xb533,0xa4b2,0x9410,0x7b4d,0x9452,0xbd77,0xbd97,0x39a7,0x1082,0x2104,0x1904,
  0x0862,0x0861,0x10a2,0x1082,0x10a2,0x10a2,0x0861,0x0861,0x18c3,0x18c3,0x10a2,0x1082,0x10a2,0x10a2,0x10a2,0x10a2,
  0x10a2,0x10a2,0x10a2,0x10a2,0x10a2,0x10a2,0x10a2,0x10a2,0x10a2,0x1082,0x1082,0x1082,0x0861,0x1082,0x0861,0x0861,
  0x1082,0x1082,0x1082,0x1082,0x1082,0x1082,0x1082,0x1082,0x1082,0x0861,0x0861,0x0841,0x0861,0x0861,0x0841,0x0841,
  0x0861,0x10a2,0x10a2,0x1082,0x0841,0x0861,0x0861,0x0861,0x0861,0x0861,0x0861,0x1082,0x1082,0x10a2,0x18c3,0x10a2,
  0x10a2,0x10a2,0x1082,0x10a2,0x10a2,0x10a2,0x10a2,0x10a2,0x10a2,0x18c3,0x18c3,0x18c3,0x18c3,0x1082,0x1082,0x10a2,
  0x1082,0x0861,0x0020,0x0861,0x10a2,0x10a2,0x10a2,0x1082,0x0841,0x0841,0x0841,0x0841,0x0861,0x0841,0x0861,0x1082,
  0x1082,0x0861,0x0841,0x0861,0x0861,0x10a2,0x18c3,0x0841,0x0841,0x0861,0x0841,0x0841,0x0841,0x0861,0x0861,0x0841,
  0x0841,0x0020,0x0020,0x0020,0x0841,0x0861,0x0841,0x0000,0x0861,0x0861,0x0020,0x0861,0x0841,0x0861,0x0841,0x0020,
  0x0841,0x0861,0x0020,0x0020,0x0020,0x0000,0x0020,0x1082,0x0841,0x0020,0x0841,0x0881,0x1081,0x0881,0x0881,0x0882,
  0x8c94,0x94d5,0x9d15,0xa536,0xa536,0xa557,0xad77,0xad97,0xa536,0xad97,0xad77,0xad98,0xad78,0xad57,0xb598,0xad57,
  0xad35,0x736d,0x7b8d,0xeefb,0x6aeb,0x41e7,0x6aec,0x1883,0x2125,0x9cb3,0x2105,0x10a3,0x1082,0x0000,0x738e,0x528b,
  0x0862,0x4a49,0x39c8,0x7bb0,0x9451,0x940f,0xff7b,0xf75a,0xff5a,0xff7a,0xff7a,0xff5a,0xff5a,0xff5a,0xf75a,0xf75a,
  0xf75a,0xf75a,0xf71a,0xde38,0xde79,0xeefc,0x6b2d,0x2925,0x9493,0xad56,0xad35,0x7baf,0x3165,0x732b,0xf71a,0xb4d1,
  0x51c6,0xb4d2,0xa490,0xcdd4,0xbd32,0x732a,0xacf1,0xcdb5,0xcd95,0x9c0e,0x93ad,0xe657,0x938c,0x6226,0x9bed,0x9c0e,
  0xee98,0xf71a,0xf6f9,0xff3a,0xff3a,0xeeb8,0xe698,0xeed9,0xeef9,0xf73a,0xff9b,0xff7b,0xff7a,0xff7b,0xf75a,0xf75b,
  0xf71a,0xb4f1,0xc594,0xcdd4,0xe697,0xff9b,0xf739,0xe697,0xf6f9,0xf719,0xf6f8,0xff39,0xf719,0xf75b,0xe6ba,0xce17,
  0xce16,0xeefa,0xef1a,0xd657,0xce16,0xd677,0xeef9,0xf77b,0xff7b,0xff7b,0xcdf5,0xcdf5,0xff5a,0xf73a,0xf75b,0xff7b,
  0xf77b,0xf77b,0xff9b,0xffbb,0xff7b,0xf77a,0xef39,0xf75a,0xff9b,0xf79b,0xffbb,0xf79b,0xf77b,0xf79b,0xf77b,0xf77a,
  0xffbc,0xffbb,0xff9b,0xf75a,0xef5a,0xef3a,0xf75a,0xf77b,0xf77a,0xff9b,0xff9b,0xff7b,0xeef9,0xde77,0xcdf5,0xc5b4,
  0xbd53,0xc574,0xc574,0xcdf6,0xd637,0xb533,0x8bed,0x732b,0x62ca,0x62ca,0xb534,0xd639,0x6b0d,0x20e4,0x2104,0x10a2,
  0x1082,0x0841,0x1082,0x10a2,0x10a2,0x18c3,0x1082,0x1082,0x0861,0x10a2,0x10a2,0x10a2,0x18c3,0x10a2,0x10a2,0x10a2,
  0x1082,0x10a2,0x10a2,0x10a2,0x18c3,0x1082,0x1082,0x10a2,0x10a2,0x1082,0x1082,0x1082,0x0861,0x0861,0x0861,0x0841,
  0x0861,0x1082,0x1082,0x0861,0x1082,0x1082,0x1082,0x1082,0x0861,0x1082,0x1082,0x0861,0x0861,0x0861,0x0841,0x0861,
  0x0841,0x1082,0x18c3,0x10a2,0x0841,0x0841,0x0861,0x0861,0x0861,0x0861,0x0861,0x0861,0x1082,0x10a2,0x18c3,0x18e3,
  0x2104,0x1082,0x10a2,0x10a2,0x10a2,0x1082,0x10a2,0x10a2,0x18c3,0x18e3,0x18e3,0x10a2,0x1082,0x10a2,0x10a2,0x10a2,
  0x1082,0x10a2,0x1082,0x0861,0x0841,0x0861,0x1082,0x10a2,0x1082,0x0861,0x0841,0x0841,0x0841,0x0020,0x0841,0x0841,
  0x0861,0x0861,0x0861,0x0841,0x0841,0x1082,0x10a2,0x0861,0x0841,0x0861,0x0861,0x0841,0x0861,0x0841,0x0841,0x0841,
  0x0861,0x0841,0x0020,0x0020,0x0020,0x0020,0x0841,0x0020,0x0841,0x0841,0x0841,0x0841,0x0841,0x0861,0x0861,0x0000,
  0x0020,0x0000,0x0020,0x0861,0x0841,0x0020,0x0000,0x0841,0x0841,0x0000,0x0820,0x1081,0x1081,0x0881,0x0881,0x0881,
  0xa557,0x9d36,0xadb8,0xad77,0xa556,0xa577,0xb5b8,0xadb8,0xad97,0xbdf9,0xbdf9,0xadb8,0xb5b9,0xc61a,0xc5f9,0xb556,
  0xc5d7,0x83cf,0xd638,0x9451,0x6b2c,0x5aaa,0x39a7,0x1062,0x4229,0x528a,0x1082,0x10a2,0x10a2,0x0862,0x4a49,0x630d,
  0x3186,0x2125,0x6b4e,0xa515,0x83af,0x8bef,0xf73a,0xf73a,0xff5a,0xff7a,0xff7a,0xff5a,0xff5a,0xff9b,0xf75a,0xf75a,
  0xf75a,0xff5b,0xf71a,0xd638,0xe6ba,0xde7a,0x524a,0x8411,0xad57,0xad57,0xad36,0x62cb,0x41a6,0xa471,0xff3b,0x836c,
  0x9c0f,0xac90,0xb4d1,0xff9b,0xff9b,0xc5b4,0x838c,0xb4f1,0xacb0,0xa470,0xeeb9,0xcd74,0x6a47,0x5a06,0xcd94,0xa46f,
  0xc573,0xe677,0xac90,0xf6d8,0xff39,0xeef9,0xe698,0xeeb8,0xeed9,0xe6d9,0xf73a,0xf73a,0xf739,0xf75a,0xf73a,0xf73a,
  0xf71a,0xc5b4,0xacf1,0x9c6f,0xbd53,0xf719,0xf719,0xf719,0xf719,0xff3a,0xf6f8,0xf6f8,0xff3a,0xf73a,0xef1b,0xe6fb,
  0xf75b,0xf75a,0xf75b,0xff7b,0xff9b,0xff9b,0xff9b,0xff7b,0xff7b,0xf73a,0xff5a,0xbd72,0xe6b8,0xff7b,0xf75b,0xf77b,
  0xf75a,0xf75a,0xff7b,0xf75a,0xef19,0xf75a,0xff9b,0xff7b,0xf77b,0xf75a,0xff9b,0xf79b,0xf77b,0xf77b,0xffbc,0xffbb,
  0xff9b,0xf79b,0xffbb,0xff9b,0xf77a,0xf79b,0xffbb,0xf79b,0xf739,0xff7a,0xd656,0xad11,0xad11,0xce15,0xce15,0xd656,
  0xde77,0xeed9,0xeefa,0xf75b,0xff7c,0xff7b,0xf75a,0xe6b8,0xc5d5,0xacf2,0x942f,0xc5b6,0x7b8e,0x4a49,0x3186,0x0861,
  0x10a2,0x0841,0x1082,0x10a2,0x10a2,0x10a2,0x1082,0x1082,0x1082,0x1082,0x10a2,0x10a2,0x18c3,0x10a2,0x10a2,0x10a2,
  0x10a2,0x10a2,0x10a2,0x10a2,0x18c3,0x10a2,0x10a2,0x10a2,0x1082,0x10a2,0x10a2,0x1082,0x1082,0x0861,0x1082,0x0861,
  0x0861,0x0861,0x1082,0x1082,0x1082,0x0861,0x1082,0x0861,0x0861,0x0861,0x0861,0x0841,0x0861,0x0861,0x0841,0x1082,
  0x0861,0x0861,0x18c3,0x10a2,0x0861,0x0841,0x0861,0x0841,0x0861,0x0861,0x0841,0x0841,0x1082,0x1082,0x10a2,0x10a2,
  0x18c3,0x1082,0x1082,0x10a2,0x1082,0x1082,0x10a2,0x10a2,0x18c3,0x10a2,0x1082,0x1082,0x0861,0x1082,0x1082,0x10a2,
  0x1082,0x10a2,0x10a2,0x1082,0x1082,0x0861,0x0841,0x0861,0x1082,0x10a2,0x10a2,0x0861,0x0841,0x0841,0x0841,0x0841,
  0x0841,0x0841,0x0861,0x0861,0x0841,0x0861,0x0861,0x0861,0x0861,0x0861,0x0841,0x0861,0x0861,0x0841,0x0861,0x0841,
  0x0861,0x0861,0x0020,0x0020,0x0000,0x0020,0x0020,0x0020,0x0020,0x0841,0x0841,0x0841,0x0841,0x0841,0x0841,0x0020,
  0x0000,0x0000,0x0000,0x0841,0x0841,0x0020,0x0020,0x0861,0x0841,0x0000,0x0000,0x0861,0x0881,0x0881,0x0881,0x0881,
  0xad77,0xa556,0xb5d8,0xb5d8,0xad97,0xadb7,0xa556,0xad97,0xadb8,0xa576,0xad97,0xb5f9,0xadb8,0xb5b8,0xb5b8,0xc5f9,
  0xa513,0x9471,0xce38,0x5aab,0x9cb3,0x6b2d,0x18a3,0x1082,0x3187,0x10a3,0x10a3,0x1082,0x10a2,0x10a2,0x20e4,0x2125,
  0x4228,0x4228,0x4a6a,0x83f1,0x83d0,0x83ae,0xf73a,0xff7a,0xff5a,0xff5a,0xff5a,0xf73a,0xff5a,0xff5a,0xff5a,0xff5a,
  0xff7a,0xff7b,0xeef9,0xde38,0xf71c,0xc5b7,0x39a8,0x8c53,0x8c73,0xa536,0x8c32,0x3145,0x49e7,0xbd33,0xde37,0x6a68,
  0xac70,0x93ee,0xc573,0xff9b,0xf719,0xff5a,0xcdb4,0xacd1,0xd616,0xff5b,0xc574,0x7ae9,0x6247,0x9bed,0xf6b8,0x93cd,
  0xc553,0xf6f9,0xacb0,0xc593,0xff5a,0xf6f9,0xeef9,0xe698,0xeef9,0xde98,0xef19,0xf75a,0xff7a,0xff7a,0xff7b,0xf75b,
  0xef1a,0xde77,0xbd53,0xc594,0xeeb8,0xf719,0xf719,0xf6f8,0xeed8,0xff5a,0xf6f8,0xff39,0xff19,0xf73a,0xef1a,0xde58,
  0xef19,0xff7b,0xf77b,0xf77a,0xf75a,0xff7a,0xff7a,0xf77a,0xff5a,0xef19,0xff7b,0xd656,0xbd73,0xff9b,0xf73a,0xff9b,
  0xff9b,0xff7b,0xf77b,0xf75a,0xff9b,0xef3a,0xff7b,0xf75a,0xf75a,0xef39,0xf75a,0xf77b,0xf79b,0xf77a,0xf77a,0xef5a,
  0xf77b,0xffbb,0xf77a,0xf79b,0xf77a,0xf75a,0xf77b,0xf75a,0xff7b,0xff7b,0xbd73,0x946e,0xd656,0xf75a,0xff7b,0xff9c,
  0xff7b,0xff7b,0xff7b,0xff9c,0xff9b,0xf73a,0xeef9,0xff7a,0xff9b,0xff9b,0xe6d8,0xde78,0x83ae,0x5249,0x630c,0x18e4,
  0x1082,0x1082,0x0861,0x10a2,0x1082,0x10a2,0x1082,0x1082,0x0861,0x1082,0x10a2,0x1082,0x10a2,0x10a2,0x10a2,0x10a2,
  0x10a2,0x10a2,0x10a2,0x10a2,0x10a2,0x10a2,0x10a2,0x10a2,0x1082,0x1082,0x10a2,0x1082,0x1082,0x1082,0x1082,0x0861,
  0x0861,0x0861,0x1082,0x10a2,0x0861,0x1082,0x1082,0x1082,0x0861,0x0861,0x0841,0x0841,0x0861,0x0841,0x0861,0x1082,
  0x0861,0x0861,0x1082,0x1082,0x1082,0x0861,0x0861,0x0861,0x0841,0x0861,0x0861,0x0841,0x0861,0x1082,0x1082,0x10a2,
  0x18c3,0x18c3,0x10a2,0x1082,0x1082,0x1082,0x1082,0x1082,0x1082,0x1082,0x1082,0x0861,0x1082,0x1082,0x1082,0x1082,
  0x1082,0x1082,0x1082,0x1082,0x10a2,0x1082,0x0861,0x0861,0x0841,0x0861,0x1082,0x10a2,0x1082,0x0861,0x0020,0x0020,
  0x0841,0x0841,0x0841,0x0841,0x0841,0x0861,0x0861,0x0861,0x0861,0x0861,0x0841,0x0841,0x0861,0x0841,0x0841,0x0841,
  0x0861,0x0841,0x0861,0x0841,0x0020,0x0841,0x0020,0x0020,0x0020,0x0020,0x0841,0x0841,0x0841,0x0861,0x0861,0x0020,
  0x0020,0x0020,0x0000,0x0020,0x0841,0x0841,0x0020,0x0020,0x0861,0x0020,0x0020,0x1082,0x1081,0x0881,0x0881,0x0881,
  0xa536,0xa577,0xad77,0xa556,0xadb7,0xb5b8,0xa556,0xa576,0xadb8,0xb5d8,0x9d36,0xad97,0xb5d8,0xbe19,0xbdd8,0xc618,
  0x8c50,0xc5f7,0x9472,0x736f,0xa515,0x8411,0x18c3,0x0861,0x10a3,0x1082,0x1082,0x1081,0x10a2,0x10a2,0x0021,0x0000,
  0x39e7,0x2986,0x10c3,0x8c72,0xad15,0x734c,0xeed9,0xff7a,0xff5a,0xff5a,0xff5a,0xf739,0xf739,0xf739,0xf73a,0xf75a,
  0xf77a,0xff9b,0xe698,0xde58,0xf73c,0x9411,0x3988,0x9473,0x8c73,0xa515,0x526a,0x5aaa,0x6289,0xd5f6,0xb4f2,0x6a68,
  0xbd12,0x8b8c,0xbd32,0xff7b,0xf719,0xf739,0xff5a,0xff5a,0xff7b,0xd616,0x8bcd,0xb4b0,0xa42e,0xee78,0xe657,0x72e9,
  0xe636,0xe657,0xbcf1,0xacd0,0xff3a,0xff5b,0xff5b,0xde37,0xe698,0xf75a,0xff7a,0xf739,0xff7a,0xff7a,0xff7b,0xf73a,
  0xef1a,0xf75b,0xf73a,0xff7b,0xff5a,0xff3a,0xf719,0xeeb7,0xeed8,0xff39,0xff19,0xff5a,0xf719,0xeef9,0xf73b,0xe6b9,
  0xef19,0xff9b,0xf77a,0xff7a,0xff9b,0xff9a,0xf75a,0xf77a,0xf759,0xf739,0xff7b,0xeef9,0x9c6f,0xdeb8,0xffbc,0xff9b,
  0xff9b,0xff9b,0xf75a,0xf75a,0xff9b,0xff7b,0xff9b,0xff9b,0xf77b,0xf75a,0xef3a,0xffbc,0xffbc,0xffbb,0xf75a,0xef3a,
  0xffbb,0xff9b,0xf77a,0xff9b,0xf75a,0xf75a,0xf75a,0xf75a,0xff7b,0xff9b,0xef19,0xf73a,0xff9b,0xf73a,0xf73a,0xff7b,
  0xff9b,0xff9b,0xff9b,0xff9b,0xff7b,0xf75a,0xef19,0xff7a,0xf759,0xf739,0xff7a,0xf759,0xef1a,0xa4d2,0x6b4d,0x6b6e,
  0x3186,0x1082,0x0861,0x10a2,0x10a2,0x10a2,0x10a2,0x1082,0x1082,0x0861,0x1082,0x10a2,0x10a2,0x0861,0x1082,0x1082,
  0x1082,0x18c3,0x10a2,0x10a2,0x10a2,0x10a2,0x18c3,0x10a2,0x10a2,0x1082,0x10a2,0x10a2,0x1082,0x0861,0x1082,0x0861,
  0x0861,0x1082,0x1082,0x1082,0x0861,0x0861,0x0861,0x1082,0x0861,0x0861,0x0861,0x0841,0x0861,0x0841,0x0861,0x0861,
  0x1082,0x0861,0x0861,0x10a2,0x1082,0x0841,0x0841,0x0861,0x0861,0x0861,0x0861,0x0841,0x0861,0x1082,0x1082,0x10a2,
  0x10a2,0x18c3,0x10a2,0x1082,0x1082,0x1082,0x0861,0x1082,0x1082,0x1082,0x0861,0x0841,0x0861,0x1082,0x0861,0x0861,
  0x0861,0x0861,0x1082,0x1082,0x10a2,0x1082,0x1082,0x1082,0x1082,0x0841,0x0020,0x0861,0x10a2,0x10a2,0x1082,0x0841,
  0x0020,0x0020,0x0020,0x0020,0x0020,0x0841,0x0841,0x0861,0x0861,0x0841,0x0841,0x0841,0x0841,0x0841,0x0841,0x0861,
  0x0841,0x0841,0x1082,0x0841,0x0020,0x0841,0x0841,0x0020,0x0020,0x0020,0x0841,0x0841,0x0841,0x0841,0x0020,0x0020,
  0x0020,0x0000,0x0000,0x0000,0x0861,0x0861,0x0841,0x0000,0x0841,0x0841,0x0841,0x1081,0x0881,0x0881,0x0881,0x0881,
  0xa536,0xad98,0x6b8f,0x4a6b,0xa557,0xad98,0xb5f9,0xb5f8,0xad97,0xad97,0xad97,0xb5d8,0xb5f8,0xb5d8,0xbdf7,0xad34,
  0x7bce,0xd699,0x5acb,0x8432,0xa516,0x8c52,0x0862,0x0861,0x10a2,0x1082,0x10a2,0x0861,0x18e3,0x18c3,0x0020,0x0000,
  0x39e7,0x2965,0x10a3,0x6b4e,0xa4d4,0x6aec,0xde57,0xff59,0xff5a,0xff5a,0xff5a,0xff5a,0xf739,0xff5a,0xf75a,0xf73a,
  0xf739,0xff7b,0xde57,0xde78,0xf73d,0x838f,0x5aac,0x83d1,0x9cb4,0xad35,0x4a4a,0xb575,0x62aa,0xcdb5,0xb4f2,0x832a,
  0xcd94,0xac90,0xb511,0xff5a,0xff5a,0xff7a,0xff5a,0xff5b,0xeed9,0x940e,0xc574,0xe637,0xff1a,0xf6b9,0xa44f,0x93cd,
  0xff1b,0xd5d5,0xbd32,0x8b6b,0xde16,0xff1a,0xb4d1,0x940e,0xd616,0xf75a,0xff7a,0xff7a,0xf759,0xff7a,0xff9b,0xef19,
  0xde98,0xdeb8,0xe6d9,0xef1a,0xeef9,0xf719,0xff3a,0xf6f8,0xf739,0xf739,0xf739,0xf6f9,0xf719,0xe6b8,0xf71a,0xeefa,
  0xe6d8,0xf73a,0xef39,0xf739,0xff9b,0xff9a,0xff7a,0xff9a,0xff7a,0xff7a,0xff7b,0xe6d9,0xa4b0,0xbd93,0xf79b,0xff9b,
  0xff9b,0xff7b,0xf75a,0xff9b,0xff9b,0xff9b,0xff7b,0xff7b,0xff9b,0xffbc,0xff9b,0xffbb,0xf77b,0xf77b,0xf77b,0xf77b,
  0xff9b,0xf75a,0xffbc,0xff9b,0xf77b,0xff9b,0xf79b,0xf77b,0xf75a,0xff9b,0xff9b,0xff9b,0xef19,0xf75a,0xef39,0xff7b,
  0xff9b,0xff9b,0xff9b,0xff9b,0xf75a,0xeef8,0xff7b,0xff9b,0xf75a,0xf739,0xff79,0xf759,0xf75b,0xef1b,0x83d0,0x632d,
  0x4208,0x18e3,0x1082,0x1082,0x10a2,0x18c3,0x18c3,0x10a2,0x0861,0x0861,0x1082,0x10a2,0x10a2,0x1082,0x0861,0x1082,
  0x10a2,0x10a2,0x10a2,0x10a2,0x10a2,0x10a2,0x10a2,0x10a2,0x10a2,0x1082,0x1082,0x10a2,0x1082,0x10a2,0x1082,0x1082,
  0x0861,0x0861,0x1082,0x0861,0x0861,0x0861,0x0861,0x0861,0x0861,0x0841,0x0841,0x0841,0x0841,0x0861,0x0841,0x0861,
  0x0861,0x0861,0x0861,0x1082,0x10a2,0x0861,0x0841,0x0861,0x0861,0x0861,0x0861,0x0861,0x0861,0x1082,0x1082,0x1082,
  0x10a2,0x18c3,0x1082,0x18c3,0x2945,0x1082,0x1082,0x1082,0x0861,0x0861,0x0841,0x0861,0x0841,0x0841,0x0861,0x0861,
  0x0861,0x0841,0x1082,0x10a2,0x1082,0x10a2,0x1082,0x1082,0x1082,0x1082,0x0861,0x0841,0x0841,0x0861,0x1082,0x10a2,
  0x0861,0x0841,0x0841,0x0020,0x0020,0x0841,0x0841,0x0841,0x0841,0x0841,0x0841,0x0861,0x0841,0x0841,0x0841,0x0861,
  0x0861,0x0841,0x0841,0x0020,0x0841,0x0020,0x0841,0x0841,0x0020,0x0020,0x0841,0x0861,0x0841,0x0841,0x0841,0x0020,
  0x0841,0x0841,0x0000,0x0020,0x0861,0x0841,0x1082,0x0861,0x0861,0x0021,0x0861,0x1081,0x0881,0x0881,0x1081,0x0861,
  0xa536,0xad77,0xa536,0x8432,0x9cf5,0xa515,0xb5d8,0xb5d8,0xb5b7,0xbdf8,0xadb7,0xadb7,0xb5d7,0xb596,0xbdd7,0x9471,
  0xad12,0xb554,0x4a4a,0x94b4,0x8412,0x8c52,0x1082,0x0861,0x10a2,0x10a2,0x1082,0x0861,0x18c3,0x2104,0x0020,0x0000,
  0x4208,0x3a08,0x0861,0x4a49,0x8c11,0x836e,0xd5f6,0xff5a,0xff5a,0xff5a,0xeef8,0xff5a,0xff7a,0xeef9,0xff5a,0xf73a,
  0xf75a,0xeed9,0xd616,0xe6ba,0xde59,0x6aec,0x8c31,0x4a2a,0x3166,0x6b2d,0x734d,0xb534,0x6289,0xacb1,0xde37,0x72a9,
  0xbcf2,0xac90,0xacb0,0xff7a,0xf719,0xf759,0xff7b,0xffbc,0xbd53,0x942e,0xd616,0xde37,0xe658,0xb4b1,0x59e6,0xb4d2,
  0xde17,0xd5b5,0x9bee,0x5a06,0xc573,0xbd12,0x6aa9,0xcdb5,0xf73a,0xeef8,0xff7a,0xff9a,0xeef8,0xf739,0xff9b,0xf75a,
  0xf77b,0xe6f9,0xe6b8,0xde98,0xd636,0xde97,0xeef9,0xeef9,0xeef9,0xef19,0xf73a,0xf71a,0xf6f9,0xeed9,0xeefa,0xf73b,
  0xe6b8,0xe6b8,0xf73a,0xf73a,0xe6f8,0xf75a,0xff9b,0xf739,0xef19,0xff7a,0xff7c,0xde78,0x944f,0xad12,0xce36,0xef3a,
  0xff9b,0xff9b,0xff7b,0xff9b,0xff9b,0xf77b,0xf73a,0xef19,0xf73a,0xf77b,0xff9b,0xf75a,0xf77b,0xff7b,0xf77b,0xf75a,
  0xf75a,0xf75a,0xff9b,0xff9b,0xf75a,0xff9b,0xff9b,0xff7b,0xf77b,0xff7b,0xf73a,0xf77b,0xff7b,0xf75a,0xff7b,0xff9b,
  0xff9b,0xff7b,0xff9b,0xf77a,0xf77a,0xef19,0xff9b,0xef3a,0xf77b,0xffbc,0xf77a,0xf75a,0xf73b,0xff9d,0xc618,0x39e8,
  0x31a7,0x2104,0x10a2,0x0841,0x10a2,0x10a2,0x10a2,0x10a2,0x0861,0x1082,0x1082,0x1082,0x10a2,0x10a2,0x0861,0x1082,
  0x10a2,0x10a2,0x10a2,0x10a2,0x1082,0x1082,0x10a2,0x10a2,0x10a2,0x1082,0x10a2,0x10a2,0x1082,0x1082,0x1082,0x1082,
  0x1082,0x0841,0x0861,0x0861,0x0861,0x0841,0x0861,0x0861,0x0861,0x1082,0x0841,0x0861,0x0841,0x0841,0x0841,0x0861,
  0x0861,0x0861,0x0841,0x0861,0x1082,0x10a2,0x0861,0x0861,0x0841,0x0861,0x0861,0x0861,0x0841,0x0861,0x1082,0x1082,
  0x10a2,0x18c3,0x1082,0x18c3,0x39c7,0x18c3,0x0861,0x0861,0x0841,0x0841,0x0841,0x0861,0x0841,0x0020,0x0841,0x0841,
  0x0841,0x0861,0x0861,0x1082,0x1082,0x10a2,0x1082,0x1082,0x1082,0x1082,0x10a2,0x1082,0x0861,0x0841,0x0020,0x0861,
  0x1082,0x1082,0x0861,0x0841,0x0000,0x0000,0x0020,0x0841,0x0020,0x0841,0x0861,0x0841,0x0841,0x0841,0x0841,0x0841,
  0x0841,0x0841,0x0841,0x0841,0x0020,0x0020,0x0020,0x0841,0x0020,0x0020,0x1082,0x0841,0x0841,0x0020,0x0841,0x0841,
  0x0841,0x0841,0x0020,0x0000,0x0000,0x0020,0x0020,0x0861,0x0841,0x0881,0x0861,0x0861,0x0881,0x0881,0x0861,0x0020,
  0xad56,0x8431,0x632d,0x4229,0x3a08,0x2125,0x3186,0x39c7,0x31c7,0x3186,0x2966,0x2966,0x39e8,0x4208,0x4a08,0x5a89,
  0xde78,0x7b8d,0x630c,0x9cd4,0x6b90,0x8452,0x18e4,0x0861,0x10a2,0x10a2,0x18c3,0x18c3,0x18e3,0x2124,0x0020,0x0000,
  0x3166,0x4228,0x0882,0x630d,0x6b2e,0x62cc,0xc5b5,0xff7a,0xff59,0xff5a,0xf719,0xf73a,0xff5a,0xf75a,0xf75a,0xf73a,
  0xff7b,0xe6b8,0xde37,0xeefb,0xd638,0x49e8,0x734e,0xb576,0x8c10,0x41c7,0x5a6a,0xb554,0x7b4c,0xacd2,0xf71a,0x8bad,
  0xbd12,0xb4d1,0xa46f,0xff5a,0xf739,0xff5a,0xff5a,0xff3a,0xacd1,0xacf2,0xcdb5,0xcd75,0xbd34,0x5a07,0x8bae,0xc575,
  0xcd76,0xbcf3,0x6227,0x5a06,0xde36,0xbd12,0x72e9,0xeeb8,0xff5b,0xef19,0xff7a,0xf75a,0xf739,0xf759,0xff7a,0xff5a,
  0xff7b,0xf75b,0xf75b,0xeef9,0xe6d8,0xe6b8,0xde77,0xd657,0xd677,0xdeb8,0xeef9,0xeefa,0xf71a,0xef1a,0xe6da,0xd657,
  0xcdf5,0xde98,0xf77b,0xef3a,0xf75a,0xff7b,0xff7b,0xff9b,0xf75a,0xff7b,0xeefa,0xacf3,0x83ae,0xa4b2,0xb553,0xf75a,
  0xf75a,0xff7b,0xff9b,0xff7b,0xff7b,0xf77b,0xf75a,0xef19,0xf73a,0xff7b,0xff9b,0xff7b,0xff9b,0xff7b,0xff9b,0xf75a,
  0xf77b,0xff7b,0xff7b,0xff9b,0xf75a,0xff9b,0xff9b,0xf75a,0xf75b,0xff7b,0xf73a,0xff7b,0xff7b,0xf739,0xf75a,0xf77a,
  0xff7b,0xff7a,0xff7a,0xf77a,0xf79b,0xf77b,0xef3b,0xdeb9,0xc617,0xb595,0x9c90,0x9c90,0xd637,0xf75d,0xef5e,0x52ab,
  0x2965,0x18e3,0x18c3,0x1082,0x0861,0x10a2,0x10a2,0x18c3,0x1082,0x1082,0x0861,0x1082,0x10a2,0x10a2,0x0861,0x1082,
  0x10a2,0x10a2,0x10a2,0x10a2,0x1082,0x1082,0x1082,0x1082,0x10a2,0x1082,0x10a2,0x1082,0x1082,0x1082,0x1082,0x1082,
  0x10a2,0x0861,0x0861,0x1082,0x1082,0x0861,0x0861,0x0861,0x0861,0x0861,0x0841,0x0861,0x0841,0x0841,0x0841,0x0861,
  0x0861,0x1082,0x0841,0x0841,0x1082,0x18c3,0x0861,0x0841,0x0861,0x0841,0x0841,0x0861,0x0861,0x0861,0x1082,0x10a2,
  0x10a2,0x10a2,0x10a2,0x10a2,0x2124,0x18e3,0x1082,0x0841,0x0861,0x0841,0x0841,0x1082,0x0861,0x0020,0x0020,0x0020,
  0x0020,0x0861,0x0861,0x0861,0x0861,0x1082,0x1082,0x0861,0x1082,0x10a2,0x1082,0x1082,0x1082,0x1082,0x0861,0x0841,
  0x0020,0x0861,0x1082,0x1082,0x0861,0x0020,0x0000,0x0020,0x0020,0x0841,0x0841,0x0020,0x0020,0x0841,0x0841,0x0841,
  0x0841,0x0020,0x0861,0x0841,0x0020,0x0020,0x0841,0x0020,0x0861,0x1082,0x0861,0x0020,0x0841,0x0020,0x0020,0x0841,
  0x0020,0x0841,0x0841,0x0020,0x0000,0x0020,0x0020,0x0000,0x0041,0x0881,0x1082,0x0881,0x0881,0x1081,0x0841,0x0000,
  0x528a,0x1082,0x0000,0x0000,0x0000,0x0000,0x0000,0x0000,0x0000,0x0000,0x0000,0x10a2,0x2104,0x20c3,0x1861,0x62aa,
  0xe6b9,0x5228,0x4208,0x8c72,0x8431,0x738f,0x18c3,0x1062,0x1082,0x10a2,0x10a2,0x18e3,0x18c3,0x2965,0x0861,0x0000,
  0x2105,0x4208,0x0882,0x4a6a,0x6b2e,0x6aed,0xb513,0xff9b,0xf719,0xff5a,0xff7a,0xf739,0xff5a,0xff9b,0xff5a,0xf73a,
  0xff5b,0xeefa,0xeeba,0xcdd6,0x9430,0x3966,0x41e8,0x5acb,0x9451,0x83ae,0x62aa,0x8bcf,0x6aca,0xa471,0xff5c,0xa470,
  0xa46f,0xa42e,0xc593,0xff9b,0xf759,0xf759,0xf739,0xff5a,0xb512,0xb513,0xcd95,0xbd13,0x8b6d,0x93cf,0xcd76,0xbd14,
  0xc535,0xbcf4,0x6a69,0x6227,0xe657,0xe656,0x5a26,0x940d,0xff7b,0xff9b,0xff9b,0xff9a,0xff7a,0xf739,0xf75a,0xff9b,
  0xff7b,0xff7b,0xff7b,0xf75b,0xef3a,0xef3a,0xf77b,0xf77c,0xe71a,0xded9,0xd658,0xce16,0xd658,0xc5b5,0xb553,0xce37,
  0xef1a,0xf73a,0xff7b,0xff7b,0xf75b,0xf75a,0xf75a,0xff9b,0xff7b,0xf75b,0xf73b,0xb575,0x7b6d,0x8c30,0xa4f2,0xe6f9,
  0xff9b,0xef3a,0xf73a,0xef3a,0xff7b,0xff9b,0xf75a,0xf75a,0xff7b,0xf77b,0xf75a,0xf73a,0xff7b,0xff9b,0xff7b,0xef19,
  0xff9b,0xf75a,0xf75a,0xff7b,0xff9b,0xff9b,0xff7b,0xf73a,0xff7b,0xff9b,0xff7b,0xf75a,0xf73a,0xff7b,0xff9b,0xf77a,
  0xff5a,0xff9b,0xff7a,0xf75a,0xef3a,0xe6f9,0xd699,0xb5b6,0xad55,0x9cd2,0x83cf,0x6aeb,0x41c7,0x9cb3,0xef3d,0x5aec,
  0x0841,0x10a2,0x18c3,0x18c3,0x0841,0x10a2,0x10a2,0x10a2,0x10a2,0x0861,0x1082,0x0861,0x1082,0x10a2,0x10a2,0x1082,
  0x10a2,0x18c3,0x10a2,0x1082,0x10a2,0x10a2,0x18c3,0x10a2,0x1082,0x0861,0x0861,0x1082,0x10a2,0x1082,0x10a2,0x1082,
  0x1082,0x0861,0x0861,0x1082,0x0861,0x0861,0x0861,0x0861,0x0861,0x0841,0x0020,0x0861,0x0861,0x0841,0x0861,0x0861,
  0x1082,0x1082,0x1082,0x0841,0x1082,0x1082,0x1082,0x0841,0x0841,0x0861,0x0861,0x0861,0x0861,0x0861,0x1082,0x1082,
  0x1082,0x18c3,0x10a2,0x1082,0x39c7,0x2945,0x1082,0x0841,0x0861,0x0861,0x0841,0x0861,0x0841,0x0861,0x0841,0x0020,
  0x0020,0x0841,0x0841,0x0841,0x0841,0x0841,0x0861,0x0861,0x0861,0x0841,0x0861,0x1082,0x1082,0x1082,0x1082,0x1082,
  0x0861,0x0841,0x0841,0x0861,0x1082,0x1082,0x0841,0x0020,0x0020,0x0020,0x0020,0x0020,0x0020,0x0020,0x0841,0x0841,
  0x0861,0x0861,0x0841,0x0861,0x0841,0x0000,0x0020,0x0841,0x18c3,0x1082,0x0000,0x0841,0x0841,0x0020,0x0020,0x0841,
  0x0020,0x0841,0x0841,0x0020,0x0020,0x0020,0x0000,0x0020,0x0020,0x0861,0x0881,0x1081,0x0861,0x1081,0x0861,0x0000,
  0x0000,0x0000,0x0020,0x0841,0x0840,0x0820,0x0020,0x0820,0x1061,0x0841,0x1061,0x2945,0x3166,0x4a08,0x3145,0x9430,
  0xcdd7,0x3965,0x1061,0x2105,0x5aec,0x6b6e,0x10a3,0x18c3,0x0882,0x10a2,0x1082,0x10a2,0x1082,0x18e3,0x18c3,0x0000,
  0x2124,0x632d,0x0882,0x18e4,0x8c52,0x8c10,0x9c70,0xff5b,0xf6f9,0xff19,0xf6f8,0xff5a,0xff7a,0xff5a,0xf73a,0xde77,
  0xcdf5,0xa4d1,0x730b,0x62aa,0x6b0b,0x732c,0x62ab,0x628a,0x41a6,0x6289,0x83ad,0xc5b5,0x83ad,0x836d,0xff5c,0xbd53,
  0x832a,0x8b8b,0xde36,0xff7b,0xff7a,0xff5a,0xf739,0xff7a,0xbd74,0xb513,0xcdb5,0xbd54,0xac91,0xc575,0xc575,0xbd34,
  0xcd95,0xcd95,0xacb1,0x93cd,0xeeb8,0xde16,0x836b,0x5a06,0x9c0d,0xb4f0,0xcdd3,0xe676,0xff9b,0xff7a,0xff7a,0xff7a,
  0xff5a,0xf73a,0xf73a,0xf75a,0xff7b,0xf73b,0xdeb8,0xef1a,0xf77c,0xff9c,0xf77c,0xf73b,0xf73b,0xeefa,0xe6da,0xff9c,
  0xffbc,0xf75a,0xf73a,0xff7a,0xff7a,0xff7a,0xf75a,0xf739,0xf77b,0xf77b,0xf77c,0xce18,0x9c92,0x8bef,0x9c91,0xde99,
  0xff9c,0xf75a,0xff7b,0xff7b,0xff9b,0xff9b,0xff7b,0xff7b,0xff7b,0xff9b,0xff9b,0xff7b,0xf75a,0xff7b,0xff9b,0xf75a,
  0xff9b,0xff7b,0xff7b,0xf75a,0xff7b,0xff9b,0xff9b,0xf75a,0xff9b,0xff7b,0xff7b,0xf75a,0xf73a,0xf77b,0xf77a,0xff7b,
  0xff5a,0xff7a,0xff7a,0xf75a,0xf77b,0xe6fa,0xad75,0xb5b7,0xc639,0xc619,0xb5b7,0xb5b7,0x632d,0x8c72,0xc639,0x31a7,
  0x0000,0x18c2,0x10a2,0x18a2,0x0861,0x0861,0x1082,0x10a2,0x10a3,0x1082,0x1082,0x1082,0x10a2,0x10a2,0x1082,0x1082,
  0x10a2,0x10a2,0x10a2,0x10a2,0x10a2,0x1082,0x18c3,0x10a2,0x10a2,0x1082,0x1082,0x0861,0x1082,0x1082,0x1082,0x1082,
  0x0861,0x0861,0x0861,0x0861,0x0861,0x0861,0x1082,0x0861,0x1082,0x0861,0x0861,0x1082,0x0861,0x0861,0x0861,0x0861,
  0x0861,0x1082,0x0861,0x0841,0x0861,0x1082,0x1082,0x18c3,0x1082,0x0841,0x0861,0x0861,0x0841,0x0861,0x0861,0x1082,
  0x1082,0x18c3,0x10a2,0x0861,0x3186,0x3186,0x0020,0x0861,0x0861,0x0841,0x0841,0x0841,0x0861,0x1082,0x0841,0x0020,
  0x0020,0x0841,0x0861,0x1082,0x0861,0x0841,0x0841,0x0841,0x0861,0x0861,0x0861,0x0861,0x0861,0x1082,0x1082,0x1082,
  0x1082,0x1082,0x0861,0x0841,0x0020,0x0861,0x1082,0x1082,0x0841,0x0020,0x0000,0x0020,0x0020,0x0020,0x0020,0x0841,
  0x0841,0x0841,0x0841,0x0861,0x10a2,0x0841,0x0020,0x0861,0x18c3,0x0861,0x0000,0x0020,0x0841,0x0841,0x0020,0x0020,
  0x0841,0x0841,0x0841,0x0020,0x0841,0x0841,0x0841,0x0020,0x0020,0x0020,0x0841,0x0861,0x0881,0x0881,0x0881,0x0881,
  0x0861,0x0000,0x0020,0x0841,0x0820,0x0840,0x0020,0x0841,0x1882,0x1041,0x18a2,0x2965,0x2946,0x4a29,0x3986,0xb534,
  0x9c71,0x28e3,0x1062,0x0000,0x0020,0x1082,0x0862,0x2104,0x0021,0x10a2,0x10a2,0x10a2,0x1082,0x18c3,0x2965,0x0841,
  0x0882,0x7bcf,0x18e4,0x10a4,0xa515,0x9472,0x940f,0xff1a,0xf6f9,0xff19,0xe697,0xf719,0xf719,0xf73a,0xff5b,0xd616,
  0x83ad,0x838d,0x942f,0xacf3,0xd638,0xde79,0x62aa,0x628a,0x730b,0x942f,0xde78,0xff7b,0xbd54,0x7b2c,0xee99,0xeeb8,
  0x836a,0x7b09,0xde36,0xff5a,0xff5a,0xff7a,0xf739,0xff7a,0xcdd5,0x9c4f,0xc574,0xbd74,0xc595,0xc554,0xbd34,0xc574,
  0xd5d6,0xd5d5,0xc553,0xcd94,0xff3b,0xbd32,0xb4f1,0x836b,0x6aa7,0x6ac8,0x72c8,0x836a,0xacd0,0xeed8,0xff9b,0xf739,
  0xff7b,0xff5a,0xf75a,0xef1a,0xff7b,0xff9b,0xf73a,0xef3a,0xf73a,0xf75b,0xff7c,0xff9c,0xff9c,0xff9c,0xff7b,0xff9c,
  0xff7b,0xff7a,0xff7a,0xf739,0xf75a,0xff9b,0xff9b,0xf739,0xf75a,0xf77b,0xf75b,0xd659,0xad34,0x9c72,0x83cf,0xce38,
  0xf73a,0xff7b,0xff9b,0xff9b,0xff7b,0xef3a,0xff9b,0xff9b,0xff7b,0xff7b,0xff7b,0xff7b,0xf77b,0xff9b,0xf75a,0xff7b,
  0xff9b,0xff7b,0xff9b,0xff7b,0xff7b,0xf75a,0xf75a,0xf75a,0xff7b,0xff9b,0xff9b,0xf75a,0xf75a,0xff9b,0xf73a,0xf73a,
  0xff7b,0xff9b,0xff9a,0xff9b,0xf77a,0xf75b,0xc5d7,0xb596,0xbdf8,0xbe19,0xb5b8,0xb5d8,0xc65a,0xbe19,0xce7a,0x31c8,
  0x0021,0x18c3,0x10a2,0x18e3,0x18c3,0x0841,0x1082,0x0882,0x10a2,0x10a2,0x1082,0x1082,0x10a2,0x10a2,0x10a2,0x10a2,
  0x10a2,0x10a2,0x10a2,0x10a2,0x1082,0x1082,0x10a2,0x10a2,0x10a2,0x1082,0x1082,0x1082,0x10a2,0x10a2,0x1082,0x1082,
  0x1082,0x0861,0x0841,0x0841,0x0861,0x0861,0x1082,0x0861,0x1082,0x0020,0x10a2,0x1082,0x0861,0x0861,0x0861,0x0861,
  0x1082,0x0861,0x0861,0x0861,0x0861,0x1082,0x1082,0x10a2,0x2104,0x0841,0x0841,0x0861,0x0861,0x0861,0x0861,0x0861,
  0x0861,0x10a2,0x10a2,0x10a2,0x10a2,0x10a2,0x0861,0x0841,0x0841,0x0020,0x0861,0x0861,0x0861,0x0861,0x0841,0x0020,
  0x0020,0x0020,0x0841,0x0861,0x0861,0x0861,0x0841,0x0841,0x0861,0x1082,0x0861,0x0861,0x0861,0x0861,0x1082,0x1082,
  0x1082,0x1082,0x1082,0x1082,0x0861,0x0841,0x0841,0x0861,0x1082,0x0861,0x0841,0x0000,0x0000,0x0020,0x0020,0x0020,
  0x0861,0x0020,0x0861,0x0861,0x10a2,0x1082,0x0020,0x0020,0x0021,0x18c3,0x0021,0x0000,0x0021,0x0841,0x0020,0x0020,
  0x0020,0x0020,0x0020,0x0841,0x0841,0x0841,0x0841,0x0020,0x0020,0x0020,0x0020,0x0861,0x1081,0x0881,0x0881,0x0881,
  0x528a,0x0000,0x0841,0x0820,0x0841,0x0841,0x0861,0x1082,0x18a3,0x1061,0x0000,0x18a3,0x2104,0x39a7,0x41a6,0xc5b6,
  0x836d,0x3104,0x18c3,0x1083,0x0000,0x0000,0x1082,0x39c7,0x0000,0x1082,0x1082,0x10a2,0x10a2,0x1082,0x31a6,0x1082,
  0x0020,0x6b4d,0x3166,0x0842,0xb597,0xad55,0x83ad,0xf6f9,0xf6f9,0xff5a,0xff5a,0xf719,0xf719,0xff3a,0xf73a,0xd616,
  0x8bee,0xc595,0xe6b9,0xde79,0xde58,0xff3c,0xacf3,0x7b2c,0x838d,0xde37,0xf71a,0xeef9,0xde58,0x838d,0xacd1,0xff9c,
  0xa44e,0x72a8,0xcd93,0xc552,0xff3a,0xff5a,0xff7a,0xff5a,0xf73a,0xb532,0xb4f2,0xbd53,0xc574,0xd5d5,0xcd74,0xcd74,
  0xc533,0xcd74,0xacb1,0xe658,0xfefa,0xd5d5,0xc573,0xbcf1,0x72c8,0x5a25,0x6a87,0x72e8,0x6ac8,0xa48f,0xff5a,0xf75a,
  0xf75a,0xff7a,0xff7a,0xf75a,0xff9b,0xf75a,0xf77b,0xf75a,0xff7b,0xff9b,0xff7b,0xf73a,0xf75a,0xff9b,0xff7b,0xff9b,
  0xff9b,0xff7a,0xf75a,0xf75a,0xf75a,0xff7a,0xff7a,0xff9b,0xff7b,0xf75b,0xf75c,0xf75c,0xbdb6,0xbdb6,0x9450,0x8c2f,
  0xdeb8,0xfffd,0xf77b,0xf75a,0xff9b,0xf73a,0xef3a,0xf75a,0xf77b,0xf73a,0xf75a,0xf75a,0xf75a,0xf75a,0xff7b,0xff7b,
  0xff9b,0xff9b,0xff9b,0xff9b,0xff9b,0xf73a,0xef3a,0xef19,0xf73a,0xff9b,0xf75a,0xef3a,0xf77b,0xff7b,0xf77b,0xf77b,
  0xff9b,0xff9b,0xff9b,0xff9b,0xef19,0xef3a,0xe6fb,0xbdb6,0xa515,0xad76,0xbdd8,0xad56,0xad56,0xb5b8,0xd67b,0x6b2e,
  0x0041,0x10a2,0x10a3,0x10a2,0x18c3,0x0841,0x1062,0x0861,0x0861,0x10a2,0x1082,0x1082,0x1082,0x10a2,0x10a2,0x10a2,
  0x10a2,0x10a2,0x10a2,0x10a2,0x10a2,0x10a2,0x1082,0x18c3,0x10a2,0x10a2,0x10a2,0x10a2,0x1082,0x1082,0x1082,0x1082,
  0x1082,0x1082,0x0841,0x0841,0x0861,0x10a2,0x0861,0x0861,0x1082,0x0841,0x0861,0x0861,0x1082,0x0841,0x0861,0x0861,
  0x1082,0x0861,0x1082,0x1082,0x0861,0x0861,0x10a2,0x1082,0x18c3,0x18c3,0x0020,0x0861,0x0861,0x0861,0x0861,0x0861,
  0x0861,0x1082,0x10a2,0x10a2,0x10a2,0x0861,0x0841,0x0841,0x1082,0x0841,0x0841,0x0841,0x1082,0x1082,0x1082,0x0861,
  0x0020,0x0841,0x0841,0x10a2,0x0861,0x1082,0x0861,0x0861,0x0841,0x0841,0x0861,0x0861,0x0861,0x0861,0x0861,0x1082,
  0x1082,0x1082,0x10a2,0x1082,0x1082,0x0861,0x0861,0x0841,0x0841,0x0861,0x1082,0x0841,0x0841,0x0020,0x0020,0x0841,
  0x0841,0x0841,0x0841,0x0861,0x1082,0x0861,0x0000,0x0020,0x0861,0x1082,0x0021,0x0020,0x0841,0x0841,0x0841,0x0841,
  0x0020,0x0020,0x0020,0x0841,0x0841,0x0841,0x0841,0x0020,0x0020,0x0020,0x0000,0x0881,0x0881,0x0881,0x0881,0x0881,
  0x7bf0,0x10a2,0x0820,0x0841,0x1041,0x0841,0x1082,0x18c3,0x18a3,0x1882,0x1061,0x1062,0x18a3,0x3986,0x3145,0xc5d7,
  0x628a,0x2904,0x18c3,0x2945,0x0841,0x0841,0x1082,0x4208,0x0000,0x1082,0x1082,0x10a2,0x18c3,0x0841,0x3186,0x2124,
  0x0000,0x5acc,0x5acb,0x0842,0xb596,0xb596,0x734c,0xeeb8,0xeed8,0xeed8,0xff5a,0xff39,0xff5a,0xf719,0xf6f9,0xa4b0,
  0x7b4c,0xc595,0xcdd6,0xeeb9,0xe6b9,0xe699,0xa470,0x7b4c,0xa490,0xeef9,0xf6f9,0xf719,0xf71a,0xbd74,0x8bce,0xde98,
  0xe656,0x72a7,0xcd93,0xacaf,0xcd93,0xff7a,0xff5a,0xff7a,0xeef9,0xe6d8,0xb511,0xa4b0,0x8bcd,0xa46f,0xcd54,0xddf6,
  0xcd74,0xddf6,0xe616,0xf6b9,0xf6b8,0xd5b4,0xcd94,0xac8f,0x6a87,0x7b4a,0x836a,0x838a,0x83ab,0xce15,0xff9b,0xff7a,
  0xff5a,0xef18,0xff7a,0xff7a,0xff7a,0xf75a,0xf75a,0xf77a,0xff7a,0xff7a,0xff7a,0xf75a,0xef19,0xf75a,0xf75a,0xf73a,
  0xff9b,0xff9b,0xff9b,0xff7b,0xf75a,0xff7b,0xff7b,0xff7a,0xf75a,0xff7b,0xf75b,0xff7c,0xe6da,0xc5b6,0xce37,0xad33,
  0xbd73,0xde97,0xef3a,0xf75a,0xf75a,0xff9b,0xef19,0xf77b,0xff7b,0xf73a,0xf75a,0xf73a,0xf75a,0xff7b,0xff9b,0xff7b,
  0xff9b,0xff9b,0xff9b,0xff7b,0xff7b,0xff7b,0xff7b,0xf75a,0xf75a,0xff9b,0xf73a,0xf73a,0xff7b,0xf75a,0xf73a,0xf77b,
  0xff7b,0xf75a,0xff9b,0xff9b,0xf77b,0xf75b,0xff7c,0xff9d,0xd679,0xb596,0xb576,0xa514,0x83f0,0xad35,0xe6dc,0x7baf,
  0x2125,0x2124,0x10a2,0x18c3,0x1082,0x1061,0x0861,0x18c3,0x18c3,0x0861,0x1082,0x10a2,0x1082,0x10a2,0x10a2,0x10a2,
  0x10a2,0x10a2,0x10a2,0x10a2,0x10a2,0x10a2,0x10a2,0x18c3,0x18e3,0x1082,0x1082,0x1082,0x1082,0x1082,0x10a2,0x1082,
  0x0861,0x1082,0x1082,0x0861,0x0861,0x1082,0x0861,0x0841,0x18c3,0x0841,0x0861,0x0841,0x0861,0x0841,0x0861,0x0861,
  0x1082,0x1082,0x1082,0x0841,0x0861,0x0861,0x10a2,0x1082,0x10a2,0x18c3,0x0861,0x0020,0x0841,0x0861,0x0861,0x1082,
  0x1082,0x1082,0x1082,0x10a2,0x10a2,0x0861,0x0861,0x0841,0x10a2,0x0841,0x1082,0x0841,0x1082,0x10a2,0x0861,0x0861,
  0x0020,0x0020,0x0841,0x0841,0x1082,0x0861,0x0861,0x0861,0x1082,0x0841,0x0841,0x0861,0x0841,0x0841,0x1082,0x0861,
  0x0861,0x0861,0x1082,0x1082,0x1082,0x1082,0x1082,0x0861,0x0861,0x0841,0x0841,0x0861,0x0861,0x0841,0x0020,0x0020,
  0x0020,0x0020,0x0841,0x0861,0x1082,0x0861,0x0841,0x0000,0x2104,0x2945,0x0841,0x0020,0x0020,0x0841,0x0861,0x0020,
  0x0020,0x0841,0x0020,0x0841,0x0020,0x0841,0x0841,0x0841,0x0020,0x0020,0x0020,0x1082,0x0881,0x0881,0x0881,0x0881,
  0x8c31,0x5aab,0x0000,0x0841,0x0800,0x1062,0x1061,0x1882,0x20e4,0x20e3,0x0861,0x0861,0x10a3,0x3166,0x39a6,0xc5b6,
  0x49c7,0x2904,0x0841,0x10a3,0x18c3,0x1082,0x0862,0x2965,0x0861,0x0861,0x1082,0x10a2,0x1082,0x0841,0x18e3,0x39e7,
  0x0000,0x52ab,0x9cf4,0x0882,0xb5b7,0xce39,0x6b0b,0xd5f6,0xeed9,0xeed9,0xff5a,0xf739,0xff5a,0xff5a,0xeef9,0x8bed,
  0x72ea,0xacb2,0xa491,0xeeda,0xb513,0x6289,0x6268,0x838c,0xc594,0xff5a,0xf6f8,0xde56,0xff5b,0xde78,0x8c0f,0x7bad,
  0xf6d9,0xac8f,0xbd11,0xde15,0x93cb,0xe676,0xffbb,0xf719,0xef19,0xf75a,0xef19,0xc5b4,0x9c2e,0x6aa8,0x8b4c,0xbcd2,
  0xddd5,0xde16,0xee98,0xfef9,0xe657,0xddf5,0xbcf1,0xa42e,0xd5f4,0xf719,0xf719,0xeed8,0xeef8,0xff7a,0xff7b,0xff7a,
  0xff7a,0xcdf4,0xcdd4,0xf739,0xff9b,0xf759,0xf75a,0xf739,0xf75a,0xf739,0xf75a,0xf759,0xef18,0xf75a,0xf75a,0xf75a,
  0xff9b,0xff9b,0xff7b,0xff7a,0xff7a,0xff7b,0xf75a,0xff7a,0xff7a,0xff7b,0xf75a,0xf75b,0xff7c,0xf75b,0xff9c,0xffbc,
  0xeef9,0xc5f5,0xc5d4,0xde97,0xf73a,0xf75a,0xf77b,0xf77b,0xf75a,0xff7b,0xff9b,0xf73a,0xf73a,0xff5b,0xf75a,0xf73a,
  0xff7b,0xff9b,0xff9b,0xff7b,0xf75a,0xff9b,0xf75a,0xef19,0xf75a,0xff9b,0xff7b,0xff7b,0xff7b,0xff7b,0xf73a,0xff7b,
  0xf77b,0xef5a,0xf77a,0xff7b,0xff9b,0xff7b,0xff7b,0xf71a,0xf75b,0xef3b,0xef3b,0xeefa,0xe6da,0xef3b,0xffbd,0x8c2f,
  0x5aeb,0x5b0c,0x39c7,0x2104,0x1082,0x10a2,0x0861,0x18c2,0x18e3,0x1082,0x1061,0x1082,0x10a2,0x10a2,0x1082,0x10a2,
  0x18c3,0x10a2,0x10a2,0x10a2,0x10a2,0x10a2,0x10a2,0x10a2,0x18c3,0x10a2,0x1082,0x1082,0x1082,0x1082,0x10a2,0x1082,
  0x0861,0x1082,0x0861,0x0841,0x0841,0x0861,0x0020,0x1082,0x0841,0x0841,0x0841,0x0861,0x0861,0x0861,0x0861,0x0861,
  0x1082,0x0861,0x0861,0x0861,0x0861,0x0861,0x0861,0x10a2,0x1082,0x10a2,0x1082,0x0841,0x0841,0x0861,0x0841,0x0861,
  0x10a2,0x0861,0x10a2,0x10a2,0x10a2,0x18c3,0x0861,0x0841,0x0861,0x0020,0x0841,0x0861,0x0020,0x0861,0x0861,0x0841,
  0x0861,0x0841,0x0841,0x0841,0x0861,0x0861,0x0861,0x0861,0x0861,0x0861,0x0861,0x0841,0x0861,0x0861,0x0841,0x0861,
  0x0861,0x0861,0x0861,0x0861,0x0861,0x0861,0x0861,0x1082,0x0861,0x1082,0x0861,0x0841,0x0020,0x0861,0x10a2,0x0841,
  0x0841,0x0841,0x0841,0x0020,0x0841,0x0861,0x1082,0x0020,0x31a6,0x39c7,0x0841,0x0861,0x0000,0x0841,0x1082,0x0861,
  0x0020,0x0020,0x0020,0x0020,0x0841,0x0841,0x0841,0x0020,0x0841,0x0020,0x0020,0x1081,0x0881,0x0881,0x0881,0x0881,
  0x6b2d,0x7bcf,0x0000,0x1062,0x0821,0x0820,0x1882,0x1882,0x18a3,0x0821,0x0020,0x0861,0x18e4,0x2946,0x3166,0xbd96,
  0x41a6,0x20e3,0x0000,0x10a3,0x2104,0x0861,0x0000,0x39c7,0x10a2,0x0841,0x1082,0x10a2,0x10a2,0x0861,0x10a2,0x39c7,
  0x0000,0x39c7,0xa535,0x2946,0x8c93,0xd69a,0x62eb,0xacd2,0xff3b,0xeefa,0xff5b,0xff5a,0xff5a,0xf71a,0xeeb8,0x7b2b,
  0x7b2c,0x9c2f,0xac91,0xf6fa,0x93ee,0x6aa8,0xa44f,0x8bad,0xde57,0xff5b,0xcdd4,0x9c2e,0xde57,0xde99,0xad14,0x7bae,
  0x838d,0xeed9,0xcdd5,0xf6f8,0xb4f0,0x836a,0xeed8,0xe6d8,0xbd93,0xe6d8,0xff5a,0xff9b,0xde57,0xac90,0x93cd,0x6a88,
  0x72c9,0xbcf1,0xeeb8,0xf6b8,0xd5d4,0xc532,0xcd93,0xff19,0xff7a,0xff5a,0xff39,0xeed8,0xeef8,0xf719,0xff7a,0xff7a,
  0xf75a,0xd635,0xb531,0xad11,0xde76,0xf739,0xeef8,0xf718,0xff5a,0xf739,0xf759,0xff7a,0xf759,0xff7a,0xff9a,0xff7a,
  0xff7a,0xff7a,0xff7a,0xff7a,0xf75a,0xf75a,0xff7b,0xff7a,0xf73a,0xff7b,0xff5b,0xf73a,0xf77b,0xf77b,0xef3a,0xf75b,
  0xffbc,0xffbc,0xf75a,0xde97,0xce36,0xce15,0xeef9,0xff9b,0xff9b,0xff7b,0xffbc,0xff9b,0xff7b,0xff5b,0xf73a,0xff7b,
  0xff9b,0xff7b,0xf77b,0xf77b,0xff9b,0xff9b,0xf75a,0xf73a,0xef3a,0xf77b,0xf77b,0xf77b,0xf75a,0xf75a,0xf75a,0xff9b,
  0xff9b,0xf75a,0xff9b,0xff9b,0xff7b,0xff7a,0xff7b,0xeef9,0xf75a,0xff9b,0xff7a,0xff7a,0xff7a,0xff7b,0xffbc,0xbd73,
  0x736d,0x8c31,0x39e8,0x1082,0x10a3,0x10a2,0x1061,0x1081,0x10a2,0x1082,0x10a2,0x0861,0x1082,0x1082,0x18c3,0x1082,
  0x10a2,0x10a2,0x10a2,0x10a2,0x1082,0x10a2,0x10a2,0x10a2,0x1082,0x10a2,0x10a2,0x10a2,0x10a2,0x1082,0x1082,0x1082,
  0x10a2,0x1082,0x0861,0x0861,0x0861,0x0861,0x0841,0x0861,0x0861,0x0841,0x0861,0x1082,0x1082,0x0841,0x0861,0x0861,
  0x0861,0x0861,0x1082,0x0861,0x0861,0x0841,0x0861,0x1082,0x1082,0x10a2,0x18c3,0x0841,0x0861,0x0861,0x0861,0x0841,
  0x0861,0x1082,0x10a2,0x10a2,0x10a2,0x10a2,0x1082,0x0861,0x0861,0x0841,0x0861,0x0841,0x0020,0x0861,0x1082,0x0861,
  0x0861,0x0020,0x0841,0x0020,0x0841,0x0841,0x0861,0x0841,0x0841,0x0861,0x1082,0x0861,0x0861,0x0861,0x0861,0x0861,
  0x0841,0x0841,0x0841,0x0861,0x0861,0x0861,0x0861,0x0861,0x1082,0x1082,0x1082,0x0861,0x0841,0x0020,0x0020,0x0861,
  0x0841,0x0841,0x0020,0x0020,0x0020,0x0861,0x0861,0x0020,0x18e4,0x2965,0x0021,0x18e4,0x0841,0x0840,0x1082,0x1082,
  0x0020,0x0841,0x0000,0x0020,0x0020,0x0841,0x0020,0x0841,0x0841,0x0000,0x0020,0x1082,0x0881,0x0881,0x0881,0x0881,
  0x526a,0x7baf,0x0000,0x1061,0x1862,0x1021,0x0821,0x18c3,0x1883,0x0841,0x0841,0x0861,0x18e4,0x20e4,0x3986,0xbd76,
  0x3965,0x18a2,0x0000,0x18c3,0x2966,0x1061,0x0000,0x3186,0x18e3,0x0841,0x10a2,0x1082,0x10a2,0x18c3,0x0020,0x4208,
  0x31a7,0x0000,0xa514,0x52cc,0x632d,0xdedc,0x736e,0x8bef,0xeefb,0xeeda,0xff7c,0xff5b,0xf71a,0xff3a,0xe698,0x72ea,
  0x6aa9,0x9c0f,0xcd94,0xd5f6,0x6aa9,0x6aa9,0x93cd,0xac90,0xf71a,0xf71a,0xbd31,0x9c2e,0xbd74,0xeefc,0xbdb7,0xb576,
  0x736d,0x8c0f,0xf73a,0xeed8,0xee97,0xa48e,0x9c2d,0xeef9,0xcdf4,0xa4b0,0xc573,0xe698,0xeed9,0xff3a,0xee98,0xcd94,
  0xacb0,0xa44f,0xcdb4,0xde36,0xcdb4,0xee97,0xff3a,0xeeb7,0xd5f5,0xa46e,0xa4af,0xcdd4,0xe6b7,0xff9b,0xff7a,0xf759,
  0xf739,0xff7b,0xf73a,0xd615,0x9c4e,0xd635,0xeef8,0xff5a,0xff5a,0xf73a,0xff5a,0xff5a,0xff7a,0xff7a,0xff7b,0xff7b,
  0xff7b,0xf75a,0xf75a,0xf75a,0xf75a,0xf75a,0xff7a,0xff7a,0xf719,0xf739,0xf75a,0xff7b,0xff9b,0xf77a,0xf75a,0xf77a,
  0xff7b,0xf75a,0xff9b,0xffbc,0xf77b,0xdeb8,0xcdf5,0xce36,0xe6d8,0xeed8,0xcdd4,0xde57,0xff7b,0xffbc,0xf73a,0xf73a,
  0xff7b,0xff9b,0xf73a,0xf75a,0xf75a,0xef19,0xff7b,0xff9b,0xff7b,0xf73a,0xff7b,0xf75a,0xf77b,0xff7b,0xff9b,0xff7b,
  0xf77a,0xff7a,0xf75a,0xff7a,0xff9b,0xff7a,0xff7b,0xf75a,0xf739,0xff7a,0xf739,0xff7a,0xff7a,0xff5a,0xff9b,0xeef9,
  0x83ef,0x83f0,0x630d,0x2105,0x1082,0x10a3,0x10a2,0x0861,0x1082,0x1082,0x1082,0x10a2,0x1082,0x1082,0x2104,0x18e3,
  0x1082,0x10a2,0x1082,0x1082,0x10a2,0x10a2,0x10a2,0x10a2,0x10a2,0x1082,0x10a2,0x1082,0x1082,0x10a2,0x1082,0x1082,
  0x0861,0x1082,0x1082,0x0861,0x0861,0x0861,0x0861,0x0841,0x0861,0x0841,0x0841,0x1082,0x0841,0x0841,0x0861,0x0861,
  0x0861,0x1082,0x0861,0x0861,0x0861,0x0841,0x0861,0x1082,0x1082,0x1082,0x10a2,0x0861,0x0841,0x0841,0x0841,0x0841,
  0x0861,0x1082,0x1082,0x10a2,0x1082,0x10a2,0x10a2,0x0861,0x0861,0x0861,0x0841,0x0020,0x0841,0x0841,0x0861,0x1082,
  0x0861,0x0861,0x0841,0x0841,0x0841,0x0841,0x0861,0x0861,0x0861,0x1082,0x1082,0x1082,0x1082,0x0861,0x0861,0x0861,
  0x1082,0x0861,0x0020,0x0841,0x0861,0x0841,0x0841,0x0841,0x1082,0x1082,0x0861,0x1082,0x1082,0x0861,0x0841,0x0020,
  0x0020,0x0841,0x0841,0x0841,0x0841,0x0020,0x0020,0x0000,0x0861,0x1082,0x0000,0x0841,0x0861,0x0020,0x0861,0x0841,
  0x0841,0x0020,0x0841,0x0020,0x0020,0x0841,0x0841,0x0841,0x0841,0x0020,0x0020,0x1082,0x0881,0x0881,0x0881,0x0881,
  0x41c8,0x6b4d,0x0800,0x1021,0x1862,0x1041,0x0821,0x1062,0x1883,0x0821,0x0841,0x0861,0x18e4,0x2945,0x3146,0xbd76,
  0x3966,0x1882,0x0021,0x0841,0x2125,0x1081,0x0020,0x10a2,0x2945,0x0020,0x1082,0x10a2,0x10a2,0x10a2,0x10a2,0x31a6,
  0x4229,0x0000,0x8c72,0x9cf4,0x3a09,0xc65a,0x8c31,0x734d,0xde79,0xde99,0xe699,0xeed9,0xf73b,0xf73b,0xde78,0xa470,
  0x49a5,0x6aa9,0xee98,0x93cd,0x7b2b,0x93cd,0x72c9,0xe657,0xff3b,0xf71a,0xe676,0xbd32,0xeeba,0xde7a,0x9473,0xad56,
  0xa514,0x630c,0x8bef,0xf71a,0xff39,0xeeb7,0xbd52,0xcdf5,0xff7b,0xde56,0xa490,0x9c4f,0xacd1,0xe678,0xee98,0xff5b,
  0xff5b,0xff3a,0xf6f9,0xf6f9,0xff39,0xe697,0xd615,0xc572,0xa46e,0x9c4e,0xde55,0xff7a,0xff9a,0xf75a,0xf759,0xf77a,
  0xf71a,0xf75b,0xf73a,0xff7b,0xde56,0xa46f,0xeed8,0xff39,0xf739,0xff5a,0xff7a,0xf719,0xff5a,0xf719,0xf73a,0xff9b,
  0xff7b,0xff5b,0xff5b,0xf75a,0xf75a,0xff5a,0xff7b,0xf75a,0xff7b,0xff7a,0xff7a,0xf75a,0xff7a,0xef39,0xef19,0xff9b,
  0xf73a,0xeef9,0xff7b,0xff7b,0xf75a,0xff9b,0xff7b,0xeef9,0xd616,0xb511,0xacf1,0xacd1,0xb532,0xc5d4,0xe697,0xf73a,
  0xffbc,0xff9b,0xff9b,0xff7b,0xf75a,0xf73a,0xf77b,0xf75a,0xeef9,0xe6d8,0xef3a,0xff7b,0xf73a,0xf77b,0xff9b,0xf77a,
  0xff7a,0xf739,0xf739,0xff7a,0xff7a,0xff7a,0xff7a,0xf75a,0xe6b7,0xf739,0xff9b,0xff5a,0xff5a,0xff7b,0xff5b,0xff9c,
  0xbdb6,0x736e,0x738e,0x18e4,0x10a2,0x10a3,0x10a2,0x0861,0x1082,0x1082,0x1082,0x1082,0x18c3,0x18e3,0x10a2,0x1082,
  0x1082,0x10a2,0x1082,0x1082,0x1082,0x10a2,0x10a2,0x1082,0x1082,0x10a2,0x1082,0x1082,0x1082,0x10a2,0x1082,0x10a2,
  0x1082,0x0861,0x0861,0x0841,0x0861,0x0861,0x0861,0x0841,0x0861,0x0841,0x0861,0x1082,0x0020,0x0861,0x1082,0x0861,
  0x0861,0x0861,0x0861,0x0861,0x0861,0x0861,0x0841,0x0861,0x10a2,0x1082,0x10a2,0x1082,0x0841,0x0841,0x0861,0x0861,
  0x0861,0x1082,0x1082,0x1082,0x1082,0x10a2,0x10a2,0x1082,0x1082,0x0841,0x0861,0x0841,0x0861,0x0861,0x0841,0x0841,
  0x0861,0x0861,0x0841,0x0861,0x0841,0x0841,0x0861,0x0861,0x0861,0x0861,0x1082,0x1082,0x1082,0x0861,0x0861,0x0861,
  0x0861,0x0861,0x1082,0x0861,0x0841,0x0841,0x0841,0x0841,0x0861,0x0861,0x1082,0x1082,0x0861,0x0861,0x1082,0x0861,
  0x0841,0x0841,0x0841,0x0841,0x0841,0x0861,0x0841,0x0020,0x0841,0x0861,0x0862,0x10a3,0x1082,0x0020,0x0020,0x0841,
  0x0841,0x0020,0x0020,0x0020,0x0020,0x0841,0x0841,0x0861,0x0841,0x0020,0x0020,0x1082,0x0881,0x0881,0x0881,0x0881,
  0x39c8,0x734e,0x1041,0x0820,0x1021,0x1021,0x1062,0x18a3,0x10a3,0x0841,0x0021,0x10a2,0x18c3,0x2925,0x20e4,0xad35,
  0x41c7,0x2924,0x0861,0x0041,0x2945,0x20e3,0x0841,0x10a2,0x4208,0x0021,0x1082,0x18c3,0x18c3,0x18c3,0x2104,0x2945,
  0x6b4d,0x0000,0x4a8a,0xc65a,0x8453,0xb5d9,0x9493,0x3166,0x9cd3,0xad55,0x9472,0x8c51,0xad14,0xf73c,0xbd54,0x9bef,
  0x72a9,0x93cd,0xd5d5,0x6a89,0xb4d2,0x836c,0xc573,0xff5b,0xf6f9,0xf6f9,0xf6d8,0xeeb9,0xde78,0xd659,0x9cf4,0x9d16,
  0xa556,0xb597,0x83cf,0x838d,0xe678,0xff7a,0xeef8,0xeef8,0xeeb8,0xf6f8,0xeeb8,0xcdb4,0xacd1,0x9c50,0x9c2f,0xbd53,
  0xde76,0xeef8,0xff59,0xff5a,0xf739,0xf718,0xf759,0xf739,0xef19,0xff7a,0xff9b,0xff7a,0xff9b,0xf739,0xf739,0xff9b,
  0xff7a,0xf75a,0xf719,0xff3a,0xff3a,0x93ed,0xbd31,0xeeb8,0xeed8,0xf75a,0xff5a,0xf739,0xff9b,0xff7a,0xff9a,0xff9a,
  0xff9b,0xf75a,0xf75a,0xff7b,0xff9b,0xff9b,0xff9b,0xff7b,0xf75a,0xf75a,0xff7a,0xe6d8,0xf75a,0xff9b,0xf75a,0xf75a,
  0xf75a,0xf75a,0xf75a,0xf73a,0xf73a,0xff7a,0xf77a,0xff7b,0xff9b,0xeef9,0xd636,0xbd93,0xacd0,0xa4b0,0xacd0,0xbd93,
  0xe697,0xf73a,0xff7b,0xff9c,0xff9b,0xf73a,0xff5a,0xff7a,0xf759,0xf79a,0xef59,0xef39,0xef18,0xf75a,0xff9a,0xf77a,
  0xff9a,0xf77a,0xf739,0xff9a,0xf77a,0xf739,0xf75a,0xff7a,0xff7a,0xf75a,0xff5a,0xf719,0xf75a,0xff7b,0xff5a,0xff5b,
  0xeefb,0x8c31,0x5aab,0x2966,0x10a3,0x10a2,0x10a2,0x10a2,0x0861,0x18c3,0x1082,0x1082,0x0861,0x10a2,0x18c3,0x18c3,
  0x10a2,0x0861,0x0861,0x0861,0x0861,0x1082,0x0861,0x0841,0x1082,0x1082,0x1082,0x1082,0x1082,0x10a2,0x10a2,0x10a2,
  0x1082,0x1082,0x0861,0x0861,0x0861,0x1082,0x0861,0x0841,0x0861,0x0841,0x0841,0x10a2,0x0841,0x0861,0x0861,0x0861,
  0x0861,0x0861,0x0861,0x1082,0x1082,0x0861,0x0841,0x0861,0x10a2,0x1082,0x1082,0x10a2,0x0861,0x0841,0x0841,0x0861,
  0x0841,0x1082,0x1082,0x1082,0x1082,0x10a2,0x10a2,0x10a2,0x1082,0x10a2,0x0861,0x0861,0x0861,0x0861,0x0841,0x0861,
  0x0020,0x0841,0x0841,0x0841,0x0841,0x0841,0x0861,0x0861,0x0861,0x1082,0x0861,0x1082,0x0861,0x0861,0x1082,0x0861,
  0x0861,0x0841,0x0841,0x0841,0x0841,0x0841,0x0841,0x0841,0x0841,0x0861,0x0861,0x0861,0x0861,0x0861,0x1082,0x0861,
  0x0861,0x0861,0x0841,0x0020,0x0020,0x0841,0x0861,0x0841,0x0020,0x0020,0x10a2,0x10a2,0x2104,0x0000,0x0020,0x0020,
  0x0861,0x0841,0x0000,0x0020,0x0020,0x0020,0x0841,0x0841,0x0841,0x0000,0x0841,0x1081,0x1081,0x0881,0x0881,0x0881,
  0x4a29,0x6b2d,0x20e4,0x0800,0x1041,0x0820,0x18a2,0x1082,0x0882,0x0841,0x0021,0x10a3,0x18c3,0x20e4,0x0821,0xacf4,
  0x5a8a,0x3165,0x0861,0x0020,0x18c3,0x18c3,0x0861,0x0020,0x3186,0x10a2,0x10a2,0x18c3,0x1082,0x18c3,0x2104,0x4228,
  0x73af,0x10c3,0x39c7,0xbe19,0xc63b,0xb5d9,0x94d4,0x2945,0x4a2a,0xad36,0xad56,0xa515,0x9493,0xce18,0xbd35,0x8b8d,
  0xd5f6,0xb4f2,0x7aeb,0x7b0b,0xc554,0xde16,0xf71a,0xf6f9,0xf6b8,0xe637,0xe657,0xde37,0xde58,0xde9a,0xb597,0x9d36,
  0xad97,0xb5b8,0xad55,0x5208,0x5a27,0xa490,0xe697,0xff7b,0xf739,0xf719,0xff3a,0xf73a,0xe678,0xc5b5,0xa4b0,0x9c4f,
  0xa48f,0xa4b0,0xacd1,0xcdd4,0xff5a,0xf739,0xff7a,0xf73a,0xf73a,0xff7a,0xf73a,0xff5a,0xff9b,0xff7a,0xff9b,0xde36,
  0x9c4e,0xcdd5,0xf71a,0xff3a,0xb4b0,0x51a4,0x6287,0x93ed,0xcdf5,0xeef9,0xeed8,0xf73a,0xff9b,0xff9b,0xff9a,0xff9a,
  0xf75a,0xff5a,0xff9b,0xff9b,0xff7a,0xff7a,0xff9b,0xff9b,0xf75a,0xf75a,0xf75a,0xef19,0xff7b,0xff9b,0xff9b,0xff7b,
  0xff7a,0xf75a,0xf75a,0xf75a,0xf75a,0xff9b,0xff7a,0xf75a,0xff5a,0xff9b,0xff9b,0xf73a,0xde77,0xc5b4,0xad11,0xacd1,
  0xa48f,0x9c6e,0xc594,0xd636,0xeef9,0xf73a,0xff7a,0xff9a,0xf77a,0xf79b,0xf75a,0xef39,0xf77a,0xff7a,0xff7a,0xf75a,
  0xf77a,0xff9b,0xf75a,0xff9b,0xf75a,0xf77a,0xff5a,0xff5a,0xff9b,0xf77b,0xef19,0xff7b,0xff9b,0xf77b,0xff7b,0xf75a,
  0xf75b,0xce17,0x5aab,0x5aec,0x3186,0x10c3,0x10a2,0x10a2,0x1082,0x1082,0x10a2,0x1082,0x1082,0x0861,0x1082,0x10a2,
  0x10a2,0x2104,0x18e3,0x1082,0x10a2,0x1082,0x0861,0x0861,0x1082,0x10a2,0x10a2,0x0861,0x1082,0x10a2,0x10a2,0x10a2,
  0x10a2,0x10a2,0x10a2,0x1082,0x1082,0x1082,0x0841,0x0841,0x0861,0x0841,0x0841,0x0841,0x0861,0x0841,0x0861,0x0861,
  0x0861,0x0861,0x0861,0x1082,0x1082,0x0841,0x0861,0x0861,0x0861,0x10a2,0x1082,0x1082,0x1082,0x1082,0x0841,0x0841,
  0x0841,0x0841,0x0861,0x1082,0x1082,0x1082,0x1082,0x1082,0x1082,0x10a2,0x10a2,0x1082,0x1082,0x0861,0x0841,0x0841,
  0x0020,0x0020,0x0841,0x0841,0x0841,0x0841,0x0841,0x0861,0x0861,0x1082,0x1082,0x1082,0x0861,0x0861,0x1082,0x1082,
  0x1082,0x0861,0x0841,0x0841,0x0841,0x0861,0x0841,0x0841,0x0841,0x0020,0x0841,0x0841,0x0861,0x0841,0x0861,0x0861,
  0x0861,0x0861,0x0861,0x0861,0x0020,0x0841,0x0020,0x0861,0x0020,0x0020,0x0020,0x1082,0x0841,0x0000,0x0020,0x0841,
  0x0861,0x0861,0x0020,0x0841,0x0020,0x0000,0x0841,0x0841,0x0841,0x0021,0x0861,0x0881,0x1081,0x0881,0x0881,0x0881,
  0x630d,0x5aab,0x41e8,0x0000,0x1041,0x1020,0x0800,0x1082,0x10a3,0x0862,0x0862,0x2945,0x18e3,0x0821,0x1082,0x9cb3,
  0x62cb,0x2925,0x0862,0x0020,0x1082,0x1082,0x0861,0x0000,0x2945,0x18e4,0x0841,0x1082,0x0861,0x2945,0x2965,0x2124,
  0x630c,0x4a69,0x0000,0xa535,0xce7c,0xbdfa,0xa536,0x528b,0x1083,0xa535,0xb597,0xa515,0xa556,0xad55,0xb535,0x7b4d,
  0xde18,0x7b0c,0x6248,0x9c0f,0xee99,0xff1b,0xee78,0xde37,0xcd73,0xde16,0xeed9,0xeeda,0xeefb,0xad56,0x94d4,0xad77,
  0x8c73,0xa536,0xa515,0x5a8a,0x5248,0x5206,0x5227,0x9c70,0xc593,0xde97,0xff5a,0xff7b,0xffbc,0xffbc,0xff7b,0xe6b7,
  0xde57,0xde36,0xd616,0xd5f5,0xf71a,0xff3a,0xff5a,0xf719,0xf719,0xff9b,0xf739,0xf739,0xff5a,0xff5a,0xf6f9,0xacd0,
  0x9c6f,0xd616,0xe657,0xde16,0x5206,0x4163,0x3963,0x4184,0x62a8,0xc5b4,0xe6b8,0xf71a,0xf77a,0xf75a,0xf77a,0xf75a,
  0xf75a,0xff7b,0xff9b,0xff7b,0xff7b,0xf75a,0xf75a,0xff7b,0xff7b,0xf75a,0xff7b,0xf739,0xf75a,0xff7a,0xff7b,0xff9b,
  0xff7a,0xff7a,0xff9b,0xff7b,0xff7a,0xff9b,0xff9b,0xff7a,0xf73a,0xf73a,0xff9b,0xff7b,0xff9b,0xff7b,0xe6b8,0xcdf5,
  0xc5b4,0xcdf5,0xde57,0xcdd5,0xc594,0xcdf4,0xe6b8,0xf739,0xffbc,0xff7b,0xff7b,0xff9b,0xff9b,0xff7b,0xff7b,0xff7b,
  0xf75b,0xf77b,0xff7b,0xff7b,0xf73a,0xf73a,0xff7b,0xff7b,0xf75b,0xff9c,0xe6f9,0xf77b,0xff9b,0xf75b,0xf77b,0xf75b,
  0xf73a,0xf73b,0xad13,0x6b4d,0x6b6e,0x20e4,0x1082,0x10a2,0x1082,0x0841,0x18e3,0x10a2,0x10a2,0x1082,0x1082,0x0861,
  0x1082,0x18c3,0x18c3,0x10a2,0x18e3,0x2945,0x18e3,0x18c3,0x10a2,0x1082,0x10a2,0x10a2,0x1082,0x10a2,0x1082,0x0861,
  0x1082,0x10a2,0x1082,0x10a2,0x1082,0x1082,0x0861,0x0861,0x0861,0x0861,0x0841,0x0841,0x0861,0x0841,0x0861,0x0861,
  0x0861,0x0861,0x0861,0x1082,0x0861,0x0861,0x0841,0x0841,0x0841,0x1082,0x10a2,0x10a2,0x0861,0x10a2,0x0861,0x0861,
  0x0841,0x0841,0x1082,0x1082,0x1082,0x18c3,0x10a2,0x0861,0x10a2,0x10a2,0x10a2,0x10a2,0x10a2,0x1082,0x1082,0x0861,
  0x0861,0x0861,0x0020,0x0020,0x0861,0x0841,0x0841,0x0861,0x0861,0x0861,0x1082,0x1082,0x1082,0x1082,0x1082,0x0861,
  0x1082,0x0861,0x0861,0x0861,0x0861,0x0841,0x0020,0x0841,0x0861,0x0020,0x0020,0x0841,0x0861,0x0841,0x0861,0x0861,
  0x0861,0x0861,0x0861,0x1082,0x0861,0x0841,0x0020,0x0020,0x0841,0x0020,0x0861,0x0841,0x0020,0x0020,0x0020,0x0020,
  0x0861,0x0861,0x0841,0x0000,0x0020,0x0000,0x0020,0x0841,0x1082,0x0841,0x1062,0x0861,0x0861,0x0881,0x0881,0x0881,
  0x8431,0x4a4a,0x5aab,0x0000,0x1041,0x0820,0x0820,0x0841,0x2124,0x0861,0x2124,0x39c7,0x0862,0x18a3,0x41e8,0x7baf,
  0x732d,0x3166,0x1082,0x1082,0x0862,0x10a3,0x10a2,0x0040,0x18e3,0x3186,0x0861,0x1082,0x0861,0x2104,0x2945,0x2966,
  0x4a6a,0x4a49,0x0000,0x7c10,0xcebc,0xb5f9,0x8c93,0x4229,0x0041,0x9493,0xad77,0x8c73,0x9d35,0xad56,0xad56,0x732d,
  0x9c31,0x9410,0x836e,0x4986,0x834d,0xcd95,0xb4b2,0xd5d6,0xde37,0xee99,0xe6ba,0xe6fb,0xc5f8,0x8c93,0xad56,0x8c93,
  0x73b0,0xa556,0xbdd8,0x738e,0x7bcf,0xb554,0x3125,0x3124,0x4a06,0x4a27,0x6b0b,0x8c0e,0xa4d1,0xbd73,0xce16,0xde97,
  0xe698,0xeed9,0xf71a,0xff5b,0xff19,0xff1a,0xff7b,0xf6f8,0xeed8,0xeed8,0xe677,0xc593,0xbd32,0xc593,0xde16,0xcdd5,
  0xd5f6,0xd636,0xd616,0x838c,0x3102,0x3103,0x2081,0x3985,0x4184,0x62a9,0xc5b4,0xde77,0xef19,0xff7b,0xff9b,0xf75a,
  0xff7a,0xff9b,0xff9b,0xff7a,0xff7a,0xff7a,0xff7a,0xf739,0xf75a,0xff7a,0xff9b,0xff9b,0xff7a,0xf739,0xf739,0xff7a,
  0xff7b,0xff7a,0xff7b,0xff7a,0xf75a,0xff7a,0xff9b,0xff7b,0xff7b,0xff5b,0xff5a,0xf75a,0xff7b,0xff9b,0xff9b,0xf73a,
  0xff7b,0xff9b,0xff9b,0xff7b,0xf73a,0xde97,0xd615,0xc593,0xc5b4,0xef19,0xff7b,0xf75a,0xf75a,0xf77a,0xf75a,0xff9b,
  0xf77b,0xff7b,0xf73a,0xf75a,0xeef9,0xff5b,0xff9b,0xff7b,0xff7b,0xf75a,0xef3a,0xf77b,0xff9b,0xf77b,0xf77b,0xff9b,
  0xf75a,0xef19,0xeefa,0x7b8d,0x738e,0x4209,0x1082,0x10a2,0x1082,0x0841,0x0861,0x10a2,0x10a2,0x10a2,0x10a2,0x10a2,
  0x10a2,0x1082,0x1082,0x1082,0x1082,0x10a2,0x18c3,0x10a2,0x1082,0x1082,0x10a2,0x18c3,0x18c3,0x1082,0x18e3,0x10a2,
  0x1082,0x1082,0x1082,0x10a2,0x1082,0x0861,0x0861,0x0861,0x0861,0x0861,0x0841,0x0841,0x0841,0x0841,0x0861,0x0861,
  0x0861,0x0861,0x0861,0x0841,0x0861,0x0841,0x0861,0x0020,0x0841,0x1082,0x1082,0x10a2,0x1082,0x1082,0x10a2,0x0841,
  0x0841,0x0841,0x0020,0x0861,0x1082,0x1082,0x1082,0x1082,0x1082,0x10a2,0x10a2,0x10a2,0x10a2,0x10a2,0x10a2,0x1082,
  0x10a2,0x1082,0x0861,0x0020,0x0841,0x0841,0x0841,0x10a2,0x1082,0x0841,0x1082,0x0861,0x0861,0x0861,0x0861,0x0861,
  0x0861,0x0861,0x0861,0x0861,0x0861,0x0861,0x0841,0x0841,0x0841,0x0841,0x0841,0x0841,0x0020,0x0020,0x0841,0x0841,
  0x0841,0x0861,0x0861,0x0861,0x0861,0x0861,0x0841,0x0841,0x0020,0x0020,0x0020,0x0861,0x0020,0x0020,0x0000,0x0000,
  0x0020,0x0861,0x0841,0x0000,0x0020,0x0020,0x0020,0x0841,0x0861,0x0841,0x0861,0x1081,0x0881,0x0881,0x0881,0x0881,
  0x8c73,0x39c8,0x630c,0x0841,0x0820,0x0820,0x0820,0x18a2,0x10a2,0x0000,0x18e3,0x18c3,0x0021,0x2966,0x3166,0x62cc,
  0x8c10,0x3146,0x2966,0x4a4a,0x2925,0x39a7,0x2945,0x0000,0x0841,0x2945,0x1082,0x18a2,0x10a2,0x10a3,0x31a7,0x3a08,
  0x39e8,0x4228,0x0020,0x4209,0xbe19,0xc63a,0x94b4,0x6b4d,0x0862,0x4229,0x94d4,0x8473,0xa536,0x9d15,0xa515,0x4a09,
  0x4187,0x838f,0x49c7,0x5a08,0x5a08,0x93cf,0xd5d7,0xde38,0xde58,0xeeba,0xde9a,0xc5f8,0xa515,0xa556,0xb5b8,0x9cf4,
  0x9cf4,0xa556,0x9d35,0x9cf5,0x73cf,0x4208,0x62ec,0x732d,0x526a,0x5aaa,0x3145,0x2924,0x20e3,0x28e3,0x3103,0x41a5,
  0x51e5,0x5a47,0x732a,0x8bcc,0x93ec,0x9c2d,0xb4d0,0xbd11,0xbd52,0xc573,0xd615,0xde36,0xd5f5,0xc594,0xd5f6,0xcdb5,
  0xc595,0xd5f6,0x836c,0x3103,0x3103,0x0800,0x1020,0x1040,0x28e2,0x49a5,0x7b4b,0xd5f6,0xf73a,0xff7b,0xf73a,0xf73a,
  0xff7a,0xff7b,0xff9b,0xff7b,0xf73a,0xf75a,0xf75a,0xf75a,0xff7b,0xf75a,0xff7a,0xff9b,0xf75a,0xf75a,0xf73a,0xeef8,
  0xf75a,0xff9b,0xff7b,0xff7a,0xff7a,0xff7a,0xff7b,0xf75a,0xff7b,0xff5a,0xf75a,0xff5a,0xff7b,0xff9b,0xf75a,0xff5b,
  0xff7b,0xff7b,0xf73a,0xff7b,0xff7b,0xf73a,0xff9b,0xf719,0xa4d0,0xb531,0xf75a,0xf75a,0xf77a,0xff7a,0xf759,0xf759,
  0xf75a,0xf77a,0xffbc,0xf75a,0xf75a,0xf77b,0xef1a,0xf73a,0xf75a,0xf75a,0xf75a,0xf73a,0xf75a,0xf75a,0xff7b,0xff9b,
  0xff7a,0xff5a,0xff7b,0xbdb5,0x6b2d,0x736e,0x18e4,0x10a3,0x10a2,0x1062,0x0841,0x0841,0x0861,0x18c3,0x10a2,0x10a2,
  0x1082,0x10a2,0x1082,0x1082,0x10a2,0x10a2,0x1082,0x1082,0x0861,0x0861,0x10a2,0x10a2,0x1082,0x0841,0x1082,0x18c3,
  0x18c3,0x10a2,0x10a2,0x10a2,0x0861,0x0861,0x1082,0x0861,0x0861,0x0861,0x0841,0x1082,0x0861,0x1082,0x0861,0x0841,
  0x0861,0x0861,0x0861,0x0861,0x0861,0x0861,0x0841,0x0861,0x0020,0x0861,0x10a2,0x1082,0x10a2,0x1082,0x1082,0x0861,
  0x0841,0x0861,0x0841,0x0841,0x1082,0x1082,0x0861,0x1082,0x1082,0x0861,0x1082,0x1082,0x18c3,0x1082,0x1082,0x1082,
  0x1082,0x1082,0x1082,0x0861,0x0020,0x0841,0x0841,0x0861,0x1082,0x1082,0x0861,0x0861,0x0861,0x0861,0x0861,0x0861,
  0x0861,0x0861,0x0861,0x0861,0x0861,0x0861,0x0861,0x1082,0x0841,0x0020,0x0020,0x0841,0x0841,0x0841,0x0020,0x0020,
  0x0020,0x0861,0x0861,0x0841,0x0841,0x0841,0x0841,0x0841,0x0861,0x0020,0x0000,0x0020,0x0000,0x0000,0x0020,0x0000,
  0x0841,0x0020,0x0861,0x0020,0x0020,0x0020,0x0020,0x0020,0x0861,0x0841,0x0861,0x0881,0x0881,0x0881,0x0881,0x0881,
  0xad56,0x630d,0x5acb,0x2104,0x0000,0x0820,0x1061,0x1061,0x0020,0x0000,0x0020,0x10a3,0x2965,0x2125,0x4208,0x6b0c,
  0xa4b3,0x18a3,0x4a29,0x6b6f,0x39e8,0x3166,0x18e4,0x0841,0x0000,0x31a6,0x39a7,0x2104,0x10a2,0x0861,0x632d,0x8c93,
  0x634e,0x4a6a,0x2145,0x0862,0xa556,0xd6bc,0x632d,0x4a69,0x31a6,0x0841,0x94b3,0x94d4,0x8c94,0x8473,0x9cf5,0x39a7,
  0x524a,0x3925,0x3946,0xbd35,0x72ec,0xac92,0xeeba,0xe69a,0xd639,0xc5b7,0xb597,0xa535,0x9cf5,0xa556,0x9cf4,0x9cf4,
  0x9d14,0xb5b7,0x9d36,0xad77,0x9cf4,0x1083,0x5aab,0x630d,0x4a4a,0x4a2a,0x41c8,0x5a8b,0x41e8,0x5249,0x5a8a,0x41a6,
  0x3103,0x20c1,0x3102,0x3102,0x3942,0x3942,0x3942,0x4183,0x49a4,0x51c5,0x6288,0x838c,0xacb1,0xcdd6,0xcdd6,0xd617,
  0xbd74,0x6aeb,0x28c2,0x3124,0x2903,0x1040,0x0800,0x1041,0x28c2,0x3944,0x49a5,0x942f,0xe698,0xf6fa,0xff5b,0xff5b,
  0xff7b,0xff7b,0xff7b,0xff9b,0xff7a,0xf75a,0xf75a,0xff7a,0xff9b,0xf739,0xff7a,0xff9b,0xf75a,0xf73a,0xff7a,0xf75a,
  0xf75a,0xff9b,0xf75a,0xf73a,0xff7b,0xff9b,0xff7b,0xf75a,0xff7b,0xff7b,0xff9b,0xff9b,0xff7b,0xf73a,0xf73a,0xff9b,
  0xff7b,0xde56,0xc593,0xde76,0xff7b,0xf73a,0xff5b,0xff7c,0xbd53,0x9c6f,0xd656,0xf77a,0xf75a,0xf77a,0xf79b,0xef5a,
  0xf79b,0xf77a,0xf79b,0xf75b,0xf79b,0xf79c,0xf77c,0xf77b,0xf75b,0xff5b,0xff7b,0xff7b,0xff7b,0xff7b,0xf75b,0xff7b,
  0xff7b,0xff7b,0xf75a,0xf75b,0x8c30,0x5aab,0x39a7,0x10a2,0x10c3,0x1082,0x1082,0x0841,0x0841,0x0841,0x0861,0x1082,
  0x1082,0x0861,0x1082,0x1082,0x1082,0x10a2,0x1082,0x1082,0x0861,0x0841,0x0861,0x1082,0x0861,0x0841,0x0841,0x10a2,
  0x18c3,0x10a2,0x10a2,0x10a2,0x10a2,0x1082,0x1082,0x0841,0x0861,0x0841,0x0861,0x0861,0x1082,0x0861,0x0841,0x0841,
  0x1082,0x0841,0x0861,0x0861,0x1082,0x0861,0x0861,0x0841,0x0841,0x0841,0x1082,0x10a2,0x10a2,0x1082,0x1082,0x1082,
  0x0861,0x0020,0x0841,0x0841,0x0841,0x0861,0x0861,0x0861,0x0861,0x0861,0x0861,0x1082,0x0861,0x0861,0x0861,0x1082,
  0x1082,0x1082,0x1082,0x1082,0x1082,0x0841,0x0841,0x0841,0x0841,0x0861,0x0861,0x1082,0x1082,0x0861,0x0861,0x0861,
  0x0861,0x0861,0x0861,0x0861,0x0861,0x0861,0x0841,0x0841,0x0861,0x0841,0x0841,0x0841,0x0841,0x0841,0x0841,0x0841,
  0x0020,0x0020,0x0020,0x0841,0x0861,0x0841,0x0841,0x0861,0x0861,0x0861,0x0841,0x0020,0x0020,0x0000,0x0000,0x0000,
  0x0020,0x0861,0x0841,0x0841,0x0000,0x0020,0x0021,0x0841,0x0841,0x0021,0x1082,0x0881,0x0861,0x0881,0x0881,0x0881,
  0xa536,0x632e,0x526a,0x5a8b,0x0000,0x0840,0x0841,0x0840,0x0020,0x0000,0x0000,0x18e4,0x3186,0x2125,0x41e8,0x41c8,
  0xa4d3,0x3166,0x4208,0x94b3,0x39e8,0x2966,0x0862,0x0041,0x0020,0x2945,0x3185,0x2103,0x31a6,0x0000,0x8452,0xdf3d,
  0x8472,0x632d,0x634d,0x0000,0x94b4,0xce9b,0x18e4,0x2104,0x2945,0x0841,0x8c52,0x94d4,0x8cb4,0xa556,0x8c52,0x4a4a,
  0x8bf0,0x20c4,0x8bf0,0xb4f4,0x730d,0x734e,0xce19,0xc5f8,0xb576,0x9cd4,0x9cd4,0xa515,0x9d15,0x94d4,0x94f4,0x9d15,
  0x94d4,0xa556,0xad98,0xa536,0xad97,0x2987,0x2125,0x39c8,0x526b,0x0001,0x2946,0x39a7,0x20e4,0x18a3,0x2105,0x1082,
  0x3124,0x20c2,0x28c2,0x3144,0x3944,0x3123,0x3102,0x4163,0x3943,0x3923,0x3103,0x3923,0x3944,0x51e7,0x730b,0x836d,
  0x4185,0x0820,0x1881,0x20c2,0x18a2,0x0800,0x1882,0x5a4a,0x5a49,0x30e3,0x3944,0x49c6,0xa490,0xeed9,0xf73b,0xff7c,
  0xff7b,0xff9b,0xff9b,0xff9b,0xf75a,0xf75a,0xff7a,0xff9b,0xff7b,0xf73a,0xf73a,0xff9b,0xff9b,0xef19,0xef19,0xff7b,
  0xf75a,0xf75a,0xf739,0xf75a,0xff9b,0xff7b,0xf75a,0xf75a,0xff7b,0xff7b,0xff9b,0xff7b,0xff7b,0xff5a,0xff7b,0xff7b,
  0xff7b,0xde77,0xbd73,0xbd93,0xeef9,0xffbc,0xff5b,0xf75b,0xacf2,0xad12,0xbd94,0xf77c,0xff9c,0xff9c,0xf7bc,0xffdd,
  0xf77c,0xef5b,0xf77c,0xf79d,0xffbe,0xe73c,0xe73c,0xef3c,0xe71b,0xdeba,0xd679,0xd659,0xd679,0xd699,0xdeba,0xe71b,
  0xf75c,0xf77c,0xef3a,0xf77b,0xce17,0x5acb,0x39c8,0x10a2,0x1082,0x10a2,0x1082,0x0861,0x1082,0x1082,0x0841,0x0841,
  0x0841,0x1082,0x0861,0x0861,0x0841,0x1082,0x0861,0x0861,0x1082,0x1082,0x0841,0x0841,0x0861,0x0841,0x0861,0x1082,
  0x1082,0x10a2,0x18c3,0x18c3,0x10a2,0x10a2,0x10a2,0x10a2,0x1082,0x0841,0x0841,0x1082,0x0841,0x0861,0x0841,0x0861,
  0x0841,0x0861,0x0841,0x0861,0x0861,0x0861,0x0861,0x0841,0x0841,0x0841,0x1082,0x10a2,0x1082,0x1082,0x1082,0x1082,
  0x1082,0x1082,0x0020,0x0841,0x0020,0x0020,0x0841,0x0861,0x0861,0x0861,0x0861,0x0861,0x0861,0x0861,0x0861,0x0861,
  0x0841,0x1082,0x1082,0x1082,0x1082,0x1082,0x1082,0x0861,0x0841,0x0861,0x0861,0x0861,0x0861,0x0861,0x0861,0x0861,
  0x0861,0x0861,0x0841,0x0841,0x0861,0x0861,0x0861,0x0861,0x0861,0x0861,0x0861,0x0841,0x0841,0x0020,0x0020,0x0841,
  0x0841,0x0020,0x0020,0x0020,0x0841,0x0841,0x0841,0x0841,0x0841,0x0841,0x0861,0x1082,0x1082,0x0000,0x0000,0x0020,
  0x0000,0x0020,0x0861,0x0841,0x0020,0x0020,0x0841,0x0841,0x10a2,0x0841,0x0841,0x0881,0x1081,0x0881,0x0881,0x0881,
  0x94b4,0x7bd0,0x4a29,0x83f0,0x1061,0x0820,0x0841,0x0841,0x0841,0x0000,0x0020,0x0841,0x10a2,0x2966,0x3187,0x1062,
  0x83af,0x6b0c,0x94b3,0x632d,0x528b,0x31a7,0x0020,0x0861,0x0000,0x18c3,0x39e7,0x20e3,0x31a6,0x0021,0x424a,0xd6dc,
  0xb5d8,0x8451,0x7bcf,0x0882,0x73af,0xce9b,0x4a49,0x18c2,0x4208,0x0841,0x528b,0xa515,0x94b4,0xa536,0x7bb0,0x62ec,
  0x41a7,0x3125,0xa4b3,0xacf4,0x62ac,0x4a09,0xb577,0xad16,0xa536,0xa556,0x9cf5,0x94b4,0x9cd4,0x9cf4,0xa576,0xa576,
  0xadb7,0xa576,0xa557,0xa557,0xad77,0x3a08,0x0000,0x4a69,0x6b4e,0x0001,0x2125,0x39e8,0x0862,0x10a2,0x1082,0x2104,
  0x3166,0x20e4,0x3986,0x20c3,0x20a2,0x28c3,0x3104,0x30e3,0x28e2,0x2081,0x28a2,0x3103,0x28c3,0x1841,0x1020,0x0800,
  0x0800,0x1040,0x0840,0x0820,0x0820,0x1021,0x3946,0x6acc,0x6249,0x2882,0x3924,0x4144,0x6289,0xc574,0xeeda,0xff7c,
  0xff7b,0xf75a,0xff9b,0xf739,0xeef9,0xf73a,0xf75a,0xff9b,0xff7a,0xf75a,0xef19,0xf73a,0xf73a,0xff7a,0xf73a,0xf75a,
  0xffbb,0xf75a,0xf75a,0xff7b,0xff7b,0xff9b,0xff7b,0xff9b,0xff7b,0xff7b,0xff7b,0xff9b,0xff9b,0xff7b,0xff9b,0xff7b,
  0xf73a,0xff5b,0xd636,0xd615,0xff5a,0xff5b,0xeefa,0xde58,0x9430,0xbd96,0xacf4,0xe6fb,0xffbe,0xef3c,0xdedb,0xdefb,
  0xc618,0xd69a,0xce38,0xb596,0xb597,0xad56,0xa515,0x9cd4,0x9cf4,0xa515,0x94d4,0x94d4,0x94b3,0x94d4,0x9d15,0xa535,
  0xb597,0xdedb,0xef5b,0xf79b,0xe6fa,0x62ec,0x4a49,0x18e3,0x10c2,0x10a2,0x10a2,0x0841,0x1082,0x1082,0x0861,0x0861,
  0x0861,0x0841,0x0841,0x0841,0x0861,0x1082,0x1082,0x0841,0x0841,0x0841,0x0861,0x10a2,0x1082,0x0861,0x0841,0x0841,
  0x10a2,0x1082,0x10a2,0x10a2,0x10a2,0x10a2,0x10a2,0x10a2,0x18e3,0x10a2,0x10a2,0x0861,0x0861,0x0861,0x0861,0x0841,
  0x0861,0x0861,0x0861,0x0841,0x0861,0x0861,0x0861,0x0861,0x0861,0x0841,0x0861,0x10a2,0x10a2,0x1082,0x1082,0x0861,
  0x1082,0x1082,0x0861,0x0020,0x0020,0x0020,0x0020,0x0020,0x0861,0x0861,0x0861,0x0861,0x0861,0x0861,0x0861,0x0841,
  0x0861,0x0841,0x1082,0x1082,0x0861,0x0861,0x1082,0x1082,0x1082,0x10a2,0x1082,0x0861,0x0861,0x0861,0x0861,0x0861,
  0x0861,0x0861,0x0841,0x0841,0x0020,0x0841,0x0861,0x0861,0x0861,0x0861,0x0861,0x0861,0x0861,0x0841,0x0841,0x0841,
  0x0020,0x0841,0x0841,0x0841,0x0000,0x0000,0x0020,0x0841,0x0841,0x0020,0x0861,0x10a2,0x0020,0x0861,0x0841,0x0841,
  0x0020,0x0000,0x0020,0x0861,0x0020,0x0020,0x0020,0x0000,0x0862,0x0862,0x0861,0x0881,0x1081,0x0881,0x0881,0x0881,
  0x9494,0xad56,0x4a4b,0x8411,0x4a29,0x0000,0x0840,0x0840,0x0840,0x0841,0x0000,0x10a3,0x526a,0x4208,0x10a3,0x18e3,
  0x736d,0x7baf,0x9cb3,0xad35,0x630c,0x20e4,0x10a2,0x0861,0x0841,0x1061,0x39a6,0x18c2,0x2103,0x18c3,0x10a3,0xb5b8,
  0xcebc,0xb5b8,0x9d14,0x31c7,0x630c,0xa535,0x18c3,0x18c3,0x4229,0x18e4,0x18e3,0x5aec,0x94d4,0x9494,0x94b4,0x7bcf,
  0x0000,0x4a29,0xbd97,0x8bf1,0x0000,0x3166,0xb577,0xa536,0xa557,0xa557,0xad57,0xa556,0xa556,0xa557,0xad77,0xa536,
  0x94b4,0xa556,0xad97,0x9d16,0xad97,0x8431,0x0021,0x0841,0x18a3,0x0021,0x18c3,0x2124,0x0862,0x0861,0x18e4,0x3186,
  0x4208,0x2966,0x4209,0x2905,0x2945,0x39a7,0x4a08,0x1041,0x1020,0x2904,0x1882,0x1041,0x28e4,0x1062,0x0821,0x0820,
  0x0840,0x0820,0x0820,0x0820,0x0800,0x20c3,0x49e8,0x628a,0x6aaa,0x51e7,0x6249,0x6249,0x5a28,0x730b,0xd616,0xf73a,
  0xff9b,0xf77a,0xef39,0xf739,0xff7a,0xff9b,0xff9b,0xff9c,0xff7b,0xf75a,0xef19,0xf73a,0xf73a,0xf75a,0xf71a,0xf75a,
  0xff9b,0xf77a,0xf739,0xf75a,0xff9b,0xff9b,0xff7b,0xff9b,0xff7a,0xf759,0xff9b,0xff7b,0xf75a,0xff7c,0xff9c,0xff9c,
  0xf77c,0xff7c,0xf77c,0xf77c,0xf75c,0xe6da,0xdeba,0xc5d7,0x6aec,0x9472,0x736e,0xb576,0xc619,0x94d4,0x94d4,0x9cf5,
  0x94b4,0xad77,0xad97,0xa556,0xa556,0xad77,0xa557,0xa556,0xa536,0xad77,0xad97,0xa577,0xb5d8,0xadb7,0xad97,0x94f4,
  0x9d15,0xad97,0xd6b9,0xef3b,0xf77d,0x6b0c,0x39c8,0x2104,0x10c3,0x10a2,0x1082,0x0861,0x0841,0x10a2,0x10a2,0x10a2,
  0x0861,0x1082,0x0861,0x0861,0x0841,0x0841,0x0841,0x0841,0x1082,0x18e4,0x0861,0x2124,0x18c3,0x0861,0x0021,0x0861,
  0x1082,0x1082,0x1082,0x1082,0x1082,0x10a2,0x10a2,0x1082,0x0861,0x1082,0x10a2,0x1082,0x0861,0x0861,0x0861,0x0861,
  0x0861,0x0861,0x0861,0x0861,0x0861,0x18c3,0x0861,0x0861,0x0861,0x0861,0x0841,0x0861,0x10a2,0x1082,0x1082,0x0861,
  0x1082,0x1082,0x1082,0x1082,0x0841,0x0020,0x0841,0x0841,0x0841,0x0861,0x0841,0x10a2,0x1082,0x0861,0x0861,0x0861,
  0x0861,0x0861,0x0861,0x1082,0x0861,0x0861,0x0861,0x1082,0x1082,0x1082,0x0861,0x0861,0x0861,0x0861,0x0861,0x0841,
  0x0841,0x0841,0x0841,0x0841,0x10a2,0x2104,0x18c3,0x0861,0x0861,0x0861,0x0861,0x0861,0x0861,0x0841,0x0841,0x0841,
  0x0841,0x0020,0x0000,0x0020,0x0841,0x0020,0x0000,0x0000,0x0841,0x0041,0x0841,0x0841,0x0841,0x0861,0x1082,0x0020,
  0x0820,0x0000,0x0020,0x0841,0x0841,0x0020,0x0020,0x0020,0x0000,0x0841,0x0861,0x1082,0x1081,0x0881,0x0881,0x0881,
  0x9cf5,0xad77,0x52ac,0x528b,0x7bd0,0x0020,0x0820,0x0840,0x0840,0x0841,0x0020,0x0021,0x526a,0x2946,0x2105,0xa535,
  0x9cb2,0x7b8e,0x8410,0x738e,0x0841,0x18a3,0x2945,0x2945,0x0862,0x0021,0x2965,0x18e3,0x39e7,0x2965,0x0000,0x738f,
  0xce9c,0xbdf9,0x9cf4,0x8451,0x7bf0,0x52ab,0x0020,0x0861,0x2946,0x2945,0x0040,0x5aeb,0x8432,0x94b5,0xa536,0x39c8,
  0x0000,0x736e,0xa4d4,0x20c4,0x0841,0x6b2d,0xad77,0xa556,0xad57,0xad77,0xa536,0x9cf5,0x94b4,0xa557,0x9d15,0x94b4,
  0x94b4,0xad97,0xad98,0x9d16,0xa536,0xb597,0x4229,0x2104,0x2945,0x0000,0x1082,0x10a2,0x2945,0x3166,0x2966,0x0000,
  0x0862,0x0861,0x0841,0x2104,0x4229,0x4208,0x1882,0x2904,0x28e4,0x3966,0x41c7,0x1021,0x1021,0x0821,0x0841,0x0820,
  0x0820,0x0800,0x0821,0x1062,0x41a7,0x3966,0x3966,0x5a6a,0x41a6,0x628a,0x6229,0x834d,0x836d,0x6aea,0x83ad,0xd657,
  0xf75a,0xf77b,0xef59,0xf739,0xff7a,0xff9b,0xff9b,0xff9b,0xff7b,0xff7a,0xff9b,0xf75a,0xf75a,0xff7b,0xff7b,0xff9b,
  0xff9a,0xf779,0xf77a,0xff7a,0xf75a,0xf75a,0xff5a,0xff7b,0xff9b,0xf77a,0xf77b,0xf77b,0xef5b,0xef3b,0xdeda,0xdeba,
  0xd679,0xc5f8,0xad55,0xad55,0xbdf8,0xc619,0xbdb7,0xbdb7,0x5aac,0x52ab,0x9cd4,0xad56,0xc63a,0xb5b8,0xad77,0xa577,
  0xbdf9,0xbdf9,0xb5d8,0xb5d8,0xc63a,0xbe19,0xbe19,0xbe19,0xb5d8,0xb5d8,0xb5d8,0xad97,0xa577,0x9d35,0xad97,0xa556,
  0xb619,0xa576,0xad55,0xde99,0xef1c,0x62eb,0x2946,0x2945,0x10a2,0x10a2,0x1082,0x1082,0x0841,0x1082,0x10a2,0x10a2,
  0x10a2,0x1082,0x1082,0x0861,0x0861,0x0841,0x0841,0x0861,0x2966,0x10a2,0x0021,0x0841,0x18c3,0x1082,0x0841,0x0021,
  0x1082,0x10a2,0x10a2,0x1082,0x0861,0x0861,0x1082,0x10a2,0x1082,0x1082,0x1082,0x1082,0x10a2,0x1082,0x1082,0x0841,
  0x1082,0x0861,0x0861,0x0841,0x1082,0x0861,0x0861,0x0841,0x0841,0x0841,0x0841,0x0841,0x1082,0x1082,0x1082,0x0861,
  0x1082,0x10a2,0x1082,0x1082,0x1082,0x0020,0x0861,0x0841,0x0841,0x0020,0x0841,0x0020,0x1082,0x0841,0x0841,0x0861,
  0x1082,0x0861,0x1082,0x1082,0x1082,0x0861,0x1082,0x0861,0x0861,0x0861,0x0861,0x0841,0x0861,0x0861,0x0861,0x0861,
  0x0861,0x0861,0x0020,0x0000,0x0861,0x10a2,0x10a2,0x18c3,0x0861,0x0841,0x0841,0x0841,0x0841,0x0841,0x0861,0x0861,
  0x0841,0x0861,0x0841,0x0020,0x0020,0x0841,0x0020,0x0000,0x0000,0x0000,0x0020,0x0020,0x0841,0x0020,0x0000,0x0020,
  0x0020,0x0000,0x0000,0x0020,0x0020,0x0020,0x0861,0x0020,0x0861,0x0861,0x0841,0x0861,0x1082,0x0881,0x0881,0x0881,
  0x9cd5,0xb577,0x7bf1,0x18c4,0xa4f4,0x52ab,0x0000,0x0020,0x0840,0x0000,0x0000,0x0000,0x0001,0x4a6b,0x9cd5,0xb597,
  0xbd96,0x9451,0x83f0,0x41e8,0x0000,0x3186,0x2966,0x10a3,0x0021,0x0000,0x2986,0x31a6,0x18c3,0x2945,0x0841,0x2105,
  0xbdf9,0xce9b,0x52cc,0x3a08,0x5aeb,0x5aeb,0x39c7,0x0861,0x10a3,0x3186,0x0840,0x4228,0x8c73,0x8432,0x7bf0,0x0841,
  0x0000,0x7bd0,0x9cb4,0x4a2a,0x7bd0,0xad56,0x9d15,0xa557,0xa536,0x9d16,0xb5b8,0x94d5,0x9d15,0xad97,0x94b4,0x94b4,
  0x9d15,0xa556,0xa536,0xb5b8,0xa536,0xad77,0x94d4,0x31a7,0x4a4a,0x0021,0x0841,0x0841,0x39c7,0x4229,0x5aec,0x4a4a,
  0x2105,0x2104,0x4a49,0x39e8,0x4209,0x1082,0x18a2,0x2924,0x5a6a,0x3125,0x49c7,0x6acb,0x3125,0x0800,0x0820,0x0821,
  0x0820,0x0821,0x0800,0x20c3,0x5a49,0x49c8,0x4166,0x3946,0x49c7,0x5a49,0x628a,0x730c,0x730c,0x7b4d,0x62a9,0x944f,
  0xd657,0xef3a,0xffbb,0xef39,0xef18,0xff7a,0xf739,0xff5a,0xff9b,0xff7a,0xf75a,0xff7a,0xf75a,0xff7a,0xff7b,0xf75a,
  0xff7a,0xff7a,0xeef8,0xef19,0xf73a,0xf77b,0xff9c,0xff9c,0xf77c,0xdefb,0xce58,0xce58,0xc618,0xa534,0x9cf4,0xa534,
  0xa515,0xa515,0xa536,0xa556,0xad97,0xb597,0x9d15,0xad77,0xa515,0x31a7,0x4209,0x52ac,0x39c8,0x632e,0x9d15,0xb5f8,
  0xad77,0x73f0,0x5aec,0x52cc,0x73af,0x73af,0x5b0c,0x5aec,0x52ec,0x6b8f,0x73b0,0x94b4,0xb5b8,0xa556,0xad97,0x9d36,
  0xa577,0xad97,0xb596,0xd699,0xef3c,0x5aab,0x3187,0x2966,0x1082,0x1082,0x0861,0x1082,0x0841,0x0861,0x10a2,0x10a2,
  0x18c3,0x1082,0x10a2,0x1082,0x1082,0x1082,0x0861,0x0861,0x0861,0x0862,0x0841,0x0862,0x0841,0x1082,0x0861,0x0020,
  0x0861,0x10a2,0x1082,0x10a2,0x0861,0x0861,0x0861,0x1082,0x0861,0x1082,0x0861,0x1082,0x1082,0x1082,0x0861,0x0841,
  0x0841,0x1082,0x0861,0x0861,0x0861,0x10a2,0x0861,0x1082,0x0861,0x0861,0x0841,0x0841,0x1082,0x1082,0x1082,0x1082,
  0x0861,0x10a2,0x1082,0x0861,0x1082,0x0861,0x0020,0x0020,0x0020,0x0841,0x0020,0x0020,0x0020,0x0841,0x0841,0x0861,
  0x0841,0x0841,0x0861,0x1082,0x0861,0x0861,0x0861,0x0861,0x0861,0x0861,0x0861,0x0841,0x0861,0x1082,0x0861,0x0861,
  0x0841,0x0841,0x0020,0x0020,0x0841,0x0841,0x0861,0x0861,0x0841,0x0861,0x0841,0x0861,0x0861,0x0841,0x0861,0x0861,
  0x0841,0x1082,0x0861,0x0841,0x0861,0x0841,0x0000,0x0000,0x0020,0x0841,0x0000,0x0841,0x0820,0x0000,0x0000,0x0000,
  0x0020,0x0000,0x0000,0x0020,0x0000,0x0020,0x0861,0x0841,0x2104,0x1082,0x0841,0x0841,0x0881,0x0881,0x0881,0x0881,
  0x9494,0xa4f5,0xa4f5,0x2946,0x6b6e,0x39e8,0x0000,0x0000,0x0020,0x3186,0x4229,0x52ab,0x7bf1,0xad77,0xbdf9,0xc63a,
  0xb597,0x5aab,0x62ec,0x5aab,0x3987,0x0821,0x20e4,0x2945,0x1062,0x0862,0x10a3,0x4228,0x10a2,0x4208,0x31a6,0x0000,
  0x8411,0xdefd,0x7bf1,0x0000,0x5aeb,0x7bce,0x31a6,0x10a2,0x0862,0x2945,0x0881,0x2104,0x8c72,0x94b4,0x3187,0x0000,
  0x10a3,0x9493,0xad57,0xad57,0x9cf5,0x94b4,0x8452,0xa537,0xa536,0x94d5,0xa536,0xad77,0xad77,0xa536,0xa556,0xa556,
  0x94b4,0xa536,0xad77,0xad77,0x9cf5,0xad57,0xa556,0x528c,0x4209,0x18e4,0x0021,0x0861,0x4208,0x18e4,0x0862,0x62ed,
  0x3166,0x0000,0x1082,0x0021,0x0000,0x2945,0x18c3,0x18a3,0x20c3,0x3986,0x1882,0x4a08,0x6b0c,0x3986,0x0821,0x0000,
  0x1041,0x0800,0x2905,0x5a6a,0x5a4a,0x72ec,0x51e8,0x28c3,0x3104,0x49e7,0x5a29,0x4987,0x6acb,0x8bae,0x7b6d,0x5a89,
  0xad33,0xe6d9,0xff9b,0xf75a,0xef39,0xf77a,0xef39,0xf739,0xff7a,0xff9b,0xff7a,0xff7b,0xff7b,0xf75a,0xff9b,0xf77b,
  0xf73a,0xf73a,0xff7b,0xf75b,0xef1b,0xdeb9,0xce38,0xb575,0xb5b6,0xad96,0xad76,0xa555,0xa576,0xa556,0xb5b7,0xa577,
  0xad77,0xb5b8,0xb5b8,0xb5d8,0xb5b8,0x9d36,0xa556,0xad97,0x9cf5,0x94d4,0x4a6b,0x424a,0x2966,0x5b0d,0xbdf8,0x73d0,
  0x2966,0x3a09,0x2966,0x2145,0x2966,0x2987,0x2987,0x31a7,0x2145,0x2125,0x2145,0x634e,0x9d15,0x9d15,0xad77,0xa577,
  0xa556,0xad77,0xa535,0xce79,0xd67a,0x3166,0x3166,0x18c4,0x1082,0x1082,0x1082,0x1082,0x1082,0x0841,0x1082,0x10a2,
  0x1082,0x10a2,0x18c3,0x1082,0x1082,0x1082,0x1082,0x0841,0x0862,0x0841,0x0861,0x0862,0x18e3,0x10a3,0x10a2,0x0841,
  0x0841,0x1082,0x1082,0x1082,0x10a2,0x0861,0x0861,0x0841,0x0861,0x0020,0x0841,0x0841,0x1082,0x0861,0x0841,0x0841,
  0x0861,0x0841,0x0862,0x0841,0x0862,0x1082,0x0841,0x1082,0x18c3,0x0861,0x0861,0x0020,0x0861,0x1082,0x1082,0x1082,
  0x0861,0x1082,0x1082,0x1082,0x1082,0x1082,0x0841,0x0020,0x0841,0x0841,0x1082,0x0020,0x0020,0x0020,0x0020,0x0020,
  0x0861,0x0861,0x1082,0x0841,0x0861,0x0861,0x1082,0x0861,0x0861,0x0861,0x0861,0x0861,0x0861,0x0861,0x0861,0x1082,
  0x1082,0x0841,0x0841,0x0841,0x0020,0x0020,0x1082,0x0861,0x0020,0x0841,0x0861,0x0841,0x0841,0x0841,0x0841,0x0841,
  0x0861,0x0861,0x0841,0x0841,0x0861,0x10a2,0x0861,0x0020,0x0841,0x18a2,0x1061,0x1061,0x0020,0x0841,0x1082,0x0000,
  0x0000,0x0020,0x0000,0x0000,0x0020,0x0020,0x0000,0x0020,0x0861,0x1082,0x0841,0x0861,0x0881,0x0881,0x0881,0x0881,
  0x9474,0x9cf5,0xa515,0x630d,0x18e4,0x18e4,0x18c4,0x0000,0x31a8,0xb597,0xbdd8,0xc639,0xce7a,0x9cf4,0x7bf0,0x630d,
  0x39c8,0x41c8,0x4a09,0x4a49,0x83f0,0x41e8,0x2924,0x6b0c,0x3166,0x1062,0x0841,0x2945,0x2124,0x39e7,0x4a49,0x0000,
  0x39c8,0xce9b,0xad97,0x0862,0x18e3,0x52aa,0x2965,0x31a6,0x1082,0x10a2,0x18e3,0x0020,0x6b6e,0x5aec,0x0000,0x0000,
  0x3a09,0x9cd5,0xa536,0xad37,0x9cd5,0x9d15,0x9cf5,0xad77,0xa557,0xa556,0x9cf5,0xa536,0xa557,0x9cf5,0x9d15,0xa516,
  0x94d4,0xa556,0xa556,0x9d16,0xad77,0xa536,0x9cf5,0xa556,0x6b4e,0x2966,0x0000,0x1903,0x39e7,0x0841,0x1083,0x5acc,
  0x2104,0x0861,0x18c3,0x0841,0x0021,0x1082,0x0000,0x18c3,0x18a3,0x2904,0x39a7,0x1041,0x39c7,0x6b0c,0x39a7,0x1041,
  0x0800,0x3125,0x62ab,0x7b2d,0x72ec,0x7b0d,0x834e,0x6aab,0x2082,0x30e4,0x5a29,0x4186,0x838e,0x72ec,0x838e,0x7b4c,
  0x6b0b,0xc5d5,0xef3a,0xef3a,0xef39,0xef59,0xf77a,0xf75a,0xf75a,0xf75a,0xff7b,0xff9b,0xf77b,0xe6f9,0xef5b,0xffbc,
  0xef3c,0xe6fb,0xde9a,0xb596,0xa4f4,0xa4f4,0x9cd4,0xad56,0xb5b7,0xb5b8,0xb5d8,0xbe19,0xbe19,0xb5b7,0xa536,0xad97,
  0x94f4,0xad97,0xa536,0xad97,0xad97,0x9d15,0x8cb3,0x8cb3,0x9d15,0xb5b8,0xad97,0x9d14,0x9d14,0xc639,0x8431,0x10a3,
  0x73af,0xb5d8,0xb5b7,0xad76,0x9d15,0x9cf4,0xb597,0xa535,0xad96,0xb5b7,0x94d4,0x73cf,0x94d4,0x94d4,0x9d15,0xa556,
  0x94b4,0xa515,0x39c8,0x8431,0xb576,0x1062,0x18e4,0x18c3,0x1082,0x1082,0x1082,0x1082,0x1082,0x0020,0x1082,0x10a2,
  0x1082,0x1082,0x10a2,0x10a2,0x10a2,0x1082,0x1082,0x1082,0x0841,0x0861,0x1082,0x1082,0x0861,0x18e3,0x0861,0x0862,
  0x0020,0x0861,0x1082,0x1082,0x10a2,0x10a2,0x0861,0x0841,0x0861,0x0861,0x1082,0x0861,0x0841,0x0841,0x0020,0x0841,
  0x0841,0x18c3,0x0861,0x0861,0x0861,0x1082,0x0862,0x0862,0x10a2,0x18c2,0x0841,0x0020,0x0841,0x1082,0x1082,0x1082,
  0x1082,0x1082,0x1082,0x1082,0x1082,0x1082,0x0861,0x0020,0x0020,0x0841,0x0861,0x0020,0x0020,0x0020,0x0841,0x0841,
  0x0000,0x10a2,0x18c3,0x10a2,0x0861,0x0861,0x1082,0x0861,0x10a2,0x0862,0x10a2,0x1082,0x1082,0x0861,0x0861,0x10a2,
  0x2124,0x2124,0x0020,0x0841,0x0841,0x0020,0x1082,0x1082,0x1082,0x0841,0x0841,0x0861,0x0861,0x0841,0x0841,0x0841,
  0x0841,0x0841,0x0841,0x0841,0x0841,0x0861,0x10a2,0x0841,0x0000,0x1041,0x1062,0x1082,0x18c3,0x1082,0x20e3,0x0020,
  0x0020,0x0020,0x0020,0x0020,0x0020,0x0000,0x0000,0x0000,0x0000,0x0841,0x0841,0x0861,0x1081,0x0881,0x0881,0x0881,
  0x9473,0x9493,0xa536,0x62ed,0x0863,0x39c8,0x39c8,0x31a7,0x5aed,0xad56,0x9cf4,0x632e,0x528a,0x2945,0x0020,0x10a3,
  0x528b,0x7baf,0x738e,0x41e8,0x39a7,0xad14,0x5a8a,0x5aaa,0x5269,0x0841,0x0841,0x1082,0x4208,0x18e4,0x3186,0x18c3,
  0x0021,0x8c73,0xc65a,0x2946,0x0000,0x2965,0x31a6,0x39e8,0x0841,0x0841,0x2124,0x0862,0x0841,0x1082,0x0841,0x0000,
  0x6b4e,0xad77,0x9cf5,0xa516,0x9cd5,0x9493,0xad77,0xad57,0xa536,0x9d16,0xa556,0xa536,0x9cd5,0xa557,0xad98,0xa556,
  0xa556,0xad98,0x9d16,0x9cf5,0xb5b8,0x94b4,0x8c73,0xb598,0x94d4,0x31a7,0x0841,0x2124,0x2124,0x0841,0x31a7,0x5acc,
  0x0821,0x18e3,0x2145,0x10a2,0x0861,0x2945,0x2104,0x3166,0x18a3,0x0821,0x1082,0x10a3,0x0841,0x18e3,0x4208,0x4208,
  0x18a3,0x41c8,0x62ab,0x5a6a,0x6aab,0x6acc,0x6aab,0x7b2d,0x3925,0x3966,0x49e8,0x5209,0x8bd0,0x836e,0x72ec,0x7b2d,
  0x62aa,0x7b8d,0xd658,0xef1a,0xf77b,0xf77b,0xf75b,0xef3a,0xf77c,0xef3b,0xf75b,0xf77c,0xf77c,0xef5c,0xe6fb,0xd699,
  0xad76,0xad56,0x9cf4,0xa536,0xad56,0xb5b8,0xad97,0xbe19,0xad77,0x9d15,0x738f,0x52ab,0x4229,0x632d,0x94b3,0xb5b7,
  0xa555,0xa535,0xad76,0xad96,0x9d14,0x94b3,0x8c92,0x94d3,0xa556,0xad77,0x9cf4,0xa535,0xb5b7,0x630d,0x0862,0x738f,
  0xad97,0xa556,0xad77,0xad97,0xa556,0x9d15,0xad97,0xa536,0x9d14,0xad76,0x94d3,0x9d14,0xad76,0x8c72,0xa515,0x9d15,
  0xa515,0x5acc,0x0000,0x9473,0x6b4d,0x0861,0x2124,0x1082,0x10a2,0x1082,0x1082,0x1082,0x18c3,0x0841,0x0861,0x18c3,
  0x18c3,0x10a2,0x1082,0x1082,0x10a2,0x0861,0x1082,0x10a2,0x1082,0x0861,0x1082,0x0841,0x0861,0x0841,0x0861,0x0841,
  0x0020,0x0841,0x10a2,0x1082,0x1082,0x1082,0x1082,0x0841,0x18c3,0x0841,0x1082,0x0861,0x0861,0x0020,0x0020,0x0841,
  0x0841,0x0841,0x18c3,0x0021,0x0841,0x10a3,0x18e3,0x1082,0x18e3,0x10a2,0x0861,0x0841,0x0841,0x1082,0x10a2,0x1082,
  0x1082,0x1082,0x10a2,0x1082,0x0861,0x1082,0x10a2,0x0020,0x0841,0x0841,0x0020,0x0841,0x0841,0x0020,0x0841,0x0841,
  0x0861,0x0020,0x1082,0x0861,0x0861,0x0861,0x0861,0x0841,0x0862,0x0861,0x1082,0x10a2,0x1082,0x0862,0x0861,0x0861,
  0x10a2,0x18c3,0x0841,0x0020,0x0020,0x0841,0x0861,0x10a2,0x10a2,0x0861,0x0020,0x0841,0x0861,0x0861,0x0841,0x0841,
  0x0841,0x0020,0x0841,0x0841,0x0841,0x0861,0x0841,0x1082,0x0020,0x0841,0x0861,0x1082,0x1082,0x0841,0x0861,0x1061,
  0x0000,0x0020,0x0020,0x0020,0x0000,0x0000,0x0020,0x0841,0x0020,0x0020,0x0841,0x0861,0x1081,0x0881,0x0881,0x0881,
  0x94b4,0x9cd4,0xa515,0x31a7,0x3187,0x4229,0x39c7,0x2986,0x2946,0x2946,0x18e4,0x0821,0x0862,0x18e4,0x2966,0x4229,
  0x7bf1,0x8411,0x5acc,0x1062,0x0800,0x5249,0xc5b6,0x83ae,0x7b6d,0x49e8,0x39a7,0x0862,0x4209,0x2966,0x10a3,0x2104,
  0x0020,0x2105,0xc619,0x4a6a,0x0000,0x0861,0x2966,0x18e4,0x2104,0x0841,0x2104,0x2125,0x0000,0x2104,0x0841,0x18c3,
  0x9cb4,0xad77,0xad77,0xa537,0xa536,0x9cf5,0xa536,0xad57,0xa516,0x8c73,0xa557,0xa557,0x94b4,0x9d16,0xad77,0xa516,
  0x9cf5,0x9d16,0x9d15,0xad77,0xad77,0x94b4,0x8452,0xa536,0xad56,0x5acc,0x2125,0x0841,0x10a2,0x1082,0x31a7,0x4a29,
  0x1082,0x10a3,0x1082,0x0020,0x0020,0x18c3,0x526a,0x1883,0x0000,0x18c3,0x2945,0x18a3,0x10a3,0x0000,0x0000,0x18a3,
  0x2905,0x18a3,0x41c8,0x5a6a,0x6acc,0x3925,0x2082,0x30e4,0x3945,0x3966,0x5209,0x5a6b,0x7b2e,0x8bd0,0x7b2d,0x834e,
  0x7b8d,0x5248,0x9450,0xde98,0xef3a,0xf75b,0xef5b,0xef5c,0xf75c,0xf77d,0xef5c,0xd699,0xc639,0xa535,0x94d4,0x7c11,
  0x7bf1,0xa516,0xb5d8,0xc65a,0xbdf9,0x9d35,0x73d0,0x3a09,0x2966,0x424a,0x52ab,0x424a,0x634d,0x9cf4,0x94d3,0xa535,
  0xad75,0xa534,0x9cf4,0xa535,0xad76,0xa555,0x9d14,0xb597,0x94d4,0x9493,0xa535,0xa535,0x52ab,0x0020,0x5acc,0xad77,
  0xad97,0xb5b8,0x9d15,0xad97,0xb5b8,0x9cf4,0x94b3,0xb5b7,0x8c72,0x9cd3,0x8c72,0x9cd4,0x94d4,0x8c72,0x9d15,0xb597,
  0x6b4d,0x0841,0x5acc,0xc63a,0x4a49,0x10a2,0x18c3,0x1082,0x1082,0x1082,0x1082,0x1082,0x10a2,0x1082,0x0841,0x1082,
  0x10a2,0x10a2,0x10a2,0x10a2,0x10a2,0x10a2,0x0861,0x1082,0x1082,0x0861,0x0861,0x0861,0x0841,0x0861,0x0861,0x10a2,
  0x0020,0x0841,0x1082,0x1082,0x1082,0x1082,0x0861,0x1082,0x0861,0x0841,0x0020,0x0861,0x0020,0x0020,0x0861,0x0861,
  0x10a3,0x18e4,0x1082,0x0861,0x0020,0x18c3,0x18c3,0x18c3,0x0841,0x0020,0x0841,0x0861,0x0841,0x0861,0x1082,0x1082,
  0x1082,0x1082,0x1082,0x0861,0x0841,0x0841,0x1082,0x18c3,0x0000,0x1082,0x0861,0x0841,0x0841,0x0841,0x0020,0x0841,
  0x0020,0x1082,0x0841,0x0020,0x0020,0x0861,0x0861,0x0841,0x0841,0x0841,0x0862,0x0862,0x0861,0x0841,0x0841,0x0841,
  0x1082,0x2104,0x10a2,0x0841,0x0000,0x0861,0x0861,0x0841,0x0861,0x1082,0x0861,0x0020,0x0841,0x0861,0x0841,0x0841,
  0x0861,0x0841,0x0841,0x0841,0x0841,0x0841,0x0841,0x0841,0x0841,0x0020,0x0020,0x0020,0x0000,0x0821,0x0020,0x0821,
  0x0000,0x0000,0x0020,0x0020,0x0821,0x0861,0x1061,0x1062,0x0861,0x0020,0x0841,0x0861,0x1081,0x0881,0x0881,0x0881,
  0x9cd4,0xb577,0x9cd4,0x10a3,0x5acc,0x528a,0x2945,0x18c3,0x2965,0x18e3,0x18e3,0x18c3,0x528a,0x630d,0x632e,0x4a4b,
  0x630d,0x4a4a,0x0021,0x0821,0x20e3,0x1061,0x62cb,0xd618,0x9c51,0x6acb,0x49e8,0x20c4,0x39a7,0x4229,0x1082,0x2965,
  0x2103,0x0000,0x52ac,0xad76,0x18e3,0x0000,0x2104,0x39a8,0x2965,0x18c3,0x1083,0x4209,0x1082,0x0020,0x0000,0x4a29,
  0xb577,0xa516,0xad78,0xb598,0xa536,0xa536,0xad57,0xa516,0x94b4,0x8412,0x94d5,0xa557,0x94b4,0x9cf5,0xa557,0x9cf5,
  0x9d15,0xad77,0xa536,0xad97,0xad97,0x94d4,0xa535,0xad97,0xa556,0x9cf5,0x4a6a,0x2145,0x0000,0x10a2,0x18c3,0x3166,
  0x18c3,0x31a6,0x0020,0x0000,0x20e3,0x18c3,0x41e8,0x62cc,0x18c3,0x3166,0x39c7,0x1082,0x18c3,0x41e8,0x526a,0x5a8b,
  0x62ec,0x5a8b,0x5a8b,0x4a08,0x1862,0x28c3,0x41a7,0x49c7,0x4a08,0x2904,0x3125,0x6acc,0x628b,0x6acc,0x7b0d,0x8baf,
  0xa492,0x5228,0x3985,0xa4d2,0xdeb9,0xef3c,0xe71b,0xce58,0xc5f8,0xad76,0xa514,0x8c52,0x8452,0x8432,0x94f5,0xa556,
  0xb5d8,0xa556,0x8431,0x52ab,0x4229,0x3a08,0x3a08,0x52cb,0x73cf,0x9cf4,0x8c92,0xad76,0xb5f7,0xad96,0x94b3,0xa535,
  0xad96,0xa555,0xa535,0xa535,0x9d15,0xad76,0xa535,0x9d15,0x9cf4,0xa515,0x632d,0x18e4,0x0882,0x7bd0,0x8c52,0x8411,
  0xa556,0xa556,0x9d15,0x94d4,0xb5b7,0xadb7,0x9d14,0xad96,0x94d3,0x8c72,0x8431,0xa535,0x9cf4,0x9d14,0xad76,0x52ab,
  0x0841,0x52ab,0xad57,0xa536,0x2145,0x0020,0x0861,0x1082,0x10a2,0x1082,0x1082,0x1082,0x1082,0x10a2,0x0861,0x0841,
  0x1082,0x1082,0x10a2,0x1082,0x1082,0x10a2,0x10a2,0x1082,0x1082,0x1082,0x0861,0x0841,0x0841,0x0020,0x1082,0x0861,
  0x0861,0x0020,0x0861,0x1082,0x1082,0x1082,0x1082,0x0861,0x0861,0x0841,0x0841,0x0861,0x0861,0x0020,0x0861,0x18e3,
  0x31a6,0x2104,0x0862,0x1082,0x18e3,0x0862,0x18c3,0x1082,0x0862,0x0861,0x1082,0x0841,0x0841,0x0020,0x0861,0x1082,
  0x1082,0x1082,0x1082,0x0861,0x0841,0x0000,0x0861,0x10a2,0x0020,0x0020,0x10a2,0x0861,0x0841,0x0841,0x0841,0x0841,
  0x0841,0x0020,0x0841,0x0841,0x0841,0x0020,0x0020,0x0020,0x0862,0x0841,0x10a2,0x2125,0x18c3,0x0861,0x0021,0x0841,
  0x0862,0x10a2,0x10a2,0x1082,0x0020,0x0000,0x0861,0x0861,0x0841,0x0861,0x10a2,0x0841,0x0020,0x0841,0x0841,0x0841,
  0x0861,0x0841,0x0841,0x0841,0x0841,0x0841,0x0841,0x0841,0x0841,0x0020,0x0020,0x0000,0x0000,0x1082,0x0841,0x18a3,
  0x0861,0x0000,0x0020,0x0841,0x1062,0x1062,0x1061,0x1041,0x1061,0x0861,0x0841,0x0861,0x0881,0x0881,0x0881,0x0881,
  0xa515,0xad57,0x9cd4,0x0842,0x2966,0x4a49,0x39e8,0x2125,0x39c7,0x3186,0x3186,0x4a4a,0x6b4e,0x5aed,0x632d,0x5aec,
  0x31a7,0x0000,0x0020,0x1082,0x1082,0x31a6,0x1082,0x5249,0xce18,0x8bf0,0x18a3,0x39a7,0x18c4,0x5aec,0x1904,0x39e7,
  0x39e6,0x0841,0x0000,0x738e,0x4208,0x0020,0x0861,0x18c3,0x10a3,0x18e4,0x0020,0x2124,0x2104,0x0000,0x0000,0x6b2d,
  0xad77,0x94b4,0xad77,0xb5b8,0x94d4,0xa536,0xa536,0xa516,0xa536,0x94d4,0x9d16,0x9d16,0x8c73,0x94b4,0x9cf5,0x7bf1,
  0xa556,0xad98,0x9494,0x9d15,0xad77,0x9cf5,0x9cf5,0x9d15,0x9cd5,0x9cf5,0x39e9,0x3a09,0x39e8,0x0000,0x0000,0x0020,
  0x0841,0x1082,0x18a3,0x4208,0x5acb,0x2104,0x1062,0x524a,0x4209,0x0000,0x0000,0x1882,0x7b8f,0x8c11,0x7b8f,0x5a6a,
  0x83d0,0x62cc,0x20a3,0x0800,0x0000,0x0821,0x3146,0x18c3,0x0841,0x2904,0x28e4,0x3986,0x62ab,0x732d,0x732d,0x62ab,
  0x8c10,0x62cb,0x1062,0x3145,0xa4f4,0xce39,0xa514,0x94b3,0xa515,0x9cd4,0x9cd5,0xa556,0x9d15,0xa556,0xb5d8,0xa556,
  0x52ab,0x2986,0x3a08,0x634d,0x8cb3,0xa555,0x94d3,0xad96,0x94d3,0x9d14,0x8451,0xa535,0xad76,0xa535,0x9d15,0xad76,
  0xa556,0xa535,0xa535,0xa556,0xad97,0xb5b7,0x9cf5,0x94b4,0x94d4,0x4a49,0x0842,0x0862,0x3a08,0xa535,0xb5b7,0xad97,
  0x8451,0x94b3,0x9d14,0x8451,0x94d4,0xad96,0xad76,0xa535,0xad76,0xb5b8,0x9cf4,0x73af,0x6b4d,0x6b6d,0x1904,0x1082,
  0x6b4e,0x73b0,0x94b4,0x73af,0x0000,0x0041,0x0861,0x1081,0x1082,0x1082,0x1082,0x1082,0x1082,0x10a2,0x0861,0x0841,
  0x10a2,0x10a2,0x10a2,0x10a2,0x10a2,0x10a2,0x10a2,0x18c3,0x1082,0x1082,0x0861,0x0861,0x0841,0x0841,0x0841,0x1082,
  0x0841,0x0021,0x0021,0x0862,0x10a3,0x18c3,0x1082,0x1082,0x0861,0x0861,0x0841,0x0861,0x0841,0x0020,0x0020,0x10a2,
  0x0841,0x2125,0x0882,0x0862,0x10a2,0x2965,0x0021,0x18c3,0x1082,0x0861,0x0861,0x0841,0x0841,0x0021,0x0841,0x1082,
  0x1082,0x1082,0x0841,0x0861,0x1081,0x0841,0x0020,0x1082,0x0841,0x0020,0x0861,0x0861,0x0861,0x0861,0x0861,0x0861,
  0x0841,0x0841,0x0841,0x0020,0x0020,0x0841,0x0020,0x0841,0x0861,0x18c3,0x0841,0x18e3,0x1082,0x0020,0x0020,0x0861,
  0x0020,0x0841,0x0841,0x0841,0x0861,0x0020,0x0020,0x0841,0x0861,0x0841,0x1082,0x10a2,0x0020,0x0841,0x0861,0x0841,
  0x0861,0x0841,0x0841,0x0841,0x0841,0x0841,0x0841,0x0841,0x0841,0x0020,0x0020,0x0020,0x0020,0x0861,0x18c3,0x0841,
  0x1082,0x0000,0x0020,0x0020,0x0841,0x0841,0x0841,0x0841,0x1061,0x1082,0x1081,0x0861,0x0881,0x0881,0x1081,0x1081,
  0x8412,0x8c73,0x9493,0x0021,0x39e8,0x632d,0x4a6a,0x2946,0x2105,0x41e9,0x5aed,0x83f1,0x736f,0x526b,0x73af,0x39c8,
  0x0020,0x0020,0x0841,0x0020,0x0862,0x5acb,0x39e8,0x0000,0x39a7,0xa4f4,0x7baf,0x5acb,0x1082,0x39c7,0x39e7,0x18c3,
  0x2103,0x18c3,0x0000,0x18e3,0x4229,0x10a3,0x0841,0x0861,0x2104,0x18e4,0x0841,0x1082,0x18e3,0x0000,0x0000,0x8c52,
  0xad77,0x9cf5,0xbdb9,0xbdd9,0xa516,0x73b0,0x94b4,0xad57,0xa556,0x9cf5,0xa556,0xad97,0x9cf5,0x9cf5,0xa556,0x94d4,
  0xa516,0xad77,0xad77,0xa557,0x9d15,0xa557,0xa557,0x94b4,0x8c94,0xa536,0x52cc,0x0021,0x6b6e,0x6b4d,0x2124,0x0020,
  0x0000,0x0000,0x1082,0x39e8,0x1083,0x0862,0x1083,0x1082,0x2104,0x2966,0x2925,0x1062,0x39a8,0x7b8f,0x7b8f,0x6b0d,
  0x4187,0x20a3,0x2083,0x1042,0x1021,0x0801,0x0000,0x0841,0x2904,0x49e8,0x1882,0x1842,0x3105,0x4a09,0x734d,0x6b4d,
  0x3187,0x8c52,0x630d,0x18c4,0x7bd0,0xc619,0xbdf8,0xbdd8,0xb5b8,0xb5b8,0xa557,0xb5d8,0xa556,0x7c10,0x52ec,0x18e4,
  0x4249,0x8451,0xad96,0xadb7,0xa576,0x94f4,0xa535,0x9d14,0x9cf4,0xad76,0xa535,0xb5b7,0xad76,0x94d3,0x9493,0xa535,
  0xad76,0x8cb3,0xa556,0xa556,0x94b4,0xa536,0xad76,0x8c93,0x2104,0x1082,0x39e8,0x31a8,0xad97,0xa556,0xa556,0xa596,
  0xad76,0x9cd4,0x9d14,0xb5b7,0xad76,0x9cf4,0xa555,0x94d3,0x8c52,0xa556,0x7bd0,0x0000,0x0861,0x0021,0x2125,0x7bcf,
  0x7bd0,0x73b0,0x9d15,0x2966,0x0021,0x1082,0x0861,0x0861,0x1082,0x0862,0x1082,0x1082,0x1082,0x1082,0x1082,0x0020,
  0x10a2,0x18c3,0x1082,0x10a2,0x10a2,0x10a2,0x10a2,0x1082,0x1082,0x1082,0x18c3,0x1082,0x0841,0x0841,0x0020,0x0841,
  0x1082,0x0841,0x0021,0x0021,0x0861,0x0862,0x18c3,0x10a2,0x10a2,0x0861,0x1082,0x0861,0x0841,0x0020,0x0020,0x0020,
  0x0841,0x0862,0x1082,0x0020,0x0862,0x10a2,0x0841,0x0021,0x18c3,0x1082,0x1082,0x1082,0x0842,0x0841,0x0841,0x1082,
  0x1081,0x1081,0x0861,0x0020,0x1082,0x1082,0x1082,0x1082,0x0841,0x0020,0x0861,0x0841,0x0861,0x0861,0x0861,0x1082,
  0x0861,0x0861,0x0861,0x0861,0x0841,0x0020,0x0020,0x0000,0x10a2,0x10a2,0x0861,0x0841,0x0020,0x0020,0x0841,0x0020,
  0x0020,0x0841,0x0861,0x0841,0x0861,0x0861,0x0000,0x0841,0x1082,0x0861,0x0861,0x18e3,0x0861,0x0020,0x0841,0x0861,
  0x0841,0x0861,0x0841,0x0841,0x0841,0x0841,0x0841,0x0841,0x0841,0x0841,0x0000,0x0020,0x0020,0x0000,0x0041,0x0020,
  0x0020,0x0020,0x0000,0x0020,0x0000,0x0000,0x0000,0x0000,0x0841,0x1061,0x1081,0x0861,0x0881,0x0881,0x1081,0x1081,
  0x9474,0x8c53,0xa536,0x2946,0x2966,0x632d,0x4229,0x31a7,0x5aed,0x5aed,0x4a4b,0x7390,0x7bd1,0x8411,0x39c8,0x0000,
  0x0020,0x0841,0x0861,0x0021,0x0862,0x2945,0x3186,0x0841,0x1062,0x39c8,0x6b4e,0xa4f4,0x4a6a,0x1062,0x5acb,0x1082,
  0x4a69,0x4208,0x0861,0x0000,0x4228,0x4228,0x0841,0x0841,0x2104,0x39c7,0x2104,0x0020,0x18e3,0x0021,0x10a3,0x9493,
  0xad57,0xad37,0x9cd5,0xad57,0xa516,0x39e9,0x94b4,0xa556,0x94f5,0xa556,0xad97,0xa556,0x8c73,0xa536,0x9cf5,0x94b4,
  0x9cf5,0x94d4,0x9cf5,0xa557,0x8c73,0x94b4,0x9cf5,0xa536,0xb5b8,0xbdf9,0xa536,0x4a6a,0x0862,0x31a7,0x5aec,0x4229,
  0x52ab,0x4229,0x2966,0x41e8,0x5acb,0x736e,0x8c52,0x8c31,0x83f1,0x83f0,0x8411,0x6b2d,0x6b4e,0x734e,0x41c8,0x3125,
  0x30e4,0x4166,0x4187,0x2062,0x1842,0x1842,0x1842,0x2083,0x1842,0x28e4,0x28e4,0x3125,0x30e4,0x2083,0x20c3,0x39a7,
  0x1082,0x41e8,0xad56,0x8c52,0x632e,0x4209,0x8432,0x94d4,0xb5b8,0xad97,0xad97,0x8431,0x39e8,0x2125,0x52ab,0x8c72,
  0xad96,0xad76,0x94b3,0x9d35,0xad96,0xadb7,0x9cf4,0x9cf4,0x94b3,0x9cd4,0x9cd4,0xad76,0x9d14,0x8c92,0x8c93,0xad96,
  0xa555,0xa576,0xa556,0xa536,0x94d4,0x9cf5,0x9cf4,0x2946,0x0000,0x1082,0x2125,0x8c73,0xad97,0xa556,0x9d35,0x94d4,
  0xa556,0x94d3,0x94d3,0xad56,0xad76,0x8c92,0x9cd4,0x8c92,0x8431,0x9cf4,0x94b3,0x1904,0x4a6a,0x2105,0x528b,0x83f1,
  0x5aec,0x94b3,0x39c7,0x0021,0x10a3,0x10a2,0x1082,0x1081,0x0861,0x1082,0x1082,0x1082,0x1082,0x1082,0x1082,0x0861,
  0x0841,0x1082,0x1082,0x1082,0x10a2,0x10a2,0x1082,0x1082,0x1082,0x1082,0x10a2,0x10a2,0x0020,0x0841,0x0841,0x0841,
  0x0862,0x18c3,0x0841,0x0841,0x0020,0x0020,0x0020,0x10a3,0x1082,0x1082,0x10a2,0x1082,0x10a2,0x1082,0x0861,0x1082,
  0x0841,0x1082,0x0841,0x0841,0x0841,0x2104,0x0862,0x0841,0x0841,0x18c3,0x18c3,0x1062,0x1062,0x0841,0x0020,0x0861,
  0x1082,0x0861,0x1082,0x0841,0x0020,0x10a2,0x0841,0x0000,0x0020,0x0020,0x0841,0x0861,0x0861,0x0841,0x0861,0x0861,
  0x0861,0x1082,0x0861,0x0861,0x0861,0x0861,0x0861,0x0841,0x0020,0x1082,0x1082,0x0861,0x0861,0x0841,0x0841,0x0861,
  0x0841,0x0841,0x0861,0x0841,0x0861,0x0841,0x0841,0x0020,0x1082,0x10a2,0x1082,0x10a2,0x18c3,0x0841,0x0020,0x0861,
  0x0841,0x0841,0x0861,0x0861,0x0841,0x0861,0x0841,0x0841,0x0841,0x0841,0x0020,0x0000,0x0000,0x0000,0x0020,0x0020,
  0x0020,0x0020,0x0000,0x0020,0x0841,0x0000,0x0020,0x0000,0x0841,0x1061,0x1061,0x0861,0x0881,0x0881,0x1081,0x1081,
  0x9cd5,0x9494,0xad57,0x4a6b,0x1063,0x6b4e,0x5aec,0x41e9,0x4229,0x736f,0x8c52,0x7bf1,0x630d,0x2105,0x0000,0x0841,
  0x0861,0x0020,0x0841,0x1082,0x1082,0x1082,0x10c3,0x0841,0x39c8,0x8431,0x5acc,0x39c8,0x94b4,0x18c4,0x52ab,0x52ab,
  0x2966,0x52ab,0x2945,0x0000,0x0862,0x528a,0x2104,0x0841,0x0841,0x3186,0x39e7,0x0861,0x18c3,0x2945,0x0021,0x73af,
  0xa536,0x94b5,0x9494,0x94d5,0x8c73,0x31a7,0x94d4,0x9cf5,0x9d36,0xa576,0xad77,0xa556,0xa556,0x9cf5,0xa556,0xa556,
  0xa557,0xad77,0x94b4,0xa536,0x9d16,0xa536,0xa536,0x8c73,0x7bf1,0x73b0,0x9cf5,0x94b4,0x630d,0x2946,0x0000,0x0862,
  0x2125,0x4208,0x4a6a,0x738f,0x6b4e,0x526b,0x2946,0x39e8,0x5aac,0x630d,0x62ec,0x4a6a,0x4a4a,0x5acc,0x4209,0x0821,
  0x6aab,0x93af,0x6a8b,0x5a09,0x49a7,0x5a09,0x51e8,0x72cc,0x624a,0x72ed,0x6aab,0x7b2d,0x72ec,0x62ab,0x49e8,0x1062,
  0x1062,0x0000,0x738f,0xb597,0x9cd4,0x630e,0x2947,0x10c4,0x1905,0x2125,0x31a7,0x39e9,0x632d,0xad76,0xa535,0xa535,
  0x9cf4,0x94b3,0xad76,0xa535,0x94d4,0xad76,0xad76,0x7bf0,0x8451,0xa515,0x9cf4,0xa555,0xa535,0xa535,0x9d15,0xad76,
  0x94f4,0xa576,0xa536,0xad77,0xa515,0x8c72,0x2966,0x0000,0x0021,0x10c3,0x8431,0xa556,0xa535,0xa556,0xa536,0xad96,
  0xa535,0xa556,0xad76,0x9cf4,0x8c92,0x94b3,0xa556,0xa556,0x9cf4,0x9cf5,0xad77,0xad76,0x73d0,0x0842,0x8432,0xad57,
  0x630d,0x10a3,0x0882,0x1904,0x18e3,0x10a2,0x1082,0x1081,0x1082,0x0861,0x1082,0x1082,0x1082,0x1082,0x1082,0x0861,
  0x0020,0x1082,0x10a2,0x10a2,0x10a2,0x10a2,0x1082,0x1082,0x1082,0x1082,0x1082,0x1082,0x0861,0x0020,0x0841,0x0020,
  0x1082,0x1082,0x0841,0x0841,0x1082,0x1082,0x0841,0x0000,0x0000,0x0020,0x0841,0x0841,0x2124,0x2104,0x2945,0x0861,
  0x0861,0x1082,0x18e4,0x0020,0x0862,0x0841,0x1082,0x0020,0x0841,0x1082,0x18c3,0x0841,0x18c3,0x0862,0x0841,0x0841,
  0x1082,0x10a2,0x1082,0x0841,0x0861,0x1082,0x18c3,0x18c3,0x0861,0x0840,0x0841,0x0861,0x0861,0x0861,0x0861,0x0861,
  0x0861,0x0861,0x0861,0x0861,0x0861,0x0841,0x1082,0x0861,0x0861,0x0841,0x0861,0x0841,0x0861,0x0841,0x0841,0x0841,
  0x0841,0x0841,0x0861,0x0861,0x0861,0x0861,0x0841,0x0020,0x0861,0x0861,0x1082,0x0841,0x18c3,0x2945,0x0020,0x0020,
  0x0841,0x0841,0x0841,0x0861,0x0841,0x0841,0x0020,0x0841,0x0841,0x0861,0x0020,0x0000,0x0020,0x0020,0x0000,0x0841,
  0x0020,0x1082,0x0020,0x0020,0x0841,0x0841,0x0000,0x0020,0x0820,0x1061,0x1081,0x1081,0x0881,0x0881,0x1081,0x1081,
  0x8c53,0x9cd5,0x9cf5,0x6b4f,0x1083,0x6b4e,0x6b2d,0x528b,0x0021,0x2925,0x4a29,0x18c4,0x0000,0x0000,0x0840,0x0840,
  0x0841,0x0841,0x0861,0x1082,0x1082,0x10a2,0x0862,0x18c3,0x5aec,0x7bf0,0x8411,0x10a3,0x2966,0x528b,0x2105,0x7bd0,
  0x2105,0x5aec,0x528a,0x1082,0x0000,0x18c3,0x3186,0x0861,0x0841,0x1082,0x2945,0x2124,0x1082,0x2104,0x0020,0x31a7,
  0xa516,0xa516,0xa536,0xad57,0x94d4,0x2146,0x8c93,0x9cf5,0xa577,0xad98,0xa577,0x9d36,0xa557,0x9cf5,0xa556,0xa536,
  0xad77,0xad77,0xb598,0xa536,0xa516,0x9d16,0xad57,0x94b4,0x7bf1,0x7bd0,0x94b4,0x6b6f,0x7bf1,0x6b6f,0x2987,0x18e4,
  0x0862,0x0021,0x0042,0x0862,0x18c4,0x2105,0x3187,0x2926,0x39c9,0x422a,0x1063,0x0842,0x1083,0x1083,0x4a6a,0x10a2,
  0x49a7,0x6a8b,0x8baf,0x832e,0x834e,0x836e,0x834e,0x7b2d,0x836e,0x7aed,0x7aed,0x622a,0x49a8,0x3946,0x628b,0x5a6a,
  0x5aab,0x526a,0x2925,0x52ab,0x94b3,0xa535,0xa535,0x8c72,0x6b8e,0x634d,0x9cf4,0xb5b7,0xad97,0xa515,0xa535,0x8451,
  0x94d3,0x9d15,0x9cf4,0xa535,0x94d4,0xa535,0xa515,0x9cd3,0x8c92,0x94b3,0x9d14,0xad76,0xa556,0xa535,0x9cf4,0xb5b7,
  0xad76,0x8cb3,0x9cf4,0x9d15,0xa535,0x2986,0x0000,0x0020,0x31c7,0x9d14,0xad56,0x94b3,0xa535,0xad76,0xad76,0x8c72,
  0x94d4,0xa535,0xa535,0xa555,0x9d15,0xa535,0x9cf4,0x9cd4,0xa536,0x9494,0x8c73,0x9d15,0xa535,0x9d14,0x9493,0x31a7,
  0x0841,0x0861,0x2125,0x2104,0x10a2,0x18e3,0x1082,0x0861,0x1082,0x10a2,0x1082,0x1082,0x1082,0x1082,0x1082,0x1082,
  0x0020,0x1082,0x18e3,0x10a2,0x1082,0x1082,0x10a2,0x10a2,0x1082,0x1082,0x10a2,0x10a2,0x1082,0x0841,0x0021,0x0841,
  0x0841,0x0841,0x0841,0x10a3,0x1082,0x2945,0x1082,0x10a2,0x0841,0x0000,0x0000,0x0000,0x0020,0x18a2,0x18a2,0x18c3,
  0x0861,0x2125,0x1082,0x1082,0x0841,0x18e4,0x10a3,0x1082,0x0020,0x10a2,0x1082,0x1082,0x1082,0x10a2,0x0020,0x0841,
  0x0861,0x10a2,0x18e3,0x1082,0x0020,0x18c3,0x3186,0x3186,0x1082,0x0020,0x0020,0x0861,0x0861,0x1082,0x0861,0x0861,
  0x0861,0x0861,0x0841,0x0861,0x0861,0x0861,0x0861,0x0861,0x0861,0x0020,0x0000,0x0020,0x0020,0x0020,0x0020,0x0841,
  0x0861,0x0020,0x0861,0x0841,0x0841,0x0861,0x1082,0x0020,0x0000,0x0861,0x10a2,0x0861,0x1082,0x2965,0x2104,0x0000,
  0x0841,0x0861,0x0841,0x0841,0x0841,0x0861,0x0841,0x0841,0x0841,0x0841,0x0841,0x0000,0x0861,0x0020,0x0000,0x0841,
  0x0861,0x0020,0x0861,0x0000,0x0020,0x0020,0x0000,0x0000,0x0841,0x1061,0x1081,0x1081,0x0881,0x0881,0x1081,0x1081,
  0x9494,0x9cf5,0xa4f5,0x9494,0x2105,0x632d,0x20e4,0x0841,0x0020,0x0000,0x0841,0x1061,0x1082,0x1082,0x0840,0x0840,
  0x0020,0x0841,0x1082,0x1082,0x1082,0x1082,0x2124,0x3186,0x73b0,0x7bf0,0x94b3,0x31a7,0x0001,0x2966,0x0001,0x8c52,
  0x632d,0x4a4a,0x5acb,0x2104,0x0021,0x0000,0x1082,0x2104,0x0861,0x0861,0x2945,0x39e7,0x18e3,0x2124,0x10a2,0x18e4,
  0x94b4,0x9cf5,0x9cf5,0xad77,0x9d15,0x2967,0x9cf4,0xa556,0xad77,0xa577,0xa536,0xa556,0x9cf5,0x9cf5,0x9cf5,0xa516,
  0x9d16,0xa557,0xa536,0x9cf5,0xad77,0xa536,0x9d15,0x9cf5,0xb5b8,0xb5b8,0xad97,0x422a,0x2946,0x9cd4,0x9cd4,0x9cf5,
  0x94b3,0x8c93,0x8c93,0x9cd4,0x9cf5,0x9cf5,0xad56,0xa536,0xb598,0xbdf9,0x6b6f,0x0863,0x73b0,0x632d,0x6b4d,0x10a2,
  0x4187,0x3946,0x4987,0x51c8,0x51e8,0x624a,0x5a29,0x6249,0x49a7,0x30e4,0x3925,0x38e4,0x2883,0x1000,0x1021,0x5229,
  0x526a,0x3185,0x18c3,0x0841,0x2966,0x7bf0,0xb5b7,0xad76,0xad76,0xad97,0x9d15,0x9cf4,0xad77,0x9d15,0x9cf4,0x94d3,
  0x94d4,0xad76,0xa556,0xad76,0x9d15,0x94b3,0x9cd4,0xa514,0x9cf4,0x9cf4,0x94b3,0xa515,0xa535,0xa535,0x7bf0,0x4249,
  0x6b8f,0x94d4,0x94b3,0x4a8b,0x2125,0x2125,0x31a7,0x4208,0x8c92,0xad56,0xa556,0xa556,0x9cf4,0xa515,0xa535,0x634d,
  0x9d15,0xad96,0x9cf4,0x8c93,0x9cf4,0xb5b7,0x94d3,0x94d3,0xb598,0xad98,0xad97,0xa536,0x7c10,0x528a,0x10a3,0x0020,
  0x0861,0x18c3,0x2103,0x2104,0x2945,0x2945,0x0861,0x0861,0x10a2,0x0861,0x1082,0x1082,0x10a2,0x0861,0x1082,0x10a2,
  0x0861,0x0841,0x18c3,0x18c3,0x18c3,0x10a2,0x10a2,0x10a2,0x1082,0x1082,0x1082,0x1082,0x10a2,0x0841,0x0021,0x0020,
  0x1082,0x18c3,0x18e3,0x0861,0x0861,0x0841,0x1082,0x10a2,0x1082,0x0020,0x0821,0x0861,0x0020,0x0020,0x0000,0x0020,
  0x0020,0x1062,0x18a3,0x18c3,0x0021,0x0862,0x18c3,0x0862,0x0020,0x0020,0x18c3,0x1082,0x2125,0x0841,0x0841,0x0020,
  0x1082,0x1082,0x2104,0x18e3,0x0861,0x0841,0x2104,0x18c3,0x0841,0x0020,0x0020,0x0020,0x1082,0x0861,0x0861,0x0861,
  0x0861,0x0861,0x0861,0x0861,0x1082,0x0861,0x0861,0x0861,0x0861,0x0861,0x0841,0x0020,0x0020,0x0020,0x0020,0x0020,
  0x0020,0x0841,0x0841,0x0861,0x0841,0x0861,0x18c3,0x1082,0x0000,0x0020,0x1082,0x10a2,0x0841,0x18c3,0x18e3,0x0841,
  0x0020,0x0841,0x0861,0x0861,0x0841,0x0841,0x0841,0x0020,0x0841,0x0841,0x0841,0x0020,0x0841,0x0020,0x0000,0x0020,
  0x0020,0x0000,0x0020,0x0000,0x0000,0x0020,0x0000,0x0000,0x0841,0x1061,0x1081,0x1081,0x0881,0x0881,0x1081,0x1081,
  0xa516,0x9494,0x8432,0xa536,0x39c8,0x528b,0x18e4,0x18a3,0x18a3,0x18c3,0x18e3,0x18c3,0x18c3,0x0861,0x0820,0x0861,
  0x0840,0x0861,0x1082,0x1082,0x1082,0x1082,0x2124,0x3186,0x7bf0,0x632d,0x7bf0,0x31a7,0x0000,0x39a7,0x0841,0x526a,
  0x9cf5,0x2105,0x52ab,0x39e8,0x18e4,0x0020,0x0000,0x18e3,0x2104,0x0841,0x18c3,0x18c3,0x10a2,0x10a2,0x18c3,0x0000,
  0x6b8f,0x94b4,0x9cf5,0xa536,0x9cf5,0x2146,0x7c11,0xadb8,0x9cf5,0x8cb4,0xa557,0x9d36,0x8c94,0xa536,0xad97,0xa516,
  0x9cf5,0x94b4,0x9cd5,0x9cf5,0x9cd5,0x9cf5,0x8c94,0xa557,0xad77,0xad77,0xb5d8,0x7bf1,0x52ac,0x9d15,0x9d15,0xa536,
  0xa536,0xa557,0xa556,0xa536,0xa515,0xa556,0x94d4,0x94d4,0x9d15,0xa536,0xb5d8,0x2987,0x422a,0xa515,0x8411,0x1082,
  0x5229,0x5a8b,0x41c7,0x41a7,0x30e4,0x28c3,0x49a7,0x5a29,0x5a29,0x4186,0x5209,0x5a09,0x6acc,0x49c8,0x20a3,0x1882,
  0x528a,0x18c3,0x1062,0x2966,0x0000,0x0021,0x4a6a,0xa555,0xa535,0x8452,0x9cf5,0x9d15,0x9d15,0xa536,0xad77,0xad76,
  0xad76,0x9d15,0xa556,0xad97,0xa556,0xa535,0x9cf4,0xad76,0x9d14,0x94b3,0xa515,0x9d14,0x94d3,0x73cf,0x31c8,0x2966,
  0x0882,0x1083,0x3187,0x31a7,0x73af,0xa535,0xb597,0x94b3,0x8c72,0xa535,0xad76,0x9d15,0x94d4,0xa556,0xad76,0x94d3,
  0xad56,0xad97,0xad76,0xad76,0xa556,0xa556,0x8c72,0x9d15,0xa536,0x8431,0x4a6a,0x2946,0x0821,0x0000,0x0841,0x18c3,
  0x0841,0x10a2,0x2124,0x18e3,0x3186,0x2104,0x18c3,0x0861,0x10a2,0x1082,0x0841,0x10a2,0x1082,0x0861,0x10a2,0x18c3,
  0x1082,0x0841,0x0000,0x0861,0x1082,0x18c3,0x10a2,0x10a2,0x10a2,0x10a2,0x10a2,0x1082,0x10a2,0x18e4,0x1082,0x0841,
  0x0862,0x18e3,0x1082,0x18e3,0x0021,0x0841,0x1082,0x10a2,0x1082,0x1082,0x0841,0x20e4,0x0861,0x2104,0x0861,0x0000,
  0x0841,0x1062,0x1082,0x18e4,0x0841,0x1082,0x10a2,0x0862,0x0020,0x1082,0x0841,0x10a3,0x18c3,0x18c3,0x0861,0x0861,
  0x0841,0x18c3,0x10a3,0x2125,0x0021,0x0841,0x0000,0x1082,0x1082,0x0841,0x0861,0x0020,0x0841,0x0861,0x0841,0x0861,
  0x0861,0x0861,0x0861,0x0861,0x0861,0x0861,0x0861,0x0861,0x0861,0x0861,0x0861,0x0841,0x0020,0x0020,0x0000,0x0000,
  0x0020,0x0020,0x0841,0x0861,0x0861,0x0841,0x1082,0x2104,0x0841,0x0020,0x0841,0x0861,0x0861,0x10a2,0x18e3,0x0861,
  0x0841,0x0841,0x0861,0x0841,0x0841,0x0841,0x0861,0x0841,0x0841,0x0841,0x0841,0x0020,0x0000,0x0020,0x0000,0x0000,
  0x0020,0x0020,0x0020,0x0000,0x0000,0x0020,0x0000,0x0020,0x1082,0x1081,0x1081,0x1081,0x0881,0x0881,0x1081,0x1081,
  0x9cd5,0x9cd5,0x94b4,0xad57,0x5aec,0x39e8,0x39c7,0x0841,0x18a3,0x1082,0x2104,0x2104,0x18c3,0x18a3,0x0841,0x0841,
  0x0841,0x1082,0x1082,0x1082,0x1082,0x39c7,0x4208,0x4208,0x5acb,0x528a,0x5aab,0x18e3,0x0020,0x39a7,0x2104,0x0000,
  0xa4f5,0x31a8,0x2125,0x5aec,0x4228,0x1082,0x0000,0x0000,0x18e3,0x2945,0x0861,0x1082,0x18e3,0x2104,0x18e3,0x0000,
  0x422a,0xa536,0x9cd5,0x9cf5,0xad77,0x6b8f,0x8452,0xad97,0x9d15,0x9cf5,0xa536,0x94d5,0x94d5,0xa516,0x94b4,0x9d15,
  0xa516,0xa556,0xad77,0xa536,0xa516,0xa536,0xa536,0xa556,0xa536,0xa516,0xa536,0xad77,0xb5b8,0x9cf5,0x9d16,0x9d15,
  0x8453,0xa536,0xa516,0x9cf5,0xa536,0x9493,0x9d15,0x9cf5,0x73d0,0x8473,0xa536,0x8c72,0x10c4,0x8c73,0x73af,0x0021,
  0x1062,0x524a,0x5a8b,0x5a6a,0x41a7,0x5229,0x5208,0x72ec,0x730d,0x730c,0x5a4a,0x51e8,0x4146,0x6aab,0x5209,0x49c7,
  0x2904,0x0821,0x2905,0x8411,0x5acb,0x0842,0x0000,0x2104,0x7c11,0xa556,0x9d15,0x94d4,0x94d5,0x9cf5,0xa556,0x8c93,
  0x8c93,0xa556,0x8cb3,0xa556,0x9cf4,0x8c92,0x6b6e,0x31a7,0x10a3,0x4a8a,0xa555,0x8c72,0x9cf4,0x9d15,0xb597,0xad97,
  0x8c51,0x73ae,0x9cf4,0xbdf8,0xbdd8,0xa535,0x8c72,0xa515,0x94d3,0xa535,0xa515,0xa556,0x94d4,0x94b3,0x9cf4,0xa555,
  0xa555,0x9cd4,0xa535,0xa535,0xad76,0xbdd8,0x8c92,0x4a6a,0x18e3,0x0000,0x0000,0x0841,0x18a3,0x10a2,0x18e4,0x10a3,
  0x0862,0x1062,0x2104,0x20e4,0x2124,0x2124,0x2965,0x0861,0x1082,0x10a2,0x0020,0x0861,0x18c3,0x18e3,0x18e3,0x0861,
  0x2104,0x2124,0x2124,0x0841,0x0000,0x0841,0x0841,0x0861,0x0862,0x2104,0x4208,0x18e4,0x1082,0x18e3,0x2965,0x0861,
  0x0862,0x0841,0x0021,0x0841,0x10a3,0x0862,0x10a2,0x1082,0x2124,0x0861,0x0841,0x0841,0x10a2,0x0841,0x0841,0x0000,
  0x1082,0x1041,0x1062,0x0861,0x1082,0x0841,0x18c3,0x0862,0x0020,0x0841,0x1082,0x10a3,0x2125,0x0862,0x10a3,0x0020,
  0x0021,0x10a3,0x2966,0x2125,0x1082,0x0020,0x0021,0x0020,0x18c3,0x0861,0x0861,0x0020,0x0020,0x0841,0x0841,0x0861,
  0x0861,0x0861,0x0861,0x0861,0x0861,0x0861,0x0861,0x0841,0x0861,0x0861,0x0841,0x0861,0x0861,0x0861,0x0020,0x0841,
  0x0841,0x0841,0x0841,0x0861,0x1082,0x0841,0x10a2,0x18c2,0x0020,0x0020,0x0020,0x0841,0x0841,0x1082,0x0841,0x0841,
  0x0020,0x0020,0x0861,0x0861,0x0841,0x0020,0x0841,0x0841,0x0841,0x0841,0x0841,0x10a2,0x0020,0x0000,0x0000,0x0000,
  0x0020,0x0841,0x0000,0x0020,0x0020,0x0020,0x0020,0x0020,0x0841,0x1061,0x1061,0x1081,0x0881,0x0881,0x1081,0x1081,
  0x9cd5,0x94b4,0x9cf5,0xa516,0x7bd0,0x39a7,0x5acb,0x0841,0x10a2,0x18a3,0x20e4,0x2925,0x18a2,0x1082,0x1062,0x0020,
  0x0861,0x1082,0x1082,0x1082,0x2945,0x52ab,0x8c72,0x7bcf,0x7bf0,0x738e,0x31a6,0x1082,0x0000,0x3186,0x5aab,0x0841,
  0x528b,0x9cb3,0x18a3,0x630c,0x39e8,0x2104,0x0841,0x0841,0x0020,0x2945,0x10a2,0x0841,0x2965,0x3186,0x2104,0x18e3,
  0x10a3,0x9493,0x8c52,0x9494,0xa557,0x94d4,0x8cb4,0xad97,0xa536,0x9cf5,0xa536,0xa556,0xa516,0x8c93,0x9494,0x9cd5,
  0xa536,0xad77,0xad97,0xad77,0xa536,0x94b4,0xa536,0xa556,0xa556,0x8c93,0x94b4,0x9cf5,0xa556,0x9d15,0x9d15,0xa577,
  0xa536,0x9cf5,0xa536,0xa556,0x8c72,0x94b3,0x9493,0xa535,0x8c73,0xad56,0x9cf5,0x9d15,0x52cc,0x4209,0x94b3,0x1082,
  0x0000,0x18a3,0x62cc,0x6b0d,0x6aab,0x628b,0x6acb,0x49e8,0x5a49,0x5229,0x4166,0x28a2,0x1000,0x1820,0x3945,0x49e7,
  0x5249,0x1882,0x1062,0x7bd0,0x9cb3,0x738e,0x18c3,0x0000,0x0821,0x4a4a,0x8c52,0xad97,0xa556,0x9d15,0x94d4,0x9d15,
  0x8c93,0x9cf4,0x9d15,0x94b3,0x5acb,0x10a3,0x0883,0x2966,0x738f,0xa555,0x9d15,0x8c93,0xad56,0xb5b7,0xad97,0xa515,
  0xad76,0xad96,0xa555,0x8c93,0x9d15,0xad76,0x6b8e,0x8c92,0xb5b7,0x9cd4,0x8c72,0xb597,0xa535,0xa535,0x9cd3,0x94b3,
  0x9d15,0x8c72,0x94b3,0xb5b7,0x8c72,0x4208,0x0841,0x0021,0x10a2,0x0861,0x18e3,0x18e3,0x2104,0x10a2,0x18c3,0x10a3,
  0x1082,0x0861,0x18a3,0x2104,0x18e3,0x18c3,0x2124,0x1082,0x0861,0x2124,0x1082,0x0861,0x0861,0x18e3,0x1082,0x0020,
  0x1082,0x2104,0x10a2,0x18e4,0x0862,0x1082,0x0841,0x0020,0x0021,0x0862,0x10a2,0x3186,0x3186,0x2945,0x2945,0x18c3,
  0x0841,0x18e4,0x0862,0x0862,0x0021,0x1082,0x0841,0x18c3,0x18e4,0x2104,0x18a3,0x18e4,0x0861,0x0000,0x0020,0x0861,
  0x18a2,0x18a2,0x1082,0x18e3,0x1062,0x0861,0x0020,0x0861,0x0020,0x0861,0x0020,0x18c3,0x1082,0x1082,0x1082,0x0020,
  0x0020,0x0841,0x1082,0x2125,0x2125,0x18c3,0x1082,0x0020,0x0841,0x10a2,0x0020,0x0020,0x0020,0x0841,0x0861,0x0861,
  0x0861,0x0861,0x0861,0x0861,0x0861,0x0861,0x0861,0x0861,0x0861,0x0861,0x0861,0x0861,0x0861,0x0841,0x0861,0x1082,
  0x0861,0x0861,0x0841,0x0861,0x1082,0x0861,0x10a2,0x0861,0x1082,0x0020,0x0020,0x0020,0x0841,0x0841,0x1082,0x18e3,
  0x1082,0x0020,0x0841,0x0841,0x0861,0x0841,0x0841,0x0841,0x0861,0x0841,0x0020,0x18c3,0x1082,0x0000,0x0861,0x0841,
  0x0841,0x0000,0x0000,0x0020,0x0841,0x0000,0x0020,0x0020,0x1061,0x1061,0x1081,0x1081,0x0881,0x0881,0x1081,0x1081,
  0x8c53,0x9494,0x94b4,0x8432,0x94b4,0x39e8,0x62ec,0x0821,0x18c3,0x10a2,0x2104,0x18c3,0x1061,0x0821,0x0820,0x0861,
  0x1082,0x1082,0x0861,0x4229,0x4a49,0x4a29,0x7bcf,0x7bd0,0x8431,0x3186,0x2124,0x1903,0x0000,0x2104,0x528a,0x39a7,
  0x0000,0x9cb3,0x4a6a,0x18e4,0x18e4,0x31a7,0x2104,0x0861,0x1082,0x0000,0x10a2,0x1082,0x0841,0x18e4,0x2104,0x18e3,
  0x0000,0x4208,0xad56,0x94b4,0x8c94,0x94b4,0xad77,0x7bf1,0x94b4,0x632e,0x7bf0,0x9cf5,0x8432,0x7c11,0xad57,0x9cd5,
  0x9d15,0xb598,0x9d16,0x94b4,0x94d4,0x8c93,0x9d36,0xad77,0xa536,0x94b4,0x9cf5,0xa536,0xad77,0x94b4,0xa536,0x9d16,
  0x9cf5,0x94d4,0x9d15,0x94d4,0x634d,0x7c11,0x94b4,0xa556,0x8c72,0x73b0,0x7bf1,0x94b4,0xa556,0x2125,0x8c52,0x2105,
  0x0000,0x0841,0x1882,0x62ab,0x7b4e,0x730c,0x7b4e,0x4987,0x1800,0x5a08,0x8b8e,0x72cb,0x5a28,0x30a2,0x2061,0x30e4,
  0x2904,0x3986,0x1041,0x41e8,0x7baf,0x9492,0x2945,0x0821,0x0821,0x0000,0x18e4,0x4a6a,0x73d0,0x9d15,0xad97,0x8432,
  0x5acc,0x39e8,0x31a7,0x18c3,0x0000,0x0000,0x6b6e,0xad96,0xbdf8,0x94b3,0x8c72,0xad96,0xa556,0xad76,0xa535,0x94b3,
  0x94b4,0x9cf4,0x94d3,0xad76,0x9cf4,0x9cf4,0x9cf4,0xa534,0xa514,0xa514,0xa514,0x9492,0xa514,0x9cf4,0xa514,0x8c92,
  0x8c72,0xa535,0x6b8f,0x4209,0x0862,0x18e3,0x2945,0x4a49,0x5aeb,0x1082,0x1082,0x10a2,0x18e3,0x10a2,0x10a2,0x10a2,
  0x10a2,0x0841,0x18c3,0x18e3,0x10a2,0x2104,0x2104,0x18c3,0x0841,0x2104,0x10a2,0x0841,0x0861,0x0841,0x0841,0x0000,
  0x1082,0x0861,0x1082,0x0841,0x10a3,0x0841,0x1082,0x1082,0x1082,0x0021,0x0000,0x0021,0x0841,0x1082,0x3166,0x2104,
  0x3166,0x2966,0x2966,0x1082,0x0000,0x0020,0x0841,0x0841,0x18e4,0x1082,0x18c3,0x1082,0x2945,0x1082,0x1082,0x0861,
  0x1082,0x1082,0x18a2,0x10a2,0x18e3,0x0861,0x0861,0x0020,0x0020,0x0861,0x1082,0x0861,0x0861,0x0021,0x18c3,0x0841,
  0x0021,0x0021,0x0862,0x0841,0x18c3,0x10a3,0x1082,0x0841,0x0841,0x0020,0x0020,0x0841,0x0841,0x0841,0x0841,0x0861,
  0x1082,0x0861,0x0861,0x0861,0x0861,0x0861,0x0861,0x0841,0x0861,0x0861,0x1082,0x0861,0x0841,0x0861,0x0861,0x0861,
  0x0861,0x0861,0x0861,0x0841,0x0861,0x0861,0x1082,0x0862,0x0861,0x0020,0x0000,0x0020,0x0841,0x0021,0x18c3,0x2966,
  0x18c3,0x0841,0x0861,0x1082,0x0841,0x0841,0x0841,0x0841,0x0841,0x1082,0x0020,0x0841,0x0841,0x0000,0x0841,0x10a2,
  0x0841,0x0020,0x0000,0x0020,0x0841,0x0020,0x0000,0x0020,0x1061,0x1082,0x1081,0x1081,0x0881,0x0881,0x1081,0x1081,
  0x62ed,0x94b4,0x9494,0x8c94,0xa536,0x4a4a,0x4208,0x18a3,0x0020,0x18c3,0x18c3,0x1061,0x0841,0x0820,0x0020,0x0861,
  0x1082,0x1082,0x3186,0x7bd0,0x5aab,0x8c52,0x8411,0x7bf0,0x5acb,0x2104,0x18e3,0x10a2,0x0000,0x18c3,0x4a49,0x39a7,
  0x18a3,0x41e8,0xa514,0x1083,0x2986,0x4229,0x3186,0x0841,0x10a2,0x18c3,0x0841,0x1082,0x1082,0x1082,0x2945,0x0861,
  0x0841,0x0000,0x6b6e,0xb597,0x94d4,0x9cd5,0x94b4,0x424a,0x8c73,0x632e,0x424a,0x632e,0x39e9,0x2126,0x62ed,0xb577,
  0xa516,0x9cd5,0xa536,0x9cf5,0x94b4,0x9d15,0xa556,0xa536,0xa536,0x9d15,0xa536,0xad77,0x9cf6,0xad57,0xad77,0x9cd5,
  0xa536,0x9d15,0x9cf4,0x9cf4,0x94d4,0x94b4,0x9d15,0xb597,0x8c72,0x31c8,0x4229,0x73d0,0xb597,0x8432,0x9493,0x31a7,
  0x0000,0x0820,0x0841,0x3125,0x62ab,0x730d,0x834e,0x59e9,0x2883,0x8b6e,0xa410,0xac30,0xac30,0x830c,0x4124,0x2882,
  0x3104,0x18a2,0x0800,0x0842,0x6b4e,0x8c31,0x4209,0x0000,0x0021,0x0020,0x0841,0x10a3,0x4209,0x4229,0x5b0d,0x52ab,
  0x0842,0x0842,0x0842,0x0000,0x0841,0x0000,0x3187,0xa515,0x9d14,0x9cf4,0xa556,0xb5b7,0xad76,0x94d4,0x9cd4,0x9493,
  0x9cf4,0xad76,0x94d3,0xad96,0x9d14,0x94d3,0xa535,0xa535,0x8451,0xa555,0x9cd3,0x7bf0,0x9493,0x9cf4,0x9cf4,0xa535,
  0x9d14,0x5b0c,0x0862,0x0841,0x3186,0x4a49,0x2966,0x31a7,0x2965,0x0861,0x0861,0x10a2,0x1082,0x1082,0x1082,0x10a2,
  0x10a2,0x1082,0x0861,0x2104,0x2124,0x18c3,0x2124,0x18c3,0x0841,0x0861,0x10a2,0x0020,0x0841,0x18c3,0x0020,0x0000,
  0x10a2,0x18c3,0x0861,0x18e4,0x0862,0x18c3,0x0841,0x18c3,0x0841,0x0861,0x0021,0x0861,0x0020,0x0000,0x0000,0x0862,
  0x10a2,0x31a7,0x2125,0x3186,0x18e3,0x18e3,0x0841,0x0841,0x0841,0x2124,0x0861,0x0841,0x0021,0x0841,0x0020,0x0841,
  0x0821,0x1082,0x0820,0x18e3,0x0861,0x0861,0x0841,0x0000,0x0841,0x20e4,0x1082,0x18c3,0x10a3,0x2945,0x0841,0x0841,
  0x0861,0x0861,0x0021,0x0862,0x0861,0x10a2,0x1082,0x2124,0x1082,0x0841,0x0020,0x1082,0x0841,0x0841,0x0020,0x10a2,
  0x1082,0x0841,0x0861,0x0861,0x0861,0x0861,0x0861,0x0861,0x0861,0x0841,0x0861,0x0861,0x0861,0x0861,0x0861,0x0020,
  0x0841,0x0861,0x0861,0x0841,0x0841,0x0861,0x18c3,0x0861,0x0841,0x0841,0x0000,0x0841,0x1082,0x0841,0x0841,0x10a2,
  0x18e3,0x0861,0x1082,0x0861,0x0861,0x0841,0x0841,0x0841,0x0841,0x0020,0x0861,0x0841,0x0841,0x0020,0x0000,0x0861,
  0x0841,0x0000,0x0000,0x0020,0x0841,0x0020,0x0000,0x0020,0x18a2,0x1882,0x1081,0x1081,0x0881,0x0881,0x1081,0x1081,
  0x31a8,0x9cf5,0x7bf1,0x94d5,0xa515,0x736f,0x39c8,0x2966,0x0020,0x0041,0x18c3,0x10a2,0x0841,0x0841,0x0040,0x0020,
  0x0862,0x20e4,0x5aec,0x630d,0x6b6e,0x8431,0xad35,0x632d,0x0862,0x18e3,0x18c3,0x18c3,0x0021,0x0841,0x4a09,0x5a6b,
  0x41c7,0x1883,0x8c52,0x738f,0x2104,0x31a7,0x2104,0x2124,0x0000,0x18c3,0x2124,0x0841,0x1082,0x1082,0x18c3,0x2124,
  0x0861,0x0000,0x0841,0x4a4a,0x8411,0xa536,0x8452,0x8452,0x8c93,0xa536,0xa536,0x9cf5,0x9cf5,0x8c73,0x8c53,0x9cd5,
  0xa516,0xa4f5,0x9cb5,0xa516,0xa536,0xa536,0x9494,0xa516,0xad77,0x9cf5,0xa536,0xad37,0x8c53,0x8412,0x8c52,0x9cf5,
  0x9d15,0x9d15,0xa556,0xa556,0x9cf5,0x9d15,0xad77,0xad97,0xa556,0x94b3,0xa535,0xad97,0x634e,0x8431,0xad56,0x4a4a,
  0x0000,0x1082,0x1041,0x39a6,0x5a4a,0x72ec,0x836e,0x6a4a,0x82ec,0xac31,0xabf0,0xbc72,0xa36e,0x934d,0x936d,0x38a3,
  0x3924,0x3145,0x0821,0x0821,0x526b,0x8c32,0x8c31,0x1883,0x0000,0x0020,0x0000,0x0861,0x3a08,0x2966,0x0001,0x20e4,
  0x3187,0x6b0d,0x528b,0x3146,0x3166,0x39a7,0x1082,0x630d,0xad77,0x8c93,0xad76,0xa535,0x8c72,0x9493,0x9cf4,0x9cd3,
  0x8c92,0xb5b7,0xad97,0xad76,0xad76,0x9cf4,0xa535,0x94d3,0x8431,0x8c72,0x9cf4,0x8c72,0xa555,0xad55,0xad96,0x8431,
  0x10a3,0x0882,0x18c3,0x3186,0x2965,0x10a3,0x39c7,0x2965,0x4208,0x4a69,0x0020,0x10a2,0x18e3,0x18c3,0x18c3,0x18c3,
  0x1082,0x1082,0x0841,0x18c3,0x2945,0x18e3,0x18c3,0x18c3,0x18e3,0x0841,0x10a2,0x0841,0x0020,0x1082,0x1082,0x0861,
  0x18e3,0x0841,0x0841,0x0861,0x10a2,0x0841,0x10a2,0x0861,0x10a2,0x0840,0x0840,0x0020,0x0841,0x0841,0x0841,0x0000,
  0x0000,0x0000,0x0000,0x0861,0x2945,0x18c3,0x2104,0x18e4,0x18e4,0x0861,0x0861,0x10a3,0x0862,0x0020,0x0000,0x0000,
  0x0841,0x0861,0x1082,0x0000,0x0000,0x0020,0x0020,0x0841,0x2104,0x0842,0x18c3,0x18c4,0x2104,0x18a3,0x0861,0x0021,
  0x0841,0x0841,0x0861,0x0841,0x18e3,0x10a3,0x18c3,0x0862,0x0861,0x0020,0x18c3,0x1082,0x0020,0x0020,0x0000,0x0000,
  0x0841,0x0841,0x1082,0x0861,0x0861,0x0861,0x0861,0x0861,0x0861,0x0861,0x0841,0x0841,0x0861,0x0861,0x0861,0x0020,
  0x0000,0x0020,0x0020,0x0020,0x0841,0x0841,0x0861,0x10a2,0x0861,0x0841,0x0861,0x18c3,0x18c3,0x18c3,0x0000,0x0861,
  0x1082,0x1082,0x0841,0x0861,0x0861,0x0861,0x0861,0x0861,0x0841,0x0841,0x0841,0x0841,0x0841,0x0841,0x0000,0x0020,
  0x0020,0x0020,0x0020,0x0821,0x0820,0x0861,0x0841,0x1082,0x1041,0x1082,0x1081,0x1081,0x0881,0x0881,0x1081,0x1081,
  0x18c4,0x94b4,0x73b0,0x8412,0xa536,0x8432,0x2125,0x2945,0x0000,0x0861,0x0000,0x1082,0x0861,0x0020,0x0041,0x0020,
  0x10a3,0x4a4a,0x4229,0x4a6a,0x528b,0x4a29,0x630c,0x39c7,0x18e3,0x2104,0x2104,0x18c3,0x0821,0x0821,0x4208,0x5a6a,
  0x6aec,0x3966,0x2925,0xad56,0x4a49,0x31a7,0x2945,0x3186,0x1082,0x0020,0x18e3,0x18c3,0x0861,0x1082,0x0021,0x4208,
  0x39e7,0x0000,0x0000,0x0000,0x18c4,0x4229,0x7bf1,0x9cd5,0xad57,0x9cd5,0x94b4,0xa537,0xad77,0xad57,0xad57,0x94d5,
  0xad37,0xad57,0x9473,0x8412,0x7390,0x528b,0x9494,0xad56,0xad56,0xa516,0xad37,0x9cd5,0x9494,0x62ed,0x630e,0x6b4e,
  0x9cf5,0x9cf5,0xa536,0xa536,0x8c73,0x94b4,0xa536,0xa536,0xa536,0x9cf5,0x94d4,0xadb7,0x8c93,0x8c93,0xad56,0x73af,
  0x3165,0x18c3,0x1061,0x1041,0x3966,0x5209,0x72ac,0x7acc,0xa3d0,0xb3f0,0xb3d0,0xb3cf,0xbbf0,0xab8e,0xb410,0x7229,
  0x4966,0x62aa,0x4a08,0x2104,0x2105,0x8c11,0xad15,0x6aec,0x0000,0x0840,0x0020,0x0000,0x0000,0x0841,0x5aec,0x630c,
  0x734e,0x5a6b,0x5229,0x3987,0x4a4a,0x39c7,0x1062,0x18c3,0x8432,0x94d4,0x9cf5,0x94d4,0x9d14,0x94d3,0x8431,0x738e,
  0x94b3,0x9d15,0xad76,0x9d15,0xa555,0x94d4,0xa556,0x9cf5,0x9cf4,0x8c93,0x94d4,0x9d14,0xa555,0xad76,0x632d,0x0021,
  0x2124,0x630b,0x4248,0x2945,0x31a6,0x2965,0x2124,0x4208,0x6b4d,0x630c,0x0861,0x1082,0x18e3,0x31a6,0x18e3,0x10a2,
  0x10a2,0x10a2,0x0841,0x0861,0x18c3,0x2104,0x2945,0x18c3,0x2124,0x0841,0x1082,0x10a2,0x0020,0x1082,0x0861,0x1081,
  0x10a3,0x10a3,0x0862,0x1082,0x0841,0x1082,0x0841,0x1082,0x0841,0x0841,0x0020,0x0861,0x0841,0x0861,0x0020,0x0841,
  0x0841,0x0861,0x0821,0x0000,0x0021,0x0821,0x1062,0x3186,0x3166,0x18e3,0x1082,0x2104,0x0862,0x1082,0x0861,0x0020,
  0x0841,0x1082,0x1062,0x18a2,0x0861,0x10a2,0x1082,0x10a2,0x0862,0x18c4,0x1062,0x2945,0x18a3,0x18a3,0x1082,0x1082,
  0x1082,0x20e4,0x1082,0x1082,0x1082,0x0020,0x0020,0x0841,0x0021,0x1082,0x1082,0x18e3,0x18c3,0x0020,0x0000,0x0020,
  0x0020,0x0020,0x0020,0x0020,0x0841,0x0861,0x0861,0x0861,0x0861,0x0841,0x0841,0x0861,0x0861,0x0861,0x0861,0x0841,
  0x0000,0x0020,0x0020,0x0020,0x0020,0x0861,0x0841,0x0841,0x1082,0x18c3,0x18c3,0x10a2,0x1082,0x0861,0x0000,0x0000,
  0x0841,0x18e3,0x0841,0x0861,0x1082,0x1082,0x0861,0x0841,0x0841,0x0841,0x0841,0x0841,0x0861,0x0841,0x0861,0x0000,
  0x0020,0x0820,0x0820,0x0820,0x0000,0x0820,0x0020,0x0821,0x1061,0x1061,0x1061,0x1081,0x0881,0x0881,0x1081,0x1081,
  0x0001,0x5aec,0x9cd4,0x7bd1,0x94b4,0xa536,0x39a8,0x18c3,0x0041,0x0020,0x0861,0x1082,0x0841,0x0841,0x0861,0x0041,
  0x0821,0x528a,0x7bf0,0x8431,0x528b,0x7bf0,0x39e8,0x18c3,0x2124,0x39c7,0x2965,0x18c3,0x0841,0x0000,0x3986,0x526a,
  0x83cf,0x5229,0x3987,0x526b,0x9473,0x2966,0x18c3,0x18e3,0x10a2,0x0020,0x0841,0x2124,0x18e3,0x0021,0x1082,0x1082,
  0x4208,0x18c3,0x0000,0x0020,0x3166,0x528b,0x2966,0x2967,0x736f,0xa516,0xb598,0xa537,0xa4f6,0x9cf5,0x9cf5,0x9cf5,
  0xa536,0xad57,0xa4f5,0x8c73,0x8c73,0x39c8,0x18a4,0x7bf1,0x9cf5,0x9cf5,0x9cd5,0x8c33,0x8c32,0x7bd1,0x526b,0x52ac,
  0x8c52,0xb5d8,0x9cf5,0x9cf5,0x9cf5,0x94d4,0x9d15,0x8cb4,0x8452,0xa536,0x94b4,0x9d15,0xa536,0x9cd4,0x9493,0x6b4e,
  0x5a8a,0x0841,0x0820,0x0000,0x1041,0x4187,0x624a,0x830e,0xb411,0xbc10,0xb3af,0xcc51,0xc3f0,0xbbcf,0xbc31,0xabaf,
  0x4124,0x72eb,0x51e8,0x28e4,0x0822,0x62ec,0x9c73,0x9c93,0x3966,0x0000,0x0821,0x0820,0x0820,0x0820,0x18a2,0x4a29,
  0x5a8a,0x5aab,0x41a7,0x4a09,0x49e8,0x2925,0x2925,0x39a7,0x31c8,0xa536,0xb597,0xb597,0x9cf4,0x94b3,0x7c10,0x7bcf,
  0x8c92,0x94b3,0xa535,0xa555,0x8c93,0xa535,0xad77,0x8c72,0x9d14,0xa535,0x94d3,0x8c71,0x6b4d,0x2945,0x0021,0x2966,
  0x4a69,0x528a,0x2103,0x39e7,0x52aa,0x2945,0x2945,0x39c7,0x4a49,0x4a69,0x3186,0x0841,0x10a2,0x1082,0x18e3,0x1082,
  0x1082,0x18c3,0x18c3,0x0841,0x18e3,0x18c3,0x2945,0x18e3,0x2124,0x18c3,0x0841,0x10a2,0x0861,0x0841,0x0861,0x0861,
  0x10a2,0x0861,0x10a2,0x0861,0x10a2,0x0841,0x0861,0x0861,0x0861,0x0020,0x0840,0x0841,0x10a2,0x0861,0x1082,0x1082,
  0x18e3,0x0862,0x1082,0x0861,0x0862,0x0000,0x0000,0x0821,0x18e4,0x0841,0x2965,0x18e4,0x1082,0x0020,0x10a2,0x0841,
  0x0841,0x0841,0x0861,0x0841,0x10a2,0x10a2,0x18e3,0x1082,0x10a3,0x1083,0x2105,0x18a3,0x2125,0x18c3,0x3166,0x0861,
  0x18e3,0x18c3,0x2945,0x18c3,0x1061,0x0821,0x0020,0x0841,0x0841,0x0020,0x0861,0x18c3,0x2945,0x18e3,0x0841,0x0841,
  0x0861,0x0861,0x0020,0x0020,0x0020,0x0020,0x0841,0x0841,0x0841,0x0841,0x0841,0x0841,0x0861,0x0861,0x0841,0x0861,
  0x0020,0x0020,0x0020,0x0020,0x0841,0x0020,0x0020,0x1082,0x0861,0x10a3,0x18c3,0x2104,0x2104,0x0841,0x0020,0x0000,
  0x0000,0x18e3,0x18c3,0x1082,0x1082,0x0861,0x0861,0x0841,0x0841,0x0861,0x0841,0x0841,0x0841,0x0841,0x0020,0x0000,
  0x0020,0x1061,0x0841,0x18a2,0x0841,0x1062,0x0841,0x0841,0x1061,0x1061,0x1061,0x1081,0x0881,0x0881,0x1081,0x1081,
  0x0841,0x4a4a,0xad56,0x8c53,0x8c73,0xb597,0x634e,0x2125,0x0882,0x0000,0x0841,0x18a2,0x0841,0x0820,0x0020,0x0020,
  0x0021,0x39e8,0x73af,0x8411,0x73af,0x52ab,0x1082,0x18e3,0x2104,0x2945,0x18e4,0x39c8,0x2104,0x0000,0x49e8,0x62ab,
  0x8bcf,0x6aec,0x4a09,0x39a7,0x5acc,0x634d,0x0862,0x1904,0x18e3,0x0861,0x0000,0x0841,0x2104,0x2966,0x0862,0x0862,
  0x18a3,0x39a7,0x10a3,0x0000,0x0862,0x52ab,0x6b4e,0x4a2a,0x2105,0x2966,0x52ac,0x8432,0x9494,0xad36,0xad77,0xad76,
  0xad77,0x9cf5,0xad36,0xa4f5,0x9cb4,0x9cb4,0x5acc,0x736f,0x9cd5,0x94b4,0x630e,0x39c9,0x9473,0x8c32,0x422a,0x3186,
  0x2967,0x6b8f,0xb5b8,0xa556,0xa556,0xa556,0xa556,0x94f4,0x7c11,0x9d15,0x9cf5,0xa536,0xad97,0x94b4,0x3166,0x6b6e,
  0x5aab,0x0841,0x20e4,0x1082,0x0801,0x28c4,0x622a,0x830d,0xb431,0xb3d0,0xbbaf,0xcc31,0xc3cf,0xbbcf,0xb3af,0xb3cf,
  0x6a08,0x5165,0x7aec,0x5a6a,0x2925,0x3146,0x9c93,0x9c93,0x8bf0,0x28e3,0x0800,0x1020,0x1021,0x1021,0x0000,0x1061,
  0x4a29,0x524a,0x4a09,0x41e8,0x3987,0x41c8,0x524a,0x62cc,0x18a4,0x5aed,0x632d,0x632e,0x94d4,0xa555,0x9cd4,0x9d14,
  0xad96,0xad76,0xa535,0xb5d7,0x9d15,0x94d4,0xa556,0xad97,0xad97,0x6b8e,0x2145,0x10a3,0x0841,0x0861,0x20e4,0x4a49,
  0x4a49,0x52aa,0x3186,0x3186,0x4228,0x4208,0x2965,0x31a6,0x2124,0x3186,0x4208,0x0861,0x1082,0x10a2,0x10a2,0x18c3,
  0x10a2,0x2104,0x1082,0x0861,0x18c3,0x18e3,0x2124,0x18e3,0x2124,0x2104,0x0841,0x18c3,0x1082,0x0020,0x1082,0x0861,
  0x0841,0x1082,0x0841,0x18e3,0x10a2,0x0861,0x0841,0x0861,0x0841,0x0841,0x0020,0x0840,0x0020,0x1082,0x1082,0x18e4,
  0x0841,0x18c3,0x1062,0x18a3,0x0841,0x18a3,0x0841,0x10a3,0x1082,0x0021,0x1082,0x18e4,0x0841,0x18e3,0x0841,0x1082,
  0x0841,0x0020,0x0841,0x1082,0x0841,0x0861,0x0841,0x0861,0x10a2,0x2104,0x2945,0x2966,0x1082,0x2124,0x0861,0x0000,
  0x0820,0x0821,0x1062,0x20e3,0x1082,0x0020,0x0841,0x0040,0x0841,0x0020,0x0020,0x18c3,0x10a2,0x18c3,0x0841,0x0861,
  0x0020,0x0841,0x0020,0x0841,0x0841,0x0000,0x0000,0x0020,0x0020,0x0841,0x0861,0x0861,0x0841,0x0861,0x0841,0x10a2,
  0x18c3,0x0000,0x0020,0x0020,0x0020,0x0841,0x0020,0x0861,0x10a2,0x0862,0x2124,0x10a3,0x18e3,0x0020,0x0020,0x0020,
  0x0000,0x0841,0x18e3,0x2104,0x1082,0x0861,0x0841,0x0861,0x0841,0x0841,0x0841,0x0020,0x0841,0x0841,0x0841,0x0000,
  0x0020,0x1041,0x1061,0x1041,0x1061,0x1062,0x0841,0x0841,0x1041,0x1061,0x1081,0x1081,0x0881,0x0881,0x1081,0x1081,
  0x0842,0x39e8,0xa536,0x73b1,0x8412,0xa536,0x7bd0,0x2105,0x2124,0x0000,0x0841,0x1061,0x1062,0x0841,0x0841,0x0861,
  0x0000,0x2125,0x4208,0x73af,0x52ab,0x0861,0x10a2,0x2103,0x2124,0x1082,0x0841,0x31a7,0x3186,0x0000,0x3966,0x6aec,
  0x732c,0x9431,0x3146,0x528b,0x10a3,0x5acb,0x2966,0x1082,0x2104,0x18e3,0x0841,0x0000,0x0861,0x39e7,0x10a3,0x0021,
  0x0862,0x2104,0x2966,0x0020,0x0000,0x2104,0x4a4a,0x4209,0x39e8,0x39e8,0x2945,0x31a7,0x3187,0x3187,0x4a8a,0x632d,
  0x7390,0x9494,0xa536,0x9cf5,0x94b4,0xa536,0xad77,0x9cd4,0x9494,0x9cd4,0x9cd5,0x8c73,0xa536,0x8c52,0x2966,0x10a3,
  0x10a3,0x6b6f,0xb597,0x9d15,0x9cf5,0xa577,0x94d4,0x94d4,0xad77,0x94d5,0xa536,0x94d4,0x5b0d,0x8411,0x2105,0x736e,
  0x526a,0x0801,0x4a4a,0x528a,0x2925,0x28c4,0x38e5,0x8b2e,0xabf0,0xab8f,0xbbaf,0xbbaf,0xb38e,0xb36e,0xab8e,0xb410,
  0xb3f0,0x5986,0x4966,0x6aab,0x41c8,0x0000,0x7b8f,0xad15,0xacd4,0x9410,0x5208,0x1020,0x0800,0x1021,0x0820,0x0820,
  0x1061,0x20e4,0x2925,0x5a6a,0x4a09,0x41c8,0x3146,0x2104,0x18a3,0x3187,0x4209,0x31c8,0x2146,0x52ab,0xa556,0x94b3,
  0x9d14,0xa535,0x8c72,0x7bf0,0x9cf4,0xa536,0xa536,0x7c11,0x31a7,0x10c3,0x6b6e,0x2945,0x0841,0x2945,0x31a6,0x2124,
  0x3186,0x39e8,0x31a6,0x528a,0x4228,0x4208,0x2124,0x52aa,0x39e7,0x31a6,0x39c7,0x0861,0x0861,0x10a2,0x18c3,0x10a2,
  0x2124,0x18e3,0x10a2,0x0861,0x1082,0x18c3,0x18c3,0x18c3,0x18e3,0x2104,0x0020,0x0861,0x10a2,0x0841,0x0861,0x1082,
  0x1082,0x0841,0x1082,0x10a2,0x18c3,0x0020,0x0841,0x0841,0x1082,0x0841,0x0841,0x0841,0x0020,0x0021,0x18c3,0x18c3,
  0x18a3,0x0841,0x2925,0x18e3,0x18e4,0x0841,0x18c3,0x18c3,0x2104,0x10c3,0x2104,0x0041,0x0021,0x0861,0x10a2,0x0020,
  0x10a2,0x0861,0x10a2,0x1082,0x0861,0x0841,0x0841,0x0840,0x18e3,0x10a3,0x2124,0x10a2,0x0020,0x0020,0x0020,0x0000,
  0x0020,0x1061,0x18c3,0x1082,0x18c3,0x0841,0x0020,0x0020,0x0020,0x0000,0x1082,0x0841,0x0841,0x0841,0x0861,0x0841,
  0x0841,0x0841,0x0020,0x0020,0x0861,0x0861,0x1082,0x0841,0x0000,0x0020,0x0020,0x0841,0x0861,0x0841,0x1082,0x0861,
  0x2104,0x18c3,0x0000,0x0000,0x0020,0x0000,0x0841,0x0020,0x0841,0x0021,0x0841,0x0841,0x1082,0x0841,0x0020,0x0841,
  0x0000,0x0000,0x2124,0x2965,0x1082,0x1082,0x0861,0x0861,0x0861,0x0861,0x0841,0x0841,0x0841,0x0841,0x0020,0x0020,
  0x0020,0x1041,0x0841,0x0821,0x0841,0x0841,0x0820,0x0820,0x0821,0x1061,0x1081,0x1081,0x0881,0x0881,0x1081,0x1081,
  0x1082,0x10a3,0x8c73,0x9cd5,0x94b4,0xa515,0x9cb4,0x2945,0x3186,0x0000,0x0841,0x18a2,0x1882,0x1041,0x0821,0x0841,
  0x0000,0x31a7,0x630c,0x31a7,0x1082,0x10a3,0x10a2,0x2103,0x2965,0x1082,0x0020,0x2104,0x39a7,0x1862,0x3145,0x7b8e,
  0x526a,0x9c92,0x41c8,0x524a,0x41c8,0x1082,0x52ab,0x1082,0x1082,0x18e3,0x18c3,0x0000,0x0000,0x0861,0x31a7,0x18c3,
  0x0841,0x18c3,0x31a7,0x2125,0x0000,0x0862,0x3166,0x39c7,0x39c8,0x20e4,0x2104,0x39c7,0x5acb,0x4a4a,0x18c3,0x2946,
  0x18c4,0x2105,0x8c53,0xb597,0xa515,0x9cd5,0xa536,0xa517,0xa4f6,0xa537,0xa537,0xad57,0x8c74,0x9cf5,0x94b4,0x8c53,
  0x94b4,0xa516,0xa536,0xad57,0xa516,0x9cd5,0xa536,0xa536,0x9cd5,0xb598,0x9cf5,0x4a4a,0x6b6e,0x9cb3,0x6b4e,0x4209,
  0x6b4d,0x1062,0x3187,0x5acc,0x528b,0x5a6a,0x30c5,0x5988,0xa36f,0xb38f,0xc3f0,0xbb8f,0xc3ef,0xbbf0,0xab6e,0xbbf0,
  0xc451,0xa36e,0x4925,0x4146,0x5a6b,0x2905,0x20c4,0x9c93,0x9c31,0xa472,0xacb3,0x626a,0x28c3,0x0800,0x1020,0x1021,
  0x0800,0x1061,0x3986,0x2925,0x4a29,0x41e8,0x4a4a,0x6b2d,0xa4f4,0xb597,0xb556,0xa4f4,0x4a4a,0x0842,0x9cf4,0xa536,
  0x94f4,0x9d15,0xa536,0x8c72,0xa536,0x8432,0x2105,0x2966,0x630d,0x8431,0x52ab,0x0862,0x3186,0x18e3,0x3186,0x2103,
  0x2965,0x2104,0x2104,0x39e7,0x4208,0x4a69,0x2124,0x2945,0x31a6,0x3186,0x39e7,0x18e4,0x0861,0x10a2,0x1082,0x1082,
  0x10a2,0x1082,0x1082,0x1082,0x0861,0x18c3,0x18c3,0x18e3,0x18c3,0x18e3,0x0841,0x0861,0x10a2,0x0861,0x0861,0x2124,
  0x10a2,0x0841,0x0841,0x0020,0x0841,0x0861,0x0841,0x0861,0x0020,0x0841,0x0841,0x0841,0x0841,0x1082,0x0861,0x10a2,
  0x10a2,0x10a3,0x1082,0x2945,0x1082,0x1082,0x1082,0x18a3,0x0841,0x18e4,0x1082,0x1082,0x0000,0x0000,0x1082,0x2945,
  0x1082,0x10a2,0x0841,0x0861,0x0020,0x0861,0x0841,0x1082,0x10a3,0x18e3,0x0000,0x2945,0x1082,0x0861,0x0841,0x0000,
  0x0841,0x1061,0x0841,0x0841,0x0841,0x0000,0x0000,0x0000,0x0020,0x10a3,0x1062,0x10a3,0x0841,0x0020,0x0841,0x0861,
  0x0841,0x0861,0x0841,0x0020,0x0020,0x1082,0x10a2,0x10a2,0x1082,0x0020,0x0000,0x0020,0x0020,0x0841,0x0841,0x0861,
  0x1082,0x1082,0x0861,0x0020,0x0000,0x0020,0x0020,0x0841,0x0020,0x0020,0x0000,0x0841,0x1082,0x0841,0x0020,0x0840,
  0x0841,0x0000,0x10a2,0x2124,0x18c3,0x0861,0x1082,0x0861,0x0861,0x0861,0x0841,0x0841,0x0841,0x0841,0x0841,0x0020,
  0x0000,0x0020,0x0821,0x0841,0x0840,0x0840,0x0820,0x0000,0x0820,0x1061,0x1081,0x1081,0x0881,0x0881,0x1081,0x1081,
  0x18e3,0x0841,0x630d,0x9cf5,0x9494,0x7bd1,0x7bd0,0x4209,0x39c8,0x10a3,0x0000,0x0861,0x18a3,0x1042,0x0801,0x0001,
  0x0021,0x0861,0x52ab,0x3166,0x1082,0x18a3,0x18c3,0x18c3,0x1082,0x0841,0x18a2,0x2104,0x20c3,0x20e4,0x39a7,0x83f0,
  0x4a29,0x9431,0x734d,0x3145,0x526a,0x2945,0x2966,0x62ec,0x1082,0x18e3,0x2945,0x0861,0x0000,0x0000,0x20e4,0x528a,
  0x10a3,0x10a3,0x39e8,0x41e8,0x0842,0x0000,0x0841,0x1082,0x3187,0x5acc,0x528a,0x3187,0x2966,0x2105,0x0021,0x2946,
  0x528b,0x0862,0x1083,0x4a4a,0x6b4e,0x94b4,0xad77,0xa516,0x9d16,0xad57,0xa536,0xad57,0xad77,0xa536,0x9d16,0xa516,
  0x8c94,0x94b4,0xa556,0xa516,0x94b4,0xad57,0xad77,0x9cb4,0x9cf5,0xb577,0x5acc,0x4a4a,0x5acb,0x7bf0,0x9493,0x7bd0,
  0x6b4e,0x0842,0x1883,0x526a,0x62ec,0x6aec,0x51c8,0x5988,0xabaf,0xb3af,0xd452,0xd472,0xbbcf,0xc431,0xbbcf,0xc3d0,
  0xbbf0,0xbc10,0xa3f0,0x7acc,0x5209,0x628b,0x3105,0x5229,0x9c72,0x9c52,0x9c31,0xa452,0x8bcf,0x51e8,0x1861,0x0800,
  0x1020,0x0800,0x1882,0x4a29,0x738e,0x8c72,0x8410,0x6b2d,0x4a49,0x2946,0x20e4,0x18a3,0x0841,0x0000,0x7bf0,0xa556,
  0xa535,0x9d15,0x9cf4,0x8c93,0xa556,0x39c8,0x18c4,0x8c52,0x736e,0x1083,0x0000,0x4209,0x4a6a,0x2945,0x2945,0x2965,
  0x2945,0x31a6,0x2104,0x2124,0x31a6,0x5aeb,0x4208,0x2965,0x2124,0x2966,0x52aa,0x39c7,0x0000,0x1082,0x0861,0x1081,
  0x1082,0x10a2,0x1082,0x0861,0x1082,0x10a2,0x2945,0x18e3,0x1082,0x18e3,0x2104,0x0841,0x10a2,0x10a2,0x0020,0x1082,
  0x2945,0x10a2,0x0841,0x0841,0x0841,0x0841,0x1082,0x0841,0x0841,0x0841,0x0841,0x0841,0x0861,0x0861,0x10a3,0x0020,
  0x2104,0x1082,0x18e3,0x1082,0x18c3,0x1082,0x1082,0x0841,0x1082,0x0862,0x0862,0x0862,0x1062,0x0000,0x18c3,0x2945,
  0x2125,0x0862,0x0841,0x0020,0x0841,0x0841,0x0861,0x1082,0x2945,0x18c3,0x0020,0x1082,0x10a3,0x0841,0x0020,0x0000,
  0x0841,0x18a3,0x1082,0x0020,0x0040,0x0020,0x0000,0x0000,0x1061,0x18a3,0x20e4,0x1082,0x2104,0x0861,0x0841,0x0861,
  0x0841,0x0861,0x0841,0x0841,0x0841,0x0020,0x0020,0x0020,0x0861,0x1082,0x0861,0x0861,0x0020,0x0000,0x0000,0x0841,
  0x0841,0x0020,0x10a2,0x18c3,0x0861,0x0020,0x0841,0x0020,0x0020,0x0841,0x0000,0x0020,0x1082,0x1082,0x0020,0x0020,
  0x0021,0x0000,0x0021,0x2125,0x2945,0x10a2,0x0861,0x0861,0x0861,0x0841,0x0841,0x0841,0x0841,0x0841,0x0841,0x0841,
  0x0000,0x0000,0x0821,0x0840,0x0840,0x0840,0x0820,0x0820,0x0821,0x1061,0x1081,0x1081,0x0881,0x0881,0x1081,0x1081,
  0x1082,0x0821,0x422a,0x94b4,0x94b4,0x6b6f,0x6b4e,0x5acc,0x4a49,0x4208,0x0000,0x0841,0x1882,0x1041,0x0841,0x0000,
  0x0020,0x0000,0x1904,0x2945,0x18e3,0x1082,0x2965,0x2103,0x0841,0x0861,0x1082,0x2904,0x3145,0x1041,0x18a3,0x62cc,
  0x526a,0x7b8e,0xa4d4,0x2905,0x39a7,0x3186,0x0862,0x52ab,0x39e7,0x0841,0x18e3,0x10a2,0x0000,0x0020,0x0000,0x18a3,
  0x2125,0x0841,0x2105,0x4229,0x2125,0x0000,0x0000,0x0861,0x0861,0x0841,0x3187,0x4a4a,0x7baf,0x7baf,0x528a,0x4a29,
  0x4a49,0x31a7,0x31a7,0x2966,0x1904,0x2105,0x4209,0x9cf5,0x7c11,0x424a,0xb598,0x9d15,0xad77,0x9d15,0x94b4,0x94d4,
  0x94b4,0x9cf5,0x9d15,0xa536,0x9cd4,0x73b0,0x2966,0x10c4,0x39c9,0xa536,0x5aac,0x5aab,0x0821,0x4a4a,0x9cf4,0x528b,
  0x2946,0x1083,0x1042,0x526a,0x738e,0x5a6a,0x6aab,0x6209,0xa38f,0xb3af,0xcc11,0xcc31,0xbbcf,0xbc10,0xbbf0,0xbbf0,
  0xc410,0xb3f0,0xb411,0x8b4e,0x49a8,0x5209,0x6acc,0x3105,0x730c,0xa492,0x9c10,0xbcd4,0xac72,0xb4d3,0x8bae,0x4986,
  0x1020,0x3125,0x8bf0,0xad35,0x7bcf,0x39e8,0x4a49,0x62ec,0x2925,0x0000,0x3166,0x18c3,0x20e4,0x18e4,0x18e4,0x8451,
  0x9d14,0x8c93,0xad76,0x9d15,0xa555,0x52ab,0x0021,0x0841,0x0000,0x0020,0x2104,0x4a49,0x31a6,0x2965,0x18c3,0x4228,
  0x2945,0x4228,0x2945,0x2104,0x2945,0x2965,0x31a6,0x39c7,0x31a6,0x4208,0x4a69,0x39e7,0x1082,0x0841,0x10a2,0x10a2,
  0x10a2,0x10a2,0x1082,0x10a2,0x0861,0x1082,0x2104,0x18c3,0x18e3,0x2104,0x39e7,0x0841,0x0861,0x18c3,0x0841,0x0841,
  0x18c3,0x1082,0x10a2,0x18c3,0x0841,0x0841,0x0841,0x0841,0x0861,0x1082,0x0020,0x0841,0x0841,0x2104,0x18e3,0x18c3,
  0x18c3,0x18e4,0x18c3,0x2965,0x10a2,0x20e4,0x1082,0x18c3,0x1082,0x0861,0x0841,0x18c3,0x1062,0x1082,0x0821,0x2945,
  0x2125,0x18e3,0x0021,0x0841,0x0020,0x1082,0x0841,0x1082,0x10a3,0x2104,0x0861,0x0021,0x0841,0x18e3,0x0862,0x0000,
  0x0020,0x1061,0x0841,0x0000,0x0000,0x0841,0x0841,0x0820,0x0841,0x2104,0x1882,0x2104,0x18c3,0x0020,0x0000,0x0020,
  0x0020,0x0841,0x0841,0x0861,0x0841,0x0841,0x0020,0x0841,0x0020,0x0020,0x0841,0x1082,0x1082,0x0841,0x0020,0x0020,
  0x0020,0x0841,0x0841,0x2124,0x2104,0x18c3,0x1082,0x0841,0x0020,0x0841,0x0020,0x0861,0x0861,0x0861,0x0861,0x0020,
  0x0020,0x0000,0x0000,0x18c3,0x2945,0x18e3,0x0861,0x0861,0x0861,0x0861,0x0841,0x0841,0x0841,0x0841,0x0861,0x0020,
  0x0841,0x0000,0x0020,0x0861,0x0861,0x0840,0x0820,0x0820,0x0820,0x1061,0x1081,0x1081,0x0881,0x0881,0x1081,0x1081,
  0x18e3,0x0862,0x2125,0xa4f5,0x94b4,0x94b4,0x738f,0x630d,0x3166,0x6b4d,0x0020,0x0821,0x1082,0x18a2,0x0820,0x0020,
  0x0020,0x0020,0x0862,0x18e4,0x10a3,0x1904,0x2124,0x0861,0x0861,0x1061,0x2924,0x2904,0x20e4,0x1062,0x0821,0x4a29,
  0x4a09,0x5a8b,0xc5d8,0x41a7,0x2925,0x2925,0x2966,0x2104,0x2966,0x18e3,0x0862,0x18c3,0x0841,0x0000,0x0021,0x0000,
  0x1082,0x31a7,0x1082,0x18e4,0x39c8,0x2105,0x0021,0x0861,0x10a2,0x0861,0x0000,0x0000,0x2925,0x41c8,0x41c8,0x4209,
  0x4a29,0x4228,0x5b0c,0x4249,0x18c3,0x5acc,0x5aed,0x7bd0,0x94b4,0x8452,0xa556,0x8c93,0xad77,0x9cf5,0xa556,0x9d15,
  0xa536,0xa536,0xa536,0x9d15,0x9d15,0x2146,0x0021,0x422a,0x8c52,0x9473,0x83f1,0x736e,0x18c3,0x8411,0x9cf4,0x8c52,
  0x8c51,0x9472,0x20c4,0x20c3,0x62ec,0x7b8e,0x51e8,0x6209,0xa3af,0xb3d0,0xc410,0xc3f0,0xbbef,0xbc0f,0xc430,0xc431,
  0xc410,0xbbf0,0xabf0,0x9b8f,0x59e9,0x4167,0x72ed,0x5a09,0x28a3,0x834d,0xa451,0x6a6a,0x40e4,0x82ec,0xac51,0xac51,
  0x6acb,0x7b6e,0x83f0,0x3166,0x0841,0x0841,0x634d,0x5aec,0x10a3,0x0000,0x2125,0x2104,0x1082,0x18e4,0x0000,0x7c10,
  0xa556,0x94b4,0x9cf4,0x8431,0x3a08,0x18c3,0x0841,0x2124,0x2945,0x10a2,0x0861,0x18c3,0x18e3,0x4208,0x2124,0x2104,
  0x31a6,0x4228,0x3186,0x2965,0x4228,0x52aa,0x3186,0x18c3,0x18e4,0x39c7,0x4208,0x7bef,0x18e3,0x0020,0x1082,0x1082,
  0x10a2,0x1082,0x10a2,0x1082,0x1082,0x0861,0x2104,0x2124,0x2104,0x10a2,0x2124,0x10a2,0x0841,0x1082,0x1082,0x0841,
  0x1082,0x1082,0x10a2,0x10a2,0x10a2,0x1082,0x0861,0x0841,0x0861,0x0020,0x0841,0x0841,0x0841,0x10a2,0x2945,0x1082,
  0x2124,0x1082,0x2104,0x10a3,0x20e4,0x1082,0x20e4,0x20e4,0x2104,0x0841,0x18c3,0x0861,0x10a2,0x1062,0x0000,0x1082,
  0x5aab,0x2104,0x0020,0x0841,0x0841,0x0841,0x0021,0x0021,0x2104,0x1082,0x0861,0x0020,0x1082,0x18c3,0x18e3,0x0861,
  0x0000,0x0000,0x0020,0x0020,0x0000,0x0020,0x1062,0x1062,0x1082,0x1082,0x1061,0x1082,0x0820,0x0820,0x0841,0x0820,
  0x0841,0x0020,0x0841,0x0841,0x0841,0x0841,0x0841,0x0861,0x0861,0x0020,0x0020,0x0020,0x0841,0x0841,0x0841,0x0841,
  0x0020,0x0020,0x0020,0x0020,0x18c3,0x10a2,0x1082,0x10a2,0x0861,0x0841,0x0841,0x1082,0x0841,0x0861,0x0841,0x0000,
  0x0861,0x0841,0x0020,0x0861,0x2965,0x2965,0x10a2,0x0861,0x0861,0x0861,0x0841,0x0841,0x0861,0x0861,0x0841,0x0841,
  0x1082,0x18a3,0x0000,0x0841,0x0840,0x0840,0x0820,0x0820,0x0820,0x1061,0x1081,0x1081,0x0881,0x0881,0x1081,0x1081,
  0x1062,0x0862,0x0842,0x738f,0x9cf5,0x9cd4,0x20e5,0x4a4a,0x3166,0x6b6e,0x10a3,0x0020,0x0800,0x0841,0x0820,0x0020,
  0x0000,0x0020,0x0000,0x2104,0x2966,0x2965,0x0861,0x0861,0x1062,0x18c3,0x20e4,0x20c3,0x18a3,0x0800,0x0000,0x39c8,
  0x39c7,0x2925,0xb535,0x9431,0x0841,0x3166,0x31a7,0x0841,0x0862,0x2125,0x1082,0x18c3,0x18e4,0x0000,0x0000,0x0020,
  0x0000,0x31a7,0x4a6a,0x0862,0x2104,0x39c7,0x18e3,0x0841,0x10a2,0x0861,0x10a2,0x0000,0x20e4,0x62ec,0x62ec,0x524a,
  0x2945,0x0841,0x18c4,0x31c8,0x528b,0x7bf0,0xb5b8,0x9cd4,0x94b4,0x94d4,0x8453,0x39e9,0x7bf1,0xbdd8,0xb598,0x9cf5,
  0x9d15,0xad57,0xad97,0x8c73,0x630d,0x422a,0x5aed,0x8c32,0x8411,0x39e8,0x6b4e,0xa4f4,0x18a3,0x3187,0x52ab,0x8410,
  0x8c51,0x526a,0x1042,0x0821,0x20e3,0x41c7,0x49c7,0x30c3,0x8b0c,0xbc52,0xc431,0xbbaf,0xcc71,0xc450,0xb3cf,0xa32c,
  0xb3ae,0xbbf0,0xabaf,0x9b8f,0x9bd0,0x51a8,0x6a8b,0x6aab,0x2062,0x28c3,0xa451,0x7aab,0x3021,0x3862,0x726a,0xbcb3,
  0x838e,0x49e8,0x20c4,0x0842,0x18c4,0x2105,0x18e4,0x31c7,0x5b0d,0x8411,0x9cd4,0x9cb4,0x7bd0,0x7baf,0x2125,0x10c3,
  0x5aec,0x528b,0x1083,0x0842,0x0862,0x10a3,0x10a2,0x10a2,0x10a2,0x10a2,0x0861,0x18e3,0x31a6,0x39e7,0x2104,0x10a2,
  0x39c7,0x4a49,0x4208,0x39c7,0x39e7,0x52aa,0x3186,0x18e3,0x2104,0x2945,0x39c7,0x6b4d,0x4a49,0x0000,0x1082,0x1082,
  0x0861,0x1082,0x18c3,0x18e3,0x1082,0x1082,0x10a2,0x18c3,0x2104,0x31a6,0x18e3,0x2965,0x0841,0x1082,0x1082,0x0841,
  0x0861,0x10a2,0x10a2,0x1082,0x1082,0x10a2,0x10a2,0x18e3,0x0861,0x0861,0x0020,0x0841,0x0020,0x10a3,0x1082,0x10a3,
  0x0862,0x18e3,0x18c3,0x20e4,0x1082,0x18a3,0x18c3,0x2925,0x1062,0x1082,0x10a2,0x1082,0x1062,0x1082,0x0841,0x0000,
  0x10a3,0x4208,0x1082,0x0841,0x0841,0x18e4,0x0841,0x0021,0x0861,0x1082,0x0020,0x0841,0x0861,0x0861,0x0861,0x10a2,
  0x0841,0x0841,0x0841,0x0841,0x0020,0x0000,0x0841,0x1041,0x0821,0x1061,0x1061,0x1061,0x1882,0x1082,0x1061,0x18a2,
  0x0861,0x0841,0x0020,0x0000,0x0020,0x0841,0x0841,0x0841,0x0841,0x0841,0x0861,0x0841,0x0020,0x0020,0x0020,0x0861,
  0x0861,0x0841,0x0020,0x0020,0x0020,0x0020,0x0841,0x0861,0x1082,0x0861,0x0861,0x0861,0x0020,0x1082,0x18c3,0x0020,
  0x0861,0x0841,0x0020,0x0020,0x18e3,0x39e7,0x18e3,0x0841,0x0861,0x0861,0x0861,0x0861,0x1082,0x0841,0x0020,0x0861,
  0x1082,0x0841,0x0020,0x0020,0x0841,0x0841,0x0840,0x0820,0x0820,0x1041,0x1081,0x0881,0x0881,0x0881,0x1081,0x1081,
  0x1081,0x1062,0x0000,0x4229,0xb5b7,0x6b4e,0x0843,0x6b4f,0x3166,0x5aab,0x630d,0x0841,0x3166,0x0820,0x0020,0x0020,
  0x0820,0x0820,0x0000,0x10a3,0x4a6a,0x18c3,0x0841,0x0861,0x1082,0x18c3,0x20c3,0x2904,0x18a3,0x0821,0x0000,0x3186,
  0x3186,0x3166,0x9c92,0xb535,0x3186,0x0862,0x1082,0x1082,0x0000,0x2104,0x2966,0x1082,0x2104,0x0021,0x0000,0x0000,
  0x0000,0x0841,0x2945,0x2966,0x1062,0x10a3,0x18e3,0x1082,0x0861,0x1082,0x0020,0x18c3,0x0020,0x18c3,0x630c,0xa4f4,
  0xb596,0x9472,0x9cf4,0xad77,0xa516,0xa537,0xa536,0x9cd5,0xa536,0xa516,0xad57,0x8432,0x0863,0x630d,0x94b4,0x9493,
  0x9494,0xad56,0xb577,0xad56,0x83f1,0x8411,0x9493,0x7bd0,0x73af,0x8411,0x632d,0x8c31,0x62cc,0x2125,0x6b4e,0x8410,
  0x39e8,0x0000,0x0800,0x1041,0x2104,0x39c7,0x1882,0x1000,0x38e4,0xa3cf,0xbc31,0xb38f,0xc430,0xbbef,0xc410,0x8a69,
  0xab6d,0xb3af,0x7a29,0x9b6e,0xa411,0x6229,0x28a4,0x730d,0x41a7,0x1000,0x6249,0xbcb3,0x61c7,0x5145,0x8b2d,0xc515,
  0x5a6a,0x0000,0x3987,0x7bd0,0x9cd4,0xa536,0x9d15,0xad97,0xbdd8,0xad77,0xad77,0xad77,0x9cf5,0x9cd4,0x9cb4,0x4229,
  0x0000,0x0001,0x0862,0x2966,0x2105,0x18c3,0x0882,0x10a2,0x1082,0x1082,0x18c2,0x1082,0x2104,0x39c7,0x31a6,0x1082,
  0x2104,0x31a6,0x4a69,0x4a49,0x528a,0x4228,0x4a69,0x2965,0x2965,0x2965,0x2965,0x39c7,0x7bef,0x18e4,0x0841,0x1082,
  0x1082,0x10a2,0x18e3,0x1082,0x18c3,0x1082,0x1082,0x18c3,0x2104,0x2124,0x10a2,0x2104,0x0861,0x0861,0x2945,0x0861,
  0x0841,0x1082,0x10a2,0x1082,0x1082,0x10a2,0x1082,0x10a2,0x10a2,0x1082,0x1082,0x0861,0x0861,0x0021,0x0021,0x0021,
  0x0861,0x0841,0x1082,0x1061,0x18e3,0x0841,0x2924,0x18a3,0x18c3,0x0862,0x18a3,0x0861,0x3186,0x10a3,0x0862,0x0020,
  0x0000,0x18c3,0x31a6,0x0841,0x0862,0x0861,0x1082,0x0020,0x0841,0x0020,0x0020,0x0841,0x0861,0x0841,0x0861,0x0861,
  0x0861,0x0861,0x1082,0x0841,0x0841,0x0020,0x0000,0x0000,0x0000,0x0000,0x0820,0x0841,0x2104,0x18a2,0x1062,0x0820,
  0x0000,0x0020,0x0020,0x0020,0x0020,0x0020,0x0841,0x0861,0x0861,0x0841,0x0841,0x0861,0x0861,0x0841,0x0841,0x0020,
  0x0020,0x0841,0x0861,0x0861,0x0020,0x0020,0x0000,0x0020,0x0841,0x0861,0x0841,0x0841,0x0861,0x0861,0x10a2,0x0841,
  0x0841,0x0841,0x0020,0x0020,0x0861,0x2104,0x2124,0x0862,0x0861,0x0861,0x0841,0x0841,0x0020,0x0841,0x0020,0x0841,
  0x0020,0x0020,0x0000,0x0020,0x0841,0x0861,0x0841,0x0820,0x0820,0x1041,0x1061,0x0881,0x0881,0x0881,0x1081,0x1081,
  0x18c2,0x10a2,0x0821,0x3187,0xad56,0x736f,0x736f,0xa516,0x6b0d,0x2946,0x9cb3,0x62ec,0x62cc,0x3166,0x0000,0x0820,
  0x1020,0x1061,0x0000,0x1082,0x4229,0x0862,0x0821,0x1082,0x0862,0x0000,0x1082,0x18a2,0x20c3,0x0820,0x0000,0x4208,
  0x4209,0x18a3,0x9472,0x8c31,0x39c7,0x0021,0x0861,0x10a2,0x10a2,0x0000,0x2125,0x2966,0x0841,0x0841,0x0000,0x0000,
  0x0020,0x0020,0x20e4,0x18c3,0x18e4,0x0841,0x10a2,0x18c3,0x18c3,0x0841,0x0861,0x0841,0x1082,0x0820,0x0000,0x18c4,
  0x7bf0,0xad76,0xa535,0x9cf5,0x94d4,0x9cf5,0xad77,0xa557,0xa516,0xb577,0x9cd5,0x2946,0x526b,0x4a6a,0x0862,0x0862,
  0x18c3,0x2945,0x3186,0x3186,0x2966,0x528b,0x734e,0x9cd4,0x8c52,0x5aab,0x0841,0x0821,0x2105,0x39c7,0x6b4d,0x18c3,
  0x0000,0x0841,0x0821,0x0800,0x2104,0x4a29,0x41e7,0x1882,0x2082,0x5186,0xb410,0xc410,0xcc31,0xc410,0xbbcf,0xbbae,
  0xc3f0,0xa32d,0x9b2d,0x934d,0x9b8f,0x832d,0x3905,0x49c8,0x5209,0x3966,0x38e4,0xa3f0,0xa3f0,0x938e,0xb493,0xa432,
  0x3125,0x18c4,0x83f0,0x9cd4,0xa515,0xa515,0xa536,0x8c52,0x7c11,0x8431,0x8452,0x9493,0x7bd0,0x6b4e,0x8c52,0x4a6a,
  0x18c4,0x2104,0x2125,0x2945,0x1082,0x1082,0x10a2,0x1082,0x10a2,0x10a2,0x0861,0x0841,0x18e3,0x39e7,0x3186,0x1082,
  0x4228,0x4a49,0x39e7,0x2945,0x39c7,0x2965,0x39e7,0x18e3,0x2124,0x2104,0x18c3,0x3186,0x5aeb,0x3186,0x0841,0x2104,
  0x1082,0x1082,0x1082,0x18c3,0x18e3,0x1082,0x0861,0x2104,0x18e3,0x18e3,0x2945,0x18c3,0x0861,0x0841,0x2124,0x10a2,
  0x0841,0x1082,0x10a2,0x10a2,0x1082,0x10a2,0x10a2,0x10a2,0x10a2,0x10a2,0x10a2,0x10a2,0x1082,0x0861,0x0841,0x0020,
  0x0020,0x0861,0x0020,0x0841,0x0820,0x10a2,0x0861,0x2924,0x18c3,0x18a3,0x0841,0x20e4,0x1082,0x1082,0x0821,0x1062,
  0x0000,0x0020,0x18e3,0x2125,0x0841,0x0862,0x0841,0x1082,0x0841,0x0861,0x0861,0x0861,0x0861,0x1082,0x0841,0x1082,
  0x0861,0x1061,0x0861,0x0861,0x0861,0x0861,0x0841,0x0020,0x0000,0x0000,0x0000,0x0000,0x18c3,0x18e3,0x0000,0x0000,
  0x0020,0x0000,0x0000,0x0020,0x0841,0x0020,0x0020,0x0020,0x0020,0x0861,0x0861,0x0861,0x0861,0x0861,0x0861,0x0861,
  0x0841,0x0000,0x0020,0x0861,0x0861,0x0020,0x0020,0x0000,0x0020,0x0861,0x1082,0x0841,0x0861,0x1082,0x0861,0x0020,
  0x0020,0x0020,0x0841,0x0020,0x0841,0x2965,0x2945,0x1082,0x0861,0x0861,0x0841,0x0841,0x0841,0x0841,0x0841,0x0841,
  0x0841,0x0820,0x0841,0x0000,0x0841,0x0841,0x1041,0x0841,0x0820,0x1041,0x1061,0x0881,0x0881,0x0881,0x1081,0x1081,
  0x18a2,0x10a2,0x18c4,0x10a3,0x6b4e,0x8411,0x7bd1,0x83f1,0x9452,0x18a3,0x8411,0x9cb4,0x732e,0x6b0d,0x1082,0x0000,
  0x20a3,0x1021,0x0821,0x0000,0x18a3,0x1062,0x0841,0x1082,0x0021,0x0020,0x1882,0x20c3,0x20c3,0x1041,0x0000,0x4208,
  0x31a7,0x2905,0xa4d4,0x9c92,0x18a3,0x0000,0x0861,0x2124,0x10a2,0x1082,0x0021,0x39e8,0x18e4,0x0021,0x0020,0x0000,
  0x0021,0x0000,0x10a3,0x39c7,0x0862,0x10a3,0x0841,0x0861,0x18e3,0x1082,0x0841,0x18c3,0x0020,0x0841,0x10a2,0x18c3,
  0x1082,0x7bf0,0xad97,0xa536,0xa536,0xad77,0xa536,0xad97,0x9cf5,0x738f,0x4209,0x52ab,0x4a49,0x0841,0x0841,0x0020,
  0x0000,0x0000,0x0000,0x0000,0x0000,0x0801,0x1062,0x41c8,0x62ec,0x18a3,0x18a3,0x5a8b,0x2925,0x0821,0x3166,0x18c3,
  0x0861,0x0020,0x0800,0x0821,0x0000,0x2965,0x528a,0x526a,0x20a3,0x2020,0x82ab,0xbc10,0xc410,0xcc30,0xc3ef,0xcc10,
  0xab4d,0xab8e,0xb3cf,0x9b6e,0x9baf,0x93cf,0x72ec,0x49c8,0x5a6b,0x5a4a,0x30a3,0x6208,0x936e,0x7aec,0xa451,0x730d,
  0x0842,0x2125,0x9493,0xa515,0x9cd5,0x7bb0,0x9cb4,0x73b0,0x18e4,0x1904,0x10c4,0x2126,0x18e4,0x3167,0x2966,0x0862,
  0x0000,0x20e4,0x2124,0x2945,0x18e4,0x1082,0x18c3,0x1082,0x10a2,0x10a2,0x0862,0x0861,0x0841,0x4a69,0x6b4d,0x3186,
  0x2945,0x4a69,0x18c3,0x31a6,0x4208,0x2965,0x2124,0x2124,0x39c6,0x2945,0x2124,0x31a6,0x31a7,0x6b6d,0x0020,0x18e4,
  0x2104,0x1082,0x10a2,0x18c3,0x10a2,0x1082,0x1082,0x10a2,0x2104,0x18e3,0x2124,0x18e3,0x10a2,0x0020,0x0861,0x1082,
  0x0841,0x0861,0x10a2,0x10a2,0x10a2,0x1082,0x10a2,0x18c3,0x1082,0x10a2,0x10a2,0x1082,0x1082,0x1082,0x1082,0x0862,
  0x1082,0x0040,0x0841,0x0000,0x0861,0x0861,0x10a2,0x0861,0x18e3,0x0841,0x0841,0x0821,0x10a3,0x0841,0x1082,0x1062,
  0x0862,0x0000,0x0841,0x2945,0x1083,0x0821,0x1082,0x0020,0x10a2,0x0841,0x0861,0x0861,0x0861,0x0861,0x0861,0x0841,
  0x0861,0x0861,0x1061,0x0861,0x0881,0x0881,0x1082,0x0841,0x0020,0x0020,0x0861,0x0000,0x18e4,0x2104,0x0000,0x0020,
  0x0000,0x0000,0x0020,0x0841,0x0020,0x0020,0x0861,0x0841,0x0020,0x0020,0x0841,0x0861,0x0861,0x0841,0x0841,0x0841,
  0x0861,0x0841,0x0841,0x0020,0x0841,0x0020,0x0841,0x0841,0x0020,0x0020,0x0841,0x0861,0x0841,0x0861,0x0861,0x0020,
  0x0841,0x0861,0x0020,0x0840,0x0020,0x1082,0x2945,0x31a6,0x0841,0x0861,0x0841,0x0841,0x0841,0x0861,0x0841,0x0841,
  0x0020,0x0020,0x0841,0x0861,0x0020,0x0841,0x0841,0x0841,0x0840,0x1041,0x1061,0x0881,0x0881,0x0881,0x1081,0x1081,
  0x10a2,0x1082,0x1082,0x0001,0x528b,0x8c52,0x8412,0x83f1,0x8411,0x20e5,0x6b6e,0xad15,0x4a2a,0x62cc,0x734e,0x3166,
  0x41c7,0x5209,0x2083,0x0800,0x0000,0x1082,0x0862,0x0862,0x0862,0x0000,0x18a2,0x1082,0x20c3,0x0821,0x0000,0x3166,
  0x3187,0x526b,0x9c93,0xa4f5,0x2925,0x0000,0x0841,0x2104,0x31a7,0x2986,0x10a3,0x10a3,0x5acb,0x10a3,0x0021,0x0020,
  0x0000,0x0841,0x0000,0x18c3,0x2125,0x0841,0x1903,0x10a2,0x0861,0x18e3,0x18c3,0x10a3,0x18c3,0x0020,0x0000,0x2104,
  0x3186,0x18c3,0x528b,0x9493,0xad56,0xa536,0x8411,0x6b6f,0x4a4a,0x2105,0x7baf,0x738f,0x18c3,0x0000,0x0840,0x0841,
  0x0840,0x0820,0x0840,0x0800,0x1041,0x18a2,0x0000,0x1862,0x0821,0x2966,0x630d,0x41e8,0x41e8,0x5aab,0x5aab,0x7baf,
  0x528a,0x0020,0x0000,0x0000,0x0000,0x0862,0x3166,0x41e8,0x3165,0x1841,0x4104,0xabcf,0xc410,0xc410,0xbbaf,0xc3af,
  0xb38e,0xa34d,0xa36e,0x934d,0x8b4d,0x9c31,0x8bcf,0x28e4,0x3167,0x4a2a,0x4187,0x6aab,0xa452,0x9bf0,0x626a,0x49c8,
  0x6b2d,0x9493,0x9cf4,0xad36,0x526b,0x20e5,0xa4f5,0xbdd8,0xa4f5,0xa515,0x9cb4,0x9493,0xad36,0xb597,0x8c72,0x8c73,
  0x8c52,0x2104,0x18c3,0x18c3,0x10a3,0x1082,0x10a2,0x1082,0x18c3,0x2125,0x10a3,0x10a3,0x0000,0x39e7,0x52aa,0x632c,
  0x1062,0x39a7,0x6b4d,0x5b0b,0x31a5,0x39c6,0x4a69,0x2945,0x2104,0x39e7,0x2986,0x3186,0x2104,0x52cb,0x18c3,0x0841,
  0x18c3,0x18e4,0x10a2,0x10a2,0x10a2,0x10a2,0x1082,0x1082,0x18c3,0x18e3,0x1082,0x18e3,0x18e3,0x0861,0x0861,0x10a2,
  0x0861,0x0841,0x10a2,0x1082,0x1082,0x10a2,0x10a2,0x10a2,0x1082,0x10a2,0x1082,0x10a2,0x10a2,0x10a2,0x1082,0x10a2,
  0x10a2,0x10c3,0x0841,0x0841,0x0020,0x0841,0x0020,0x0841,0x0841,0x0841,0x10a2,0x18c3,0x1082,0x2104,0x1061,0x0821,
  0x0841,0x0020,0x0000,0x18c4,0x2125,0x0841,0x0820,0x0841,0x0841,0x1082,0x0841,0x0861,0x0861,0x1082,0x0861,0x0861,
  0x0861,0x0861,0x1082,0x0861,0x0861,0x1082,0x0861,0x0861,0x0861,0x0861,0x0882,0x10a2,0x0020,0x0020,0x0000,0x0020,
  0x0020,0x0861,0x0020,0x0841,0x0861,0x0020,0x0000,0x0861,0x1082,0x0020,0x0020,0x0020,0x0841,0x0841,0x0861,0x0861,
  0x0841,0x0861,0x0861,0x0861,0x0841,0x0000,0x0000,0x0861,0x10a2,0x0020,0x0000,0x0841,0x0841,0x0861,0x1082,0x0020,
  0x0841,0x1082,0x0841,0x0020,0x0020,0x0861,0x2104,0x39a7,0x10a3,0x0841,0x0861,0x0841,0x0861,0x0020,0x0841,0x0841,
  0x0861,0x0820,0x10a2,0x0861,0x0020,0x0841,0x0841,0x0820,0x0820,0x0841,0x1081,0x1081,0x0881,0x0881,0x1081,0x1081,
  0x18c3,0x0861,0x0841,0x0000,0x5acc,0x9494,0x7bf1,0x8c73,0xad56,0x4a4a,0x2947,0xad15,0x7bd0,0x5aac,0x62ab,0x8bf1,
  0x41c8,0x732d,0x6acc,0x20a3,0x0820,0x0020,0x0040,0x0000,0x1082,0x18a2,0x18a2,0x1041,0x18c2,0x1082,0x0000,0x2966,
  0x2966,0x41c8,0x9c94,0xa4f5,0x2105,0x10a2,0x0861,0x0020,0x39c7,0x39e8,0x2966,0x0021,0x2125,0x31a7,0x0021,0x0821,
  0x0000,0x0020,0x0000,0x0000,0x2124,0x1082,0x0861,0x2965,0x18c3,0x0021,0x10a3,0x2125,0x0841,0x10a3,0x2966,0x0861,
  0x39c7,0x630c,0x4229,0x4208,0x4a6a,0x73af,0x6b4e,0x5acc,0x5aec,0x39e8,0x6b2d,0x6b2d,0x1042,0x0800,0x1082,0x0820,
  0x1061,0x1020,0x0820,0x41c7,0x9451,0xacf4,0x734d,0x3165,0x1062,0x1082,0x2125,0x738f,0x41e9,0x2105,0x18a4,0x31a7,
  0x630c,0x4a29,0x0000,0x0000,0x0000,0x20e4,0x18a3,0x39a7,0x4a08,0x41a6,0x38c3,0x9b6e,0xc431,0xc3f0,0xcbf0,0xc411,
  0xbbd0,0xa32d,0xabaf,0x726a,0x3904,0x8baf,0xa493,0x5a2a,0x0842,0x4209,0x41c8,0x5a4a,0xb4f4,0x9c31,0x20a3,0x1041,
  0x18a3,0x5aec,0x736e,0x3187,0x18a4,0x6b4e,0xa4f5,0x6b2d,0x736e,0x6b2e,0x5acc,0x5aac,0x528b,0x4209,0x3167,0x4a4a,
  0x8411,0x39c7,0x0000,0x10a2,0x1082,0x1082,0x1082,0x1082,0x18c3,0x2104,0x18e3,0x0862,0x0862,0x18c3,0x2104,0x39e7,
  0x18c3,0x18a3,0x4a69,0x5aeb,0x2985,0x2124,0x4207,0x41e7,0x20e4,0x4208,0x3165,0x2945,0x2945,0x39c7,0x39c7,0x0020,
  0x2945,0x10a3,0x18e3,0x1082,0x18e4,0x1082,0x0861,0x0861,0x18c3,0x18c3,0x10a2,0x10a2,0x18c3,0x10a2,0x0841,0x1082,
  0x1082,0x0020,0x1082,0x10a2,0x10a2,0x10a2,0x1082,0x10a2,0x1082,0x1082,0x10a2,0x10a2,0x10a2,0x10a2,0x10a2,0x1082,
  0x18e3,0x1082,0x1082,0x1082,0x0861,0x0841,0x0020,0x0020,0x0020,0x0820,0x20e4,0x1082,0x1082,0x1082,0x1082,0x0020,
  0x1082,0x0821,0x0000,0x0021,0x2966,0x18c3,0x10a2,0x0841,0x0841,0x0021,0x0861,0x0021,0x1082,0x1082,0x0861,0x0841,
  0x0861,0x0861,0x0861,0x0841,0x0861,0x0861,0x0861,0x0861,0x0861,0x0861,0x0841,0x0861,0x0020,0x0000,0x0841,0x0861,
  0x0841,0x0020,0x0020,0x0020,0x18c3,0x0841,0x0000,0x0020,0x0020,0x0020,0x0841,0x0841,0x0020,0x0020,0x0841,0x0861,
  0x0861,0x0861,0x0861,0x0861,0x0861,0x0841,0x0841,0x0020,0x0861,0x0861,0x0020,0x0020,0x0020,0x0841,0x0861,0x1082,
  0x0020,0x0861,0x0021,0x0861,0x0000,0x0020,0x18c3,0x20e4,0x18e4,0x0862,0x0841,0x0841,0x0840,0x0841,0x0840,0x0841,
  0x0841,0x1082,0x0841,0x18c3,0x0841,0x0020,0x0841,0x0820,0x0820,0x1041,0x1081,0x1081,0x0881,0x0881,0x1081,0x1081,
  0x18c3,0x18c3,0x10a2,0x18a3,0x2125,0x8c32,0x73b0,0x630e,0x9cd4,0x6b2e,0x1063,0x6b4e,0x83f1,0x8c11,0x20e4,0x734e,
  0x9431,0x626b,0x5a6a,0x62ab,0x1882,0x0000,0x0020,0x0000,0x0020,0x18c3,0x18a2,0x0820,0x1041,0x1082,0x0000,0x2945,
  0x39c8,0x18c4,0x9453,0xad15,0x2925,0x1062,0x1082,0x1082,0x1082,0x0862,0x2125,0x2104,0x0001,0x31a7,0x2125,0x0000,
  0x1082,0x0020,0x0841,0x0000,0x10a2,0x2966,0x0861,0x0841,0x2945,0x2104,0x0841,0x18e4,0x2124,0x1082,0x2124,0x2124,
  0x0020,0x0841,0x2125,0x2104,0x0862,0x2945,0x39c7,0x18c3,0x0862,0x0000,0x1883,0x20c3,0x0820,0x5aaa,0xa4f3,0x5a8a,
  0x0000,0x1021,0x1021,0x9430,0xb535,0xbd96,0x9c92,0x3145,0x0020,0x18a3,0x4a6a,0x630c,0x0001,0x41e8,0x738f,0x5aec,
  0x6b2d,0x5a8b,0x0841,0x20e4,0x4a49,0x62ab,0x5a6a,0x28e4,0x49a7,0x6229,0x38a3,0x8a8a,0xb36e,0xbbaf,0xc3f1,0xc3d0,
  0xbbd0,0xab6f,0xa38f,0x6a29,0x1800,0x3905,0x836e,0x72ed,0x0821,0x4a49,0x4a29,0x1021,0x5a69,0x39a6,0x0000,0x0820,
  0x18c4,0x4a4a,0x4a6a,0x4209,0x5a8b,0xa4f4,0x736e,0x0821,0x0841,0x18a3,0x3166,0x39a7,0x526a,0x0821,0x0000,0x0000,
  0x0000,0x0000,0x0862,0x18c3,0x1082,0x1082,0x10a2,0x1082,0x18e4,0x2104,0x10a2,0x0862,0x0862,0x0841,0x1082,0x31a6,
  0x18c3,0x18c3,0x2965,0x39e7,0x39e7,0x3165,0x2104,0x2124,0x3165,0x41e7,0x39a6,0x3165,0x3165,0x4208,0x630c,0x0861,
  0x1082,0x10a2,0x0861,0x10a3,0x1082,0x1082,0x1082,0x0861,0x1082,0x18c3,0x10a2,0x18c3,0x18c3,0x18c3,0x0841,0x0861,
  0x10a2,0x0861,0x0841,0x10a2,0x10a2,0x10a2,0x1082,0x10a2,0x10a2,0x1082,0x1082,0x10a2,0x1082,0x1082,0x10a2,0x10a2,
  0x10a2,0x10a2,0x1082,0x10a2,0x1082,0x10a2,0x0861,0x0841,0x0020,0x0000,0x0000,0x0000,0x0841,0x18c3,0x0841,0x0000,
  0x0841,0x10a2,0x0841,0x0000,0x0021,0x2966,0x2125,0x0841,0x0841,0x18a3,0x0841,0x0841,0x0020,0x1082,0x0861,0x0861,
  0x0861,0x0861,0x0861,0x0861,0x0861,0x1082,0x0861,0x1082,0x0861,0x1082,0x0861,0x0861,0x0841,0x0020,0x0020,0x0841,
  0x0841,0x0000,0x0020,0x0020,0x0020,0x0020,0x0000,0x0841,0x1082,0x0020,0x0020,0x0861,0x0841,0x0020,0x0020,0x0841,
  0x0841,0x0841,0x0861,0x0861,0x0861,0x0861,0x0841,0x0841,0x0020,0x0020,0x0841,0x0020,0x0020,0x0020,0x0861,0x10a2,
  0x1082,0x0021,0x0841,0x0841,0x0841,0x0000,0x18e4,0x39c7,0x2946,0x0862,0x0841,0x0861,0x0861,0x0841,0x0841,0x0020,
  0x0841,0x0020,0x0020,0x1082,0x18c3,0x0841,0x0841,0x0821,0x0841,0x1061,0x1081,0x1081,0x0881,0x0881,0x1081,0x1081,
  0x2125,0x10a2,0x2945,0x31a7,0x0000,0x6b6e,0x9473,0x5b0d,0x8c52,0x9493,0x18a4,0x528b,0x9472,0x83d0,0x28e5,0x5aab,
  0x83b0,0x4187,0x5209,0x49c8,0x20e4,0x0000,0x0841,0x1082,0x0841,0x20e3,0x2924,0x20e3,0x18a2,0x1882,0x0000,0x3186,
  0x4209,0x41e9,0x9473,0xa4f5,0x5acb,0x1082,0x0861,0x10a3,0x1082,0x0841,0x18a3,0x0821,0x0021,0x1082,0x4a49,0x10a3,
  0x0020,0x0000,0x0861,0x0841,0x0841,0x4a49,0x18e4,0x0841,0x0841,0x2124,0x18e3,0x0841,0x10a2,0x2945,0x18c3,0x18c4,
  0x2966,0x18c3,0x0000,0x0000,0x0000,0x0000,0x0000,0x0000,0x0000,0x1041,0x1862,0x0800,0x3966,0xd638,0xa4f3,0x5a8a,
  0x2904,0x1021,0x1882,0x9451,0xa4d3,0x9451,0x5a6a,0x3166,0x3145,0x4a29,0x2925,0x1062,0x6b2d,0x9cd4,0xa515,0x6b4e,
  0x7baf,0x7baf,0x738f,0x62cb,0x41a7,0x8bd0,0xa4b3,0x836e,0x28c3,0x6229,0x40c3,0x828a,0xb3f0,0xb3d0,0xbbf0,0xb3b0,
  0xb3b0,0xb431,0x936e,0x8b4e,0x59e9,0x1821,0x3926,0x8bd0,0x3146,0x18e4,0x39a7,0x3166,0x0841,0x0000,0x4a4a,0x5acb,
  0x8411,0xbd98,0xa515,0x9473,0x8c31,0x630c,0x1062,0x0000,0x1082,0x0841,0x10a2,0x1082,0x18e3,0x0841,0x0000,0x1082,
  0x0021,0x0021,0x1082,0x10a2,0x1082,0x1082,0x1082,0x1082,0x10a3,0x18e4,0x2124,0x1082,0x0841,0x0021,0x18c3,0x2965,
  0x18e3,0x0882,0x2965,0x31a6,0x4208,0x2965,0x2125,0x2965,0x3186,0x39e7,0x39e7,0x20e4,0x18a3,0x41e8,0x4a69,0x2945,
  0x0000,0x10a2,0x18c3,0x0841,0x1082,0x10a2,0x10a2,0x1082,0x1082,0x10a2,0x18c3,0x18c3,0x18c3,0x10a2,0x0841,0x0841,
  0x10a2,0x1082,0x0841,0x1082,0x10a2,0x1082,0x1082,0x10a2,0x1082,0x1082,0x10a2,0x10a2,0x1082,0x1082,0x10a2,0x10a2,
  0x1082,0x1082,0x1082,0x10a2,0x10a2,0x1082,0x1082,0x1082,0x1082,0x0841,0x0820,0x0000,0x0020,0x0841,0x0000,0x0000,
  0x0820,0x1081,0x18e3,0x0861,0x0000,0x1082,0x39e8,0x18c3,0x18c3,0x18c3,0x18c3,0x0862,0x0841,0x0020,0x10a2,0x0861,
  0x0841,0x0841,0x0861,0x0861,0x0861,0x0861,0x0861,0x0861,0x1082,0x0861,0x0861,0x0841,0x0861,0x0841,0x0000,0x0020,
  0x18c3,0x0861,0x0861,0x0020,0x0020,0x0000,0x0000,0x0000,0x0861,0x0861,0x1082,0x0861,0x0020,0x0020,0x0020,0x0841,
  0x0841,0x0841,0x0861,0x0861,0x0861,0x0861,0x0861,0x0861,0x0861,0x0020,0x0000,0x0020,0x0841,0x0020,0x0841,0x10a2,
  0x10a2,0x0861,0x0841,0x0861,0x0020,0x0020,0x0841,0x31a7,0x4208,0x2104,0x0841,0x0861,0x0841,0x0841,0x0841,0x0861,
  0x0020,0x0841,0x0020,0x0841,0x10a2,0x0861,0x0820,0x0841,0x1041,0x1061,0x1061,0x1081,0x0881,0x0881,0x1081,0x1081,
  0x1082,0x10a3,0x2104,0x4228,0x1082,0x3187,0x7bd0,0x6b4e,0x8c73,0x9cd5,0x39a8,0x1083,0x524a,0x41c8,0x1884,0x62ed,
  0x6b0d,0x5229,0x8bd0,0x9431,0x5249,0x1041,0x20e4,0x2945,0x2945,0x3186,0x41e7,0x3165,0x2903,0x1061,0x0000,0x2104,
  0x41e8,0x3166,0x8c11,0x9cb3,0x3166,0x18a3,0x0861,0x0841,0x18a3,0x8410,0xad35,0x39c8,0x0841,0x0000,0x39c7,0x39e8,
  0x0000,0x0000,0x0000,0x1081,0x0020,0x2945,0x39e8,0x0841,0x0841,0x0841,0x2966,0x2104,0x1082,0x0862,0x18e4,0x1083,
  0x2966,0x31a7,0x4208,0x18c3,0x0000,0x0020,0x0841,0x0820,0x0820,0x0820,0x1041,0x0800,0x5249,0xc5b6,0x5249,0x62aa,
  0x8bef,0x20a3,0x1883,0x62ab,0xb555,0xa4d4,0x4a08,0x9472,0x736e,0x1062,0x0000,0x1082,0x8c11,0x83f0,0x734e,0x0822,
  0x0822,0x41c8,0x7baf,0x2925,0x7b4e,0xb535,0xacd3,0xbd14,0x5a49,0x28c2,0x3903,0x7aaa,0xac10,0xabf0,0xa3cf,0x936e,
  0x8b6e,0x830d,0x4167,0x3105,0x6b0d,0x41c8,0x0801,0x49e8,0x5a6b,0x20c4,0x2925,0x4a29,0x3166,0x10a3,0x632e,0x9493,
  0xad57,0xa4f5,0x8c32,0x39c8,0x526a,0x2104,0x0000,0x0000,0x52ab,0x6b6e,0x4a29,0x528b,0x630d,0x5aec,0x528b,0x39c8,
  0x0000,0x0000,0x4208,0x2124,0x10a2,0x10a2,0x0861,0x1082,0x1082,0x10a3,0x2125,0x2104,0x0862,0x0841,0x2104,0x31a7,
  0x39e7,0x1082,0x10a2,0x31a6,0x31a7,0x3187,0x2104,0x2966,0x2986,0x2986,0x2124,0x2945,0x39e7,0x2965,0x4228,0x3186,
  0x0020,0x18e4,0x18c3,0x10a3,0x0861,0x10a3,0x1082,0x18e3,0x0861,0x1082,0x2124,0x18e3,0x1082,0x18e3,0x18c3,0x0020,
  0x1082,0x10a2,0x0841,0x0861,0x18c3,0x18e3,0x10a2,0x1082,0x1082,0x10a2,0x10a2,0x10a2,0x1082,0x1082,0x10a2,0x1082,
  0x10a2,0x1082,0x1082,0x1082,0x1082,0x1082,0x1082,0x1082,0x10a2,0x1082,0x1082,0x1062,0x0020,0x0000,0x0020,0x0000,
  0x0841,0x0820,0x0861,0x18c3,0x0861,0x0000,0x1082,0x3186,0x1082,0x18c3,0x1082,0x0861,0x0861,0x1082,0x0861,0x18e3,
  0x0841,0x1082,0x0861,0x0861,0x0861,0x0841,0x0861,0x0861,0x0861,0x0861,0x0861,0x0861,0x0861,0x0861,0x0841,0x0841,
  0x0841,0x0861,0x0861,0x1082,0x0841,0x0000,0x0000,0x0000,0x0841,0x2104,0x10a2,0x0861,0x0841,0x0841,0x0841,0x0841,
  0x0841,0x0020,0x0020,0x0841,0x0861,0x0841,0x0861,0x0841,0x0861,0x0861,0x0841,0x0020,0x0020,0x0020,0x0841,0x0020,
  0x1082,0x1082,0x0841,0x0020,0x0841,0x0000,0x0021,0x2104,0x3186,0x3186,0x18c3,0x0020,0x0841,0x0841,0x0020,0x0841,
  0x0841,0x0841,0x0861,0x0041,0x1082,0x0020,0x0020,0x0841,0x1061,0x1081,0x1081,0x0861,0x0881,0x0881,0x1081,0x1081,
  0x18e3,0x1082,0x18e3,0x2104,0x0841,0x10a3,0x4a4a,0x52ab,0x8c73,0x9cd5,0x7bd0,0x1062,0x6b2e,0x734e,0x83d0,0x83b0,
  0x6aed,0x83af,0x8bb0,0x9431,0x6aec,0x0000,0x18c3,0x2925,0x2104,0x18e3,0x3165,0x2924,0x20e3,0x18a2,0x0000,0x0001,
  0x3186,0x20c4,0x526a,0x5a8b,0x0000,0x2925,0x1082,0x1083,0x5aab,0xc5f8,0xad15,0x738f,0x62ed,0x18c3,0x0021,0x39e7,
  0x18c3,0x0000,0x0020,0x10a2,0x0020,0x0861,0x39e8,0x20e4,0x0841,0x0861,0x0841,0x2124,0x31a7,0x18e4,0x1083,0x2925,
  0x39c7,0x2125,0x2966,0x52ab,0x41e8,0x20e4,0x0800,0x0800,0x1041,0x0820,0x1861,0x1021,0x49c7,0x8bcf,0x8c10,0xb555,
  0x62cb,0x20c3,0x1041,0x1882,0xa4d4,0x8c31,0x1083,0x39c8,0x39c7,0x18c3,0x0820,0x0821,0x3166,0x2925,0x18c4,0x3146,
  0x4a29,0x3146,0x1883,0x2905,0x62cb,0xacf4,0xeebb,0xd5f7,0x62aa,0x732c,0x5a49,0x730c,0x6249,0x49a7,0x51e8,0x838f,
  0xb515,0x83d0,0x7bb0,0x6b6e,0x4209,0x10a3,0x0000,0x2905,0x62cc,0x524b,0x41c8,0x3167,0x20e4,0x526b,0x738f,0x9cd5,
  0xa4f5,0x9cd4,0x3187,0x0000,0x0000,0x0000,0x0000,0x4a6a,0x9cd4,0x9cd5,0xad36,0xb597,0xb577,0x9cd5,0x94b4,0x8c73,
  0x4a6a,0x18c3,0x1082,0x2104,0x10a2,0x1082,0x1082,0x10a3,0x1082,0x10a2,0x18e3,0x18e4,0x10a3,0x0841,0x0861,0x2945,
  0x4a29,0x31a6,0x18e3,0x4a49,0x2925,0x2925,0x3146,0x5a4a,0x526a,0x4a49,0x4208,0x2145,0x1904,0x1904,0x39e7,0x528a,
  0x0861,0x0841,0x1082,0x1082,0x0861,0x1082,0x18c3,0x1082,0x1082,0x0841,0x2104,0x2945,0x2104,0x18e3,0x2945,0x0841,
  0x1082,0x18c3,0x1082,0x0020,0x1082,0x10a2,0x1082,0x1082,0x10a2,0x1082,0x1082,0x1082,0x10a2,0x10a2,0x1082,0x1082,
  0x1082,0x1082,0x10a2,0x1082,0x1082,0x1082,0x1082,0x1082,0x10a2,0x0861,0x1082,0x1082,0x0861,0x0841,0x0000,0x0000,
  0x0000,0x0841,0x0841,0x0861,0x18c2,0x0841,0x0000,0x10a3,0x2104,0x0841,0x0041,0x0021,0x1082,0x0861,0x0841,0x0841,
  0x1082,0x0841,0x1082,0x0861,0x0861,0x0861,0x0861,0x0861,0x0861,0x0861,0x0861,0x0861,0x0861,0x0861,0x0861,0x0020,
  0x0020,0x0020,0x0841,0x0841,0x0020,0x0020,0x0020,0x0000,0x0861,0x1082,0x0861,0x0861,0x0861,0x1082,0x0841,0x0020,
  0x0020,0x0020,0x0020,0x0841,0x0841,0x0841,0x0861,0x0841,0x0861,0x1082,0x0861,0x1082,0x0000,0x0020,0x0020,0x0020,
  0x0020,0x0841,0x1082,0x10a2,0x0020,0x0841,0x0000,0x2104,0x2125,0x0862,0x10a3,0x0021,0x0861,0x0841,0x0020,0x0020,
  0x0020,0x0820,0x0841,0x0841,0x0020,0x1082,0x0820,0x0841,0x1041,0x1041,0x0861,0x0861,0x0881,0x0881,0x1081,0x1081,
  0x18c3,0x18c3,0x1082,0x18c3,0x1082,0x1082,0x4209,0x634d,0x9d16,0xa536,0x94b4,0x2125,0x5acc,0x7bb0,0x83b0,0x734e,
  0x6b0d,0x83f0,0x8bf0,0x8bf0,0x526a,0x0821,0x18a3,0x2105,0x10a3,0x18a3,0x2104,0x2924,0x2924,0x0820,0x0000,0x2946,
  0x4a49,0x18c4,0x526b,0x6b0c,0x1041,0x2904,0x18c3,0x3146,0xad35,0xc5d8,0x62ed,0x4a0a,0x6b4e,0x738f,0x1083,0x10a3,
  0x4209,0x0041,0x0000,0x10a2,0x18e3,0x0000,0x0861,0x18a3,0x0821,0x0841,0x0000,0x0862,0x4208,0x39e8,0x0842,0x0862,
  0x31c7,0x39e8,0x31a7,0x18e4,0x41e8,0x5249,0x41a7,0x20c3,0x0820,0x0800,0x0821,0x1021,0x1862,0x7b6e,0xacf4,0x6aec,
  0x39a7,0x3986,0x4a29,0x20e4,0x39c8,0x632d,0x7bd0,0x39e8,0x0841,0x0841,0x1061,0x20e3,0x3186,0x18c4,0x8c31,0xbdd8,
  0xbdd8,0xce3a,0x734e,0x2904,0x4a08,0x6aeb,0xb514,0xc575,0x49e7,0x62ab,0x5a49,0x4186,0x5208,0x8bf0,0xacf4,0xce39,
  0xe6fd,0xb577,0x8c52,0x94d4,0xad56,0x738f,0x18a3,0x0862,0x526b,0x4a09,0x41e8,0x39c8,0x2125,0x6b2e,0x83f1,0xa516,
  0xb577,0x738f,0x0000,0x0020,0x0020,0x0000,0x52ab,0x83f1,0x8c52,0xa516,0xa536,0x9cd4,0x94b4,0x94b4,0xa516,0x9cd4,
  0x9cf5,0x9cf4,0x39c7,0x0841,0x10a3,0x10a2,0x10a2,0x1082,0x1082,0x0861,0x0861,0x10a2,0x1082,0x1082,0x0020,0x18c3,
  0x4a49,0x630c,0x1082,0x4a29,0x6aec,0x832e,0x934f,0x9b4f,0x8b0e,0x72ac,0x51e9,0x41c7,0x2965,0x1904,0x1904,0x4a6a,
  0x2104,0x0000,0x10a2,0x18e3,0x0861,0x10a3,0x2104,0x2104,0x1082,0x1082,0x1082,0x2104,0x2104,0x10a2,0x18e3,0x1082,
  0x0020,0x1082,0x10a2,0x0020,0x0861,0x1082,0x0020,0x0841,0x0861,0x10a2,0x10a2,0x10a2,0x10a2,0x10a2,0x1082,0x1082,
  0x1082,0x1082,0x1082,0x1082,0x1082,0x1082,0x10a2,0x1082,0x1082,0x10a2,0x1082,0x10a2,0x1082,0x18e3,0x0861,0x0000,
  0x0000,0x0020,0x0841,0x0840,0x18c2,0x18c3,0x0000,0x0841,0x2124,0x18e3,0x0020,0x0841,0x0020,0x0841,0x0861,0x0020,
  0x0861,0x2124,0x0861,0x0861,0x0861,0x0841,0x0861,0x0861,0x0841,0x0861,0x0861,0x0861,0x0861,0x0861,0x0841,0x1082,
  0x0841,0x0020,0x0020,0x0020,0x0000,0x0841,0x0841,0x0020,0x0841,0x0020,0x0020,0x0020,0x0841,0x1082,0x0861,0x0841,
  0x0020,0x0020,0x0020,0x0020,0x0841,0x0841,0x0841,0x0841,0x0861,0x0861,0x1082,0x1082,0x10a2,0x0000,0x0000,0x0000,
  0x0000,0x0000,0x0020,0x0861,0x0841,0x0020,0x0000,0x18e4,0x6b6e,0x5aec,0x18c3,0x0021,0x1082,0x0861,0x0841,0x0020,
  0x0841,0x0821,0x0841,0x0841,0x0861,0x0020,0x0841,0x0820,0x0841,0x1041,0x1081,0x0861,0x0881,0x0881,0x1081,0x1081,
  0x10a3,0x18c3,0x18c3,0x18c3,0x10a2,0x0000,0x39c7,0x6b6e,0x8c94,0x8c73,0xad56,0x31a7,0x2926,0x62cc,0x522a,0x6b0e,
  0x1883,0x3146,0x83b0,0x8c31,0x526a,0x0821,0x39c7,0x20e4,0x1082,0x10a2,0x0861,0x18c3,0x18a2,0x0821,0x0021,0x39c7,
  0x39c7,0x18a3,0x62ec,0x9472,0x20e3,0x18a2,0x1041,0x6b2d,0xcdf9,0x9cb4,0x734f,0x62ed,0x5aac,0x7bb0,0x39e8,0x0000,
  0x4229,0x2966,0x0000,0x0841,0x18c2,0x1081,0x0841,0x2104,0x0841,0x0000,0x0020,0x0000,0x1082,0x528a,0x39c8,0x0001,
  0x0020,0x0020,0x18e3,0x3166,0x18c3,0x20e4,0x3145,0x5229,0x39a6,0x1061,0x1021,0x20a3,0x1862,0x5a8b,0x9431,0x4a08,
  0x20c3,0x0821,0x1082,0x18e4,0x2946,0xbdf8,0x7c11,0x7c11,0x5aab,0x0000,0x18a3,0x18c3,0x20e4,0x8c11,0xad36,0xbd98,
  0x83f1,0x738f,0x736e,0x41c8,0x7baf,0x62eb,0x5a49,0x9410,0x5229,0x4166,0x1000,0x5229,0x9431,0x3966,0x20e4,0x8c52,
  0xd67b,0x7390,0x0022,0x4a6b,0x8431,0x9cd4,0x8c32,0x3146,0x0801,0x4a49,0x39c7,0x3186,0x0841,0x630d,0x630d,0x4209,
  0x5aab,0x10a3,0x0000,0x0000,0x0000,0x39e8,0x9493,0x8412,0x9493,0x526a,0x18e4,0x2105,0x20e5,0x18c4,0x2946,0x39a8,
  0x632e,0xa4f5,0x7bd0,0x0000,0x1082,0x1082,0x10a2,0x1082,0x1082,0x18c3,0x1082,0x0862,0x10a2,0x10a2,0x10a3,0x1082,
  0x1904,0x3a08,0x18c3,0x28e4,0x6a8b,0x9b6f,0xab4f,0xbb2f,0xab0f,0xa30f,0x82ac,0x5a29,0x526a,0x3a08,0x2966,0x4228,
  0x4a49,0x0020,0x10a2,0x1082,0x18e4,0x0862,0x18e4,0x18a3,0x18c3,0x0861,0x1082,0x10a2,0x18c3,0x18c3,0x10a2,0x10a2,
  0x0020,0x0861,0x10a2,0x0861,0x0020,0x0841,0x0861,0x0020,0x0841,0x0020,0x10a2,0x10a2,0x18c3,0x1082,0x1082,0x1082,
  0x1082,0x10a2,0x1082,0x1082,0x1082,0x1082,0x10a2,0x1082,0x1082,0x1082,0x1082,0x1082,0x1082,0x1082,0x10a2,0x0020,
  0x0000,0x0000,0x0020,0x0841,0x18c2,0x0840,0x0020,0x0000,0x1082,0x10a2,0x1082,0x0021,0x0841,0x0020,0x0841,0x0841,
  0x0020,0x0861,0x0861,0x0861,0x0861,0x0861,0x0861,0x0861,0x0861,0x0861,0x0861,0x0861,0x0861,0x0861,0x0841,0x0861,
  0x0861,0x0841,0x0020,0x0020,0x0841,0x0020,0x0000,0x0020,0x0861,0x0861,0x0861,0x0841,0x0841,0x0020,0x0861,0x0861,
  0x10a2,0x18c3,0x1082,0x10a2,0x0000,0x0000,0x0020,0x0020,0x0861,0x0841,0x0861,0x0861,0x10a2,0x10a2,0x0841,0x0020,
  0x0000,0x0000,0x0000,0x0841,0x0861,0x1082,0x0000,0x0000,0x52ab,0x9493,0x4a29,0x0000,0x0861,0x1082,0x0020,0x0841,
  0x0020,0x0821,0x0020,0x0841,0x0841,0x0841,0x0820,0x1061,0x0841,0x1061,0x1082,0x0881,0x0881,0x0881,0x1081,0x1081,
  0x1082,0x18e4,0x18e4,0x2104,0x18c3,0x0000,0x39c7,0x8431,0x8c73,0x94b4,0x94b4,0x39c8,0x0842,0x41e8,0x41c8,0x62ac,
  0x20c4,0x0800,0x28e4,0x6b0d,0x526a,0x1882,0x3145,0x3986,0x2104,0x1062,0x1061,0x1061,0x0861,0x0000,0x0000,0x2125,
  0x2946,0x1082,0x6b0c,0x9cb2,0x41c6,0x0800,0x4a08,0xb556,0xb556,0x7b6f,0x524a,0x5aac,0x6b0d,0x630d,0x1062,0x0000,
  0x18c3,0x2966,0x0021,0x0020,0x10a2,0x0861,0x0000,0x18e3,0x18c3,0x0000,0x0020,0x0841,0x0000,0x2104,0x630d,0x3187,
  0x0000,0x0000,0x0000,0x0000,0x1061,0x1081,0x0000,0x1041,0x2924,0x3125,0x3166,0x20c3,0x2904,0x1882,0x1083,0x630d,
  0xa515,0x8c73,0x39e8,0x0000,0x3187,0xad56,0x9494,0x8c73,0x52ab,0x0020,0x0821,0x0000,0x6b2d,0x9cb3,0x9452,0x528b,
  0x1062,0x0801,0x39a7,0x3146,0x39a7,0x5229,0x62cb,0xacf4,0x732d,0x5a6a,0x3987,0x9c93,0x2945,0x0842,0x526b,0x6b4f,
  0xbdfa,0xad77,0x73b0,0x0042,0x4229,0xa535,0xb597,0x9cf5,0x2966,0x0882,0x4229,0x2945,0x0000,0x18c3,0x0021,0x0000,
  0x0000,0x0000,0x0000,0x31c7,0x5acc,0x94b3,0xa515,0x9493,0x2105,0x39e9,0x7bf1,0x9493,0x8431,0x738f,0x73af,0x6b6f,
  0x4209,0x41e9,0x526b,0x2105,0x1082,0x18c3,0x1082,0x1082,0x0862,0x0861,0x10a2,0x1082,0x1082,0x10a3,0x10a2,0x0841,
  0x2104,0x2945,0x2965,0x10a3,0x62cb,0x72cc,0x7a6c,0xa32f,0xab30,0xb330,0xb371,0x930e,0x51e9,0x524a,0x2945,0x2966,
  0x5acb,0x1082,0x0841,0x1082,0x10a2,0x10a2,0x0861,0x18c3,0x18e3,0x10a3,0x0841,0x2104,0x18e4,0x18c3,0x10a2,0x10a2,
  0x0841,0x0841,0x2104,0x2124,0x0020,0x18c3,0x1082,0x1082,0x0841,0x18c3,0x0000,0x0020,0x1082,0x18c3,0x10a2,0x10a2,
  0x1082,0x1082,0x1082,0x10a2,0x1082,0x10a2,0x10a2,0x1082,0x1082,0x10a2,0x1082,0x1082,0x1082,0x18c3,0x1082,0x10a2,
  0x0020,0x0000,0x0000,0x0841,0x1061,0x1061,0x0820,0x0000,0x0000,0x10a2,0x18c3,0x0841,0x0000,0x1082,0x0021,0x1082,
  0x0861,0x0020,0x0841,0x0861,0x0861,0x0861,0x0861,0x0861,0x0861,0x1082,0x0841,0x0861,0x0861,0x0861,0x0861,0x0861,
  0x0841,0x0861,0x0841,0x0020,0x0020,0x0020,0x0020,0x0020,0x0861,0x0861,0x0861,0x0861,0x1082,0x0841,0x0841,0x0861,
  0x0861,0x1082,0x0841,0x1082,0x0841,0x0000,0x0020,0x0000,0x0020,0x0841,0x0861,0x0861,0x0861,0x0861,0x10a2,0x0861,
  0x0021,0x0000,0x0000,0x0020,0x0861,0x0841,0x0861,0x0000,0x1082,0x5acb,0x4a49,0x0000,0x0841,0x0841,0x0020,0x0841,
  0x0861,0x0861,0x0861,0x0020,0x0841,0x0841,0x2104,0x0841,0x0820,0x0820,0x0861,0x1081,0x0881,0x0881,0x0881,0x0881,
  0x10a2,0x1082,0x10a2,0x18c3,0x2105,0x1082,0x18c3,0x7bf0,0x738f,0x8c52,0xa515,0x8411,0x0001,0x3987,0x5a6a,0x7b6f,
  0x6aec,0x1862,0x1021,0x18a3,0x1882,0x0820,0x1041,0x1041,0x1041,0x1041,0x1861,0x1061,0x0841,0x0000,0x0841,0x2945,
  0x3187,0x3186,0x5acb,0x9c91,0x734d,0x3124,0x9c92,0xce18,0x738f,0x526b,0x3987,0x5a8b,0x5a8b,0x20e4,0x18a3,0x39c7,
  0x0021,0x2125,0x2104,0x0000,0x0862,0x0861,0x0000,0x0841,0x0861,0x0000,0x0020,0x2945,0x0841,0x0000,0x2125,0x6b8e,
  0x2945,0x0862,0x1082,0x0000,0x0841,0x0840,0x0840,0x0820,0x0000,0x1861,0x3966,0x41e7,0x3144,0x2945,0x18a3,0x4a4a,
  0xad57,0xa536,0x632d,0x0020,0x0021,0x8411,0x9cd4,0x8432,0x4a4a,0x0000,0x0841,0x0020,0x39c7,0x9cb3,0x5aab,0x0842,
  0x62cc,0x630c,0x3145,0x9431,0x5a6a,0x41e8,0x9452,0x9c72,0x5a8a,0x1882,0x5aab,0x62ec,0x0021,0x31a7,0x8432,0x8c33,
  0xb5b9,0xad77,0xbdf9,0x73d0,0x0000,0x632d,0xb5b8,0xa536,0x8c93,0x1083,0x18e4,0x630c,0x1082,0x1062,0x39e8,0x39c7,
  0x10c3,0x18e3,0x2104,0x630d,0xa536,0xa515,0x94b3,0x31c8,0x634e,0xc619,0x9cf5,0x4a6a,0x3187,0x2946,0x4a4a,0x6b4e,
  0x6b4e,0x738f,0x7bd0,0x6b4d,0x1082,0x0861,0x1082,0x1082,0x0861,0x10a2,0x1082,0x18c3,0x18e3,0x1082,0x18e3,0x0020,
  0x18a3,0x3186,0x4208,0x0882,0x2966,0x7baf,0x836f,0x832f,0x934f,0x9b0f,0xa350,0x932f,0x51e9,0x5a8b,0x4229,0x18c3,
  0x3187,0x2125,0x0000,0x1082,0x18c3,0x1082,0x10a3,0x0841,0x2124,0x18e4,0x0861,0x10a2,0x18c3,0x10a2,0x10a2,0x18e3,
  0x10a2,0x0020,0x18c3,0x2124,0x10a2,0x0841,0x18c3,0x0861,0x18e4,0x1082,0x2104,0x0841,0x0841,0x0841,0x1082,0x10a2,
  0x10a2,0x1082,0x10a2,0x1082,0x1082,0x1082,0x10a2,0x10a2,0x10a2,0x1082,0x1082,0x1082,0x1082,0x10a2,0x1082,0x0861,
  0x0861,0x0000,0x0000,0x0821,0x1061,0x1061,0x1082,0x0020,0x0020,0x0020,0x3186,0x20e4,0x0842,0x0021,0x0841,0x0840,
  0x1082,0x0861,0x0861,0x0861,0x0861,0x0861,0x0861,0x0861,0x0861,0x0841,0x0861,0x0861,0x0861,0x0861,0x0861,0x0861,
  0x0841,0x0841,0x0841,0x0841,0x0841,0x0841,0x0841,0x0841,0x0841,0x0841,0x0861,0x0861,0x0861,0x0861,0x0861,0x0861,
  0x0020,0x0020,0x0841,0x0841,0x0861,0x0841,0x0861,0x0861,0x0000,0x0000,0x0020,0x0841,0x0861,0x0841,0x0841,0x0841,
  0x0861,0x0861,0x0000,0x0000,0x0020,0x0020,0x0861,0x0841,0x0000,0x0841,0x0841,0x0020,0x0020,0x0841,0x0841,0x0841,
  0x0841,0x0861,0x0020,0x0841,0x0020,0x0841,0x10a2,0x18c3,0x0000,0x0000,0x0841,0x1081,0x0881,0x0881,0x0881,0x0882,
  0x10a2,0x10a2,0x1082,0x18e3,0x2104,0x18a3,0x0000,0x632d,0x7bd0,0x73b0,0x94b4,0x94b4,0x1083,0x4208,0x5a8b,0x62ac,
  0x7b6e,0x3145,0x0821,0x1021,0x0800,0x1041,0x1061,0x1041,0x1041,0x1041,0x0820,0x1882,0x1061,0x0000,0x0021,0x2946,
  0x20e4,0x39c7,0x2924,0x9450,0x62eb,0x6b2c,0xce19,0xad15,0x734e,0x2946,0x5a8b,0x736f,0x526a,0x0000,0x4229,0x6b4d,
  0x18c3,0x2105,0x5aec,0x0861,0x0020,0x0841,0x0000,0x0840,0x18c3,0x0000,0x0000,0x0841,0x0020,0x0000,0x0000,0x2986,
  0x632d,0x18c3,0x2925,0x18c3,0x0000,0x0841,0x0820,0x0821,0x1040,0x1020,0x1041,0x18a2,0x20c2,0x5a8a,0x5acb,0x3166,
  0x8432,0x4209,0x3186,0x0021,0x0000,0x39c7,0x9cf5,0x73d1,0x4208,0x0000,0x0841,0x0020,0x18a3,0x4a29,0x1883,0x736e,
  0xbdb7,0xd67a,0x8c10,0x6b2d,0x5229,0x28e4,0x732d,0x62cb,0x8c10,0x0800,0x39c8,0x62ec,0x0842,0x8431,0x7bf0,0x3188,
  0xa557,0xad77,0xad77,0xb5b8,0x7bf1,0x94b4,0xad97,0xad77,0x9d15,0x2967,0x18c4,0x39a7,0x18a3,0x0000,0x18e4,0x18e4,
  0x2966,0x2946,0x528b,0x9494,0x9cf5,0x6b6f,0x2126,0x7bd0,0xb597,0x94b3,0x73af,0x0001,0x0862,0x0842,0x2105,0x0001,
  0x0000,0x4209,0xb576,0x526a,0x0000,0x0840,0x10a2,0x18c3,0x1082,0x1082,0x0861,0x1082,0x18c3,0x1082,0x1082,0x0861,
  0x0861,0x18c3,0x4208,0x1904,0x0841,0x4209,0xa4f4,0x9c93,0x9c73,0x8bb0,0x7b2e,0x51c9,0x3987,0x31c7,0x39e7,0x18c3,
  0x41e8,0x4a6a,0x0021,0x0861,0x1082,0x1082,0x18a3,0x1062,0x1082,0x2104,0x0841,0x1082,0x18e3,0x10a2,0x10a2,0x18e3,
  0x2104,0x0020,0x0861,0x2104,0x10a2,0x0000,0x0000,0x0000,0x1082,0x10a2,0x10a3,0x18e4,0x0841,0x0841,0x0020,0x0861,
  0x1082,0x1082,0x1082,0x1082,0x1082,0x1082,0x10a2,0x1082,0x1082,0x1082,0x0861,0x1082,0x10a2,0x1082,0x1082,0x1082,
  0x1082,0x1082,0x0000,0x0000,0x0841,0x1061,0x0841,0x18c3,0x0841,0x0000,0x10a2,0x39e8,0x18c3,0x0841,0x0841,0x0841,
  0x0841,0x1082,0x0861,0x1082,0x0861,0x0861,0x0861,0x0861,0x0841,0x0861,0x0861,0x0861,0x0861,0x0861,0x0861,0x1082,
  0x0861,0x0841,0x0841,0x0861,0x0841,0x0841,0x0841,0x0861,0x0861,0x0841,0x0861,0x0861,0x0861,0x0861,0x0841,0x0861,
  0x0861,0x0841,0x0841,0x0841,0x0020,0x0861,0x1082,0x1082,0x0861,0x0000,0x0000,0x0020,0x0020,0x0861,0x0841,0x0841,
  0x0841,0x18c3,0x10a2,0x0000,0x0000,0x0020,0x0020,0x0000,0x0020,0x1082,0x10a2,0x0020,0x0020,0x0020,0x0020,0x0020,
  0x0841,0x0020,0x0841,0x0841,0x0841,0x0020,0x1082,0x1082,0x0841,0x0000,0x0841,0x0861,0x0881,0x0881,0x0881,0x0882,
  0x1082,0x10a2,0x18e4,0x18c3,0x18c3,0x10a3,0x0001,0x39e8,0x632d,0x8c73,0xa516,0x9cf5,0x39c8,0x1062,0x4a09,0x6aed,
  0x83b0,0x5a6a,0x0800,0x0821,0x1041,0x1021,0x0820,0x1041,0x1882,0x1041,0x1882,0x18a2,0x1082,0x0020,0x0821,0x2945,
  0x2946,0x4a29,0x5a8a,0x3145,0x49e8,0xb555,0xbd97,0x8c32,0x41e9,0x3146,0x630d,0x6b4e,0x18c4,0x0000,0x1082,0x528a,
  0x6b4e,0x0842,0x6b4e,0x4208,0x0000,0x0020,0x0000,0x0000,0x2966,0x2946,0x0000,0x0000,0x0000,0x0000,0x0000,0x0000,
  0x3187,0x528b,0x10a3,0x526a,0x18c3,0x0000,0x0861,0x0821,0x0820,0x1040,0x1041,0x1020,0x1061,0x2944,0x0821,0x1083,
  0x630c,0x2945,0x18e3,0x0000,0x0000,0x18c3,0x6b8f,0x73b0,0x3186,0x0000,0x0841,0x0841,0x0841,0x18a2,0x5aab,0xad35,
  0xa4d3,0x7bae,0x5269,0x5a6a,0x49e7,0x3145,0x9430,0xa492,0x9451,0x41c7,0x41c8,0x9cd4,0x630d,0x3187,0x2105,0x422a,
  0x9d15,0xa556,0xb5b8,0xb5d8,0xb5d8,0x8c53,0x9cf5,0xa557,0xa556,0x738f,0x3187,0x6b4e,0x1082,0x0000,0x0000,0x4a29,
  0x738f,0x6b4f,0x8412,0x9494,0x94b4,0xa515,0x9d15,0xb5b7,0xad35,0x5aab,0x18a3,0x1062,0x20e4,0x18c3,0x18c3,0x18a3,
  0x0000,0x1062,0x2105,0x1062,0x10a2,0x0841,0x10a2,0x0861,0x0862,0x10a2,0x1082,0x1082,0x1082,0x10a2,0x10a2,0x0841,
  0x0840,0x1082,0x4228,0x3186,0x0041,0x2966,0x8c93,0x8472,0x73d0,0x632d,0x9cb4,0x6b2d,0x5b0c,0x3a08,0x18e3,0x18c3,
  0x2104,0x39e7,0x1082,0x0862,0x1082,0x1082,0x31a6,0x10a3,0x1082,0x0862,0x0862,0x0861,0x18c3,0x18c3,0x18c3,0x10a2,
  0x18e3,0x0861,0x0861,0x18e3,0x18e3,0x0000,0x0020,0x0841,0x0841,0x0000,0x0000,0x0841,0x0862,0x0841,0x1082,0x0841,
  0x0841,0x0841,0x1082,0x1082,0x10a2,0x1082,0x1082,0x1082,0x10a2,0x1082,0x1082,0x1082,0x18c3,0x1082,0x1082,0x1082,
  0x1082,0x10a2,0x0841,0x0000,0x0000,0x1062,0x0841,0x0841,0x0841,0x0861,0x0000,0x18e3,0x4208,0x18c3,0x0841,0x0841,
  0x0841,0x0020,0x1082,0x0861,0x0841,0x1082,0x0861,0x0861,0x0861,0x1082,0x0841,0x0861,0x0861,0x0861,0x1082,0x1082,
  0x1082,0x0841,0x0861,0x0841,0x0841,0x0861,0x0861,0x0841,0x0861,0x0841,0x0861,0x0841,0x0841,0x0861,0x0841,0x0861,
  0x0861,0x0861,0x0861,0x0841,0x0841,0x0841,0x0020,0x0020,0x1082,0x1082,0x0020,0x0020,0x0000,0x0020,0x0861,0x0841,
  0x0841,0x0861,0x1082,0x0861,0x0000,0x0000,0x0020,0x0020,0x0000,0x1082,0x18c3,0x0861,0x0000,0x0841,0x0020,0x0020,
  0x0020,0x0841,0x0841,0x0020,0x0020,0x0841,0x1082,0x18e3,0x0020,0x0020,0x0841,0x1081,0x1081,0x0881,0x0881,0x0882,
  0x1082,0x18c3,0x10a3,0x10a2,0x18c3,0x2125,0x0841,0x2104,0x6b4e,0x8412,0x9cd5,0x9cd5,0x736f,0x0001,0x4209,0x62cc,
  0x7b8f,0x7b6e,0x1883,0x0800,0x1041,0x0841,0x0820,0x1061,0x18a2,0x0820,0x1061,0x20c3,0x18a2,0x0020,0x0000,0x2945,
  0x4a29,0x528a,0x6b2d,0x1062,0x7baf,0xce19,0x9452,0x41e9,0x2905,0x5a8b,0x6b4e,0x39c7,0x0000,0x0000,0x0000,0x0862,
  0x7bd0,0x3187,0x4a6a,0x6b4e,0x0000,0x0020,0x0841,0x0000,0x2946,0x2945,0x0000,0x0841,0x0821,0x0000,0x0000,0x0000,
  0x0000,0x4a6a,0x4a49,0x1082,0x52ab,0x1082,0x0000,0x0841,0x1061,0x0820,0x0820,0x0820,0x0820,0x0820,0x0000,0x1062,
  0x18e4,0x18e3,0x1082,0x0000,0x0000,0x2966,0x8c73,0x8452,0x18e4,0x0000,0x0821,0x0841,0x0820,0x5acb,0xa4d3,0xb556,
  0x5249,0x3985,0x7b6d,0x5a8a,0x3145,0x41a6,0x8bef,0xacd3,0x6b0c,0x6b0c,0x9c93,0x7bd0,0x6b6e,0x10a3,0x10a3,0x7bf1,
  0xa556,0xad97,0xb5d8,0xd69b,0xb597,0x5acc,0x73b0,0xbe19,0xad57,0xa536,0x2967,0x9cb3,0x9472,0x0862,0x0000,0x528a,
  0xa4f5,0xa515,0xad77,0xa536,0x8c52,0x7bd0,0x8c51,0x5b0c,0x4209,0x0821,0x39c8,0x9cd3,0xbdb7,0xad35,0x8c31,0x4a29,
  0x4a6a,0x738e,0x4a6a,0x3167,0x2945,0x2124,0x0861,0x10a2,0x1082,0x10a2,0x1082,0x10a2,0x1082,0x1082,0x10a2,0x10a2,
  0x0020,0x0861,0x2103,0x3186,0x1082,0x10a3,0x7c10,0xa576,0x52ec,0x0041,0x2946,0x31a7,0x39c8,0x632d,0x5aec,0x2124,
  0x18c3,0x2104,0x0882,0x0841,0x1082,0x18e3,0x18c3,0x18e4,0x1082,0x10a2,0x0841,0x0861,0x0861,0x18c3,0x18c3,0x10a2,
  0x10a2,0x0861,0x0841,0x10a2,0x2124,0x1082,0x0020,0x0861,0x0841,0x0862,0x0021,0x0000,0x0000,0x0841,0x1082,0x2104,
  0x0861,0x0841,0x0841,0x0861,0x0861,0x10a2,0x1082,0x1082,0x10a2,0x10a2,0x1082,0x10a2,0x1082,0x1082,0x1082,0x1082,
  0x1082,0x1082,0x1082,0x0020,0x0000,0x0000,0x0841,0x0841,0x0861,0x1082,0x0841,0x0000,0x2104,0x4a49,0x10a2,0x0862,
  0x0861,0x1082,0x0861,0x1082,0x0861,0x0861,0x0841,0x0841,0x0861,0x0861,0x0841,0x0841,0x0861,0x0841,0x0861,0x0861,
  0x0861,0x0841,0x0861,0x0861,0x0841,0x0841,0x0861,0x0861,0x0861,0x1082,0x0861,0x0841,0x0861,0x0841,0x0841,0x0861,
  0x0861,0x0861,0x0861,0x0861,0x0861,0x0861,0x0020,0x0000,0x0020,0x1082,0x0861,0x0841,0x0841,0x0020,0x0000,0x0861,
  0x0841,0x1082,0x1082,0x0861,0x0861,0x0020,0x0000,0x0861,0x0020,0x1082,0x18e3,0x10a2,0x0020,0x0020,0x0020,0x0841,
  0x0861,0x0020,0x0861,0x0020,0x0020,0x0841,0x0020,0x0841,0x0861,0x0020,0x0841,0x1081,0x0881,0x0881,0x0881,0x0882,
  0x10a2,0x1082,0x10a2,0x18c3,0x18c3,0x2945,0x18c3,0x0842,0x632e,0x7bf1,0x9494,0x8c73,0x8c73,0x1063,0x3186,0x41c8,
  0x62cc,0x7baf,0x39a7,0x0000,0x0821,0x0821,0x0820,0x1061,0x1041,0x0800,0x1061,0x1061,0x0861,0x0000,0x1082,0x3186,
  0x4a29,0x5acb,0x20e4,0x3146,0xbd97,0xa4f4,0x5aab,0x2926,0x524a,0x734e,0x734e,0x1062,0x0000,0x0020,0x0020,0x0841,
  0x2946,0x62ec,0x18e4,0x7bcf,0x1082,0x0000,0x1082,0x0841,0x1083,0x2966,0x0000,0x18a3,0x18c3,0x1082,0x0020,0x0000,
  0x0000,0x0841,0x528a,0x18c3,0x2104,0x528b,0x0841,0x0000,0x0840,0x0840,0x0821,0x0820,0x0840,0x0820,0x0000,0x0821,
  0x2104,0x20e3,0x0861,0x0000,0x0000,0x39c7,0x9cf4,0x5aed,0x0021,0x0020,0x0000,0x0841,0x0800,0x5a8a,0x62cb,0x28e4,
  0x41c6,0xbd95,0xe69a,0xb554,0x5207,0x5228,0x5207,0x7b6c,0x49e7,0x3165,0xa515,0x6b4e,0x2946,0x2966,0x8411,0xa536,
  0xa536,0xb5d8,0xd6bb,0xe71c,0xe71c,0x8c72,0x6b6e,0xb597,0x9d15,0xb597,0x2946,0x62ed,0xa535,0x2945,0x0000,0x0841,
  0x4a4a,0x7bf0,0x9cb3,0x52ab,0x10a3,0x0000,0x0000,0x0000,0x0000,0x41e8,0xc639,0xce59,0xd67a,0xef3d,0xe71d,0xc619,
  0xa535,0x9cf4,0xb5b8,0x8c52,0x18c3,0x10a2,0x10a2,0x18c3,0x10a2,0x1082,0x1082,0x1082,0x0861,0x1082,0x0861,0x0861,
  0x0041,0x0861,0x18c3,0x2925,0x18a3,0x1062,0x6b2d,0x738f,0x8431,0x6b6e,0x4a4a,0x4a2a,0x2945,0x0862,0x2125,0x3186,
  0x10a2,0x31a6,0x528a,0x0841,0x18e4,0x2104,0x2104,0x1062,0x1082,0x0841,0x1082,0x0861,0x0861,0x18e3,0x10a2,0x10a2,
  0x18e3,0x2965,0x0841,0x1082,0x10a2,0x1082,0x0000,0x0841,0x1082,0x0861,0x1081,0x0841,0x10a2,0x0021,0x0000,0x10a3,
  0x18c3,0x0841,0x0861,0x0841,0x1082,0x0841,0x1082,0x10a2,0x10a2,0x10a2,0x1082,0x1082,0x10a2,0x1082,0x1082,0x1082,
  0x1082,0x1082,0x1082,0x0861,0x0000,0x0000,0x0820,0x0841,0x0841,0x0861,0x0841,0x0000,0x0020,0x2945,0x31a7,0x0841,
  0x1082,0x0841,0x10a2,0x0861,0x1082,0x0861,0x0861,0x0841,0x0861,0x0841,0x0861,0x0841,0x0841,0x0841,0x0861,0x0861,
  0x0861,0x0861,0x0841,0x0841,0x0861,0x0841,0x0841,0x0861,0x0861,0x0861,0x0861,0x0861,0x0861,0x0861,0x0861,0x0841,
  0x0861,0x0861,0x0861,0x0861,0x0841,0x0861,0x0861,0x0020,0x0841,0x0861,0x0841,0x0861,0x0861,0x0841,0x0020,0x0000,
  0x0020,0x1082,0x0841,0x0020,0x1082,0x10a2,0x0020,0x0841,0x0020,0x0020,0x18e3,0x2104,0x0020,0x0020,0x0020,0x0020,
  0x0841,0x0841,0x0020,0x0020,0x0020,0x0841,0x0020,0x0020,0x1082,0x0841,0x0840,0x1081,0x1081,0x0881,0x0881,0x0882,
  0x10a3,0x10a3,0x10a3,0x18c3,0x2104,0x18c3,0x18e3,0x0020,0x39e9,0x7bd1,0x94b5,0x9494,0xa536,0x4229,0x18a3,0x3187,
  0x524a,0x6b0d,0x524a,0x18c3,0x0000,0x0820,0x0820,0x0840,0x1041,0x1061,0x1862,0x1062,0x1061,0x0000,0x0841,0x39c7,
  0x62ec,0x41e8,0x20e4,0xa4f4,0xa4d4,0x7b8f,0x5acc,0x526b,0x732e,0x9452,0x3186,0x0000,0x0000,0x0861,0x0841,0x2945,
  0x4208,0x6b4d,0x18e4,0x4a6a,0x4a49,0x0000,0x1082,0x0862,0x0000,0x2104,0x0021,0x0841,0x2944,0x2965,0x10a2,0x0000,
  0x0000,0x0000,0x2125,0x4209,0x0000,0x31a7,0x528a,0x0020,0x0820,0x0840,0x0800,0x0800,0x0820,0x0020,0x0000,0x0862,
  0x2965,0x2945,0x10a2,0x0000,0x0000,0x4229,0x9cf4,0x4209,0x0000,0x0020,0x0020,0x0841,0x0800,0x49e7,0x3966,0x20a3,
  0xb534,0xb533,0x8bce,0x6289,0x5207,0x49a6,0x4165,0xacd2,0x83ad,0x2923,0x738e,0xb597,0x9493,0xad77,0xad77,0xad57,
  0x9d15,0x9cd4,0xef5d,0xef1b,0xf75c,0xd658,0x738e,0x9cd4,0xad57,0xad57,0x422a,0x6b2e,0xa514,0x3186,0x0000,0x0000,
  0x0000,0x1082,0x18c3,0x0000,0x0000,0x0020,0x0000,0x0000,0x3187,0xb597,0xb5b7,0xc639,0xce5a,0xce7a,0xef5e,0xdedc,
  0xd6bb,0xce5a,0xbdd8,0xad77,0x9cf4,0x4229,0x0021,0x0862,0x10a2,0x18c3,0x18c3,0x10a2,0x0861,0x1082,0x1082,0x1082,
  0x18c3,0x0861,0x10a2,0x2945,0x4228,0x0021,0x3187,0x7bd0,0x736e,0x738e,0x8c31,0x83f0,0x9472,0x73af,0x4a6a,0x4229,
  0x1082,0x2985,0x52aa,0x18c3,0x0842,0x10a3,0x18e4,0x2124,0x0841,0x10a3,0x0862,0x1082,0x0021,0x18c3,0x18c3,0x18c3,
  0x31a6,0x31a6,0x0861,0x0841,0x10a2,0x18e3,0x0020,0x0861,0x10a2,0x0861,0x0841,0x0861,0x10a3,0x18e4,0x0841,0x0021,
  0x0020,0x0020,0x0841,0x18e3,0x1082,0x0861,0x0020,0x0861,0x1082,0x1082,0x1082,0x1082,0x0861,0x1082,0x1082,0x10a2,
  0x10a2,0x0861,0x0881,0x1082,0x0841,0x0000,0x0000,0x0000,0x0820,0x0020,0x0000,0x0000,0x0000,0x0000,0x2125,0x3166,
  0x0841,0x0841,0x0861,0x10a2,0x0841,0x0861,0x0841,0x0861,0x0861,0x0861,0x1082,0x1082,0x0861,0x0841,0x0861,0x0861,
  0x0861,0x1082,0x0861,0x0841,0x0861,0x0861,0x0841,0x0841,0x0861,0x0861,0x0861,0x1082,0x0861,0x0841,0x0841,0x0861,
  0x0861,0x0861,0x0861,0x0861,0x0861,0x0861,0x0861,0x0020,0x0841,0x0861,0x0841,0x0841,0x0861,0x0841,0x0841,0x0020,
  0x0841,0x0000,0x0020,0x0020,0x0841,0x0841,0x0861,0x1082,0x0861,0x0020,0x10a2,0x18e3,0x0861,0x0000,0x0020,0x0020,
  0x0020,0x0841,0x0841,0x0020,0x0841,0x0020,0x0841,0x0020,0x0861,0x0020,0x0861,0x0861,0x0881,0x0881,0x0881,0x0882,
  0x18c3,0x1082,0x1082,0x1082,0x18c3,0x10a2,0x18e3,0x0020,0x3187,0x8c32,0x9cd5,0x8412,0xa536,0x5acc,0x0842,0x41e8,
  0x528b,0x630d,0x734e,0x6b2d,0x39a7,0x18c3,0x0840,0x18a2,0x0820,0x1041,0x1061,0x1882,0x0841,0x0000,0x1062,0x39c8,
  0x3987,0x1042,0x9493,0x8c31,0x3146,0x4a09,0x62ed,0x528b,0x736f,0x6b2d,0x0000,0x0000,0x0040,0x0020,0x2104,0x4a29,
  0x39e8,0x8410,0x2966,0x18e4,0x7bcf,0x0021,0x0862,0x2104,0x0020,0x2124,0x1082,0x3185,0x18e3,0x2924,0x18c3,0x0821,
  0x0000,0x0020,0x0000,0x41e8,0x2125,0x0000,0x4208,0x4228,0x0000,0x0020,0x0000,0x0801,0x0821,0x0020,0x0000,0x0021,
  0x2945,0x2945,0x1082,0x0000,0x0000,0x4a6a,0x94b3,0x4a4a,0x0000,0x0000,0x0020,0x0840,0x0800,0x2904,0x5a6a,0x6aec,
  0x730b,0x62a9,0x7b4c,0x8bee,0x836d,0x5227,0x8bce,0xc574,0x5a68,0x39c6,0x41e8,0xa4f5,0xa536,0xa557,0xa536,0xad57,
  0x94b4,0xad76,0xe71b,0xef1a,0xf75a,0xf77c,0xad34,0x83d0,0xb597,0xbdd9,0x41e9,0x5aec,0xa514,0x18a2,0x0000,0x0000,
  0x0020,0x0821,0x0000,0x0000,0x0000,0x0000,0x2125,0x39e8,0x9493,0xad77,0x8431,0xbdf8,0x7bd0,0x4a8a,0x94b3,0x4a8b,
  0x4229,0x528b,0x5aed,0x7390,0x94b4,0x9493,0x0021,0x18e4,0x10a3,0x0841,0x0861,0x1082,0x1082,0x1082,0x1082,0x1082,
  0x18c3,0x0021,0x10a2,0x31c7,0x630c,0x0861,0x10c3,0x6b4d,0x2966,0x0000,0x0882,0x2125,0x39e8,0x73af,0x6b4e,0x6b8e,
  0x18e3,0x2124,0x39c7,0x630c,0x0000,0x0862,0x18e4,0x20e4,0x10a3,0x0862,0x10a2,0x0841,0x0862,0x1082,0x18e3,0x10a2,
  0x2104,0x10a2,0x0861,0x0841,0x1082,0x18e3,0x2104,0x0020,0x1082,0x10a2,0x18c3,0x0020,0x1082,0x0862,0x18c3,0x0842,
  0x1082,0x0000,0x0020,0x0020,0x1082,0x0841,0x1082,0x0020,0x0841,0x0861,0x1082,0x1082,0x1082,0x1082,0x10a2,0x1082,
  0x1082,0x1082,0x1082,0x1082,0x0882,0x0861,0x1061,0x0020,0x0000,0x0000,0x0000,0x0000,0x0000,0x0000,0x18e4,0x2945,
  0x1082,0x0020,0x0861,0x1082,0x0861,0x0020,0x0841,0x0861,0x0861,0x0861,0x0861,0x0861,0x0861,0x0841,0x0861,0x0861,
  0x0861,0x0861,0x0861,0x0861,0x0841,0x0861,0x0861,0x0841,0x0861,0x0861,0x0861,0x0861,0x0861,0x0861,0x0841,0x0841,
  0x0861,0x0861,0x0861,0x0841,0x0841,0x0861,0x0861,0x0841,0x0841,0x0861,0x0841,0x0841,0x0841,0x0841,0x0841,0x0861,
  0x0861,0x0861,0x0020,0x0020,0x0020,0x0841,0x0841,0x10a2,0x10a2,0x0000,0x1082,0x2965,0x1082,0x0020,0x0020,0x0020,
  0x0841,0x0841,0x0020,0x0841,0x0020,0x0020,0x0020,0x0020,0x0020,0x0020,0x0861,0x0861,0x1081,0x0881,0x0881,0x0882,
  0x18a3,0x2124,0x18c3,0x10a2,0x1082,0x18c3,0x18e4,0x0020,0x18e4,0x738f,0x8c53,0xa516,0xa536,0x632e,0x0821,0x39a7,
  0x5aac,0x5a8b,0x6b2d,0x62ec,0x736e,0x2925,0x0841,0x1081,0x1041,0x1861,0x1882,0x1061,0x1081,0x0820,0x20e4,0x5aab,
  0x39a7,0x8c31,0x9cb3,0x1042,0x3166,0x4a09,0x5aac,0x736f,0x62ec,0x18c4,0x1082,0x0841,0x0020,0x0000,0x2104,0x31a7,
  0x3186,0x31a7,0x31a6,0x0000,0x738e,0x2125,0x0000,0x2125,0x1082,0x10a3,0x0021,0x2965,0x4228,0x0821,0x0862,0x18c4,
  0x0841,0x0000,0x0000,0x1082,0x4a49,0x0841,0x0020,0x4a69,0x2124,0x0000,0x0000,0x0000,0x0841,0x0000,0x0000,0x0021,
  0x18c3,0x2104,0x1082,0x0020,0x0000,0x5aab,0x9cd4,0x39c8,0x0000,0x0020,0x0820,0x0820,0x1041,0x20c3,0x6acb,0x62ab,
  0x8bef,0xcdf6,0xff7c,0xffbd,0xf73b,0xd616,0xde57,0xeefa,0xce16,0xad33,0x5aaa,0x73af,0xad56,0xa516,0x9cf5,0xad77,
  0x94f5,0xb5d7,0xef7c,0xef3a,0xf75b,0xf77b,0xdeb9,0x83cf,0xa4d4,0xbdb8,0x8411,0x9493,0x9cb3,0x0841,0x0000,0x0841,
  0x0020,0x0000,0x0000,0x0862,0x39c7,0x632d,0x7bf0,0x94d3,0x94d4,0x8432,0x8c93,0x5acc,0x39c8,0x4a4a,0x632e,0x7bd0,
  0x738f,0x8412,0x7bf1,0x4a4b,0x39c8,0x2125,0x0000,0x10a3,0x3186,0x5acb,0x2125,0x10a2,0x10a2,0x10c3,0x0862,0x0841,
  0x2966,0x3166,0x0841,0x2965,0x52aa,0x2965,0x0021,0x39e8,0x4a49,0x1082,0x0041,0x0021,0x0000,0x0021,0x18e4,0x632d,
  0x2104,0x10a2,0x2104,0x4208,0x0021,0x1082,0x10a2,0x2104,0x0841,0x1082,0x10c3,0x0861,0x0841,0x0841,0x18c3,0x18c3,
  0x18c3,0x18c3,0x18e3,0x0841,0x0861,0x18c3,0x18e3,0x0841,0x0020,0x0861,0x0841,0x0861,0x0021,0x0020,0x0841,0x18c3,
  0x0861,0x18c3,0x0841,0x18e3,0x0841,0x10a2,0x1082,0x2104,0x0861,0x0861,0x0841,0x1082,0x1082,0x1082,0x1082,0x1082,
  0x1082,0x1082,0x1082,0x1082,0x0861,0x1082,0x10a2,0x1082,0x0020,0x0000,0x0000,0x0000,0x0000,0x0000,0x0000,0x18e4,
  0x18c3,0x1082,0x0862,0x10a3,0x0841,0x0000,0x0841,0x0841,0x0861,0x0861,0x0861,0x0861,0x0861,0x0861,0x0841,0x0861,
  0x0861,0x0861,0x0841,0x0861,0x0861,0x0841,0x0841,0x0861,0x0861,0x0861,0x0861,0x0841,0x0861,0x0861,0x0861,0x0861,
  0x0841,0x0861,0x0861,0x0861,0x0841,0x0841,0x0841,0x0841,0x0841,0x0841,0x0861,0x0861,0x0861,0x0841,0x0861,0x0861,
  0x0841,0x0861,0x0861,0x0020,0x0841,0x0020,0x0841,0x0841,0x0861,0x0020,0x0020,0x10a2,0x10a2,0x0020,0x0000,0x0841,
  0x0020,0x0020,0x0861,0x0020,0x0841,0x0020,0x0020,0x0020,0x0862,0x0841,0x0861,0x0881,0x1081,0x0881,0x0881,0x0881,
  0x10a2,0x2125,0x18c3,0x1082,0x10a2,0x10a2,0x18e4,0x0862,0x0862,0x6b6e,0x8432,0x9cd5,0x8432,0x7bd0,0x2105,0x2925,
  0x5aac,0x62ac,0x62ac,0x630d,0x6b2d,0x18a3,0x1082,0x1041,0x1861,0x1881,0x1881,0x1061,0x1041,0x1041,0x5249,0x4a08,
  0x9452,0xa4f4,0x18a3,0x3166,0x39c8,0x528b,0x62ed,0x7b8f,0x2925,0x20e4,0x4a4a,0x4208,0x2925,0x2104,0x0841,0x0000,
  0x2945,0x18c3,0x18e3,0x0841,0x4229,0x6b2e,0x0000,0x2105,0x1062,0x0001,0x0000,0x2125,0x3186,0x2945,0x0000,0x31a7,
  0x10a3,0x0862,0x0000,0x0000,0x2124,0x3166,0x0000,0x10a2,0x526a,0x0861,0x0000,0x0820,0x0840,0x0000,0x0000,0x0841,
  0x2945,0x2966,0x0021,0x0020,0x0000,0x738f,0x9cf5,0x2966,0x0000,0x0000,0x0840,0x1061,0x20c3,0x3124,0x4186,0xa4d3,
  0xef1b,0xf73b,0xf73b,0xff7c,0xff5b,0xff5b,0xff5b,0xff5b,0xff7c,0xffbd,0xbdb6,0x528a,0xa515,0xb5b8,0xa536,0xad97,
  0xa577,0xa556,0xef3c,0xef5b,0xf73a,0xf73b,0xff7c,0xbd75,0x83cf,0xbd97,0xb576,0xbdb7,0x7baf,0x0021,0x0000,0x4229,
  0x9493,0x6b8f,0x6b4e,0x8c73,0x7bd0,0x8411,0x8c93,0x94d4,0xa535,0x73d0,0x4209,0x4209,0x9493,0x9494,0x94b4,0x8c73,
  0x73b0,0x73b0,0x9493,0xa535,0xa535,0x8411,0x4a49,0x0000,0x2105,0x526a,0x2104,0x0881,0x0882,0x1082,0x1082,0x0861,
  0x2945,0x3187,0x0841,0x1082,0x39c7,0x2965,0x0841,0x4229,0x8c52,0x7bf0,0x632d,0x31a7,0x31c7,0x18e4,0x0862,0x4a6a,
  0x39c7,0x1082,0x1082,0x2965,0x2104,0x0861,0x2104,0x18c3,0x18c3,0x0020,0x0882,0x0841,0x0861,0x0041,0x1082,0x18a3,
  0x18c3,0x10a2,0x18e3,0x1082,0x0020,0x18c3,0x10a2,0x0020,0x0841,0x0020,0x0000,0x0020,0x0841,0x0861,0x10a2,0x0861,
  0x18c3,0x1082,0x1082,0x18c3,0x2965,0x0841,0x0861,0x1082,0x1082,0x0020,0x1082,0x0020,0x0861,0x0861,0x1082,0x1082,
  0x1082,0x1082,0x1082,0x1082,0x1082,0x1082,0x1082,0x1082,0x10a2,0x0841,0x0020,0x0000,0x0000,0x0000,0x0000,0x0020,
  0x2945,0x2104,0x10a3,0x0841,0x10a2,0x0841,0x0020,0x0020,0x18c3,0x1082,0x0861,0x0861,0x0861,0x0861,0x0861,0x0841,
  0x0841,0x0861,0x0861,0x0861,0x0861,0x0861,0x0861,0x0861,0x0861,0x0841,0x0861,0x0861,0x0861,0x0861,0x0861,0x0841,
  0x0861,0x0861,0x0861,0x0861,0x0861,0x0861,0x0861,0x0841,0x0841,0x0841,0x0861,0x0861,0x0841,0x0861,0x0861,0x0841,
  0x0841,0x0841,0x0841,0x0841,0x0841,0x0841,0x0020,0x0020,0x0861,0x0861,0x0841,0x10a2,0x1082,0x0841,0x0000,0x0000,
  0x0020,0x0841,0x0020,0x0841,0x0020,0x0841,0x0020,0x0020,0x0841,0x0021,0x0861,0x1082,0x1081,0x0881,0x0881,0x0881,
  0x0861,0x18c3,0x1082,0x1082,0x10a2,0x10a3,0x2104,0x2946,0x1082,0x632d,0x6b4f,0x7bf1,0x7bd1,0x8c52,0x41e9,0x18a3,
  0x524a,0x4a09,0x5aab,0x5aab,0x736e,0x4a09,0x0000,0x1882,0x1882,0x1882,0x1882,0x1882,0x1882,0x0821,0x2904,0x8c11,
  0xa514,0x18c4,0x1083,0x5aab,0x7b8f,0x5a8b,0x5acc,0x20e4,0x0841,0x1062,0x18a3,0x2925,0x3186,0x39a7,0x39c7,0x20e4,
  0x1082,0x18e4,0x3186,0x1082,0x2104,0x7bf0,0x0862,0x18e4,0x3166,0x0021,0x0000,0x2104,0x39c7,0x39e8,0x18e4,0x0862,
  0x18c3,0x18e3,0x2945,0x0000,0x0000,0x3145,0x20c3,0x0000,0x18e4,0x2925,0x0000,0x0820,0x0841,0x0000,0x0000,0x18e3,
  0x2965,0x39e8,0x10a3,0x0000,0x0000,0x7bb0,0x8c52,0x2125,0x0000,0x0000,0x0840,0x1081,0x20e3,0x28e3,0x83af,0xd638,
  0xef1b,0xf73b,0xf73b,0xf73b,0xf73b,0xf71a,0xeed9,0xf71a,0xf73b,0xf73b,0xce38,0x7baf,0x5acc,0xb5b8,0x9d15,0xa536,
  0xad77,0x9cd4,0xd6ba,0xf77d,0xf75b,0xf75b,0xff7c,0xef1b,0x83ae,0x8bf0,0xad34,0xbd96,0x62ec,0x0000,0x0000,0x6b6e,
  0xad77,0x8c53,0x8c73,0x7c11,0x6b8f,0x424a,0x2126,0x2126,0x2146,0x18e4,0x6b6e,0x9493,0x7bd0,0x62ed,0x738f,0x7bd0,
  0x632d,0x52ab,0x4a4a,0x6b2d,0x4208,0x7b8e,0xbd96,0x41c7,0x1062,0x18c4,0x1082,0x1082,0x10c2,0x10a2,0x10a3,0x20e4,
  0x2105,0x2125,0x0021,0x0861,0x18e3,0x4228,0x10a2,0x39e8,0x8431,0x4a4a,0x6b4e,0x8c52,0x9cd4,0x8c52,0x528b,0x2105,
  0x4a6a,0x10a2,0x2104,0x3186,0x528a,0x0020,0x0862,0x1082,0x1062,0x0841,0x0841,0x0861,0x0861,0x10a2,0x0861,0x18c3,
  0x10a2,0x10a2,0x18c3,0x18c3,0x0841,0x2104,0x18e3,0x0000,0x10a2,0x2945,0x0000,0x0000,0x0000,0x0020,0x0841,0x0020,
  0x0841,0x0841,0x0841,0x18e3,0x18c3,0x18e4,0x1082,0x10a3,0x0041,0x0020,0x0020,0x0841,0x0841,0x0020,0x0841,0x1082,
  0x1082,0x10a2,0x0861,0x1082,0x10a2,0x10a2,0x1082,0x1082,0x1082,0x1082,0x0861,0x0841,0x0020,0x0000,0x0000,0x0000,
  0x0841,0x31a7,0x2104,0x1082,0x1082,0x0020,0x0020,0x0020,0x0020,0x1082,0x1082,0x0861,0x0861,0x0861,0x0861,0x0841,
  0x0841,0x0861,0x0861,0x0861,0x0861,0x0861,0x0861,0x0841,0x0841,0x0861,0x0861,0x0841,0x0861,0x0861,0x0861,0x0861,
  0x0861,0x0841,0x0841,0x0861,0x0841,0x0861,0x0861,0x0841,0x0861,0x0861,0x0861,0x0861,0x1082,0x0861,0x0841,0x0841,
  0x0861,0x0841,0x0841,0x0841,0x0841,0x0020,0x0020,0x0020,0x0861,0x0020,0x0841,0x1082,0x1082,0x0841,0x0000,0x0000,
  0x0000,0x0020,0x0841,0x0020,0x0841,0x0020,0x0841,0x0020,0x0861,0x0841,0x0861,0x0881,0x0881,0x0881,0x0881,0x0881,
  0x0021,0x18c3,0x10a2,0x10a2,0x18c3,0x2945,0x39e8,0x3187,0x0000,0x4a6a,0x8411,0x8c73,0x8432,0x8c73,0x73b0,0x0001,
  0x2946,0x18a4,0x39a7,0x526a,0x7baf,0x62cb,0x20c3,0x1862,0x1862,0x1883,0x1042,0x1862,0x0801,0x1062,0x83d0,0xb535,
  0x20e4,0x3186,0x5acc,0x41e9,0x6b2e,0x6b2e,0x39a7,0x0000,0x2945,0x3145,0x2945,0x3186,0x20c4,0x1062,0x20e4,0x2104,
  0x0862,0x0021,0x2965,0x2965,0x0841,0x630c,0x41e8,0x0000,0x2104,0x1062,0x0000,0x2125,0x2945,0x2124,0x18c3,0x0000,
  0x1062,0x2966,0x4208,0x2925,0x1041,0x4187,0x4166,0x1021,0x0800,0x3146,0x18a2,0x0000,0x0821,0x0000,0x0000,0x3186,
  0x5acb,0x2966,0x0862,0x0000,0x0000,0x738f,0x8c32,0x18c3,0x0000,0x0000,0x0000,0x0841,0x18a3,0x4a08,0x9cb2,0xce38,
  0xf73c,0xf73b,0xeefa,0xf71b,0xf71a,0xef1a,0xff5b,0xff5b,0xf73a,0xf75b,0xb555,0xa514,0x4a2a,0x6b6f,0xa556,0x9cf5,
  0xb598,0x8432,0xbdf8,0xf75d,0xeefa,0xf75b,0xff9c,0xff7c,0xbd74,0x49e7,0x6b0b,0x9c71,0x3965,0x0000,0x20e4,0x7c11,
  0x738f,0x7bd0,0x8c53,0x94b4,0xad97,0x9493,0x73af,0x738f,0x528b,0x7bf0,0x9493,0x736e,0x3187,0x10a3,0x1082,0x2946,
  0x39c7,0x5acb,0x2904,0x39a6,0x2924,0x5228,0x41c6,0x3986,0x18a3,0x2104,0x10a2,0x1082,0x10a3,0x0862,0x0862,0x3166,
  0x2945,0x18c4,0x10a3,0x0841,0x18c3,0x4a49,0x18e3,0x10a2,0x5acc,0x0863,0x0022,0x2946,0x528b,0x7bd0,0x8c52,0x9cd4,
  0x6b4d,0x10a3,0x18c3,0x2104,0x4208,0x0841,0x0841,0x10a2,0x10a2,0x0841,0x1082,0x0020,0x0882,0x0861,0x0841,0x18c3,
  0x18c3,0x10a2,0x10a2,0x18c3,0x0861,0x0861,0x2104,0x1082,0x0000,0x18c3,0x18c3,0x1082,0x0861,0x0000,0x0000,0x0020,
  0x0841,0x0841,0x0861,0x1082,0x18c3,0x0841,0x18e4,0x2105,0x2124,0x0020,0x0861,0x0000,0x10a2,0x0841,0x0841,0x0841,
  0x1082,0x1082,0x1082,0x1082,0x1082,0x1082,0x1082,0x1082,0x1082,0x1082,0x1082,0x10a2,0x1082,0x0841,0x0000,0x0000,
  0x0000,0x10a3,0x4208,0x18c3,0x0020,0x0861,0x0020,0x0020,0x0841,0x0020,0x1082,0x0861,0x0861,0x0861,0x0861,0x0861,
  0x0020,0x0841,0x0861,0x0861,0x0841,0x0841,0x0861,0x0861,0x0861,0x0861,0x0861,0x0841,0x0020,0x0841,0x0861,0x0861,
  0x0841,0x0841,0x0861,0x0861,0x0861,0x0861,0x0841,0x0841,0x0861,0x0861,0x0861,0x1082,0x0861,0x0841,0x0841,0x0861,
  0x0861,0x0841,0x0841,0x0841,0x0861,0x0841,0x0841,0x0841,0x0841,0x1082,0x0020,0x0861,0x1082,0x0861,0x0000,0x0020,
  0x0000,0x0000,0x0020,0x0861,0x0020,0x0020,0x0020,0x0020,0x0861,0x0841,0x0861,0x0881,0x0881,0x0881,0x0881,0x0881,
  0x0841,0x10a2,0x10a2,0x18c3,0x2104,0x18e4,0x2966,0x3186,0x0021,0x4a49,0x9cf4,0x7bf1,0x94b4,0x8c53,0x8432,0x18e4,
  0x5acc,0x5acc,0x2946,0x1883,0x1883,0x3987,0x28c4,0x0800,0x1862,0x1883,0x1862,0x0800,0x41e8,0x9c93,0xacf4,0x3146,
  0x18a3,0x630c,0x526b,0x630e,0x62ed,0x39a7,0x0000,0x1081,0x18e3,0x1082,0x20e4,0x3186,0x736e,0x52ab,0x0842,0x0021,
  0x0021,0x0021,0x10a2,0x10a2,0x18c3,0x4209,0x73af,0x0000,0x2104,0x0861,0x0000,0x10a3,0x2945,0x0861,0x18e4,0x0841,
  0x0000,0x18c3,0x39c7,0x1883,0x28e4,0x834e,0x59e9,0x30c4,0x0800,0x1061,0x39c7,0x1082,0x0821,0x0020,0x0000,0x2104,
  0x52aa,0x4208,0x0021,0x0000,0x0000,0x738f,0x83f1,0x0861,0x0020,0x0841,0x18c3,0x0000,0x1082,0x9451,0xa4f4,0xc5f7,
  0xef1b,0xf73b,0xeefa,0xef1a,0xf75b,0xf75b,0xff5b,0xff5b,0xf73a,0xff7c,0xb555,0xa4d4,0x9473,0x18c4,0x8c93,0xa576,
  0xa557,0xa516,0xa4f4,0xef1c,0xef1b,0xff5b,0xff7c,0xf73b,0xeed9,0x8bcd,0x49c5,0x4185,0x20c2,0x1882,0x73af,0x9493,
  0x8c73,0xa515,0x94b4,0x73af,0x39e8,0x3187,0x4a6a,0x6b8e,0x8c51,0x5acb,0x31a7,0x3166,0x0842,0x2105,0x528a,0x9cd3,
  0xa514,0xa4d3,0x8c10,0x62eb,0x5a8a,0x5a69,0x2082,0x28e3,0x2924,0x10a3,0x0861,0x1082,0x10a2,0x0862,0x10a3,0x2125,
  0x18c3,0x2966,0x18c3,0x0861,0x0841,0x4228,0x39c7,0x0000,0x39e8,0x4208,0x0001,0x0862,0x1082,0x10a3,0x2125,0x630c,
  0x630c,0x2965,0x0861,0x18c3,0x2124,0x2104,0x0841,0x2104,0x10a2,0x1082,0x1082,0x1082,0x0861,0x0861,0x0841,0x1082,
  0x18c3,0x1082,0x10a2,0x18c3,0x1082,0x0020,0x18e3,0x18c3,0x0021,0x0020,0x10a2,0x31a6,0x2125,0x18c3,0x0841,0x0841,
  0x0020,0x0000,0x0841,0x0862,0x1082,0x10a3,0x1082,0x18c3,0x10a3,0x2124,0x0861,0x18e3,0x1082,0x0841,0x0021,0x0861,
  0x0841,0x0861,0x1082,0x1082,0x1082,0x1082,0x10a2,0x1082,0x0861,0x1082,0x10a2,0x1082,0x0861,0x18c3,0x0861,0x0000,
  0x0000,0x0000,0x1082,0x2104,0x0861,0x0841,0x0021,0x0841,0x0020,0x0841,0x0841,0x0861,0x0861,0x0861,0x0841,0x1082,
  0x1082,0x0020,0x0841,0x1082,0x0861,0x0841,0x0861,0x0861,0x0861,0x0861,0x0861,0x0861,0x0841,0x0841,0x0841,0x0841,
  0x0861,0x0861,0x0861,0x0861,0x0861,0x0861,0x0861,0x0861,0x0841,0x0841,0x0841,0x0861,0x0861,0x0861,0x0861,0x0861,
  0x0841,0x0861,0x0841,0x0841,0x0841,0x0841,0x0861,0x0841,0x0841,0x0841,0x0020,0x0861,0x1082,0x1082,0x0020,0x1082,
  0x10a2,0x0000,0x0000,0x0020,0x0861,0x0020,0x0020,0x0020,0x0841,0x0841,0x0841,0x0881,0x1081,0x0881,0x0881,0x0881,
  0x18c3,0x0861,0x10a2,0x1082,0x18c3,0x18c3,0x18c3,0x2124,0x18c3,0x2125,0x9cd4,0xa556,0x9d15,0x7bf1,0x9cf5,0x39e9,
  0x39c8,0x8c31,0x9472,0x8c11,0x524a,0x41e8,0x5a4a,0x734e,0x9452,0x9c73,0xa4d4,0x83d0,0xb556,0x7b8f,0x18a3,0x1062,
  0x39c8,0x528b,0x41e9,0x738f,0x5a8b,0x0000,0x0820,0x1061,0x0861,0x0821,0x0000,0x18a3,0x4208,0x39a7,0x18c4,0x2125,
  0x1083,0x0021,0x18c3,0x18e3,0x18e4,0x18e4,0x7baf,0x18c3,0x2945,0x31a7,0x0000,0x0000,0x10a3,0x1082,0x10a2,0x1082,
  0x0000,0x0041,0x18c3,0x1042,0x20a4,0x834e,0x6209,0x4946,0x20a2,0x0000,0x20e3,0x2945,0x0000,0x0020,0x0000,0x3186,
  0x4228,0x39a7,0x0000,0x0861,0x0020,0x5acc,0x7bb0,0x0841,0x0000,0x18e3,0x2966,0x2945,0x2125,0x6b4d,0x5acb,0x7baf,
  0xce37,0xf75b,0xf73b,0xf73b,0xf73b,0xff5b,0xff5b,0xf719,0xf73a,0xff7c,0xc5b6,0x9472,0xb5b7,0x5acc,0x31a8,0x94d3,
  0x9cf5,0xa536,0x8c52,0xdedb,0xef3c,0xf73b,0xff7c,0xf6fa,0xf73b,0xcdf5,0x6267,0x5206,0x3103,0x20a2,0x39a7,0x4229,
  0x52ab,0x528b,0x2966,0x0000,0x0000,0x0000,0x0000,0x0000,0x0000,0x0000,0x0000,0x0021,0x20e4,0x6b4e,0xdebb,0xe71c,
  0xf75e,0xef3d,0xf75d,0xf75c,0xe6da,0xb534,0x8bcf,0x5228,0x2904,0x3186,0x2945,0x1082,0x18c3,0x1082,0x18c3,0x18c3,
  0x3186,0x2125,0x1082,0x0020,0x0861,0x2965,0x39e7,0x0021,0x4208,0x630c,0x2945,0x632d,0x0862,0x0862,0x0020,0x0000,
  0x0862,0x18c3,0x0862,0x18c3,0x18c3,0x2945,0x0021,0x10a2,0x18c3,0x0841,0x0861,0x1062,0x1082,0x0821,0x1062,0x0861,
  0x10a2,0x10a2,0x10a2,0x10a2,0x18e3,0x0020,0x1082,0x10a2,0x18e3,0x0020,0x0000,0x10a3,0x31a7,0x31a7,0x2945,0x18e3,
  0x10a2,0x0020,0x0000,0x0020,0x0020,0x0841,0x0862,0x0841,0x0862,0x0862,0x1082,0x10a3,0x2125,0x0020,0x0020,0x0021,
  0x0841,0x0020,0x0861,0x0841,0x10a2,0x18c3,0x0861,0x1082,0x1082,0x0861,0x1082,0x1082,0x1082,0x10a2,0x18c3,0x0861,
  0x0020,0x0000,0x0000,0x0841,0x10a3,0x0841,0x10a3,0x0862,0x0020,0x0841,0x0841,0x0841,0x10a2,0x1082,0x0841,0x18c3,
  0x18e3,0x0861,0x0841,0x0020,0x0861,0x0861,0x0861,0x0841,0x0861,0x0861,0x0861,0x0861,0x0861,0x0861,0x0861,0x0841,
  0x0020,0x0841,0x0861,0x0861,0x0861,0x0861,0x0861,0x0841,0x0861,0x0861,0x0020,0x0020,0x0020,0x0020,0x0841,0x0861,
  0x0861,0x0841,0x0841,0x0841,0x0841,0x0841,0x0841,0x0841,0x0841,0x0841,0x0020,0x0861,0x1082,0x10a2,0x0020,0x0020,
  0x18c3,0x10a2,0x0000,0x0020,0x0841,0x0841,0x0020,0x0020,0x0841,0x0841,0x0861,0x0881,0x0881,0x0881,0x0881,0x0881,
  0x41e8,0x0841,0x18e4,0x1082,0x10a2,0x18c3,0x18c3,0x18c3,0x2124,0x0000,0x6b8f,0x7bf1,0x8432,0x8453,0xa516,0x630e,
  0x2946,0x7b8f,0x7baf,0x83f0,0x9c72,0x9c72,0xa4d4,0xa4d4,0xa4f4,0x8c11,0x6b2d,0x526a,0x2925,0x0001,0x18a3,0x2946,
  0x4a2a,0x6b0d,0x7bb0,0x62ed,0x0821,0x1062,0x2904,0x18c3,0x18a2,0x0841,0x18a3,0x20e4,0x18a3,0x0000,0x0821,0x39c7,
  0x4a49,0x0000,0x18c3,0x2104,0x2125,0x2925,0x630c,0x4a49,0x0841,0x2965,0x0000,0x0000,0x0862,0x0862,0x10a2,0x0841,
  0x0861,0x0000,0x2104,0x4a09,0x1842,0x51c8,0x8b4e,0x4946,0x3945,0x0820,0x0000,0x18c3,0x0862,0x0000,0x0000,0x2945,
  0x4a49,0x4a49,0x0000,0x18c3,0x0862,0x4a4a,0x7bd0,0x0861,0x0020,0x18e3,0x2104,0x10a3,0x2966,0x41e8,0x6b0d,0xad15,
  0xe6da,0xef1b,0xef1a,0xf71a,0xf73a,0xf73a,0xf73a,0xeef9,0xf719,0xff9c,0xc5d6,0xa4d4,0xb577,0xa516,0x18c4,0x6b6e,
  0xad77,0xad97,0x9cf4,0xad76,0xef5d,0xef1b,0xf71b,0xf71b,0xf73b,0xf73a,0x8bcd,0x5206,0x3943,0x1861,0x1061,0x0000,
  0x0000,0x0000,0x0000,0x0000,0x2104,0x5aeb,0x18c3,0x0000,0x0020,0x1082,0x0021,0x18c4,0x8c72,0xbdd8,0xbdd8,0xbdb7,
  0xce3a,0xeefc,0xef3d,0xf75d,0xf75c,0xf75c,0xef3c,0xd638,0x83cf,0x3986,0x39a7,0x2946,0x2945,0x18c4,0x1082,0x20e4,
  0x18a3,0x18e4,0x10a3,0x1082,0x0841,0x18c3,0x39e7,0x10a3,0x2945,0x6b6e,0x5acb,0x7bf0,0x2945,0x10c3,0x0861,0x0041,
  0x2945,0x4208,0x0862,0x18c3,0x2124,0x2945,0x0861,0x0021,0x1082,0x1082,0x1082,0x2124,0x18a2,0x18c3,0x0841,0x0861,
  0x1082,0x10a2,0x10a2,0x10a2,0x10a2,0x0841,0x0861,0x10a2,0x18c3,0x0841,0x0000,0x0000,0x0861,0x18c3,0x2945,0x31a6,
  0x2125,0x3186,0x18e4,0x0862,0x0000,0x0000,0x0020,0x0020,0x0841,0x1082,0x0861,0x1082,0x18e3,0x18e4,0x0841,0x0021,
  0x0000,0x0841,0x0841,0x0841,0x0861,0x18e3,0x1082,0x1082,0x0861,0x1082,0x1082,0x10a2,0x1082,0x1082,0x0861,0x1082,
  0x0861,0x0020,0x0000,0x0021,0x0841,0x1082,0x0862,0x10a3,0x0862,0x0000,0x0841,0x0841,0x0841,0x18c3,0x10a2,0x2104,
  0x10a2,0x10a2,0x0841,0x0020,0x0020,0x0861,0x0861,0x0861,0x0861,0x0841,0x0841,0x0861,0x0841,0x0861,0x0861,0x0861,
  0x0841,0x0020,0x0841,0x0861,0x0841,0x0841,0x0861,0x0841,0x0861,0x0861,0x0020,0x0000,0x0000,0x0000,0x0020,0x0841,
  0x0841,0x0841,0x0861,0x0841,0x0841,0x0841,0x0841,0x0841,0x0861,0x0841,0x0841,0x0861,0x1082,0x10a2,0x0020,0x0861,
  0x18c3,0x1082,0x0861,0x0020,0x0000,0x0841,0x0861,0x0020,0x0021,0x0020,0x0861,0x0881,0x0881,0x0881,0x0881,0x0881,
  0x632d,0x0021,0x18c3,0x10a2,0x1082,0x1082,0x10a2,0x1082,0x2124,0x0021,0x39e8,0x6b8f,0x7bf1,0x7bf1,0x94d5,0x8c53,
  0x1062,0x39a7,0x630d,0x39a7,0x3987,0x2905,0x20a3,0x20c4,0x18c3,0x1062,0x0841,0x0001,0x0862,0x2945,0x2966,0x2105,
  0x4a4a,0x7b90,0x526a,0x0842,0x0841,0x20e3,0x3165,0x2925,0x1082,0x18c3,0x18c3,0x2104,0x20c4,0x18c3,0x18a3,0x73af,
  0x5acc,0x0841,0x10a2,0x2125,0x31a7,0x39c8,0x2966,0x630c,0x0861,0x2104,0x0020,0x0000,0x1082,0x18e3,0x0841,0x1082,
  0x0861,0x1082,0x4a6a,0x83f0,0x3105,0x2863,0x8b4e,0x6a29,0x3965,0x2924,0x0000,0x0000,0x0841,0x0000,0x0000,0x18e3,
  0x3185,0x18e4,0x0001,0x2945,0x0021,0x4a4a,0x6b4e,0x0040,0x0841,0x39e8,0x18c3,0x0000,0x528a,0x5a8b,0x8c11,0xde9b,
  0xef1b,0xef1a,0xf73b,0xf71a,0xff5b,0xff9c,0xff5b,0xf73a,0xf73a,0xe6b9,0xbd95,0xbd76,0xad56,0xa516,0x6b8f,0x0862,
  0x8cb3,0xb5b8,0xa556,0x9d14,0xdedb,0xef3c,0xf71b,0xf71b,0xf75b,0xff7b,0xd5f5,0x6ac8,0x49a4,0x28c2,0x3124,0x1882,
  0x0000,0x0000,0x0000,0x0000,0x2104,0x6b4d,0x1082,0x0000,0x0000,0x1082,0x634d,0x9cd4,0xad77,0xa515,0xad56,0xb5b7,
  0xd65a,0xde9c,0xe6dc,0xe6fc,0xe6ba,0xdeba,0xe6db,0xe6fb,0xeefb,0x62cb,0x20c4,0x4a09,0x2925,0x20e4,0x2945,0x18a3,
  0x10a3,0x2946,0x2945,0x0861,0x0020,0x0861,0x3186,0x2965,0x0862,0x4209,0x528b,0x632d,0x52ab,0x5b0c,0x39e8,0x39c7,
  0x1082,0x3186,0x18c3,0x10a2,0x2104,0x2965,0x2104,0x0841,0x10a2,0x0861,0x2104,0x3165,0x2945,0x10a2,0x1061,0x0020,
  0x0861,0x1082,0x10a2,0x18c3,0x10a2,0x0861,0x0841,0x1082,0x2965,0x10a2,0x0000,0x0000,0x0000,0x0000,0x0000,0x10a3,
  0x2125,0x2946,0x31a7,0x2104,0x18c3,0x0841,0x0020,0x0000,0x0000,0x0021,0x0021,0x0841,0x2104,0x18e3,0x10a2,0x0021,
  0x1082,0x0020,0x0000,0x0841,0x10a2,0x0020,0x0020,0x0841,0x10a2,0x1082,0x1082,0x1082,0x1082,0x1082,0x0861,0x1082,
  0x1082,0x1082,0x0020,0x0000,0x0021,0x0021,0x18c3,0x2104,0x10a2,0x0000,0x0020,0x0020,0x0861,0x1082,0x0841,0x0020,
  0x0841,0x0020,0x0020,0x0841,0x0000,0x0020,0x0841,0x0861,0x0861,0x0861,0x0841,0x0841,0x0861,0x0841,0x0861,0x0861,
  0x0861,0x0861,0x0841,0x0861,0x0861,0x0861,0x0861,0x0841,0x1082,0x0861,0x0841,0x0020,0x0000,0x0020,0x0020,0x0020,
  0x0020,0x0861,0x0861,0x0841,0x0841,0x0841,0x0841,0x0861,0x0841,0x0020,0x0841,0x0861,0x1082,0x10a2,0x0020,0x0841,
  0x10a2,0x0841,0x0020,0x0020,0x0000,0x0000,0x0861,0x0861,0x0021,0x0021,0x0862,0x0881,0x0881,0x0881,0x0881,0x0881,
  0x6b4e,0x18c4,0x0841,0x10a2,0x1082,0x10a2,0x10a2,0x1082,0x18c3,0x0021,0x39c7,0x9d15,0x7bd1,0x9cd5,0x9cd5,0x9cf5,
  0x39c8,0x0000,0x1082,0x4a29,0x5aab,0x5aab,0x524a,0x3187,0x3188,0x31a8,0x3167,0x4209,0x4209,0x2125,0x4a29,0x528b,
  0x630d,0x528b,0x0821,0x0000,0x18a3,0x2925,0x3165,0x2924,0x20e3,0x18c3,0x1082,0x1082,0x1082,0x0021,0x6b2e,0x9473,
  0x52ab,0x10a3,0x18c3,0x1082,0x18a3,0x2946,0x0841,0x6b6e,0x3186,0x10a2,0x0841,0x0020,0x1061,0x2104,0x1082,0x0841,
  0x0861,0x18e4,0x4208,0x7bb0,0x734e,0x1001,0x59c8,0x9baf,0x4145,0x3986,0x0820,0x0000,0x0000,0x0020,0x0020,0x39c7,
  0x528a,0x18e3,0x0000,0x18c3,0x0020,0x4a6a,0x6b6e,0x0020,0x0861,0x0861,0x2104,0x0842,0x8411,0x9cd4,0x9cb4,0xd69b,
  0xe6fb,0xe6fb,0xe6da,0xe6d9,0xd636,0xc594,0xde36,0xde36,0xde36,0xde37,0xcdd6,0xb535,0xa4f5,0x9cf4,0xa515,0x4229,
  0x52ab,0xb5b7,0xa536,0x94b4,0xbdf8,0xf77e,0xf75d,0xeefb,0xf71a,0xf73a,0xff5b,0xacd1,0x5a27,0x3944,0x2903,0x18a2,
  0x0000,0x2945,0x73af,0x8411,0x73d0,0x4229,0x39e8,0x2946,0x3187,0x6b6e,0xce7a,0xb5b7,0x738f,0x6b4e,0xa536,0xbdd8,
  0x83f1,0x526b,0x62ed,0x62cc,0x5aab,0x7baf,0x9c72,0xd67a,0xe6db,0x7b8e,0x28e4,0x41e8,0x41e8,0x39a7,0x2945,0x18c3,
  0x0862,0x0861,0x10a2,0x0861,0x0000,0x0861,0x18e4,0x2965,0x0862,0x1082,0x2124,0x39e8,0x4a49,0x4229,0x7bf0,0x738e,
  0x4a69,0x4228,0x2945,0x0861,0x18c3,0x2125,0x2966,0x0841,0x1082,0x18c3,0x2124,0x2965,0x18a3,0x1082,0x0021,0x1082,
  0x0841,0x10a2,0x1082,0x18c3,0x18c3,0x10a2,0x0020,0x0861,0x39c7,0x2966,0x0000,0x0000,0x0020,0x0020,0x0820,0x0000,
  0x0000,0x0000,0x18e4,0x18e3,0x18c3,0x2945,0x18e3,0x1082,0x0000,0x0000,0x0000,0x0000,0x1062,0x1082,0x0841,0x18c3,
  0x0841,0x2104,0x0861,0x0841,0x1082,0x18c3,0x0841,0x1082,0x0841,0x1061,0x1082,0x1082,0x1082,0x1082,0x1082,0x1082,
  0x1082,0x1082,0x1082,0x0841,0x0020,0x0841,0x1082,0x18c3,0x0861,0x0861,0x0841,0x0841,0x0841,0x0000,0x0000,0x0020,
  0x0020,0x0841,0x0020,0x0020,0x0020,0x0000,0x0000,0x0841,0x0841,0x0862,0x0841,0x0861,0x0861,0x0861,0x0861,0x0841,
  0x0841,0x0861,0x0861,0x0861,0x0861,0x0841,0x0841,0x0861,0x0861,0x18c3,0x18c3,0x10a2,0x1082,0x0000,0x0000,0x0000,
  0x0000,0x1082,0x2104,0x1082,0x0862,0x0841,0x0841,0x0841,0x0861,0x0020,0x0020,0x0861,0x1082,0x1082,0x0861,0x0000,
  0x0020,0x0020,0x0841,0x0020,0x1082,0x0000,0x0000,0x1082,0x10a2,0x0021,0x0841,0x1081,0x0881,0x0881,0x0881,0x0882,
  0x736f,0x3187,0x0842,0x2124,0x1082,0x10a2,0x1082,0x1082,0x2104,0x18c3,0x1082,0x8c32,0x9cd5,0xa4f6,0x9cd5,0xa536,
  0x5acc,0x0000,0x0000,0x0841,0x2924,0x2945,0x18e4,0x3166,0x5aed,0x528c,0x4229,0x39c8,0x2966,0x3187,0x4a6a,0x738f,
  0x5acc,0x1082,0x0000,0x0821,0x20e4,0x3165,0x2924,0x2124,0x18a2,0x18c2,0x0820,0x0820,0x0820,0x2966,0x738f,0x8c32,
  0x4a4a,0x18e3,0x3166,0x2104,0x10a3,0x0862,0x0000,0x6b4d,0x4229,0x18c3,0x0841,0x0800,0x1061,0x2124,0x0841,0x0861,
  0x0861,0x4208,0x39c7,0x422a,0x9493,0x3967,0x2883,0x9baf,0x5a29,0x41c7,0x3145,0x0000,0x0000,0x0000,0x0020,0x4a49,
  0x528a,0x2965,0x0000,0x18c3,0x0020,0x31c7,0x528a,0x0000,0x10a3,0x1082,0x0841,0x1082,0x8411,0x8412,0x8c73,0xc63a,
  0xad55,0xa514,0xad54,0xbdb6,0x8bee,0x3943,0x49a5,0x51e6,0x51e6,0x6268,0x5208,0x2904,0x4a29,0x9cf4,0x9cf4,0xa535,
  0x2105,0x7bf0,0xb5d8,0x94d4,0x9cf5,0xe71c,0xef3c,0xf75c,0xeefa,0xeefa,0xff7c,0xe6b9,0x730a,0x3985,0x3945,0x1882,
  0x2945,0x9493,0x8431,0xa515,0xb5d8,0xad97,0xa536,0x8452,0x630e,0x528b,0x4229,0x31c7,0x528a,0x73af,0x8c73,0x5acd,
  0x18c4,0x41c8,0x7bd0,0x8411,0x83d0,0x5a8b,0x3146,0x9c72,0xe6bb,0x9c92,0x1062,0x4a09,0x41e8,0x18c4,0x2105,0x18c3,
  0x1082,0x0861,0x0861,0x0861,0x0841,0x0841,0x10a2,0x18c3,0x0861,0x10a2,0x18c2,0x1082,0x0861,0x1082,0x3186,0x39e8,
  0x4229,0x4a6a,0x4a49,0x0841,0x2104,0x18c3,0x2125,0x10a3,0x0000,0x1082,0x1082,0x10a2,0x10c3,0x0841,0x0841,0x0021,
  0x0841,0x10a2,0x10a2,0x1082,0x10a2,0x18c3,0x0861,0x0841,0x2104,0x3186,0x0841,0x0000,0x0020,0x0820,0x0820,0x0820,
  0x0000,0x0000,0x0000,0x0000,0x0000,0x10a3,0x2945,0x18e4,0x10a2,0x0020,0x1061,0x0000,0x0000,0x0000,0x0020,0x0861,
  0x10a2,0x18c3,0x2945,0x0841,0x1062,0x0861,0x2104,0x18c3,0x0821,0x0020,0x1062,0x1062,0x1082,0x1082,0x0861,0x1082,
  0x1082,0x1082,0x0861,0x1082,0x0841,0x0020,0x0841,0x0020,0x10a2,0x0841,0x1082,0x1041,0x1882,0x18a2,0x0000,0x0020,
  0x0841,0x0841,0x0020,0x0000,0x0020,0x0000,0x0020,0x0000,0x0021,0x0021,0x0862,0x1082,0x0861,0x0861,0x0861,0x0861,
  0x0841,0x1082,0x0861,0x0861,0x0861,0x0861,0x0861,0x0861,0x0861,0x1082,0x0861,0x10a2,0x18c3,0x0841,0x0861,0x2124,
  0x18c3,0x1082,0x18e4,0x2104,0x0841,0x0841,0x0841,0x0841,0x0861,0x0020,0x0020,0x0861,0x10a2,0x18e3,0x0861,0x1082,
  0x0020,0x0020,0x0020,0x0861,0x0841,0x0020,0x0000,0x0020,0x0861,0x0020,0x0840,0x1081,0x0881,0x0881,0x0881,0x0882,
  0xb577,0x62ec,0x0001,0x10a2,0x10a2,0x10a2,0x1082,0x1082,0x18c3,0x1082,0x0841,0x738f,0x94b4,0x73b1,0x9cd5,0x9d15,
  0x7bf0,0x0000,0x0000,0x0820,0x1061,0x0820,0x0000,0x20e4,0x8411,0x736f,0x83f0,0x4a6a,0x4229,0x4a29,0x62ec,0x528b,
  0x1062,0x0000,0x0820,0x0841,0x1061,0x1061,0x0841,0x10a2,0x20e3,0x18c3,0x0820,0x0000,0x1082,0x6b4e,0x7bf1,0x9494,
  0x3187,0x10a3,0x41e8,0x39c7,0x2925,0x0021,0x0000,0x39a7,0x630c,0x0000,0x0821,0x0820,0x0000,0x0841,0x18e3,0x0020,
  0x1904,0x4229,0x52ab,0x5acc,0x9493,0x734f,0x2022,0x61e8,0x7b2d,0x3125,0x5a8a,0x0841,0x2965,0x18c3,0x0862,0x6b4d,
  0x39c7,0x18e3,0x0000,0x10a3,0x0841,0x2966,0x7bcf,0x10a3,0x1082,0x18c3,0x1082,0x18c3,0x8432,0x8c32,0x94b4,0x9cf5,
  0x8c52,0x9472,0x632c,0x62eb,0x5a89,0x3123,0x3943,0x4164,0x3943,0x2081,0x0800,0x0000,0x18c4,0x738f,0x8c72,0x528b,
  0x0862,0x2966,0xa515,0xa536,0x9cf4,0xbdf8,0xf79e,0xf73c,0xf75c,0xff7c,0xff5b,0xf73b,0xacd1,0x5a48,0x3144,0x3965,
  0xa4f4,0x6b8f,0x0000,0x52ac,0x8432,0x8c53,0x73d0,0x6b4e,0x6b6f,0x73af,0x6b6e,0x5b0c,0x8431,0x31a7,0x18e5,0x52ac,
  0x9cd4,0xa4d4,0x8c31,0x9472,0xa4d4,0xbd97,0x8c32,0x524a,0xb555,0x9472,0x20c4,0x41e8,0x2925,0x2104,0x18c3,0x18c3,
  0x0861,0x1082,0x0841,0x1082,0x0861,0x0020,0x18c3,0x3186,0x2124,0x1082,0x18e3,0x2965,0x2965,0x1081,0x0861,0x0841,
  0x0841,0x1082,0x39e7,0x2965,0x18e4,0x18c3,0x18e4,0x2104,0x0841,0x10a3,0x0861,0x1082,0x0861,0x10a2,0x0862,0x18c3,
  0x0021,0x0861,0x10a2,0x10a2,0x1082,0x10a2,0x10a2,0x0020,0x10a3,0x2966,0x10a2,0x0000,0x0020,0x0820,0x0820,0x0820,
  0x0820,0x0840,0x0820,0x0020,0x0000,0x0000,0x0841,0x0020,0x1082,0x0841,0x1082,0x20e4,0x0000,0x0000,0x0000,0x0000,
  0x1062,0x2925,0x18c3,0x2104,0x10a2,0x1082,0x0021,0x0861,0x0841,0x0841,0x0020,0x0841,0x0861,0x1082,0x0861,0x0861,
  0x0861,0x1082,0x1082,0x0861,0x0861,0x0841,0x0020,0x0020,0x0841,0x0861,0x10a2,0x1041,0x1062,0x2924,0x0841,0x0000,
  0x0000,0x0020,0x0000,0x0821,0x0020,0x0841,0x0841,0x0000,0x0021,0x0041,0x0841,0x0841,0x1082,0x0861,0x0861,0x0841,
  0x1082,0x0861,0x0841,0x0861,0x0861,0x0861,0x0861,0x0861,0x0861,0x0841,0x1082,0x0841,0x0000,0x1082,0x2104,0x18e3,
  0x2945,0x2125,0x18c3,0x0021,0x0020,0x1082,0x0861,0x0841,0x0861,0x0020,0x0841,0x0861,0x10a2,0x10a2,0x0861,0x0861,
  0x0000,0x0841,0x0020,0x0861,0x10a2,0x0000,0x0020,0x0000,0x0000,0x0020,0x0841,0x0881,0x0881,0x0881,0x0881,0x0882,
  0xb556,0x736e,0x0841,0x18c3,0x1903,0x1082,0x10a2,0x1082,0x18c3,0x18c3,0x0001,0x5acc,0xa516,0x8c73,0x8452,0x94d4,
  0x9cf4,0x2104,0x10a3,0x18a2,0x0840,0x0841,0x0820,0x0000,0x2125,0x4229,0x41e8,0x31a7,0x2945,0x2125,0x1083,0x0841,
  0x0821,0x0820,0x0840,0x0020,0x0820,0x0000,0x0000,0x0000,0x18a3,0x18a3,0x0000,0x0000,0x2105,0x8432,0x7bd1,0x7390,
  0x83f1,0x1083,0x3187,0x5aec,0x31a7,0x0000,0x0000,0x2124,0x738e,0x1062,0x0000,0x0821,0x0000,0x0020,0x10a3,0x18c3,
  0x424a,0x528a,0x632d,0x73af,0x6b6e,0x8c11,0x3925,0x2821,0x834d,0x41a7,0x39a7,0x2105,0x3166,0x5aab,0x2986,0x9cf4,
  0x4229,0x2104,0x0000,0x1082,0x0000,0x2966,0xa535,0x18e4,0x0821,0x18e4,0x0861,0x2105,0x9cf5,0x8411,0x8c52,0x7bd0,
  0x3187,0x2946,0x5acb,0x4228,0x18a2,0x2903,0x28e2,0x3103,0x28e3,0x2081,0x3986,0x5aab,0x83f0,0x83f0,0x2946,0x0000,
  0x0001,0x0000,0x632d,0xb5d8,0xa535,0xa535,0xdedb,0xef3c,0xef3b,0xf75b,0xff5c,0xff5b,0xeed9,0x8bce,0x41c6,0x9430,
  0xb5b7,0x634e,0x3a09,0x8432,0x8c93,0xb5b8,0x8c72,0x7bf0,0x632e,0x3a09,0x39c8,0x632d,0x39c8,0x422a,0x94b4,0x9cb4,
  0x736f,0x526a,0x41c8,0x4a09,0x5a6b,0x5a8b,0x9c73,0xad15,0x5a8b,0x1082,0x0841,0x2946,0x2105,0x3166,0x18c3,0x1062,
  0x1082,0x10a2,0x1082,0x0861,0x1082,0x0020,0x1082,0x2104,0x2965,0x1082,0x18c3,0x2124,0x2124,0x18c3,0x18e3,0x18e3,
  0x18c3,0x1082,0x1082,0x10a3,0x18c3,0x18c3,0x10a3,0x18c3,0x0841,0x1082,0x1082,0x0862,0x18e4,0x0841,0x10a3,0x0861,
  0x0021,0x0841,0x10a2,0x10a2,0x10a2,0x10a2,0x10a2,0x0841,0x1062,0x2104,0x3186,0x0841,0x0000,0x0820,0x0840,0x0820,
  0x0840,0x0840,0x1041,0x0841,0x0841,0x0820,0x0000,0x0000,0x0000,0x0821,0x0821,0x1062,0x2104,0x1082,0x1082,0x0000,
  0x0000,0x18a3,0x20e4,0x18c3,0x2104,0x1062,0x2104,0x0821,0x0820,0x0841,0x1082,0x0820,0x0020,0x0861,0x0861,0x0861,
  0x0861,0x1082,0x1082,0x0861,0x1082,0x1082,0x0841,0x0020,0x0020,0x0861,0x0841,0x1082,0x18a2,0x1082,0x1882,0x0000,
  0x1062,0x18a2,0x0841,0x0841,0x1062,0x0841,0x1082,0x0861,0x0821,0x0841,0x0861,0x0020,0x0020,0x0820,0x0861,0x0861,
  0x1082,0x1082,0x0861,0x0861,0x0841,0x0861,0x0861,0x0861,0x0861,0x0841,0x0861,0x0861,0x0000,0x0020,0x0861,0x0000,
  0x0861,0x2945,0x2125,0x0862,0x0000,0x0020,0x10a2,0x18e3,0x0841,0x0020,0x0020,0x0861,0x1082,0x10a2,0x0020,0x0841,
  0x0020,0x0020,0x0841,0x0861,0x1082,0x0841,0x0020,0x0000,0x0000,0x0020,0x0841,0x0881,0x0881,0x0881,0x0881,0x0882,
  0x7b8f,0x8c31,0x2125,0x1082,0x18c3,0x10a2,0x18c3,0x10a2,0x18c4,0x18c3,0x0021,0x4209,0xa515,0x8c73,0x8452,0x94b4,
  0xad56,0x39c8,0x1082,0x3186,0x20e3,0x3185,0x2924,0x0020,0x0000,0x0021,0x0021,0x0841,0x0841,0x18e4,0x1083,0x41e8,
  0x2925,0x0000,0x0820,0x0820,0x0820,0x0000,0x0000,0x0000,0x1061,0x0841,0x0000,0x0841,0x39a7,0x6b4e,0x7bd1,0x4a6b,
  0x8c73,0x2946,0x2966,0x5acb,0x18e4,0x0000,0x0000,0x2945,0x62ec,0x10a3,0x0000,0x0020,0x0020,0x0020,0x18c3,0x4a6a,
  0x4a8b,0x5acc,0x738f,0x7c11,0x73d0,0xa4d4,0x5a09,0x2000,0x6a49,0x628a,0x3145,0x39a7,0x2925,0x4209,0x2946,0x9d36,
  0x4a6a,0x2124,0x0000,0x0861,0x0021,0x2104,0x94b3,0x18e4,0x0841,0x2104,0x2104,0x2945,0x9cf4,0x9cd4,0x52ac,0x1082,
  0x2146,0x94d4,0xa515,0x8c73,0x3186,0x18a2,0x20c2,0x20c2,0x1841,0x20a2,0x5a8a,0x2925,0x18a3,0x0821,0x1083,0x526a,
  0x5acc,0x4a6a,0x2105,0x94d4,0xad97,0x9cf4,0xbdd7,0xef5d,0xef1b,0xf75c,0xf75c,0xff5b,0xf73b,0xbd94,0x5a68,0x5a89,
  0x8410,0xad76,0xad96,0x9cf4,0x7c11,0x4a8a,0x18c3,0x0000,0x0000,0x0862,0x2105,0x2946,0x6b4e,0x9cd4,0x9cd4,0x9473,
  0x41e8,0x4a09,0x4a09,0x3987,0x41c8,0x1883,0x5a8b,0xa4d4,0x6b0c,0x18a2,0x0821,0x18a3,0x2104,0x3186,0x18a3,0x10a3,
  0x0861,0x18c3,0x10a2,0x0861,0x1082,0x0841,0x0841,0x2124,0x2124,0x1082,0x2104,0x2945,0x18c3,0x18e3,0x18e3,0x2124,
  0x18c3,0x2104,0x2945,0x18c3,0x18e3,0x18e3,0x18c3,0x18c3,0x0861,0x0020,0x1082,0x1082,0x1082,0x1082,0x0841,0x0862,
  0x0861,0x0841,0x0861,0x10a2,0x1082,0x10a2,0x10a2,0x0861,0x0862,0x10a2,0x2966,0x10a2,0x0000,0x0020,0x0820,0x0840,
  0x0820,0x0820,0x0820,0x0840,0x0840,0x0820,0x0840,0x0840,0x0821,0x0821,0x0821,0x0821,0x1041,0x1062,0x18a3,0x2925,
  0x1082,0x0820,0x0841,0x1082,0x20c3,0x2904,0x20e4,0x20e4,0x0841,0x0841,0x18a3,0x20e4,0x0861,0x0020,0x0841,0x10a2,
  0x0861,0x1082,0x1082,0x1082,0x1082,0x1082,0x0861,0x0841,0x0020,0x0040,0x0861,0x18a2,0x20c3,0x18a2,0x1882,0x1062,
  0x1882,0x18c3,0x18a2,0x39c7,0x2104,0x0000,0x0861,0x10a2,0x10a2,0x18c3,0x18a3,0x10a2,0x0861,0x0020,0x0841,0x0841,
  0x1082,0x0841,0x0861,0x0861,0x0861,0x0861,0x0861,0x0861,0x0841,0x0861,0x0841,0x1082,0x1082,0x0020,0x0000,0x1082,
  0x18e3,0x1082,0x2945,0x10a3,0x0021,0x0841,0x18c3,0x1082,0x0841,0x0841,0x1082,0x0861,0x1082,0x10a2,0x0020,0x0861,
  0x1082,0x0000,0x0841,0x0841,0x0841,0x18c3,0x0861,0x0000,0x0000,0x0020,0x0841,0x0881,0x0881,0x0881,0x0881,0x0882,
  0x3987,0x630d,0x62ec,0x0000,0x18c3,0x10a2,0x10a2,0x18c3,0x2104,0x18e4,0x0841,0x2105,0x94b4,0x8c73,0x8452,0x7bf1,
  0x9cf5,0x5aec,0x0000,0x18a3,0x2924,0x2924,0x2924,0x18c2,0x0000,0x2104,0x20e4,0x2946,0x39c8,0x528b,0x2105,0x4208,
  0x2904,0x0800,0x0840,0x0820,0x0861,0x0841,0x0000,0x0020,0x0841,0x0821,0x0021,0x4229,0x5aec,0x7bd0,0x7390,0x52ac,
  0x9494,0x5acc,0x0862,0x2125,0x0000,0x0000,0x0000,0x2104,0x3186,0x0841,0x0020,0x0820,0x0020,0x0000,0x1904,0x634d,
  0x5acc,0x630d,0x6b6e,0x632d,0x5b0d,0x9cb4,0x834e,0x40e4,0x5105,0x830d,0x2904,0x2946,0x2105,0x41e8,0x2126,0xa536,
  0x5aec,0x4a49,0x0000,0x1082,0x0000,0x3186,0xad55,0x18e4,0x0021,0x1082,0x10a2,0x10a3,0x9493,0x52ab,0x0000,0x0021,
  0x8c52,0xa556,0x8452,0xa515,0x94b3,0x2945,0x1061,0x18a2,0x0820,0x1882,0x3125,0x41c7,0x0820,0x20e4,0x5acc,0x7baf,
  0x6b4d,0x8c52,0x528a,0x39e8,0xb5b7,0xa535,0x9cd4,0xd6bb,0xf77d,0xf77c,0xf77c,0xf75b,0xff7c,0xeefa,0x83cd,0x39a5,
  0x2945,0x2945,0x31a6,0x2125,0x0021,0x0020,0x18c3,0x31a6,0x4229,0x5acc,0x2966,0x1083,0x2925,0x8411,0x9472,0x8431,
  0x2925,0x0821,0x4a29,0x734e,0x5a8b,0x3145,0x3966,0x49e8,0xa4b3,0xa4b3,0x20e4,0x1041,0x2104,0x2125,0x18e3,0x10a3,
  0x10a2,0x0861,0x0861,0x0861,0x0861,0x10a2,0x0020,0x18e3,0x31a7,0x3186,0x0861,0x2945,0x2104,0x1082,0x2104,0x18e3,
  0x2104,0x10a2,0x2104,0x18e3,0x18c3,0x2124,0x10a2,0x18e3,0x18e3,0x0021,0x0862,0x0861,0x18c3,0x0841,0x0862,0x0841,
  0x1082,0x0841,0x1082,0x18c3,0x1082,0x10a2,0x10a2,0x1082,0x0021,0x1082,0x18c3,0x10a2,0x0000,0x0020,0x0820,0x0840,
  0x0820,0x0820,0x0820,0x0820,0x0820,0x0820,0x0840,0x0840,0x0821,0x0821,0x0821,0x0821,0x0841,0x0821,0x0841,0x20e3,
  0x2945,0x1882,0x20c3,0x1061,0x0820,0x20e3,0x2924,0x20c3,0x2924,0x18c3,0x0861,0x10a2,0x2945,0x0841,0x0841,0x0020,
  0x0861,0x0861,0x1082,0x0861,0x0861,0x0861,0x1082,0x0861,0x0841,0x0040,0x0861,0x0841,0x18a2,0x18a3,0x20c3,0x1062,
  0x1041,0x1062,0x2924,0x39a6,0x1062,0x0000,0x0020,0x0861,0x1082,0x1082,0x2104,0x18e3,0x10a2,0x0841,0x0861,0x0021,
  0x0020,0x0020,0x0841,0x0861,0x0841,0x0841,0x0841,0x0841,0x0861,0x0841,0x0861,0x10a2,0x2124,0x1082,0x0000,0x0861,
  0x1082,0x0020,0x0021,0x0841,0x0021,0x0841,0x1082,0x10a3,0x0020,0x0861,0x0841,0x0020,0x10a2,0x10a2,0x0020,0x0020,
  0x0841,0x0000,0x0841,0x1082,0x0841,0x1082,0x0841,0x0841,0x0000,0x0000,0x0841,0x1081,0x0881,0x0881,0x0881,0x0882,
  0x62cc,0x41e8,0x9492,0x0821,0x18e4,0x10a3,0x10a2,0x18c3,0x2104,0x2925,0x18e4,0x0041,0x73d0,0x94b4,0x7bf1,0x94b4,
  0x9d15,0x8431,0x0862,0x10a3,0x20e3,0x1082,0x0861,0x0020,0x0000,0x2966,0x1083,0x2945,0x4a29,0x6b4d,0x3166,0x2925,
  0x1862,0x0820,0x0820,0x0020,0x0861,0x0861,0x0020,0x0020,0x1061,0x0020,0x0841,0x2966,0x83f0,0x94b4,0x632e,0x4a4a,
  0x9493,0x7bd0,0x0000,0x0000,0x0000,0x0000,0x0000,0x1062,0x31a7,0x0841,0x0841,0x0841,0x0000,0x0000,0x10a3,0x6b6e,
  0x52cc,0x5aab,0x6b6e,0x6b8f,0x634e,0x8c11,0x93d0,0x61a8,0x7a09,0x6a09,0x3946,0x2104,0x10a3,0x2104,0x10a3,0xad97,
  0x8431,0x39c7,0x0000,0x0861,0x0020,0x3186,0x9cf4,0x2946,0x0000,0x0861,0x10a2,0x0862,0x94b3,0x4229,0x0000,0x2966,
  0x94d4,0x8c73,0x7bf0,0x8452,0xa515,0x31a7,0x41e8,0x1082,0x41c7,0x6b0d,0x734d,0x4a29,0x0000,0x2925,0x62ec,0x39c8,
  0x5aab,0x4a49,0x4a6a,0x0841,0x73af,0xad96,0xa515,0xb5b7,0xf77d,0xef5c,0xf75c,0xf75c,0xf75b,0xff7c,0xbd73,0x5268,
  0x3986,0x1062,0x20e4,0x2945,0x2966,0x528b,0x5acb,0x4229,0x4208,0x10a3,0x1082,0x6b6e,0x18c3,0x2105,0x83f0,0x2104,
  0x2904,0xa4f4,0xe6bb,0xf75d,0xe6db,0x9451,0x6aeb,0x62aa,0x5a8a,0x5228,0x41c7,0x20e4,0x3145,0x2104,0x10a3,0x10a3,
  0x1082,0x0861,0x0861,0x1082,0x0861,0x1082,0x0020,0x0861,0x31a7,0x4a69,0x0841,0x2124,0x31a6,0x2965,0x10a2,0x18e3,
  0x2124,0x18c3,0x18c3,0x2104,0x2124,0x10a2,0x2104,0x18e3,0x18e3,0x0862,0x0021,0x0862,0x1082,0x1082,0x1082,0x10a2,
  0x1082,0x1082,0x0021,0x1082,0x1082,0x10a2,0x1082,0x10a2,0x0821,0x10a2,0x10a3,0x18c3,0x0841,0x0020,0x1061,0x0840,
  0x1041,0x1041,0x1040,0x0820,0x0820,0x0820,0x0840,0x0840,0x0820,0x0820,0x0820,0x0820,0x0841,0x0841,0x1041,0x0820,
  0x1041,0x0841,0x20c3,0x2904,0x1882,0x0820,0x18a2,0x2104,0x20e3,0x18c3,0x1082,0x1062,0x0861,0x0841,0x0861,0x0020,
  0x0020,0x1082,0x0861,0x0861,0x0861,0x0861,0x1082,0x1082,0x0861,0x0861,0x0020,0x0000,0x0020,0x10a2,0x1082,0x1062,
  0x1041,0x0841,0x18a2,0x1082,0x0820,0x1082,0x0821,0x0821,0x1061,0x1061,0x1082,0x18e3,0x18a3,0x0841,0x0861,0x10a2,
  0x0841,0x1082,0x0841,0x0841,0x0861,0x0861,0x0861,0x0841,0x0861,0x0841,0x0861,0x0841,0x1082,0x0841,0x0020,0x0020,
  0x0861,0x0020,0x0840,0x0020,0x0020,0x1082,0x18e3,0x0862,0x0020,0x0861,0x0841,0x0841,0x1082,0x1082,0x0000,0x0841,
  0x0861,0x0000,0x0020,0x0861,0x0861,0x0020,0x0020,0x0841,0x0861,0x0000,0x0841,0x0881,0x0881,0x0881,0x0881,0x0882,
  0x9c73,0x3966,0x9472,0x2945,0x0862,0x10a3,0x10a2,0x1082,0x2945,0x2945,0x2945,0x0021,0x630d,0x94d4,0x94d4,0x8c93,
  0x8411,0x94b3,0x2966,0x0020,0x0841,0x0000,0x0020,0x0000,0x18e3,0x2966,0x0841,0x62ec,0x5a8b,0x526a,0x3186,0x41e8,
  0x0800,0x0821,0x0861,0x0861,0x0861,0x1082,0x1062,0x0821,0x1082,0x0840,0x0021,0x0000,0x3187,0x7bd0,0x6b6f,0x632e,
  0x8432,0x3187,0x0000,0x0020,0x0000,0x0000,0x0000,0x0021,0x2946,0x0841,0x1082,0x18e3,0x0000,0x0020,0x0000,0x5acc,
  0x6b6f,0x528b,0x6b4e,0x73af,0x6b8f,0x9452,0x624b,0x48e5,0x8a6b,0x61a8,0x3966,0x18e3,0x0882,0x0841,0x0821,0xad77,
  0xb5b7,0x41e8,0x0021,0x10a2,0x0841,0x0862,0x8411,0x4a6b,0x0000,0x1082,0x10a2,0x0000,0x4a29,0x2966,0x0000,0x6b6e,
  0xa555,0x94d4,0x7c11,0xa515,0x8411,0x18a3,0x39c7,0x0000,0x2905,0x7b6e,0x5a8a,0x0841,0x0000,0x0020,0x0841,0x0001,
  0x1082,0x0842,0x1082,0x0000,0x18e4,0x94b3,0xad76,0x9d15,0xd69a,0xf79d,0xef3b,0xf75b,0xf75b,0xff7c,0xe6d9,0x6b0a,
  0x41c7,0x5aab,0x83d0,0x7bf0,0x6b4e,0x5aed,0x0863,0x3187,0x528a,0x18c4,0x1062,0x5acb,0x2125,0x0000,0x18c3,0x41e7,
  0xa4f4,0xd639,0xdebb,0xef1b,0xef1c,0xf75c,0xef1b,0xef1b,0xde58,0x5a69,0x28e3,0x49e7,0x4208,0x18c3,0x10a3,0x1082,
  0x1082,0x0861,0x10a2,0x0861,0x1082,0x1082,0x1082,0x0020,0x18c3,0x2104,0x1082,0x1082,0x18e3,0x39e7,0x2945,0x10a2,
  0x2103,0x2104,0x18e3,0x18c3,0x2124,0x18e3,0x18c3,0x2104,0x18e3,0x1082,0x0000,0x0861,0x0841,0x1082,0x1082,0x0861,
  0x2124,0x10a2,0x0020,0x0861,0x10a2,0x1082,0x18c3,0x18c3,0x1061,0x0841,0x1082,0x2104,0x2945,0x0000,0x0841,0x0840,
  0x1040,0x1020,0x0820,0x0820,0x0820,0x0840,0x0840,0x0840,0x0820,0x0820,0x0820,0x0820,0x0820,0x0820,0x0820,0x0820,
  0x0820,0x0821,0x0800,0x1882,0x1882,0x0841,0x1882,0x1882,0x1061,0x0841,0x0820,0x0841,0x0841,0x0020,0x0020,0x0020,
  0x0020,0x0020,0x0841,0x0861,0x0861,0x0861,0x1082,0x1082,0x0882,0x0861,0x0861,0x0841,0x0000,0x0000,0x0820,0x0820,
  0x0000,0x0020,0x0821,0x0821,0x0820,0x1082,0x0841,0x0841,0x1061,0x0840,0x18a2,0x1062,0x10a2,0x10a2,0x1082,0x18c3,
  0x18c3,0x10a2,0x10a2,0x10a2,0x0020,0x0861,0x0861,0x0861,0x0861,0x0861,0x10a2,0x0861,0x0841,0x0841,0x0000,0x0020,
  0x0841,0x0020,0x0020,0x0000,0x0020,0x0841,0x1082,0x1083,0x0841,0x0841,0x0841,0x0861,0x18e3,0x1082,0x0000,0x0020,
  0x0841,0x0020,0x0020,0x0861,0x0861,0x0020,0x0020,0x1082,0x1082,0x0020,0x0840,0x1081,0x0881,0x0881,0x0881,0x0882,
  0xbdb6,0x5249,0x7b8f,0x4209,0x0000,0x10c2,0x18c3,0x10a2,0x2104,0x18c3,0x2104,0x0862,0x39e8,0x8411,0x8432,0x8c93,
  0x8452,0x9cf5,0x528b,0x0000,0x0000,0x0000,0x0000,0x0842,0x2104,0x3166,0x3166,0x7bb0,0x524a,0x2946,0x3146,0x5aac,
  0x1021,0x0820,0x18a2,0x18a2,0x0841,0x0821,0x0821,0x1061,0x18a2,0x1061,0x1062,0x0021,0x0841,0x73b0,0x9493,0x8c72,
  0x4a49,0x0000,0x0000,0x0000,0x0020,0x0841,0x0000,0x0021,0x18c4,0x0021,0x10a2,0x2945,0x0020,0x0020,0x0000,0x39c8,
  0x73af,0x4a6b,0x52ac,0x39c8,0x6b6e,0x630d,0x4166,0x5987,0x81e9,0x79c9,0x38e5,0x2945,0x1904,0x1082,0x1062,0x9493,
  0xc65a,0x52ab,0x0041,0x0861,0x0841,0x0021,0x73af,0x6b6e,0x0000,0x0861,0x2966,0x1062,0x0000,0x0000,0x18e4,0xa515,
  0x9d15,0x9d36,0xa557,0x9cd5,0x8432,0x2925,0x5acb,0x0000,0x0821,0x41e8,0x1061,0x0000,0x0020,0x0000,0x1062,0x630d,
  0x7baf,0x526a,0x2945,0x0020,0x0000,0x4229,0xb5d8,0xa577,0xa535,0xf77d,0xef5c,0xf75b,0xff7b,0xff5b,0xff9c,0xacf2,
  0x62ab,0x9452,0x630d,0x5acc,0x4a4b,0x6b6f,0x5aec,0x632d,0x632d,0x2945,0x18c3,0x736e,0x4a6a,0x0000,0x2966,0x9492,
  0xad56,0xa4f5,0xc5f8,0xce19,0xde9a,0xef1c,0xf75d,0xf73c,0xeefb,0xde99,0x6aeb,0x1882,0x5249,0x2904,0x1062,0x1082,
  0x10a2,0x1082,0x0861,0x1082,0x0861,0x0861,0x1082,0x0841,0x1082,0x18e4,0x1082,0x1082,0x18c3,0x2965,0x2965,0x10a2,
  0x2945,0x2104,0x18c3,0x18c3,0x2104,0x10a2,0x18c3,0x10a2,0x18e4,0x2104,0x0020,0x0861,0x1062,0x1062,0x0821,0x0841,
  0x10a2,0x10a2,0x0020,0x0861,0x10a2,0x1082,0x10a2,0x10a2,0x18c3,0x0821,0x1062,0x10a2,0x3186,0x0841,0x0000,0x0020,
  0x0840,0x0820,0x0820,0x0820,0x0820,0x0820,0x0820,0x0820,0x0820,0x0820,0x0820,0x0820,0x0820,0x0820,0x0840,0x0820,
  0x0820,0x0820,0x0820,0x0020,0x0820,0x0841,0x18a2,0x1082,0x0841,0x0020,0x0841,0x18c3,0x1082,0x0861,0x0841,0x0841,
  0x0841,0x0841,0x0020,0x0021,0x0841,0x0861,0x0861,0x1082,0x1062,0x1082,0x0861,0x0861,0x0020,0x0000,0x0000,0x0861,
  0x0821,0x1062,0x1062,0x1041,0x1062,0x0820,0x0841,0x1041,0x1041,0x0820,0x1041,0x18c3,0x18a3,0x1082,0x0861,0x1061,
  0x1082,0x1082,0x18c3,0x18c3,0x0861,0x0020,0x0020,0x0020,0x0841,0x1082,0x10a2,0x10a2,0x1082,0x18c3,0x1082,0x0841,
  0x0020,0x0020,0x0000,0x0841,0x1082,0x0021,0x0861,0x0841,0x0841,0x0841,0x0841,0x0861,0x10a2,0x0020,0x0000,0x0841,
  0x10a2,0x0020,0x0000,0x0841,0x0841,0x0841,0x0861,0x0841,0x0020,0x0000,0x0020,0x1081,0x0881,0x0881,0x0881,0x0881,
  0xce37,0x6b2c,0x5a8b,0x52ab,0x0020,0x10a1,0x18c3,0x18a3,0x10a2,0x10a2,0x2104,0x18c3,0x1082,0x8411,0x7bd0,0x6b8f,
  0x8c93,0x9d15,0x73af,0x0000,0x1062,0x20e4,0x39a7,0x4a4a,0x526b,0x6b0d,0x526b,0x736f,0x39a8,0x2926,0x6b0d,0x526a,
  0x0820,0x1021,0x1041,0x0841,0x0821,0x0841,0x0820,0x0020,0x1081,0x1082,0x20e3,0x10a2,0x0021,0x5aec,0x9cf4,0x4249,
  0x0000,0x0000,0x0021,0x0020,0x0000,0x0840,0x0000,0x0000,0x18e3,0x0861,0x0861,0x2945,0x18c3,0x0000,0x0000,0x0862,
  0x52cb,0x6b4e,0x5aed,0x632e,0x6b8f,0x18e4,0x3125,0x724a,0x79a7,0x9a2b,0x38a4,0x2966,0x2104,0x0841,0x0821,0x6b8f,
  0xdefd,0x738f,0x0882,0x0040,0x0861,0x0000,0x7bf0,0x8452,0x0841,0x0861,0x31a7,0x2966,0x0000,0x0000,0x630d,0xad77,
  0x9d15,0xa556,0x9cf6,0xa516,0x73b0,0x2125,0x7bae,0x0821,0x1062,0x0821,0x0820,0x0861,0x0000,0x0821,0x6b2d,0x9c93,
  0xa4f5,0x738f,0x0841,0x1062,0x0861,0x0841,0x73d0,0xb5f9,0xad76,0xc639,0xff9d,0xef1a,0xf75b,0xf73a,0xff5c,0xe6da,
  0x7b6e,0x8bf0,0x736f,0x4a4a,0x4a8b,0x4209,0x5acc,0x1082,0x0021,0x1083,0x18c3,0x52ab,0x0862,0x4a49,0x9493,0xa4f5,
  0xa515,0xa516,0x9473,0x5acc,0x62ec,0x7b8e,0x9431,0xb555,0xde79,0xf75d,0xce18,0x2924,0x1882,0x2925,0x18c3,0x0862,
  0x1082,0x10a2,0x1082,0x0861,0x10a2,0x0861,0x0861,0x0000,0x0861,0x2945,0x2104,0x1082,0x2104,0x2965,0x2965,0x10a2,
  0x2104,0x18e3,0x18e3,0x2104,0x18e3,0x18e3,0x10a2,0x2104,0x31a6,0x2945,0x0841,0x1082,0x2125,0x18c3,0x18c3,0x0000,
  0x1082,0x1082,0x0841,0x0841,0x1082,0x10a2,0x10a2,0x10a2,0x18c3,0x0841,0x0861,0x10a2,0x31a6,0x10a2,0x0000,0x0000,
  0x0820,0x1041,0x0841,0x1041,0x0820,0x0820,0x0820,0x0820,0x0820,0x0820,0x0820,0x0820,0x0820,0x0820,0x0840,0x0840,
  0x0840,0x0820,0x0820,0x0840,0x0020,0x0840,0x0020,0x0861,0x0841,0x0020,0x18c3,0x0861,0x0841,0x0841,0x1062,0x0841,
  0x0841,0x0021,0x10a2,0x0041,0x0021,0x0841,0x0882,0x0862,0x0861,0x1082,0x1082,0x0841,0x0861,0x0841,0x0000,0x0861,
  0x18a3,0x1883,0x20c3,0x1882,0x18a3,0x1082,0x0820,0x0820,0x1041,0x1061,0x0821,0x1061,0x18a2,0x18a2,0x1082,0x0841,
  0x0861,0x0861,0x0841,0x0861,0x0020,0x0841,0x0020,0x0841,0x0020,0x0841,0x0861,0x10a2,0x10a2,0x18c3,0x0861,0x0861,
  0x0841,0x0841,0x0020,0x18c3,0x1082,0x1082,0x0020,0x0000,0x0841,0x1082,0x0841,0x0861,0x1082,0x0020,0x0000,0x1082,
  0x1082,0x0020,0x0020,0x0841,0x0020,0x0020,0x0020,0x0020,0x0020,0x0000,0x0020,0x0861,0x1081,0x0881,0x0881,0x0881,
  0xc5f6,0x8c10,0x4209,0x8411,0x0841,0x10a2,0x1082,0x1082,0x10a2,0x10a2,0x18c3,0x18e3,0x0021,0x73af,0x9cf5,0x73d0,
  0x8c73,0xad77,0x8c52,0x0842,0x39c7,0x5acb,0x5acc,0x5acc,0x39c8,0x5a8b,0x5a8b,0x41c8,0x3166,0x526a,0x528b,0x1083,
  0x0000,0x0820,0x0000,0x0000,0x0020,0x0000,0x0000,0x0020,0x18a2,0x18a2,0x18c3,0x18c3,0x10a3,0x2966,0x528a,0x0000,
  0x0000,0x0000,0x4209,0x2125,0x0000,0x0841,0x0000,0x0020,0x1082,0x0861,0x0000,0x3187,0x7bcf,0x0841,0x0000,0x0000,
  0x3187,0x7bf0,0x83f1,0x7bf1,0x4229,0x0021,0x3125,0x5187,0x7147,0x9a4c,0x38c5,0x2105,0x4208,0x1081,0x1082,0x52ab,
  0xe75e,0x9cf5,0x10c3,0x0020,0x0861,0x0000,0x5b0d,0xad97,0x2966,0x0021,0x31a7,0x31a7,0x0000,0x2104,0x9cf4,0xb597,
  0xc63a,0xad97,0x9cf5,0xa516,0x5acc,0x3186,0x8c51,0x1041,0x3145,0x1061,0x1061,0x39a6,0x3145,0x4a08,0x7b8e,0x62ab,
  0x5a8b,0x3166,0x20a3,0x1041,0x0840,0x0020,0x2945,0xad97,0xad97,0xa535,0xe6fb,0xf73b,0xf75b,0xf73b,0xff5b,0xff9c,
  0xb514,0x730c,0x8c31,0x3187,0x31a8,0x0001,0x0842,0x630d,0x6b2e,0x18e4,0x0862,0x2105,0x630d,0xa515,0x9493,0x9cf5,
  0x9493,0x4209,0x4209,0x6b2d,0x83f0,0x8c31,0x83cf,0x6b2d,0x734d,0xa4d3,0xb555,0x3165,0x1021,0x2925,0x18c3,0x18e4,
  0x18c3,0x10a2,0x1082,0x1082,0x1081,0x0861,0x10a2,0x18c3,0x0020,0x10a2,0x2945,0x10a2,0x18e3,0x2124,0x2104,0x10a2,
  0x2945,0x2124,0x10a2,0x18c3,0x2104,0x18e3,0x18c3,0x2124,0x3186,0x2965,0x2104,0x0000,0x18c3,0x20e4,0x18c3,0x1082,
  0x0841,0x0861,0x0020,0x0841,0x0861,0x10a2,0x10a2,0x10a2,0x10a2,0x1082,0x0841,0x10a2,0x18c3,0x1082,0x0000,0x0841,
  0x0841,0x0820,0x1061,0x1082,0x0841,0x0840,0x1041,0x0820,0x0840,0x1040,0x0820,0x0820,0x0820,0x0820,0x0820,0x0820,
  0x0820,0x0820,0x0820,0x0820,0x0820,0x0820,0x0820,0x0820,0x0820,0x0000,0x0841,0x0841,0x1062,0x1082,0x1062,0x0821,
  0x0000,0x1082,0x1082,0x18e3,0x0861,0x0020,0x0841,0x18a2,0x1082,0x1082,0x1082,0x0861,0x0841,0x1082,0x1062,0x0020,
  0x0020,0x18c3,0x0861,0x18a2,0x1082,0x1082,0x1041,0x0820,0x1041,0x1061,0x1061,0x0820,0x0841,0x0841,0x0020,0x1082,
  0x1082,0x0861,0x0861,0x0020,0x0020,0x0841,0x0841,0x0020,0x0841,0x0841,0x0020,0x0020,0x0841,0x10a2,0x0861,0x0841,
  0x0861,0x0861,0x1082,0x0841,0x0861,0x1082,0x0861,0x0841,0x1082,0x0841,0x0020,0x0841,0x0861,0x0020,0x0020,0x0861,
  0x10a2,0x0000,0x0020,0x0841,0x0841,0x0020,0x0861,0x0020,0x0841,0x0020,0x0020,0x0881,0x1081,0x0881,0x0881,0x0881,
  0xc5b6,0xb555,0x3146,0x8411,0x39c7,0x0020,0x10a2,0x10a2,0x10a2,0x10a2,0x18c3,0x2124,0x0000,0x4209,0x9d15,0x6b8f,
  0x5b0d,0x8412,0x9493,0x18e5,0x10a3,0x4a29,0x39e8,0x18c4,0x20e4,0x3166,0x4a29,0x4a49,0x528b,0x7baf,0x20e4,0x0000,
  0x0000,0x0000,0x0000,0x0000,0x31a6,0x3186,0x0000,0x0020,0x10a2,0x10a2,0x18a2,0x2103,0x18e3,0x0861,0x0020,0x0000,
  0x0000,0x10a3,0x738f,0x4a6a,0x0000,0x0020,0x0000,0x0000,0x1082,0x0861,0x0000,0x4a4a,0xa4f5,0x31a7,0x0000,0x0000,
  0x0842,0x738f,0x8431,0x6b4e,0x0882,0x0841,0x1061,0x4986,0x6106,0x8169,0x5168,0x0842,0x4208,0x1082,0x2104,0x2946,
  0x6b6f,0x9493,0x2945,0x0000,0x0861,0x0000,0x31c8,0xa515,0x4a6a,0x0000,0x3186,0x4229,0x0841,0x52ab,0xb597,0xbdf8,
  0xd6fc,0xb5f8,0x8c73,0x9493,0x41e8,0x41e8,0x9c92,0x1041,0x1020,0x1040,0x1020,0x1861,0x2904,0x3965,0x41c7,0x628b,
  0x83d0,0x7b8e,0x5228,0x2903,0x1881,0x1061,0x20e3,0x738e,0xb5b8,0x94d4,0xbdd7,0xf79d,0xf75c,0xf73b,0xff5b,0xff5b,
  0xe6b9,0x7b6d,0x8c30,0x8410,0x10a4,0x2126,0x9cf5,0xc5f9,0xb597,0x9493,0x7c11,0x94d4,0xad76,0xad56,0x94b4,0x39e9,
  0x39c8,0x5aed,0x9cb3,0xb597,0xb576,0xb597,0xad15,0x736e,0x9c92,0x8bf0,0x28e4,0x0821,0x1882,0x1882,0x18c3,0x18a3,
  0x18c3,0x18c3,0x18c3,0x0861,0x18c3,0x0862,0x18e3,0x10a2,0x0841,0x1082,0x18e3,0x1082,0x1082,0x18c3,0x10a2,0x18c3,
  0x2945,0x18e3,0x18c3,0x18e3,0x18c3,0x10a2,0x18c3,0x2104,0x2945,0x2965,0x10a3,0x0020,0x0841,0x10a2,0x18c3,0x18a3,
  0x18c3,0x0841,0x0861,0x0020,0x0841,0x10a2,0x18c3,0x18c3,0x18c3,0x10a2,0x0841,0x1082,0x10a2,0x18e3,0x0861,0x0020,
  0x0820,0x0820,0x0840,0x1081,0x0820,0x0820,0x0841,0x0820,0x0840,0x0840,0x0840,0x0820,0x0820,0x0840,0x0840,0x0820,
  0x0820,0x0820,0x0820,0x0840,0x0841,0x0820,0x0820,0x0820,0x0820,0x0821,0x0000,0x0820,0x0020,0x0841,0x1062,0x0841,
  0x0861,0x18a2,0x18a3,0x2104,0x2124,0x0020,0x0020,0x1061,0x1082,0x1082,0x0861,0x0861,0x0861,0x0841,0x0861,0x0861,
  0x0841,0x0841,0x0861,0x0820,0x1061,0x1062,0x1062,0x1041,0x1041,0x0841,0x0841,0x0821,0x0000,0x0000,0x0020,0x0861,
  0x10a2,0x0861,0x0861,0x0841,0x0020,0x0841,0x0841,0x0020,0x0020,0x0841,0x0841,0x0841,0x0841,0x0841,0x0841,0x0841,
  0x0841,0x0861,0x0841,0x1082,0x0861,0x1082,0x0020,0x0841,0x1082,0x1082,0x0020,0x0861,0x0020,0x0020,0x0841,0x0861,
  0x18e3,0x0841,0x0000,0x0841,0x0841,0x0841,0x0841,0x0020,0x0841,0x0020,0x0020,0x0861,0x0881,0x0881,0x0881,0x0881,
  0xcdd7,0xc5b6,0x49e8,0x738f,0x630c,0x0000,0x18e3,0x10a2,0x10a2,0x10a2,0x1082,0x2124,0x1062,0x2104,0x8432,0x7bf1,
  0x4229,0x424a,0x8c73,0x528b,0x0000,0x10a2,0x1082,0x2104,0x3186,0x20e4,0x0841,0x1082,0x4229,0x2925,0x0000,0x0020,
  0x0000,0x0041,0x18e3,0x2945,0x4228,0x2124,0x0000,0x0021,0x1062,0x1082,0x10a2,0x10a2,0x2945,0x0861,0x0000,0x0000,
  0x0862,0x4a4a,0x5aed,0x632d,0x0000,0x0000,0x0000,0x0021,0x10a2,0x0020,0x18c4,0x9473,0x8432,0x5acc,0x0000,0x0000,
  0x0000,0x2925,0x8431,0x4a49,0x0000,0x0862,0x0800,0x2904,0x6147,0x6928,0x59c9,0x0821,0x31a7,0x0861,0x2925,0x20e4,
  0x2125,0x738f,0x4229,0x1062,0x0862,0x0000,0x2104,0x8c93,0x6b4e,0x0000,0x2966,0x2945,0x0000,0x83f1,0xb597,0xce59,
  0xcebb,0xbdf9,0x8c52,0x8431,0x4a09,0x5a8a,0x7b8e,0x1040,0x28e3,0x1861,0x1861,0x28c2,0x49e7,0x3965,0xa492,0xe67a,
  0xe69a,0xeefc,0xe6ba,0xcdd7,0x9c51,0x4a08,0x1061,0x18c3,0x94b3,0xad77,0x94b3,0xdedb,0xf75c,0xf73b,0xff7c,0xf71a,
  0xf73b,0xbd95,0x736c,0xa4f4,0x39e8,0x7bd0,0x8c73,0x7bf1,0x9493,0x9cf5,0xb5b8,0x9d15,0x8411,0x4a6b,0x2105,0x4a6b,
  0x9cb4,0xad36,0x9493,0x3187,0x20e4,0x3146,0x62ec,0x20a3,0x9431,0xce18,0x62ab,0x1062,0x20c3,0x1062,0x2104,0x18e4,
  0x18c3,0x18c3,0x18c3,0x18e4,0x1082,0x0861,0x18c3,0x2125,0x0000,0x0841,0x2104,0x3186,0x0861,0x18e3,0x18e3,0x10a2,
  0x18c3,0x2965,0x18e3,0x18c3,0x18e3,0x18e3,0x18e3,0x18c3,0x10a2,0x18c3,0x18e3,0x0861,0x0841,0x18c3,0x18a3,0x2945,
  0x10a2,0x0841,0x0861,0x0861,0x0020,0x1082,0x10a2,0x10a2,0x18c3,0x2124,0x0861,0x0841,0x10a2,0x10a2,0x0861,0x0000,
  0x0000,0x0000,0x0000,0x0000,0x0000,0x0000,0x0000,0x0020,0x0840,0x0840,0x0840,0x0840,0x0840,0x0840,0x0840,0x0020,
  0x0820,0x0800,0x0820,0x0840,0x0820,0x0820,0x0820,0x0820,0x0820,0x0840,0x0841,0x0020,0x0000,0x0000,0x0821,0x0841,
  0x10a3,0x2945,0x18a3,0x18a2,0x2124,0x2924,0x0841,0x0020,0x0820,0x0841,0x0861,0x0861,0x0861,0x1082,0x0861,0x1061,
  0x18e3,0x1082,0x0000,0x0820,0x0841,0x0841,0x1061,0x1041,0x0841,0x0841,0x0820,0x0000,0x0000,0x0000,0x0020,0x0020,
  0x0841,0x1082,0x0020,0x0841,0x0861,0x0841,0x0020,0x0841,0x0841,0x0841,0x18c3,0x0841,0x0861,0x0841,0x0841,0x0020,
  0x0841,0x0841,0x1082,0x1082,0x1082,0x1082,0x1082,0x0841,0x1082,0x0861,0x0020,0x0861,0x0000,0x0021,0x0020,0x0861,
  0x0841,0x0000,0x0020,0x0020,0x0020,0x0841,0x0841,0x0020,0x0841,0x0000,0x0020,0x0861,0x0881,0x0881,0x0881,0x0881,
  0xcdd7,0xd639,0x6b2d,0x4a29,0x6b4e,0x0841,0x1082,0x1082,0x10c2,0x10c2,0x1082,0x18e4,0x10a3,0x0842,0x634e,0x6b8f,
  0x31c7,0x4229,0x8452,0x7bf0,0x0000,0x0000,0x0000,0x0000,0x0000,0x0000,0x0000,0x0020,0x0000,0x0000,0x0000,0x0000,
  0x0041,0x2124,0x31a6,0x2125,0x18c3,0x0000,0x0000,0x0000,0x0841,0x1082,0x18e3,0x2103,0x18c3,0x1082,0x0000,0x0000,
  0x39e8,0x630d,0x5aed,0x630d,0x0021,0x0020,0x0000,0x0020,0x0861,0x0021,0x4a6b,0x6b6f,0x8412,0x7bf1,0x18c3,0x0000,
  0x0000,0x0000,0x2966,0x10a3,0x0000,0x0841,0x0000,0x1882,0x4946,0x5907,0x4967,0x0821,0x31a7,0x2945,0x10a3,0x2104,
  0x18c3,0x632d,0x736f,0x39a8,0x0000,0x0841,0x0862,0x73b0,0x8c73,0x3187,0x18c3,0x2945,0x18e4,0x9cb4,0xb5b7,0xd69a,
  0xce7a,0xa556,0x94b4,0x8c52,0x4a29,0x6b0b,0x9470,0x20a2,0x28c2,0x2081,0x28a2,0x5207,0x72eb,0xc555,0xd638,0xc596,
  0xa4b3,0x83ae,0x8c10,0xacf4,0xb534,0xbdb6,0x83ef,0x18c3,0x39e8,0xad97,0xa556,0xad76,0xef1c,0xf73c,0xf75b,0xff5b,
  0xff5b,0xef1a,0x7bad,0x83ef,0x7baf,0x52ab,0x7bd0,0x3187,0x10a4,0x31a8,0x3a09,0x3187,0x39c8,0x62ed,0x8c52,0x8432,
  0x9cd4,0x5acb,0x18a3,0x3987,0x3987,0x3125,0x41e8,0x28e4,0x20a2,0x7b6d,0xbd96,0x41c7,0x0821,0x1061,0x1062,0x18c3,
  0x2104,0x18c3,0x18c3,0x1082,0x0862,0x1082,0x10a3,0x10a2,0x1082,0x0020,0x18c3,0x18c3,0x10a2,0x10a2,0x2945,0x2965,
  0x2124,0x2945,0x2124,0x2945,0x2124,0x2104,0x10a2,0x18c3,0x18c3,0x10a2,0x10a2,0x1082,0x0000,0x0841,0x2125,0x18e4,
  0x0021,0x0020,0x0861,0x0861,0x0841,0x0841,0x10a2,0x1082,0x18e3,0x18c3,0x1082,0x0841,0x10a2,0x10a2,0x10a2,0x0020,
  0x0020,0x10a2,0x10a2,0x0020,0x0020,0x0020,0x0000,0x0000,0x0020,0x0840,0x0820,0x0820,0x0020,0x0020,0x0000,0x0000,
  0x0820,0x0820,0x0820,0x0820,0x0820,0x0820,0x0820,0x0820,0x0820,0x0820,0x0820,0x0820,0x0820,0x0000,0x0000,0x0000,
  0x1062,0x18c3,0x2924,0x18a2,0x1082,0x2104,0x2965,0x0861,0x0000,0x0020,0x0841,0x0841,0x0861,0x1082,0x0861,0x0861,
  0x10a2,0x1082,0x0841,0x0020,0x0000,0x0000,0x1061,0x1882,0x0841,0x0820,0x0841,0x0000,0x0000,0x0020,0x0020,0x0020,
  0x0841,0x0861,0x0841,0x0841,0x0020,0x0000,0x0861,0x1082,0x0841,0x0841,0x18e3,0x1082,0x1082,0x1082,0x0020,0x0020,
  0x0841,0x0020,0x0020,0x0841,0x0861,0x0841,0x0861,0x1081,0x10a2,0x0841,0x1082,0x18c3,0x0000,0x0861,0x0841,0x18c3,
  0x0861,0x0000,0x0020,0x0841,0x0841,0x0841,0x0020,0x0841,0x0020,0x0020,0x0020,0x1081,0x1081,0x0881,0x0881,0x0881,
  0xc5b7,0xd619,0x83f0,0x39a7,0x8c72,0x2946,0x0821,0x10a2,0x1082,0x10c2,0x1082,0x18c3,0x10a2,0x0000,0x528b,0x7c10,
  0x8451,0x5aec,0x94b3,0x9cf5,0x2125,0x0020,0x0841,0x0000,0x0000,0x0000,0x0000,0x0000,0x0000,0x0000,0x0000,0x0841,
  0x2104,0x18c3,0x18e3,0x0841,0x0000,0x0021,0x1062,0x0862,0x0021,0x0021,0x0861,0x18e3,0x10a2,0x0841,0x0000,0x526a,
  0x7bb0,0x4a4b,0x630d,0x6b4e,0x0020,0x0020,0x0020,0x0020,0x0841,0x2966,0x73b0,0x5acd,0x630e,0x8c52,0x4a49,0x0000,
  0x0020,0x0000,0x0000,0x0000,0x1062,0x1041,0x18a3,0x0841,0x3146,0x3083,0x3946,0x18e4,0x18c3,0x4229,0x0862,0x2945,
  0x0020,0x31a7,0x83f1,0x632e,0x0841,0x0841,0x0021,0x52ab,0x8432,0x5acc,0x0020,0x10a2,0x3187,0xb577,0xb597,0xd6ba,
  0xce7a,0x73af,0x8c52,0x9cb4,0x4a29,0x734c,0x8c2f,0x20a1,0x3103,0x3103,0x30c2,0x5207,0xb4f3,0x8baf,0x5a29,0x3104,
  0x3965,0x41a6,0x3986,0x20a3,0x3945,0x732d,0xb575,0x83ef,0x18e4,0x94b3,0xb5b8,0x9cd4,0xce5a,0xf77e,0xf73c,0xff5b,
  0xf73a,0xff9c,0xbd95,0x736d,0xad34,0x4208,0x3187,0x8411,0x8c72,0x73b0,0x6b4e,0x8c72,0xad56,0xad76,0xa535,0x8c52,
  0x3187,0x18a3,0x3986,0x62ab,0x62ab,0x5249,0x41a7,0x5229,0x3985,0x5a69,0x41a6,0x20c2,0x1061,0x1061,0x0841,0x2104,
  0x2125,0x18e4,0x18c3,0x10a3,0x0841,0x1082,0x1082,0x18c3,0x1082,0x0841,0x1082,0x18e3,0x18c3,0x18c3,0x18e3,0x18e3,
  0x18e3,0x2104,0x18e3,0x2104,0x18e3,0x10a2,0x18c3,0x18c3,0x18c3,0x10a2,0x10a2,0x18e3,0x0020,0x10a3,0x1062,0x18c3,
  0x0841,0x0841,0x0841,0x0861,0x0020,0x0841,0x10a2,0x10a2,0x10a2,0x10a2,0x10a2,0x0861,0x0861,0x10a2,0x10a2,0x0861,
  0x0841,0x2124,0x10a3,0x1082,0x1082,0x0861,0x0020,0x0020,0x0000,0x0000,0x0000,0x0000,0x0000,0x0000,0x0000,0x0020,
  0x0820,0x0820,0x0820,0x0820,0x0820,0x0820,0x0820,0x0820,0x0820,0x0820,0x0820,0x0820,0x0820,0x0020,0x0000,0x0000,
  0x0841,0x0841,0x18c3,0x2924,0x1082,0x0841,0x18c3,0x1082,0x0841,0x0841,0x0020,0x0861,0x0861,0x0861,0x0861,0x0841,
  0x0862,0x0862,0x0841,0x0841,0x0020,0x0000,0x0020,0x0841,0x0000,0x0000,0x0000,0x0020,0x0841,0x0000,0x0020,0x0020,
  0x0020,0x0020,0x0000,0x0841,0x0020,0x0841,0x0861,0x0020,0x0841,0x0841,0x1082,0x10a2,0x1082,0x1082,0x0861,0x0020,
  0x0841,0x0841,0x0841,0x0841,0x0020,0x0841,0x0861,0x0861,0x0861,0x0861,0x2125,0x0862,0x0000,0x0861,0x0862,0x1082,
  0x0861,0x0000,0x0861,0x0841,0x0861,0x0841,0x0841,0x0020,0x0020,0x0000,0x0020,0x0881,0x0881,0x0881,0x0881,0x0881,
  0xc5b7,0xd619,0xa4f4,0x41e8,0xa515,0x4a4a,0x0000,0x10a2,0x10a3,0x10a2,0x1082,0x10a2,0x2124,0x0021,0x31a7,0x8c93,
  0x7bcf,0x94d4,0x8c93,0x9cf5,0x5acc,0x0821,0x18a3,0x1082,0x1082,0x0820,0x0020,0x0861,0x0020,0x0000,0x0000,0x1082,
  0x18c3,0x1082,0x0821,0x0000,0x10a3,0x39c8,0x4a2a,0x4229,0x39e8,0x0841,0x0000,0x1081,0x1082,0x0000,0x20e4,0x8c52,
  0x6b6e,0x5acc,0x630d,0x4209,0x0000,0x0861,0x0020,0x0000,0x0862,0x630d,0x6b4e,0x738f,0x52ac,0x9493,0x8431,0x1904,
  0x0000,0x0020,0x0020,0x18a2,0x20c3,0x20e4,0x20e4,0x18c3,0x10c3,0x28e5,0x2925,0x31a6,0x18c3,0x4209,0x1082,0x2966,
  0x0861,0x0842,0x6b6f,0x7bf1,0x2946,0x0020,0x0000,0x3187,0x7390,0x6b6f,0x2965,0x0000,0x39a8,0xb577,0xa515,0xdedb,
  0xd6bb,0x9cd4,0x8c52,0x9473,0x41c7,0x5aaa,0x5248,0x1020,0x3103,0x5a27,0x51e7,0x6a69,0x832c,0x4145,0x3945,0x28c4,
  0x41a7,0x8c31,0x9c92,0x7b8e,0x732d,0x20e3,0x39a7,0x630b,0x0020,0x528a,0xb597,0xa536,0xa4f5,0xe71c,0xf75c,0xf75b,
  0xf73b,0xf71a,0xef1a,0x7bce,0x9471,0x94b2,0x2125,0x18e4,0x8c72,0xb5b7,0xbdd8,0x9cd4,0x6b2d,0x2966,0x3166,0x39c8,
  0x1882,0x5229,0x6aec,0x6b0c,0x49e8,0xacd3,0xd618,0x9c71,0x49e7,0x6b0b,0x3985,0x3965,0x2904,0x0821,0x0820,0x1083,
  0x18c3,0x2104,0x1082,0x18c3,0x1082,0x10a2,0x1082,0x18c3,0x10a2,0x0020,0x0841,0x18c3,0x1082,0x18c3,0x2104,0x2104,
  0x18e3,0x18e3,0x2104,0x2965,0x10a2,0x2124,0x18e3,0x18c3,0x18e3,0x10a2,0x10a2,0x2124,0x1082,0x0841,0x2104,0x18c3,
  0x1082,0x0841,0x0861,0x1082,0x0841,0x0020,0x10a2,0x18c3,0x0861,0x1082,0x18c3,0x0861,0x0841,0x10a2,0x10a2,0x1082,
  0x0841,0x1082,0x10a2,0x1082,0x10a2,0x10a2,0x10a2,0x0861,0x0861,0x0000,0x0000,0x0000,0x0000,0x0000,0x0000,0x0020,
  0x0820,0x0820,0x1041,0x0820,0x0800,0x0820,0x0820,0x0820,0x0820,0x0820,0x0820,0x0820,0x0820,0x0820,0x0000,0x0000,
  0x0000,0x0820,0x0800,0x1882,0x1882,0x1061,0x0841,0x0841,0x1081,0x0861,0x0841,0x0841,0x0861,0x0841,0x0861,0x1082,
  0x0861,0x0862,0x0861,0x0841,0x0861,0x0841,0x0000,0x0000,0x0000,0x0000,0x0000,0x0000,0x0020,0x0000,0x0020,0x0000,
  0x0020,0x0000,0x0020,0x0020,0x0861,0x0861,0x0861,0x0861,0x0841,0x0841,0x0861,0x0861,0x0861,0x0861,0x0841,0x0841,
  0x0841,0x0841,0x0020,0x0000,0x0841,0x1082,0x0861,0x0861,0x10a2,0x2104,0x18e4,0x0000,0x0020,0x0841,0x0841,0x10a2,
  0x0021,0x0020,0x0841,0x0841,0x0861,0x0020,0x0020,0x0020,0x0020,0x0020,0x0020,0x0861,0x0881,0x0881,0x0881,0x0881,
  0x6acb,0x9410,0xbd96,0x4a29,0x8c32,0x8431,0x0841,0x1082,0x18c3,0x1082,0x10a2,0x1082,0x18e3,0x1082,0x10c3,0x8410,
  0x7bf1,0x8411,0x6b6f,0x94b4,0x738f,0x0821,0x18a3,0x2904,0x3165,0x18a3,0x18a3,0x2904,0x2945,0x3986,0x3166,0x1042,
  0x0821,0x0862,0x1082,0x0000,0x39a7,0x5acc,0x4a4a,0x5aec,0x6b4e,0x2946,0x0020,0x0020,0x0000,0x0000,0x18a3,0x5aac,
  0x5acc,0x52ab,0x6b6e,0x4209,0x0000,0x0861,0x0040,0x0000,0x424a,0x6b6f,0x5aed,0x5acc,0x6b6e,0x632d,0x632d,0x7bf0,
  0x1062,0x0020,0x1082,0x1082,0x20e4,0x1082,0x1062,0x0021,0x2145,0x39a7,0x39c8,0x31a6,0x1082,0x2925,0x0862,0x18e4,
  0x2104,0x0000,0x39a8,0x7bd0,0x528b,0x0000,0x0841,0x0841,0x738f,0x94b4,0x52ab,0x0000,0x39e8,0xad76,0xc618,0xdebb,
  0xd69a,0xad35,0x734e,0x6b0c,0x7b6d,0x734c,0x734c,0x730b,0x732b,0x6289,0x5206,0x3943,0x8bad,0xacb2,0x3904,0x72eb,
  0x5a69,0x8bcf,0x7b6e,0x62aa,0xa4d3,0x8bcf,0x20a2,0x3145,0x4208,0x630d,0x630d,0xad97,0x9493,0xbdb7,0xef5c,0xf73b,
  0xf75b,0xef1a,0xff7b,0xbdb4,0x736c,0x9cb2,0x9cd3,0x31a7,0x0000,0x3187,0x31a7,0x18c3,0x0000,0x0000,0x0000,0x0000,
  0x0821,0x41c8,0x9c93,0xd67a,0xde7a,0xf75d,0xf73c,0xeeda,0xb513,0x734b,0x41c6,0x3123,0x3124,0x1040,0x0820,0x0000,
  0x20e4,0x39a7,0x1082,0x1062,0x18e3,0x10a2,0x1082,0x10a2,0x2104,0x0841,0x0000,0x0020,0x18c3,0x18e3,0x18e3,0x18e3,
  0x2104,0x18e3,0x18c3,0x18e3,0x18c3,0x18e3,0x10a2,0x2965,0x2104,0x10a2,0x10a2,0x2124,0x10a2,0x0020,0x2104,0x20e4,
  0x20e4,0x1082,0x1062,0x1082,0x0821,0x0820,0x0861,0x10a2,0x1082,0x1082,0x18c3,0x1082,0x0841,0x10a2,0x1082,0x10a2,
  0x0841,0x0861,0x10a2,0x10a2,0x10a2,0x1082,0x10a2,0x10a2,0x10a3,0x1082,0x0841,0x0020,0x0000,0x0000,0x0000,0x0000,
  0x0020,0x0841,0x0820,0x0841,0x0840,0x0820,0x0820,0x0820,0x0820,0x0820,0x0820,0x0820,0x0840,0x0820,0x0820,0x0020,
  0x0820,0x0820,0x0841,0x0820,0x1041,0x1882,0x18a2,0x1061,0x0841,0x0821,0x0020,0x0020,0x0020,0x0841,0x0841,0x1082,
  0x1061,0x0861,0x1082,0x1062,0x0861,0x0861,0x0841,0x0841,0x0020,0x0000,0x0000,0x0000,0x0000,0x1062,0x0861,0x1082,
  0x0861,0x1082,0x0862,0x0861,0x18c3,0x10a2,0x18c3,0x3186,0x18c3,0x0861,0x1082,0x18c3,0x1082,0x0861,0x0020,0x0020,
  0x0841,0x0000,0x0000,0x0841,0x18c3,0x0861,0x1082,0x0841,0x0861,0x2125,0x1082,0x0020,0x0861,0x0020,0x0841,0x0862,
  0x0000,0x0020,0x0841,0x0841,0x0841,0x0841,0x0841,0x0020,0x0841,0x0020,0x0020,0x0881,0x1081,0x0881,0x0881,0x0881,
  0xa4b2,0x8bef,0xc5f7,0x5acb,0x52ac,0x8431,0x0862,0x1082,0x18c3,0x10a2,0x10a2,0x1082,0x10a2,0x1082,0x0000,0x4a6a,
  0x7c11,0x8411,0x634e,0x7c11,0x9493,0x2105,0x1062,0x20e3,0x2904,0x2924,0x18a3,0x20c4,0x49c8,0x732e,0x83af,0x5a4a,
  0x0822,0x4a29,0x526a,0x0000,0x2925,0x736e,0x4a4a,0x3167,0x18e5,0x18c4,0x7bd0,0x4a49,0x0000,0x1082,0x39c8,0x4a4a,
  0x528b,0x5aec,0x4a6a,0x18e4,0x0000,0x0020,0x0841,0x0020,0x73af,0x8412,0x632e,0x528b,0x52ab,0x18e4,0x2946,0x4a6a,
  0x2946,0x0841,0x0861,0x0841,0x0861,0x0000,0x0020,0x18e4,0x4a4a,0x52ab,0x2966,0x10a2,0x1082,0x18c3,0x0841,0x18e4,
  0x2945,0x0020,0x0021,0x5b0d,0x94d4,0x2104,0x0020,0x0000,0x39e8,0x8412,0x7bd0,0x0021,0x31a7,0xbdd8,0xad35,0xce59,
  0xc5b7,0x9c92,0xbd96,0xd638,0xef3c,0xeefb,0xeefb,0xeefb,0xf71b,0xde37,0xbd53,0x8bcd,0x8bcd,0xb512,0x93ee,0x93ce,
  0x9c30,0x9430,0x8bef,0x9c71,0xa491,0x8bef,0x3124,0x0800,0x41c8,0x8411,0x2946,0x73b0,0xb5b8,0x94d3,0xdedb,0xef1b,
  0xef3a,0xf73a,0xf75a,0xef19,0x8c0e,0x9c91,0xb596,0x4208,0x39c8,0x7bd0,0x4208,0x0021,0x0000,0x0000,0x0862,0x2925,
  0x734e,0xad35,0xbd97,0xc5d8,0xde9a,0xd659,0xd618,0xeefa,0xff7c,0xef1a,0xad12,0x5207,0x20a2,0x20c2,0x1082,0x0821,
  0x3986,0x2925,0x2104,0x18c3,0x18e3,0x18c3,0x18a3,0x2104,0x2104,0x0021,0x0000,0x0000,0x0041,0x2124,0x2104,0x18a3,
  0x2104,0x18e3,0x18c3,0x10a2,0x18c3,0x10a2,0x10a2,0x2104,0x18c3,0x18c3,0x10a2,0x10a2,0x1082,0x0020,0x1082,0x2925,
  0x1082,0x1062,0x1062,0x1062,0x1061,0x0000,0x0821,0x1082,0x1082,0x1082,0x10a2,0x18c3,0x0861,0x0861,0x10a2,0x1082,
  0x0861,0x0841,0x10a2,0x1082,0x10a2,0x10a2,0x10a2,0x10a2,0x1082,0x10a2,0x10a2,0x10a2,0x1082,0x0020,0x0020,0x0000,
  0x0000,0x0020,0x0000,0x0841,0x1081,0x0820,0x0820,0x0840,0x0820,0x0820,0x0820,0x0820,0x0840,0x0820,0x0820,0x0820,
  0x0820,0x0820,0x0820,0x0820,0x0820,0x1061,0x1082,0x18a2,0x18a3,0x0841,0x0862,0x0821,0x0020,0x0020,0x0841,0x0841,
  0x0861,0x0861,0x1082,0x0861,0x1061,0x0841,0x0861,0x0841,0x0841,0x0020,0x0000,0x0000,0x0000,0x0841,0x18c3,0x18c3,
  0x18c3,0x10a2,0x1082,0x0862,0x18c3,0x1082,0x10a3,0x18e4,0x0861,0x0861,0x1082,0x2104,0x18c3,0x0861,0x0020,0x0000,
  0x0000,0x0020,0x0841,0x1082,0x1082,0x0861,0x0841,0x0841,0x0841,0x0861,0x0020,0x0020,0x1082,0x0841,0x1082,0x0841,
  0x0000,0x0020,0x0841,0x0841,0x0841,0x0841,0x0861,0x0841,0x0841,0x0020,0x0020,0x0881,0x0881,0x0881,0x0881,0x0881,
  0xc5b6,0xcdd6,0xcdf7,0x8410,0x4209,0x6b6e,0x18c4,0x1082,0x10a2,0x1082,0x1082,0x1082,0x10a2,0x10a2,0x0000,0x39c7,
  0x7bf1,0x8452,0x8431,0x5b2d,0x9cd4,0x4a2a,0x0000,0x20c3,0x2103,0x1062,0x0821,0x1021,0x4187,0x7b4e,0x7b2e,0x834e,
  0x49c8,0x41a7,0x5a8b,0x0821,0x0862,0x632d,0x62ec,0x0821,0x1083,0x630d,0x8431,0x2945,0x0000,0x2966,0x73af,0x5acc,
  0x4a6b,0x8431,0x3186,0x2966,0x4208,0x0000,0x0020,0x0000,0x4a6b,0x5b0d,0x632d,0x4a6a,0x4a6a,0x2966,0x2105,0x18c4,
  0x3186,0x2945,0x1082,0x0841,0x0841,0x0841,0x18e4,0x3186,0x31a7,0x39e8,0x1062,0x18c3,0x1082,0x18c3,0x2104,0x2104,
  0x2945,0x0841,0x0021,0x2987,0x8431,0x5acc,0x0841,0x0020,0x18c4,0x7bd0,0x9493,0x39c8,0x10a3,0xad56,0x8c52,0xd67a,
  0xde9a,0xce38,0xce18,0xeefb,0xef1b,0xf71b,0xeefa,0xbd54,0xd637,0xff5c,0xff5b,0xff7b,0xde37,0xa470,0x8bad,0x8b8d,
  0x7b4c,0x730c,0x7b6c,0x83ad,0x6289,0x41a6,0x1021,0x0800,0x18a3,0x8c31,0x738f,0x0883,0x94d4,0xad76,0xbdb7,0xf75c,
  0xf73b,0xef19,0xf75a,0xff7b,0xbd73,0x83ce,0x7bce,0x4a49,0x8411,0x8c53,0x9493,0x8431,0x6b4e,0x528b,0x8411,0xad36,
  0xacf5,0x8bd0,0xacd4,0xce19,0x83d0,0x4a08,0x5a49,0x838e,0xbd74,0xe6b9,0xff7c,0xc5b6,0x3965,0x2924,0x18c3,0x0841,
  0x3986,0x2945,0x18a3,0x10a2,0x10a3,0x10a2,0x18a3,0x2104,0x18a2,0x0000,0x0020,0x0000,0x0000,0x0841,0x10c3,0x10a3,
  0x18c3,0x18c3,0x18e3,0x10a2,0x10a2,0x18c3,0x18c3,0x10a2,0x18e3,0x18e3,0x10c2,0x10c3,0x18c3,0x0841,0x1062,0x18a3,
  0x1082,0x1062,0x1882,0x10a2,0x0841,0x0821,0x0000,0x1062,0x10a2,0x10a2,0x1082,0x18c3,0x0861,0x0020,0x10a2,0x1082,
  0x10a2,0x0841,0x1082,0x10a2,0x10a2,0x10a2,0x10a2,0x18c3,0x1082,0x10a2,0x10a2,0x1082,0x1082,0x10a2,0x1082,0x1082,
  0x0841,0x0020,0x0000,0x0000,0x0000,0x0000,0x0000,0x0820,0x0820,0x0840,0x0820,0x0820,0x0840,0x0820,0x0820,0x0820,
  0x0820,0x0820,0x0820,0x0800,0x0800,0x0800,0x0821,0x0841,0x1082,0x18a3,0x18a2,0x1062,0x0000,0x0020,0x0040,0x0861,
  0x0841,0x0861,0x0841,0x18c3,0x1082,0x0861,0x0861,0x0861,0x0841,0x0841,0x0821,0x0820,0x0020,0x0000,0x0020,0x0020,
  0x0841,0x0020,0x0021,0x0020,0x0841,0x1082,0x0841,0x0841,0x0841,0x0000,0x0841,0x0841,0x0020,0x0020,0x0000,0x0020,
  0x0841,0x1082,0x1082,0x0861,0x0841,0x0841,0x0841,0x0841,0x0861,0x0020,0x0000,0x0861,0x0861,0x0861,0x0861,0x0020,
  0x0000,0x0020,0x0841,0x0020,0x0861,0x0841,0x0861,0x0841,0x0841,0x0020,0x0020,0x0861,0x0881,0x0881,0x0881,0x0881,
  0xbd75,0xcdd6,0xc5d7,0x9472,0x39a7,0x9472,0x4229,0x0000,0x10a2,0x1082,0x10a2,0x10a2,0x1082,0x10a3,0x0000,0x3166,
  0x94b4,0x8411,0x7c11,0x6b8f,0x9494,0x630d,0x0001,0x1882,0x0841,0x0000,0x1041,0x1021,0x5208,0x7b0d,0x7b0d,0x938f,
  0x832e,0x3105,0x5249,0x2104,0x0000,0x18e4,0x0842,0x2925,0x8c31,0x83f0,0x2125,0x0000,0x0000,0x39c7,0x52ab,0x31a7,
  0x4a6a,0x630d,0x632d,0x4a4a,0x8431,0x4209,0x0000,0x0000,0x4209,0x73af,0x5acc,0x0882,0x3186,0x5acb,0x10a3,0x2125,
  0x2125,0x18c3,0x18e3,0x18e3,0x2104,0x18e3,0x2104,0x2124,0x2124,0x0841,0x0841,0x0841,0x0841,0x2104,0x18c4,0x10a3,
  0x2104,0x0841,0x0841,0x0841,0x6b6e,0x8431,0x2966,0x0000,0x0001,0x528b,0xa515,0x738f,0x0842,0x8410,0xc5f8,0xe6dc,
  0xde9a,0x9c71,0xacf3,0xf73c,0xd638,0xb533,0xc5b5,0xacd1,0xc595,0xf73b,0xeeda,0xf73b,0xeed9,0xbd53,0x8bcd,0x730b,
  0xa491,0xc595,0xbd74,0xa4d2,0xa491,0x7b8e,0x5249,0x20c4,0x1083,0x738f,0x8432,0x5acc,0x6b8f,0xa4f4,0x9cd3,0xce38,
  0xff7c,0xef1a,0xef1a,0xff7b,0xf73a,0x83ad,0x4a28,0x9471,0x9cb3,0x8c53,0x5aed,0x528c,0x6b4f,0x8c32,0x8c32,0x9cb4,
  0x9cb4,0x9c73,0x83b0,0x5a8c,0x1042,0x41e8,0x734e,0x4a29,0x3965,0x62a9,0xad13,0x9cb2,0x20c3,0x20c2,0x1082,0x0821,
  0x20c3,0x3166,0x0821,0x0841,0x0861,0x0861,0x18a3,0x0841,0x0000,0x0841,0x0840,0x0020,0x0000,0x0000,0x0862,0x10a3,
  0x10a3,0x18e3,0x18c3,0x18e3,0x18c3,0x18c3,0x10a2,0x18c3,0x20e4,0x18e3,0x18c3,0x10c2,0x10a2,0x0861,0x0000,0x0841,
  0x1062,0x1082,0x1082,0x1082,0x1082,0x0821,0x0820,0x0861,0x10a2,0x10a2,0x10a2,0x1082,0x10a2,0x0841,0x1082,0x1082,
  0x1082,0x0841,0x0861,0x10a2,0x1082,0x10a2,0x10a2,0x10a2,0x10a2,0x1082,0x10a2,0x10a2,0x10a2,0x18c3,0x18c3,0x1082,
  0x10a2,0x1082,0x0881,0x0020,0x0020,0x0000,0x0000,0x0000,0x0020,0x0840,0x0841,0x0841,0x0841,0x0820,0x0820,0x0820,
  0x0820,0x0820,0x0820,0x0820,0x0820,0x0820,0x0820,0x0820,0x0820,0x1882,0x18a2,0x1082,0x1061,0x0841,0x0841,0x0041,
  0x0041,0x0861,0x0861,0x0861,0x0861,0x10a2,0x1081,0x1082,0x10a2,0x0861,0x1082,0x0861,0x0841,0x0821,0x0020,0x0000,
  0x0020,0x0020,0x0020,0x0021,0x0000,0x0021,0x0000,0x0000,0x0000,0x0000,0x0000,0x0000,0x0020,0x0020,0x0841,0x0861,
  0x1082,0x1082,0x0841,0x0841,0x0861,0x1082,0x0841,0x0861,0x0020,0x0000,0x0020,0x0861,0x0861,0x1082,0x0020,0x0000,
  0x0000,0x0020,0x0020,0x0020,0x0020,0x0861,0x0841,0x0861,0x0841,0x0000,0x0020,0x0881,0x0881,0x0881,0x0881,0x0881,
  0xd617,0xc596,0xc5d6,0xb555,0x39a7,0x7bd0,0x632d,0x0021,0x10a2,0x18c3,0x10a2,0x10a2,0x1082,0x10a2,0x0841,0x0841,
  0x6b4e,0x6b6f,0x73d0,0x8c52,0x94b4,0x9473,0x1883,0x1882,0x0841,0x0020,0x0821,0x20a3,0x51c8,0x624a,0x7aac,0x8b2e,
  0x9bf1,0x51c8,0x628b,0x524a,0x0021,0x0000,0x3146,0x9452,0x9472,0x2105,0x0000,0x0021,0x0001,0x526a,0x4209,0x5aec,
  0x39e8,0x5aec,0x6b4e,0x528b,0x5acc,0x738f,0x39c7,0x0000,0x39c8,0x5aec,0x0862,0x0862,0x2965,0x4a49,0x18c3,0x18c3,
  0x2945,0x1082,0x1082,0x10a2,0x1082,0x18c3,0x2124,0x18e3,0x18c3,0x0820,0x0841,0x18c3,0x39a7,0x2945,0x2125,0x0841,
  0x2945,0x0861,0x0841,0x0000,0x4a6a,0x9cf4,0x5aec,0x0862,0x0021,0x2145,0x9493,0x9cb4,0x3166,0x6b0d,0xe6dc,0xde9a,
  0x9cb2,0x5268,0x734c,0xeefa,0xde99,0xb513,0xa4b1,0xacd1,0xd637,0xff5c,0xf71b,0xf73b,0xeed9,0xeed9,0xeef9,0xeeb9,
  0xd637,0xcdf6,0xf73b,0xf71b,0xeefb,0xde99,0xd659,0xbd97,0x6b4e,0x2926,0x5acc,0x9cf5,0x7bf1,0x9493,0xa514,0x9c92,
  0xef1b,0xf75c,0xf75b,0xf73a,0xf75b,0xc594,0x5248,0x5a89,0x8bf0,0xad15,0x83f1,0x3187,0x39c8,0x4a4a,0x5aed,0x9cb4,
  0xad36,0x62ed,0x18a3,0x4a09,0xad15,0xd67a,0xd67a,0xbdd8,0x9451,0x5a89,0x28e3,0x1882,0x2924,0x18c3,0x0820,0x0821,
  0x0821,0x2104,0x2904,0x1082,0x1082,0x2104,0x0841,0x0000,0x0841,0x0840,0x0840,0x0840,0x0020,0x0000,0x0862,0x18c3,
  0x10a2,0x18e3,0x2125,0x10a2,0x2124,0x18c3,0x18c3,0x18c3,0x18c3,0x10a2,0x10a2,0x10a2,0x18c3,0x1082,0x0821,0x0861,
  0x0841,0x10a2,0x1062,0x0861,0x1082,0x0841,0x0841,0x10a2,0x10a2,0x10a2,0x1082,0x10a2,0x18e3,0x0861,0x0861,0x18c3,
  0x1082,0x0861,0x0861,0x1082,0x1082,0x10a2,0x10a2,0x1082,0x1082,0x10a2,0x10a2,0x1082,0x1082,0x10a2,0x1082,0x1082,
  0x10a2,0x10a2,0x10a2,0x10a2,0x1082,0x0861,0x0020,0x0020,0x0000,0x0000,0x0000,0x0000,0x0020,0x0000,0x0820,0x0821,
  0x0820,0x0820,0x0820,0x0840,0x0840,0x0820,0x0820,0x0820,0x0820,0x0820,0x1061,0x1061,0x1082,0x1082,0x0861,0x0862,
  0x0861,0x0861,0x0861,0x0861,0x0861,0x1082,0x1082,0x1082,0x0862,0x0861,0x1082,0x1082,0x1061,0x1082,0x1082,0x0861,
  0x0861,0x1082,0x0862,0x0861,0x0861,0x0862,0x0861,0x0841,0x0861,0x0861,0x1082,0x0861,0x0861,0x1082,0x1082,0x1082,
  0x0861,0x0861,0x0841,0x0841,0x0841,0x18c3,0x18c3,0x0020,0x0000,0x0841,0x0861,0x0861,0x1082,0x0020,0x0000,0x0020,
  0x0861,0x0020,0x0020,0x0020,0x0020,0x0020,0x0861,0x0861,0x0020,0x0000,0x0020,0x0861,0x0881,0x0881,0x0881,0x0881,
  0x9430,0xbd75,0xbd75,0xc5b6,0x41e8,0x5aab,0x8411,0x10c3,0x0861,0x10a2,0x1082,0x1082,0x1082,0x10a3,0x10a2,0x0000,
  0x4209,0x4a49,0x7bd0,0xa535,0x8c52,0x8c52,0x41e8,0x1041,0x0841,0x0841,0x1882,0x3945,0x49a7,0x4125,0x6a2a,0x8b0d,
  0x938f,0x51c8,0x5a6a,0x4208,0x0000,0x4209,0x8410,0x83f0,0x2925,0x0000,0x0841,0x0000,0x18a3,0x630c,0x630c,0x4a4a,
  0x18c4,0x18e4,0x632d,0x6b6e,0x5acc,0x6b4e,0x83f0,0x1062,0x4a29,0x8c51,0x10a3,0x10a2,0x31a7,0x2965,0x18c3,0x10a3,
  0x2105,0x2104,0x18c3,0x18c3,0x10a2,0x18e3,0x18e4,0x10a3,0x1082,0x20e3,0x0841,0x18a3,0x31a7,0x2925,0x2125,0x18c3,
  0x10a2,0x0841,0x0841,0x0841,0x0021,0x6b4e,0x94b3,0x31a7,0x0000,0x1082,0x6b2d,0xa4d4,0x2925,0x83af,0xef1d,0xb555,
  0x5248,0x6b0b,0x9450,0xef1b,0xeefa,0xeefa,0xe6b9,0xe699,0xf73b,0xff7c,0xf71b,0xf71b,0xff5b,0xff7c,0xf71a,0xff3a,
  0xff3b,0xff3b,0xeef9,0xf73b,0xef3b,0xd658,0xbdb7,0xc5f8,0xc63a,0xa515,0x39e9,0x630d,0x738f,0x8411,0xb556,0xa514,
  0xbdd6,0xf73b,0xf73b,0xf71a,0xf71a,0xff5b,0x83ac,0x41c6,0x628a,0x9451,0x9cb3,0x9cd3,0x7bd0,0x5aac,0x39a7,0x2946,
  0x2105,0x41e8,0xa4d4,0xbd97,0xb556,0x8bf0,0x8411,0x9493,0xad14,0xcdf7,0x9451,0x1062,0x2925,0x1061,0x0821,0x0841,
  0x0821,0x3166,0x3186,0x18c3,0x18c3,0x1082,0x1082,0x0000,0x0000,0x0840,0x0840,0x0820,0x0820,0x0000,0x0820,0x10a3,
  0x18c3,0x18c3,0x18e3,0x10a2,0x2104,0x2945,0x18c3,0x18c3,0x18c3,0x18c3,0x10a2,0x18c3,0x18e3,0x10a2,0x0841,0x0020,
  0x0841,0x0841,0x0841,0x0841,0x0841,0x0020,0x0861,0x18a2,0x10a2,0x10a2,0x10a2,0x10a2,0x10a2,0x0861,0x0841,0x10a2,
  0x1082,0x1082,0x0841,0x1082,0x10a2,0x10a2,0x1082,0x1082,0x1082,0x10a2,0x1082,0x1082,0x10a2,0x1082,0x1082,0x10a2,
  0x10a2,0x10c2,0x10a2,0x1082,0x10a2,0x1082,0x0862,0x1082,0x0861,0x0020,0x0000,0x0000,0x0000,0x0000,0x0000,0x0820,
  0x0820,0x0820,0x0820,0x0820,0x0820,0x0820,0x0820,0x0820,0x0820,0x0820,0x0800,0x0841,0x1061,0x1082,0x1082,0x1082,
  0x0841,0x0840,0x0861,0x0841,0x18c3,0x0841,0x0841,0x0861,0x1062,0x0861,0x0861,0x1082,0x1082,0x1082,0x1082,0x1082,
  0x1082,0x1082,0x1082,0x0861,0x1082,0x1082,0x0861,0x0861,0x1082,0x1082,0x1082,0x1082,0x1082,0x1082,0x0861,0x1082,
  0x1082,0x0861,0x0841,0x0841,0x0841,0x10a2,0x0861,0x0000,0x0020,0x1082,0x0861,0x1082,0x18e3,0x0020,0x0000,0x0841,
  0x0841,0x0020,0x0020,0x0020,0x0841,0x0020,0x0020,0x0841,0x0841,0x0020,0x0020,0x0861,0x0881,0x0881,0x0881,0x0881,
  0x8bcf,0xb534,0xc595,0xcdd7,0x6b0d,0x4a4a,0xa4f4,0x4208,0x0020,0x1082,0x1082,0x10a2,0x1082,0x1082,0x10a2,0x0000,
  0x2945,0x7bcf,0x6b8e,0x6b6e,0x7bf1,0x9cd4,0x6b2d,0x20c4,0x1883,0x1021,0x2083,0x30e4,0x3905,0x4945,0x82cc,0x8b2d,
  0x834e,0x49a8,0x3146,0x0841,0x41e8,0x7bd0,0x8411,0x3146,0x0000,0x0821,0x0000,0x10a3,0x8410,0x630c,0x2104,0x39c7,
  0x3186,0x0862,0x5aec,0x52ab,0x5acc,0x62ed,0x734e,0x41c8,0x18a3,0x632d,0x2104,0x1082,0x2966,0x39e7,0x39c7,0x2125,
  0x2945,0x18c3,0x1082,0x1082,0x10a2,0x1082,0x1082,0x0862,0x2945,0x10a2,0x0000,0x0000,0x2105,0x2945,0x2104,0x10a2,
  0x0000,0x0841,0x18e3,0x1082,0x0020,0x2945,0x73af,0x5b0d,0x1083,0x0000,0x5acb,0x6b2d,0x5aab,0xde9a,0xef1c,0xd659,
  0x9470,0xb554,0xe6da,0xf71b,0xf73c,0xf71b,0xf71b,0xff5c,0xf75c,0xef1a,0xeefa,0xf71b,0xf71b,0xeefa,0xf71a,0xf6f9,
  0xf719,0xf73a,0xf73a,0xf73b,0xef3b,0xde9a,0xbdd7,0xc5d8,0xbdd8,0xc619,0xb597,0x2967,0x0842,0x2926,0x8c51,0xbdd7,
  0xa514,0xe6da,0xef1a,0xf73a,0xf71a,0xff5a,0xd616,0x7b2b,0x730b,0x41a6,0x3986,0x3186,0x18c4,0x2905,0x3146,0x1021,
  0x41c8,0xb556,0xa472,0x5208,0x28c3,0x1842,0x5209,0x83af,0x8bd0,0xa4f4,0x8c10,0x1042,0x2945,0x1062,0x0000,0x0821,
  0x1041,0x18a3,0x20e4,0x0841,0x2104,0x2104,0x1062,0x0000,0x0000,0x0820,0x0841,0x0820,0x0820,0x0000,0x0000,0x1082,
  0x10a2,0x10a2,0x18c3,0x10a2,0x18c3,0x2124,0x2124,0x1082,0x10a2,0x18e3,0x18c3,0x18c3,0x18e3,0x10a2,0x1082,0x10a2,
  0x1082,0x1062,0x0000,0x0841,0x0841,0x0841,0x0861,0x10a2,0x1082,0x18e3,0x18c3,0x1082,0x1082,0x10a2,0x0841,0x0861,
  0x1082,0x10a2,0x0841,0x0861,0x1082,0x1082,0x10a2,0x1082,0x1082,0x1082,0x1082,0x10a2,0x1082,0x10a2,0x1082,0x1082,
  0x1082,0x1082,0x1082,0x1082,0x10a2,0x1082,0x1082,0x10a2,0x1082,0x1082,0x1082,0x0861,0x0020,0x0000,0x0000,0x0000,
  0x0020,0x0820,0x0840,0x0020,0x0820,0x0840,0x0840,0x0840,0x0820,0x0820,0x0820,0x0820,0x0820,0x0820,0x1061,0x18a2,
  0x1061,0x18a2,0x18a2,0x1061,0x10a2,0x0861,0x0021,0x0841,0x1082,0x0861,0x10a2,0x0861,0x1082,0x1082,0x0882,0x0882,
  0x1082,0x1082,0x1082,0x1082,0x0861,0x1082,0x1082,0x1082,0x1082,0x0861,0x0861,0x0861,0x1082,0x1082,0x1082,0x0861,
  0x0861,0x0841,0x0841,0x1082,0x10a2,0x0020,0x0000,0x0020,0x0861,0x0841,0x0841,0x0841,0x0841,0x0000,0x0020,0x0861,
  0x0841,0x0020,0x0841,0x0841,0x0841,0x0821,0x0020,0x0020,0x0020,0x0000,0x0020,0x0861,0x0881,0x0881,0x0881,0x0881,
  0xc5d6,0xc595,0xc595,0xcdd7,0x9431,0x3166,0x9cd4,0x5acc,0x0020,0x10a2,0x10a2,0x10a2,0x1082,0x18c3,0x2125,0x0020,
  0x1082,0x4a49,0x632d,0x632d,0x6b4e,0x8c52,0x8431,0x4208,0x7b4e,0x730d,0x626a,0x51e8,0x72cb,0x93af,0x8b2d,0x936e,
  0x7b4e,0x1862,0x0801,0x4a29,0x7bb0,0x738f,0x2925,0x0000,0x0841,0x0820,0x0841,0x5aec,0x9493,0x2105,0x0821,0x39c7,
  0x2965,0x18a3,0x18e4,0x5acc,0x41e9,0x524a,0x6b0d,0x732d,0x2105,0x41e8,0x18c3,0x0021,0x1082,0x3186,0x18e4,0x2945,
  0x39e8,0x2945,0x1082,0x0020,0x0040,0x0840,0x0841,0x0000,0x1062,0x0000,0x0000,0x0000,0x1082,0x2125,0x1082,0x0841,
  0x0020,0x1082,0x2104,0x3165,0x0861,0x0021,0x52cc,0x8cb3,0x52ab,0x0021,0x738e,0x62ec,0xb555,0xeefb,0xe6ba,0xef1b,
  0xff7d,0xf71b,0xde99,0xf71c,0xd638,0xf71b,0xff3c,0xff3c,0xf73b,0xf73b,0xf73b,0xf75c,0xf73b,0xeefa,0xf71a,0xff5a,
  0xff5a,0xf73a,0xf73a,0xf73a,0xe6fa,0xde9a,0xd65a,0xbdd8,0xb5b8,0xb5b8,0xad77,0x7bb0,0x41e9,0x2105,0x39a7,0xb597,
  0xad55,0xb554,0xef3b,0xf73a,0xff5a,0xff5a,0xff5a,0x9c4f,0x51e6,0x51e7,0x5a69,0x6b2d,0x5acc,0x62ec,0x6aec,0x20a3,
  0x8bd0,0xa473,0x2883,0x38a3,0x726a,0x7acc,0x59a7,0x4967,0x5a29,0x62ec,0x83d0,0x41c8,0x2946,0x3987,0x0841,0x0820,
  0x1041,0x0821,0x1041,0x10a2,0x18e4,0x18e4,0x1062,0x0000,0x0821,0x0820,0x18a2,0x0820,0x0820,0x0020,0x0000,0x0861,
  0x18c3,0x18c3,0x1082,0x10a2,0x18c3,0x18c3,0x10a2,0x10a2,0x10a2,0x18e3,0x18e3,0x18e3,0x18e3,0x18c3,0x0041,0x0841,
  0x0821,0x18e4,0x18c3,0x0021,0x0841,0x0841,0x0861,0x10a2,0x10a2,0x18c3,0x2124,0x10a2,0x10a2,0x18c3,0x0861,0x0841,
  0x10a2,0x1082,0x0861,0x0861,0x10a2,0x1082,0x10a2,0x10a2,0x10a2,0x1082,0x10a2,0x10a2,0x10a2,0x1082,0x1082,0x10a2,
  0x1082,0x1082,0x1082,0x1082,0x1081,0x10a2,0x10a2,0x1082,0x1082,0x1082,0x1082,0x0861,0x0861,0x0841,0x0000,0x0000,
  0x0841,0x0840,0x0020,0x0020,0x0820,0x0820,0x0820,0x0840,0x0020,0x0020,0x0000,0x0820,0x0820,0x0820,0x0800,0x1061,
  0x1061,0x1882,0x20c3,0x18a2,0x1082,0x0821,0x0020,0x0041,0x1062,0x0861,0x1082,0x0861,0x0861,0x0882,0x1082,0x0882,
  0x0861,0x0861,0x1082,0x1082,0x1082,0x1082,0x1082,0x1082,0x1082,0x1082,0x0861,0x1082,0x1082,0x1082,0x1082,0x0861,
  0x0841,0x0841,0x0841,0x10a2,0x0841,0x0000,0x0841,0x0861,0x0020,0x0020,0x0861,0x0841,0x0000,0x0000,0x0000,0x0000,
  0x0841,0x0841,0x0020,0x0020,0x0841,0x0020,0x0841,0x0020,0x0020,0x0020,0x0000,0x0861,0x0881,0x0881,0x0881,0x0881,
  0xbd76,0xc5b6,0xc595,0xcdd7,0xb534,0x20e4,0x8411,0x6b6f,0x0021,0x0881,0x1082,0x10a2,0x18c3,0x1082,0x2124,0x0841,
  0x0000,0x5acb,0x8431,0x7bf0,0x5aed,0x8c52,0x9cd4,0x18e4,0x62ab,0x9c11,0x93f0,0xa431,0x938e,0x9baf,0x8b4d,0x9bd0,
  0x49e8,0x0821,0x39a8,0x6b4e,0x83f0,0x31a7,0x0000,0x0821,0x0821,0x2925,0x6b2d,0x9493,0x39c8,0x0000,0x0841,0x2104,
  0x39a7,0x39c7,0x4229,0x39e8,0x5aac,0x41a8,0x8b2f,0xb391,0x828d,0x49a8,0x18a3,0x0020,0x0041,0x0841,0x1082,0x10a3,
  0x2105,0x1062,0x39a7,0x4a29,0x3166,0x18a3,0x18a3,0x3186,0x3166,0x0820,0x1021,0x1821,0x2062,0x3925,0x2925,0x2946,
  0x18e4,0x10a3,0x2945,0x2945,0x1082,0x0000,0x18e4,0x7bd0,0x8c51,0x41e8,0x5249,0xacf4,0xde9a,0xe6ba,0xe6db,0xef1b,
  0xe6ba,0xde79,0xe6da,0xd658,0xa4b2,0xd617,0xf73c,0xf73c,0xef1b,0xf73b,0xf73c,0xf73c,0xf73b,0xef1a,0xeef9,0xff5b,
  0xf73a,0xf75a,0xef1a,0xf73b,0xef3b,0xd699,0xce39,0xc5f8,0xc619,0xbdd8,0x6b4e,0x9cd4,0x9493,0x6b2d,0x0000,0x630c,
  0xb5b6,0xa4f3,0xde99,0xf73b,0xf73b,0xff5b,0xff7b,0xd637,0x5a47,0x5a48,0x734c,0x62ec,0x20e4,0x20c4,0x39a7,0x1883,
  0x51e8,0x832d,0x51a7,0x934e,0x934e,0xb411,0xa3af,0x932e,0x93d0,0x524a,0x2905,0x1062,0x18a3,0x2966,0x0841,0x0020,
  0x0841,0x0841,0x0821,0x10a2,0x0861,0x0862,0x18a3,0x1882,0x0821,0x0020,0x20e3,0x1082,0x0000,0x0000,0x0000,0x0020,
  0x18c3,0x2124,0x18c3,0x10a2,0x18e3,0x18e3,0x18c3,0x2945,0x18c3,0x18c3,0x18c3,0x18c3,0x10a2,0x18c3,0x0861,0x0000,
  0x0021,0x1082,0x2124,0x10a2,0x1082,0x0861,0x1082,0x10a2,0x1082,0x10a2,0x10a2,0x10a2,0x10a2,0x18c3,0x1082,0x0020,
  0x10a2,0x10a2,0x1082,0x0861,0x1082,0x10a2,0x1082,0x1082,0x10a2,0x10a2,0x1082,0x10a2,0x1082,0x1082,0x1082,0x1082,
  0x1082,0x1082,0x10a2,0x10a2,0x18c2,0x10a2,0x1082,0x1082,0x10a2,0x1082,0x1082,0x1082,0x0861,0x0861,0x0841,0x0000,
  0x0841,0x18c3,0x0841,0x0000,0x0000,0x0000,0x0000,0x0000,0x0000,0x0000,0x0820,0x0820,0x0820,0x0820,0x0820,0x0820,
  0x0800,0x1041,0x18a2,0x1061,0x1061,0x18a2,0x1082,0x1082,0x1082,0x1082,0x0861,0x0841,0x0861,0x0861,0x0861,0x0881,
  0x0861,0x1082,0x1082,0x1082,0x1082,0x0861,0x0861,0x0861,0x0861,0x1081,0x1082,0x0861,0x0861,0x0841,0x0020,0x0041,
  0x0841,0x0841,0x0020,0x0841,0x0841,0x0841,0x0862,0x0841,0x1082,0x2104,0x2104,0x0021,0x0000,0x0000,0x0020,0x0020,
  0x0000,0x0021,0x0020,0x0020,0x0020,0x0020,0x0821,0x0841,0x1082,0x0841,0x0861,0x0881,0x0881,0x0881,0x0881,0x0881,
  0xbdb7,0xc5b7,0xbd75,0xc596,0xcdd7,0x41e8,0x62ed,0x8c73,0x18c3,0x0861,0x10a1,0x10a2,0x10a3,0x10a3,0x2104,0x1082,
  0x0000,0x39e7,0x6b6e,0x73b0,0x6b6f,0xa515,0x9cb4,0x3187,0x4a09,0x9c52,0x834e,0x938f,0x8b4d,0x938f,0x9bcf,0x6aab,
  0x1862,0x5a6b,0x7b8f,0x7bcf,0x39c7,0x0000,0x0020,0x0000,0x2905,0x5aac,0x9cb3,0x630d,0x0000,0x0861,0x0841,0x0861,
  0x18a3,0x1083,0x4a49,0x62ed,0x6b4e,0x522a,0x9b0f,0xcb51,0xc371,0x6188,0x1882,0x1903,0x10a2,0x20a3,0x3987,0x5acb,
  0x4a6a,0x2105,0x2105,0x8c31,0x9c93,0x39a7,0x4a4a,0x4a29,0x4a4a,0x1883,0x1000,0x40e3,0x61c8,0x61e8,0x730d,0x630e,
  0x4a2a,0x18a3,0x2104,0x31a7,0x18c3,0x2124,0x0000,0x39a7,0xa4d3,0x6b4d,0x62cb,0xe6db,0xe6bb,0xeefc,0xeefb,0xe6ba,
  0xde9a,0xde79,0xde59,0xb513,0xbd75,0xd618,0xeedb,0xef1c,0xff7d,0xef1b,0xf73d,0xf75d,0xff7d,0xf77c,0xef3b,0xef1b,
  0xf75b,0xf77b,0xe6f9,0xde98,0xef3c,0xdeba,0xc618,0xbdf8,0xc63a,0xc619,0x8c32,0x7bd0,0xb597,0x738e,0x0000,0x1082,
  0x8c71,0xb576,0xbdd6,0xef1b,0xef3b,0xf75b,0xeefa,0xeed9,0x942f,0x5207,0x62aa,0x2904,0x18a3,0x524a,0x3166,0x2925,
  0x20a3,0x3104,0x4146,0x7aec,0x82ec,0x9b8f,0xabd0,0x9b8f,0xa472,0x838f,0x0801,0x0841,0x18c3,0x18c3,0x1082,0x0020,
  0x1061,0x0821,0x0820,0x0861,0x1082,0x0861,0x18a3,0x1883,0x0000,0x0000,0x1082,0x0861,0x0020,0x0000,0x0000,0x0000,
  0x10a2,0x18e3,0x10a2,0x10a2,0x10a2,0x18e3,0x18e3,0x2104,0x1082,0x10a2,0x10a2,0x10a2,0x10a2,0x10a2,0x10a2,0x0000,
  0x0841,0x1082,0x0861,0x10a2,0x10a2,0x1082,0x10a2,0x1082,0x1082,0x10a2,0x10a2,0x10a2,0x10a2,0x10a2,0x18c3,0x0841,
  0x1082,0x1082,0x10a2,0x0841,0x0841,0x10a2,0x1082,0x10a2,0x10a2,0x10a2,0x10a2,0x10a2,0x10a2,0x10a2,0x1082,0x10a2,
  0x10a2,0x1082,0x1082,0x18c3,0x18e3,0x1082,0x10a2,0x1082,0x1082,0x1082,0x1082,0x0861,0x0841,0x1082,0x0861,0x0020,
  0x0020,0x0861,0x0861,0x0841,0x0841,0x0000,0x0000,0x0000,0x0000,0x0000,0x0820,0x0820,0x0820,0x0820,0x0820,0x0820,
  0x0820,0x0840,0x0820,0x0821,0x1061,0x20e3,0x20e3,0x18c3,0x0841,0x18e3,0x18e3,0x0861,0x0841,0x0841,0x0841,0x0841,
  0x0861,0x0840,0x0841,0x0841,0x0020,0x0841,0x0841,0x0020,0x0840,0x0020,0x0841,0x0861,0x0841,0x0020,0x0861,0x10c3,
  0x0021,0x0000,0x0000,0x0882,0x0862,0x0861,0x1082,0x1082,0x2104,0x2925,0x1082,0x0000,0x0000,0x0020,0x0861,0x0841,
  0x0000,0x0000,0x0020,0x0841,0x0020,0x0841,0x0821,0x0841,0x10a2,0x1082,0x1082,0x0861,0x0881,0x0881,0x0881,0x0881,
  0xb576,0xb576,0xb555,0xbd96,0xce18,0x5aab,0x39a8,0x9cd4,0x39e8,0x0841,0x10a2,0x1082,0x10a2,0x20e4,0x18c3,0x18c3,
  0x0020,0x18c3,0x6b6e,0x6b4e,0x52ac,0x6b6f,0xa4f5,0x630d,0x20a3,0x83af,0x93d0,0x8b6e,0x7b0c,0x6a6a,0x49a7,0x1841,
  0x20a3,0x736e,0x8c31,0x39a7,0x0000,0x0021,0x0000,0x10a2,0x62ec,0x9cb3,0x736e,0x0841,0x0861,0x0841,0x0020,0x0021,
  0x0841,0x0020,0x39c8,0x8c31,0x73b0,0x6aed,0x9b4f,0xb2f0,0xb310,0x5947,0x28c4,0x2125,0x2104,0x18a3,0x3186,0x4208,
  0x18c3,0x0861,0x0000,0x4a29,0x83f0,0x5acb,0x5acb,0x2945,0x4a4a,0x18a3,0x1000,0x48e4,0x9b0d,0x7209,0x834f,0x8412,
  0x6b2e,0x2125,0x0841,0x2125,0x18e3,0x3186,0x18c3,0x2925,0xad34,0x62cb,0xb555,0xf73d,0xe6bb,0xb535,0x9431,0xcdf7,
  0xde9a,0xe6db,0xeedb,0xe699,0xeefb,0xe69a,0xc5b7,0xbd97,0xb575,0xbd96,0xacf5,0xb576,0xce19,0xd659,0xe6fb,0xef3c,
  0xf77c,0xf79d,0xef5c,0xe6fa,0xc617,0x8c51,0x94b3,0xbdf9,0xbdd8,0xbdb8,0xb577,0x9473,0xbdb8,0x4a4a,0x0020,0x0000,
  0x41e8,0xbd96,0xb575,0xce17,0xe6da,0xeefa,0xeeb9,0xcdb5,0xcd94,0x5a27,0x6269,0x628a,0x5229,0x524a,0x5a8b,0x62ec,
  0x39c7,0x0000,0x0000,0x1842,0x2083,0x4146,0x6aac,0x93d0,0x5a4a,0x0820,0x20c3,0x2966,0x10a3,0x1082,0x2104,0x0821,
  0x0820,0x0841,0x0000,0x0841,0x10a2,0x10a3,0x2925,0x2904,0x0000,0x0841,0x1082,0x2104,0x0020,0x0000,0x0000,0x0000,
  0x1082,0x18e3,0x10a2,0x10a2,0x10a2,0x18e3,0x18e3,0x10a2,0x2104,0x18c3,0x10a2,0x18c3,0x10a2,0x10a2,0x2124,0x0841,
  0x0000,0x0000,0x0861,0x10a2,0x10a2,0x10a2,0x10a2,0x10a2,0x10a2,0x10a2,0x10a2,0x1082,0x1082,0x10a2,0x18c3,0x0861,
  0x0841,0x10a2,0x10a2,0x0861,0x0841,0x10a2,0x1082,0x10a2,0x10a2,0x10a2,0x1082,0x1082,0x1082,0x1082,0x10a2,0x10a2,
  0x1082,0x1082,0x1082,0x1082,0x1082,0x1082,0x1082,0x1082,0x1082,0x10a2,0x1082,0x1082,0x1082,0x0861,0x0861,0x0020,
  0x0841,0x0861,0x0861,0x0861,0x0861,0x0841,0x0841,0x0020,0x0000,0x0000,0x0000,0x0000,0x0020,0x0820,0x0820,0x0820,
  0x0820,0x0820,0x0820,0x0820,0x0841,0x0820,0x1061,0x1062,0x0020,0x0861,0x0861,0x0841,0x0020,0x0841,0x0841,0x0841,
  0x0841,0x0020,0x0821,0x0020,0x0841,0x0020,0x0841,0x0841,0x0841,0x1082,0x18c3,0x0861,0x0020,0x0020,0x0841,0x0861,
  0x0841,0x0841,0x18c3,0x1082,0x10a2,0x1062,0x2104,0x10a2,0x0000,0x0821,0x0000,0x0820,0x0841,0x0840,0x0820,0x0841,
  0x0841,0x0000,0x0020,0x0020,0x0841,0x0841,0x1082,0x0862,0x18c3,0x10a2,0x1082,0x1081,0x0881,0x0881,0x0881,0x0881,
  0xb597,0xbdf8,0xce59,0xc5f8,0xc5d7,0x8c31,0x0842,0x630d,0x528b,0x0021,0x18e3,0x10a2,0x18c3,0x20e4,0x10a2,0x10a2,
  0x0841,0x0841,0x52ab,0x632d,0x4a6a,0x5aed,0x9cd4,0x8432,0x0801,0x2905,0x51e8,0x3925,0x4166,0x30e4,0x0800,0x20a2,
  0x41e7,0x736e,0x7b8e,0x0000,0x0000,0x0021,0x3187,0x6b4e,0xa4d5,0x736f,0x0841,0x0820,0x0861,0x0840,0x0841,0x0862,
  0x0861,0x0020,0x4208,0x738f,0x5aab,0x524a,0x9370,0xab30,0xb30f,0x71c9,0x4126,0x39c8,0x2946,0x18c3,0x18a3,0x0000,
  0x0000,0x18e3,0x3166,0x4a29,0x4a4a,0x39e8,0x20e4,0x2945,0x39e8,0x3167,0x1800,0x4063,0x8a4b,0x826b,0x6a2a,0x6aed,
  0x4209,0x18e4,0x0862,0x10a3,0x18e4,0x2105,0x2105,0x18c3,0x736d,0x734d,0xef1c,0xe6bb,0xcdf9,0x9432,0xa4b3,0xde9a,
  0xe6ba,0xc5f7,0xb514,0xb555,0xb534,0xacf3,0xb555,0xacf4,0xa4d4,0xa515,0xa4f5,0x83f1,0x5acc,0x5acc,0x736f,0x8c32,
  0xad55,0xb5b7,0xd69a,0xd69a,0x8431,0x8431,0x630d,0x52cc,0xad57,0xc61a,0xb577,0x9494,0xa515,0x3166,0x5acc,0x4a49,
  0x39a6,0x7baf,0xce18,0xad14,0xe6ba,0xeeda,0xf71a,0xeeb9,0xee78,0xbcf2,0x6a69,0x5a49,0x3925,0x20c4,0x41c8,0x5aab,
  0x10a3,0x0862,0x2104,0x2925,0x20e4,0x4a09,0x5a8b,0x41c8,0x0821,0x0000,0x18a3,0x2125,0x18c3,0x0882,0x1082,0x0020,
  0x0820,0x0841,0x0000,0x0020,0x0861,0x18c3,0x20e4,0x3166,0x0841,0x0020,0x0861,0x2945,0x10a2,0x0000,0x0000,0x0000,
  0x0841,0x10a2,0x10a2,0x18c3,0x10a2,0x18c3,0x18c3,0x18e3,0x2104,0x18c3,0x10a2,0x18c3,0x10a2,0x10a2,0x18c3,0x0841,
  0x0000,0x0000,0x0861,0x10a2,0x10a2,0x18c3,0x10a2,0x10a2,0x10a2,0x1082,0x10a2,0x10a2,0x10a2,0x10a2,0x10a2,0x1082,
  0x0020,0x1082,0x1082,0x1082,0x0020,0x0861,0x10a2,0x1082,0x1082,0x1082,0x1082,0x10a2,0x1082,0x1082,0x10a2,0x10a2,
  0x10a2,0x1082,0x1082,0x10a2,0x1082,0x1082,0x1082,0x1082,0x1082,0x1082,0x1082,0x1082,0x18c3,0x1082,0x1082,0x0841,
  0x0020,0x0841,0x0861,0x0841,0x0841,0x0861,0x0861,0x0861,0x0861,0x0040,0x0020,0x0000,0x0000,0x0000,0x0020,0x0820,
  0x0820,0x0820,0x0020,0x0820,0x0820,0x0821,0x0800,0x0820,0x0820,0x0021,0x0021,0x0000,0x0021,0x0020,0x1062,0x0841,
  0x0841,0x0841,0x0862,0x0841,0x0841,0x0862,0x1082,0x0841,0x0020,0x10a3,0x1082,0x0020,0x0841,0x0841,0x0841,0x0841,
  0x1082,0x18c3,0x2124,0x2945,0x18c3,0x18e3,0x1082,0x0000,0x0820,0x1061,0x1041,0x1041,0x0840,0x0820,0x0840,0x1041,
  0x0840,0x0840,0x0840,0x0861,0x0841,0x0020,0x1082,0x18c3,0x2124,0x10a2,0x0862,0x0861,0x0881,0x0881,0x0881,0x0881,
  0x2967,0x4a6a,0x8411,0xad35,0xc618,0xa4f4,0x0842,0x39e9,0x632e,0x10a3,0x18c3,0x2104,0x10a3,0x1082,0x1062,0x18c3,
  0x18c3,0x0000,0x630d,0x6b6e,0x73d0,0x6b6f,0x7bf1,0x9cd4,0x2945,0x2905,0x49c8,0x5229,0x5208,0x20a3,0x28e4,0x39a7,
  0x41e8,0x2925,0x1082,0x0842,0x41c8,0x62ed,0x736f,0x6b4f,0x6b2e,0x2105,0x0862,0x0020,0x0861,0x0861,0x0861,0x0861,
  0x0020,0x18e3,0x2124,0x3166,0x39c8,0x5aab,0x9c11,0xa350,0xab2f,0x69a9,0x38e5,0x49e9,0x41e8,0x1083,0x0000,0x2104,
  0x3166,0x41e8,0x3166,0x2105,0x3166,0x3146,0x39a7,0x41e8,0x3187,0x62ac,0x4105,0x3000,0x6926,0x92ac,0x724b,0x3946,
  0x18c4,0x3166,0x2946,0x0862,0x18e4,0x2946,0x41e8,0x1062,0x3145,0xb555,0xef1d,0xd63a,0xb576,0xb556,0xc5d8,0xa4f4,
  0x6b2d,0x4a28,0x2924,0x2903,0x3124,0x5229,0x5249,0x7b8f,0xa514,0x7bd0,0x3167,0x2967,0x2946,0x2966,0x39c8,0x528c,
  0x7bd0,0x9493,0xbdd8,0xad76,0xa515,0xad76,0x8c73,0x4a6b,0x4a4b,0x9494,0xb598,0x9cd4,0x8c32,0x2905,0x8c11,0x6b2d,
  0x20a3,0x39a7,0xa4d3,0xbd96,0xd618,0xf71b,0xf6fa,0xbd12,0xac70,0xbcd2,0x8b6d,0x6a8a,0x4186,0x20a3,0x0800,0x0821,
  0x0862,0x18c3,0x2945,0x39c7,0x3166,0x52ab,0x4209,0x0021,0x0000,0x0021,0x0000,0x0861,0x18e3,0x0861,0x1082,0x10a2,
  0x0020,0x0861,0x0000,0x0000,0x18c3,0x2104,0x20e4,0x2904,0x0820,0x0020,0x0000,0x2104,0x10a2,0x0000,0x0000,0x0000,
  0x0020,0x1082,0x10a2,0x10a2,0x10a2,0x10a2,0x10a2,0x10a2,0x10a2,0x10a2,0x10a2,0x10a2,0x10a2,0x10a2,0x18c3,0x10a2,
  0x0000,0x0000,0x0841,0x10a2,0x10a2,0x10a2,0x10a2,0x10a2,0x10a2,0x1082,0x1082,0x10a2,0x10a2,0x10a2,0x10a2,0x18c3,
  0x0841,0x0861,0x1082,0x10a2,0x0020,0x0841,0x10a2,0x10a2,0x1082,0x1082,0x10a2,0x10a2,0x1082,0x1082,0x10a2,0x10a2,
  0x10a2,0x1082,0x1082,0x1082,0x1082,0x1082,0x1082,0x1082,0x1082,0x1082,0x1082,0x1082,0x1082,0x1082,0x0861,0x0861,
  0x0841,0x0841,0x0861,0x1082,0x0861,0x0861,0x0861,0x0841,0x0861,0x0861,0x0882,0x0861,0x0020,0x0000,0x0000,0x0000,
  0x0000,0x0020,0x0000,0x0000,0x0020,0x0820,0x0821,0x0820,0x0000,0x0000,0x0000,0x0000,0x0000,0x0000,0x0821,0x0841,
  0x1062,0x0861,0x1082,0x1082,0x0841,0x2965,0x1082,0x1082,0x1082,0x0861,0x18e4,0x1082,0x1062,0x1082,0x18a2,0x1082,
  0x20e3,0x18a2,0x18c3,0x18c3,0x0020,0x0841,0x0841,0x0841,0x1061,0x1881,0x1041,0x1061,0x1040,0x1020,0x1041,0x1040,
  0x0820,0x1040,0x0840,0x0840,0x0841,0x0020,0x0000,0x18e3,0x18c3,0x0861,0x1082,0x1081,0x0881,0x0881,0x0881,0x0881,
  0x4a6b,0x4229,0x20e5,0x18c4,0x41e9,0x9473,0x2946,0x5aac,0x8c73,0x18e4,0x1082,0x2124,0x18e4,0x10a3,0x0862,0x18c3,
  0x3166,0x0021,0x5aab,0x9493,0x8412,0x8432,0x8412,0x8c73,0x5acc,0x4208,0x6aec,0x3987,0x1862,0x20a3,0x3166,0x2925,
  0x18a3,0x0000,0x0001,0x6b0d,0x9452,0x6b4e,0x630e,0x736f,0x5acc,0x528c,0x83f0,0x2104,0x0821,0x0841,0x0861,0x0841,
  0x0020,0x2124,0x4249,0x41e8,0x73af,0x4209,0x6acc,0x934f,0xa34f,0x722b,0x38e5,0x41a7,0x4a09,0x3187,0x20c4,0x49e8,
  0x526a,0x5aab,0x4a09,0x3167,0x41c9,0x524a,0x524a,0x524a,0x528b,0x732d,0x6a8b,0x3001,0x58e5,0xa32e,0x936f,0x93d0,
  0x524a,0x39c8,0x4a29,0x1083,0x18a3,0x18c3,0x3166,0x2904,0x3125,0xce39,0xcdf8,0xc5f8,0xb577,0xad15,0x7baf,0x18c3,
  0x1062,0x20e4,0x20c3,0x1061,0x20a2,0x2904,0x1041,0x0821,0x31a7,0x0882,0x2105,0x8c72,0xa535,0x9d14,0xa556,0xa516,
  0x4a8b,0x4a4a,0x6b4e,0x8c52,0xad76,0xad76,0xa556,0x9d15,0x73b0,0x3188,0x7bd1,0xb577,0x528b,0x3166,0x83f0,0x6b0d,
  0x1882,0x2904,0x3986,0xacd4,0xcdd7,0xeeba,0xbcd2,0xb490,0xe616,0xbcd1,0x9c0e,0x6a69,0x6acb,0x49e8,0x0821,0x20e4,
  0x2945,0x1062,0x2104,0x3186,0x3166,0x4a4a,0x3166,0x18c3,0x0020,0x0000,0x0020,0x0000,0x0841,0x10a2,0x10a2,0x18c3,
  0x0861,0x0020,0x0000,0x0000,0x1062,0x2104,0x18c3,0x18c3,0x1082,0x0841,0x0861,0x10a2,0x1082,0x0000,0x0000,0x0000,
  0x0000,0x0861,0x10a2,0x18c3,0x18c3,0x2124,0x2965,0x10a2,0x10a2,0x18c3,0x18e3,0x1082,0x1082,0x1082,0x18c3,0x10a2,
  0x0841,0x0000,0x0020,0x1082,0x10a2,0x10a2,0x1082,0x1082,0x10a2,0x10a2,0x1082,0x10a2,0x18c3,0x10a2,0x1082,0x10a2,
  0x10a2,0x0841,0x1082,0x1082,0x0861,0x0020,0x1082,0x10a2,0x1082,0x1082,0x10a2,0x10a2,0x10a2,0x10a2,0x1082,0x10a2,
  0x10a2,0x1082,0x1082,0x1082,0x10a2,0x1082,0x10a2,0x1082,0x10a2,0x1082,0x1082,0x10a2,0x10a2,0x1082,0x1082,0x1082,
  0x0841,0x0841,0x0861,0x0861,0x0861,0x0861,0x0861,0x0841,0x0841,0x0861,0x0841,0x0861,0x0861,0x0861,0x0841,0x0020,
  0x0861,0x0020,0x0000,0x0000,0x0000,0x0000,0x0000,0x0820,0x0820,0x0020,0x0020,0x0820,0x0820,0x0020,0x0000,0x0000,
  0x0000,0x0020,0x0020,0x0821,0x0020,0x0841,0x0021,0x0841,0x0862,0x0841,0x0861,0x0020,0x18a3,0x1082,0x18a2,0x18a2,
  0x18c3,0x0841,0x1061,0x0820,0x0841,0x1062,0x0841,0x0841,0x1061,0x1861,0x1061,0x1040,0x1041,0x1041,0x1041,0x1020,
  0x0820,0x0820,0x0840,0x0840,0x0841,0x0820,0x0000,0x0841,0x18e3,0x10a2,0x1082,0x1082,0x1081,0x0881,0x0881,0x0881,
  0x738f,0x5aed,0x738f,0x52ab,0x39a8,0x6b4e,0x83f1,0x52ac,0x6b2e,0x4209,0x0841,0x10a2,0x1082,0x10a3,0x1082,0x2104,
  0x4209,0x1062,0x18c4,0x8411,0x73b0,0x5acc,0x73b0,0x8c53,0x738f,0x0001,0x0000,0x0000,0x0800,0x1021,0x0800,0x0821,
  0x2946,0x6b4e,0x41e9,0x9452,0x8c52,0x62ed,0x3187,0x526b,0x4209,0x526b,0x73b0,0x738f,0x2125,0x0021,0x0861,0x0861,
  0x0841,0x1082,0x52cb,0x630d,0x62ec,0x52ab,0x5aac,0x8bd1,0x6a6b,0x8b4e,0x620a,0x3946,0x49e8,0x6b2d,0x62ab,0x5a4a,
  0x7b6e,0x9431,0x8c31,0x5a8b,0x5aac,0x8c11,0x7b6f,0x732e,0x83af,0x838f,0x834d,0x5166,0x5105,0x7a4a,0x936e,0xbd15,
  0x9c93,0x7b8f,0x734e,0x3166,0x18a3,0x18a3,0x20e4,0x20c3,0x3145,0xce18,0xd65a,0xb577,0x8c32,0x39a7,0x18c3,0x0841,
  0x0821,0x1082,0x1061,0x1041,0x39a6,0x3165,0x18c3,0x20e3,0x0862,0x4a8a,0xad56,0x9d14,0x8451,0x9cf4,0xad76,0x8432,
  0x4209,0x632e,0x2966,0x2105,0x2125,0x62ec,0xb597,0xbdb8,0xad56,0x9493,0x52ab,0xa515,0x2925,0x1062,0x4a09,0x5a6a,
  0x1862,0x6aec,0x49e8,0x5a4a,0xde39,0xc575,0xc513,0xee17,0xddf5,0xe656,0xde16,0xa470,0x6289,0x5249,0x1062,0x20e4,
  0x3987,0x20e4,0x0821,0x2945,0x3166,0x2104,0x31a7,0x18c3,0x10a2,0x0000,0x0020,0x0020,0x0020,0x1082,0x2125,0x39c7,
  0x0021,0x0020,0x0000,0x0000,0x0000,0x18c3,0x18a3,0x10a2,0x2945,0x0861,0x1061,0x0020,0x1061,0x0820,0x0020,0x0000,
  0x0000,0x0861,0x10a2,0x18e3,0x18c3,0x18c3,0x18e3,0x10a2,0x18e3,0x18e3,0x18e3,0x18e3,0x1082,0x10a2,0x10a2,0x18c3,
  0x0841,0x0000,0x0000,0x1082,0x10a2,0x10a2,0x1082,0x1082,0x10a2,0x10a2,0x10a2,0x10a2,0x10a2,0x10a2,0x1082,0x1082,
  0x0861,0x0841,0x10a2,0x10a2,0x1082,0x0841,0x0861,0x10a2,0x10a2,0x10a2,0x1082,0x1082,0x10a2,0x10a2,0x10a2,0x10a2,
  0x1082,0x10a2,0x1082,0x10a2,0x1082,0x1082,0x1082,0x1082,0x1082,0x1082,0x1082,0x1082,0x10a2,0x10a2,0x1082,0x1082,
  0x0861,0x0020,0x0861,0x0861,0x0841,0x0861,0x0861,0x0861,0x0861,0x0861,0x0861,0x0861,0x0861,0x0861,0x0861,0x0861,
  0x10a2,0x1082,0x0020,0x0000,0x0000,0x0000,0x0000,0x0000,0x0020,0x0020,0x0020,0x0841,0x0841,0x0820,0x0820,0x0841,
  0x1061,0x1061,0x0840,0x0840,0x0841,0x0821,0x0000,0x0820,0x0020,0x0000,0x0020,0x0841,0x0841,0x1061,0x0841,0x0800,
  0x0820,0x0841,0x0841,0x0821,0x1082,0x0841,0x0841,0x0841,0x0840,0x1040,0x0820,0x0840,0x1041,0x1041,0x1041,0x0821,
  0x0820,0x0820,0x0820,0x0840,0x0841,0x0861,0x0821,0x0000,0x1062,0x10a2,0x1082,0x1081,0x0881,0x0881,0x0881,0x0881,
  0x6b6f,0x738f,0x7bd0,0x738f,0x5aed,0x6b2e,0x6b6f,0x6b6f,0x7bf1,0x4209,0x0821,0x18c3,0x18e4,0x18c4,0x2125,0x2925,
  0x39c8,0x1083,0x0842,0x632d,0x73d0,0x8452,0x8412,0x8c53,0x73d0,0x0842,0x2945,0x3125,0x3146,0x5a8b,0x39a7,0x6b2d,
  0x7bd0,0x4a4a,0x524a,0x630c,0x3166,0x0841,0x0000,0x18c3,0x5acc,0x73b0,0x8c53,0x8412,0x83f1,0x1083,0x0020,0x0020,
  0x0000,0x39c7,0x634d,0x630c,0x4209,0x4a8b,0x7bf1,0x9432,0x3967,0x72ed,0x7aed,0x51c8,0x72ec,0x732d,0x6b0d,0x628b,
  0x7b4e,0x83af,0x8c11,0x8bf1,0x83d0,0x83af,0x7b6f,0x732d,0x7b4e,0x8bcf,0x9410,0x7b2c,0x5166,0x4904,0x6a4a,0xbcf5,
  0xacd4,0x9432,0x8bf1,0x524a,0x20c4,0x2925,0x3986,0x1082,0x5249,0xce18,0xbd97,0x736e,0x18a3,0x0000,0x0000,0x18e3,
  0x6b4e,0x5acc,0x1062,0x1061,0x18c2,0x18c2,0x0840,0x1061,0x18c3,0x7bd0,0xa535,0x9cf4,0x94d3,0x7c10,0x6b6e,0x8411,
  0x4a6a,0x8431,0x5acb,0x6b4e,0x4208,0x0821,0x2105,0x738f,0xa515,0xb596,0x738f,0x3187,0x0001,0x1042,0x5a6a,0x4a08,
  0x2082,0x41a7,0x2905,0x6aed,0xd5f8,0x93cf,0xc4f3,0xf678,0xf6b8,0xeed8,0xff5b,0xe698,0x7b6c,0x732c,0x5aab,0x3187,
  0x6b0d,0x734e,0x2945,0x18a3,0x2105,0x2946,0x4a6a,0x2105,0x5acb,0x0020,0x0020,0x0000,0x0000,0x0862,0x2104,0x4a4a,
  0x2124,0x0000,0x0020,0x0000,0x0021,0x18a3,0x0841,0x1082,0x2104,0x18c3,0x0000,0x0000,0x10a2,0x1082,0x0841,0x0020,
  0x0000,0x0841,0x10a2,0x18c3,0x2124,0x18c3,0x10a2,0x10a2,0x10a2,0x18c3,0x18c3,0x18c3,0x10a2,0x1082,0x10a2,0x10a2,
  0x18e3,0x0020,0x0000,0x0861,0x10a2,0x10a2,0x10a2,0x1082,0x10a2,0x1082,0x1082,0x10a2,0x1082,0x1082,0x10a2,0x0861,
  0x0020,0x0861,0x10a2,0x1082,0x10a2,0x0861,0x0000,0x1082,0x10a2,0x10a2,0x1082,0x1082,0x1082,0x1082,0x1082,0x10a2,
  0x1082,0x10a2,0x10a2,0x10a2,0x1082,0x1082,0x1082,0x1082,0x1082,0x1082,0x1082,0x1082,0x10a2,0x1082,0x1082,0x1082,
  0x0861,0x0841,0x0841,0x0861,0x1082,0x0861,0x0861,0x0861,0x0861,0x0861,0x0861,0x0861,0x0861,0x0861,0x0841,0x0861,
  0x0861,0x0861,0x1082,0x0021,0x0861,0x0020,0x0000,0x0000,0x0020,0x0040,0x0020,0x0840,0x0861,0x0840,0x1061,0x1061,
  0x1061,0x1061,0x18a2,0x1882,0x0841,0x1061,0x0820,0x1062,0x1061,0x1082,0x1081,0x0861,0x1061,0x18a2,0x1041,0x1040,
  0x0841,0x1041,0x0841,0x0841,0x1041,0x0820,0x0820,0x0820,0x0820,0x0820,0x0840,0x0840,0x0820,0x0820,0x0000,0x0000,
  0x0821,0x0820,0x0821,0x0820,0x0820,0x0841,0x0821,0x0841,0x0841,0x0861,0x0861,0x1082,0x0881,0x0881,0x0881,0x0881,
  0x10a3,0x39e8,0x4a4a,0x6b6e,0x8c52,0x83f1,0x7bb0,0x736f,0x8c32,0x6b6e,0x18c3,0x2104,0x3166,0x2925,0x3146,0x3166,
  0x3187,0x2125,0x0000,0x4a49,0x5acc,0x7bf0,0x73d0,0x52cc,0x9cd4,0x4209,0x4a6a,0x9452,0x9432,0x83b0,0x6b2d,0x526a,
  0x2925,0x0000,0x0841,0x1082,0x1062,0x3187,0x41e8,0x2105,0x4209,0x8c32,0x7bd1,0x630e,0x7bb0,0x31a7,0x0000,0x0840,
  0x0000,0x528a,0x73af,0x4a2a,0x39e9,0x8411,0x8412,0x8c52,0x732d,0x838e,0x9410,0x49c6,0x49e7,0x5a48,0x5208,0x5208,
  0x51e7,0x5a48,0x62aa,0x6aeb,0x732c,0x7b6d,0x7b4d,0x730c,0x6acb,0x72eb,0x6aca,0x62a9,0x5207,0x49a6,0x4986,0x6acb,
  0x836e,0x838e,0x9410,0x8bd0,0x5a49,0x5249,0x5aaa,0x41c7,0x7bae,0xc5d7,0x6b0d,0x1062,0x1062,0x0020,0x18c3,0x6b4e,
  0x7bd0,0x62ec,0x1082,0x0000,0x0820,0x0020,0x0000,0x0000,0x5aab,0xad56,0x9cd4,0x9cf4,0x9cf4,0x8c72,0x8c52,0x8411,
  0x8c52,0x3187,0x18a3,0x20e4,0x5aab,0x6b2d,0x39a7,0x0021,0x39c8,0x9493,0x630d,0x0000,0x0821,0x18c4,0x526a,0x62cc,
  0x7b8e,0x8c31,0xad15,0xc5b7,0xbd56,0x7b0d,0x830c,0xe637,0xff5b,0xff7b,0xff3a,0xff7b,0xb532,0x732c,0x8c10,0x83f0,
  0x83f0,0x630d,0x4a4a,0x0001,0x2125,0x3a08,0x39e8,0x18e4,0x7bf0,0x2945,0x0000,0x0840,0x0000,0x0841,0x2104,0x2946,
  0x2965,0x0000,0x0020,0x0820,0x0800,0x1061,0x20e4,0x1062,0x2925,0x18a2,0x0820,0x1082,0x20e4,0x2124,0x0020,0x0020,
  0x0000,0x0020,0x10a2,0x18c3,0x18e3,0x10a2,0x10a2,0x10a2,0x10a2,0x18c3,0x18c3,0x18c3,0x18e3,0x1082,0x10a2,0x1082,
  0x2125,0x1082,0x0000,0x0841,0x1082,0x10a2,0x10a2,0x10a2,0x10a2,0x10a2,0x10a2,0x10a2,0x10a2,0x10a2,0x1082,0x0020,
  0x0861,0x10a2,0x1082,0x1082,0x10a2,0x1082,0x0000,0x0841,0x10a2,0x1082,0x1082,0x10a2,0x1082,0x1082,0x1082,0x10a2,
  0x1082,0x1082,0x10a2,0x1082,0x1082,0x1082,0x1082,0x1082,0x1082,0x1082,0x1082,0x1082,0x1082,0x10a2,0x1082,0x0861,
  0x1082,0x0841,0x0841,0x0861,0x0861,0x0861,0x0861,0x0861,0x0861,0x1082,0x0861,0x0841,0x0861,0x0841,0x0861,0x0861,
  0x0861,0x0861,0x10a2,0x0862,0x0861,0x0861,0x0041,0x0020,0x0020,0x0020,0x0000,0x0020,0x0840,0x1061,0x1061,0x1061,
  0x1061,0x0841,0x1061,0x0841,0x0820,0x0020,0x0020,0x0020,0x0841,0x0861,0x1061,0x0841,0x1041,0x1061,0x1041,0x1041,
  0x0840,0x1041,0x1041,0x1041,0x1041,0x1041,0x1041,0x0820,0x0820,0x0861,0x0841,0x0841,0x0841,0x0820,0x0000,0x0000,
  0x0841,0x0841,0x0820,0x0820,0x0820,0x0841,0x0821,0x0841,0x0841,0x0841,0x0861,0x1081,0x0881,0x0881,0x0881,0x0881,
  0x0861,0x0000,0x0000,0x0862,0x20e4,0x3187,0x5aab,0x6b2d,0x8411,0x9472,0x5acc,0x2946,0x39a7,0x3146,0x2925,0x3166,
  0x39a7,0x3186,0x0000,0x2966,0x4249,0x7bf0,0x6b6e,0x3a09,0x9cd4,0x62ed,0x0020,0x3145,0x41e8,0x2905,0x18c3,0x0000,
  0x0841,0x18c3,0x18a2,0x2104,0x3146,0x4a4a,0x526a,0x4a29,0x2946,0x41e9,0x8411,0x7390,0x7bd0,0x526b,0x0000,0x0861,
  0x0020,0x62ec,0x83f1,0x5aed,0x62ed,0x8c32,0x9cb4,0xa4d4,0x9c71,0x7b4c,0x6aea,0x732b,0x8bee,0xa490,0xacf1,0xb532,
  0xc594,0xd616,0xde58,0xe699,0xeeda,0xf6fa,0xf71b,0xeefa,0xe6b9,0xe6b9,0xd637,0xcdd5,0xc5b4,0xb553,0xa4b1,0x8bce,
  0x730b,0x6aeb,0x730b,0x7b6d,0x6aeb,0x6aca,0x7b6d,0x5a49,0x83ae,0x9c92,0x2925,0x18a3,0x5269,0x1061,0x5aab,0x62ed,
  0x736e,0x18e4,0x1062,0x18c3,0x0020,0x0820,0x0000,0x18c3,0x9cb3,0x9493,0x7bf0,0x73d0,0x5b2d,0x8c93,0x9d15,0x8432,
  0x9cf5,0x4a4a,0x20e4,0x2904,0x0800,0x20e4,0x4208,0x4a49,0x0000,0x18a3,0x39a7,0x5acb,0x39a7,0x4209,0x630d,0x736e,
  0x9472,0x8c11,0x83d0,0x8bd0,0xacf5,0x838f,0x8b8e,0xac92,0xf71a,0xf73a,0xff5a,0xf719,0xf719,0x83cd,0x7b6d,0x9452,
  0x9c93,0x7b8f,0x526b,0x0862,0x0842,0x4a6a,0x2125,0x0000,0x5aec,0x632d,0x0000,0x0841,0x0820,0x0000,0x1082,0x2125,
  0x18c3,0x0000,0x0820,0x0821,0x1041,0x0821,0x20c3,0x20c3,0x18c3,0x2104,0x18a2,0x1082,0x1082,0x2945,0x1082,0x0000,
  0x0000,0x0020,0x1082,0x18e3,0x10a2,0x10a2,0x1082,0x18c3,0x10a2,0x10a2,0x10a2,0x10a2,0x18c3,0x1082,0x10a2,0x0861,
  0x18c3,0x10a2,0x0000,0x0841,0x1082,0x1082,0x1082,0x18c3,0x10a2,0x1082,0x10a2,0x10a2,0x10a2,0x10a2,0x10a2,0x0000,
  0x0020,0x1082,0x1082,0x1082,0x10a2,0x10a2,0x0861,0x0020,0x10a2,0x1082,0x1082,0x10a2,0x1082,0x1082,0x1082,0x1082,
  0x10a2,0x10a2,0x1082,0x1082,0x10a2,0x1082,0x10a2,0x1082,0x1082,0x1082,0x1082,0x1082,0x1082,0x10a2,0x1082,0x1082,
  0x1082,0x0861,0x0841,0x0861,0x0841,0x0861,0x0861,0x1082,0x0861,0x1082,0x0861,0x0841,0x0841,0x0841,0x0861,0x0841,
  0x0861,0x0841,0x0861,0x0841,0x0841,0x0841,0x1082,0x0861,0x0861,0x0040,0x0841,0x0000,0x0861,0x1082,0x1082,0x1082,
  0x0020,0x0020,0x0020,0x0000,0x0000,0x0020,0x0020,0x0020,0x0000,0x0841,0x0861,0x0861,0x0820,0x0820,0x1040,0x1040,
  0x1041,0x1061,0x1041,0x1041,0x1061,0x1061,0x1041,0x0820,0x0820,0x0841,0x0841,0x0841,0x0841,0x1061,0x1061,0x0841,
  0x0841,0x0840,0x0820,0x0820,0x0820,0x0820,0x0840,0x0840,0x0840,0x1041,0x1081,0x1081,0x0881,0x0881,0x1081,0x1081,
  0x0861,0x18c3,0x10a2,0x0841,0x0000,0x0000,0x0000,0x0021,0x2105,0x4a49,0x528a,0x41e8,0x41e8,0x39c8,0x39a7,0x3986,
  0x41e8,0x3166,0x1082,0x10a3,0x8431,0x5aec,0x52cc,0x7bf0,0x8c93,0x8c52,0x1082,0x20e4,0x18c4,0x2925,0x3166,0x0820,
  0x0841,0x20e3,0x2945,0x20e4,0x20e4,0x2925,0x39c7,0x3187,0x2966,0x39c8,0x630d,0x7bb0,0x7390,0x4a4a,0x0000,0x0861,
  0x0000,0x4209,0x73b0,0x6b2e,0x9493,0xad35,0xad14,0x8c10,0x942f,0xa490,0xd616,0xff5b,0xf73b,0xcdf6,0xc5b4,0xce16,
  0xcdd5,0xe6b9,0xffbd,0xff9c,0xff9c,0xff7c,0xff7c,0xff7c,0xff7c,0xff7c,0xf73a,0xf75b,0xff9c,0xff9c,0xffdd,0xff5c,
  0xe6b9,0xde58,0xcdf6,0x9c50,0x732b,0x6b0a,0x62a9,0x5a88,0x8bee,0x6b2c,0x4a29,0x6b2d,0x528a,0x1082,0x528b,0x7390,
  0x7bd0,0x10a3,0x41e8,0x528a,0x0820,0x1881,0x18a2,0x62ca,0x9471,0x9cb3,0xc618,0xad76,0x632d,0x636e,0x9d15,0x94b4,
  0xa515,0x2946,0x0800,0x0820,0x41e7,0x4a08,0x0800,0x3187,0x528b,0x526a,0x630d,0x9492,0x20e4,0x3186,0x4a4a,0x0861,
  0x524a,0x8bf1,0x62ac,0x41a8,0x83af,0xa4b3,0x8bcf,0xa471,0xcdf6,0xff5b,0xf73a,0xf75a,0xf73a,0xc5b5,0x6aeb,0x62ec,
  0x736e,0x8c31,0x83f0,0x2105,0x0821,0x528a,0x4229,0x0862,0x2125,0x8c72,0x1082,0x0000,0x0020,0x0020,0x0000,0x18c3,
  0x39a7,0x0841,0x0800,0x0820,0x1021,0x0820,0x18a2,0x18c3,0x18c3,0x2945,0x1082,0x0841,0x0820,0x0820,0x1082,0x0000,
  0x0000,0x0041,0x1082,0x10a2,0x18c3,0x10a2,0x10a2,0x10a2,0x10a2,0x10a2,0x10a2,0x1082,0x18c3,0x10a2,0x10a2,0x10a2,
  0x18e3,0x18e3,0x0000,0x0020,0x0861,0x1082,0x1082,0x10a2,0x10a2,0x1082,0x10a2,0x10a2,0x18c3,0x10a2,0x18c3,0x0861,
  0x0000,0x0861,0x1082,0x1082,0x10a2,0x10a2,0x10a2,0x0020,0x0861,0x10a2,0x0861,0x1082,0x10a2,0x10a2,0x1082,0x1082,
  0x1082,0x1082,0x1082,0x1082,0x1082,0x1082,0x1082,0x1082,0x1082,0x1082,0x10a2,0x1082,0x1082,0x1082,0x1082,0x1082,
  0x1082,0x1082,0x0841,0x0841,0x0841,0x0861,0x0861,0x0861,0x0861,0x0861,0x0861,0x0861,0x0861,0x0861,0x0861,0x0861,
  0x0021,0x0020,0x0020,0x0841,0x0020,0x0841,0x0841,0x0841,0x0841,0x1082,0x0861,0x0841,0x20e3,0x0841,0x0820,0x18a2,
  0x0841,0x0841,0x0861,0x0861,0x0841,0x0020,0x0841,0x0000,0x0000,0x0841,0x0841,0x0821,0x0840,0x0841,0x1041,0x1041,
  0x1061,0x1061,0x1061,0x1061,0x1061,0x1061,0x1041,0x1041,0x1061,0x0821,0x0821,0x0841,0x0820,0x0841,0x0841,0x0841,
  0x0841,0x0820,0x0820,0x0840,0x0840,0x0820,0x0840,0x0840,0x0840,0x1041,0x1081,0x1081,0x0881,0x0881,0x1081,0x1081,
  0x18e3,0x2104,0x20e3,0x18c3,0x1082,0x1082,0x18a3,0x20e4,0x10a3,0x0000,0x0000,0x0862,0x1082,0x20e4,0x39a7,0x41c7,
  0x41e8,0x3166,0x3186,0x0841,0x6b6e,0x73af,0x630d,0x6b6e,0x8c93,0x8c72,0x3186,0x39c8,0x5acb,0x3186,0x1082,0x0000,
  0x0000,0x0841,0x1082,0x1062,0x1082,0x1082,0x1041,0x1062,0x2945,0x20e4,0x3186,0x73b0,0x6b6f,0x528b,0x0000,0x0020,
  0x0841,0x2925,0x83f0,0xa4d4,0xad14,0x9471,0x9430,0xb513,0xeef9,0xff7c,0xff5b,0xf73a,0xe6b8,0xbd52,0xbd73,0xbd72,
  0xc5b4,0xeed9,0xff5b,0xff5b,0xf71a,0xff5b,0xff7b,0xff5b,0xff7b,0xff9b,0xf73a,0xe6d8,0xf73a,0xf75a,0xf75a,0xf75b,
  0xff7b,0xffbc,0xff9c,0xffbc,0xf73a,0xd656,0xad11,0x83ac,0x734b,0x5268,0x7bae,0x9c92,0x8c30,0x4a28,0x6b2d,0x83f2,
  0x8c53,0x2967,0x2105,0x6b2c,0x2104,0x3124,0x49e7,0x9c50,0xa4d2,0xef1b,0xf77d,0xf79d,0xc638,0xa555,0x9d15,0x8c73,
  0x8c52,0x3986,0x20e3,0x0800,0x5a69,0x41a7,0x526a,0x526a,0x736e,0x52ab,0x736e,0x5acc,0x0020,0x4a09,0x7b8f,0x1062,
  0x49e8,0x9c73,0x838f,0x3967,0x62cc,0xa4b3,0x6acb,0xb514,0xb554,0xef1a,0xf75b,0xff5b,0xf75b,0xf73b,0x7b8d,0x83af,
  0x8c10,0x41e8,0x526a,0x526a,0x0821,0x41e8,0x4209,0x4a4a,0x1905,0x7c10,0x39e8,0x0000,0x0020,0x0841,0x0020,0x1062,
  0x3986,0x20c3,0x0800,0x1021,0x1041,0x0820,0x0841,0x18c3,0x18a3,0x20e3,0x3166,0x0820,0x0000,0x0841,0x18e3,0x0020,
  0x0020,0x0000,0x0841,0x1082,0x10a2,0x18c3,0x18c3,0x18c3,0x18e3,0x1082,0x18c3,0x10a2,0x18e3,0x18e3,0x10a2,0x18c3,
  0x18e4,0x39c7,0x1082,0x0000,0x0861,0x1081,0x10a2,0x10a2,0x1082,0x10a2,0x10a2,0x10a2,0x10a2,0x10a2,0x10a2,0x1082,
  0x0000,0x0841,0x1082,0x1082,0x1082,0x1082,0x1082,0x0841,0x0000,0x1082,0x1082,0x1082,0x10a2,0x1082,0x10a2,0x1082,
  0x10a2,0x1082,0x1082,0x1082,0x1082,0x1082,0x1082,0x1082,0x10a2,0x1082,0x10a2,0x1082,0x1082,0x1082,0x1082,0x1082,
  0x1082,0x1082,0x0861,0x0841,0x0861,0x0861,0x0861,0x0861,0x0861,0x0861,0x0861,0x0861,0x0861,0x0861,0x0861,0x1082,
  0x0841,0x0020,0x0841,0x0841,0x0020,0x0841,0x0020,0x0041,0x0861,0x1082,0x18e3,0x1082,0x1082,0x0841,0x0000,0x1082,
  0x0841,0x0020,0x0861,0x0861,0x0861,0x0020,0x1082,0x0861,0x0841,0x0841,0x0841,0x0820,0x0841,0x0820,0x0841,0x1061,
  0x1061,0x1041,0x1041,0x1061,0x0841,0x0820,0x1041,0x1061,0x1041,0x0841,0x0820,0x0820,0x0821,0x0821,0x0820,0x0841,
  0x1082,0x1061,0x0820,0x0820,0x0841,0x0820,0x0840,0x0840,0x0840,0x1041,0x1081,0x1081,0x0881,0x0881,0x1081,0x1081,
  0x20e4,0x2904,0x3165,0x2925,0x2904,0x2104,0x1082,0x2925,0x2104,0x2104,0x2104,0x20c3,0x0841,0x0821,0x1882,0x1041,
  0x18a3,0x2945,0x3186,0x0021,0x3186,0x7bf0,0x6b6e,0x5aec,0x6b6e,0x7c11,0x5aec,0x1083,0x6b4d,0x41e8,0x1083,0x1083,
  0x2925,0x4a2a,0x39a7,0x41e8,0x39a7,0x18c4,0x20e4,0x3166,0x2925,0x1082,0x18c3,0x738f,0x630e,0x526b,0x0821,0x0820,
  0x20e3,0x62ec,0xad35,0xad14,0x83ef,0x942f,0xde57,0xff5b,0xff7b,0xf73a,0xf73a,0xf73a,0xf75a,0xeef8,0xf719,0xeef8,
  0xf73a,0xff5a,0xf719,0xeef9,0xf719,0xff5a,0xff7b,0xff7b,0xff7a,0xf75a,0xff7a,0xf75a,0xf75a,0xff7b,0xf75a,0xff7a,
  0xf75a,0xf75a,0xff7a,0xff7a,0xff9b,0xff9b,0xff7a,0xf75a,0xde98,0xacf2,0x83ee,0x6b2b,0x83ce,0x83ee,0x62cb,0x8bf1,
  0x7bd1,0x5aac,0x18c4,0x5aac,0x3966,0x3145,0x83ae,0x83ae,0xcdf6,0xf73b,0xef1b,0xef3b,0xe71b,0xce59,0x9d15,0xa536,
  0x7bd0,0x41c7,0x2904,0x2082,0x5207,0x41a6,0x5a8a,0x1862,0x0822,0x1063,0x4208,0x1883,0x0821,0x5249,0x9cb3,0x4a08,
  0x628b,0x9c73,0x4a09,0x41a7,0x6b0d,0x7b8e,0x5a8a,0x8bcf,0xb554,0xbd95,0xf73b,0xf77b,0xf73a,0xff7c,0xcdf6,0x734c,
  0xa4b2,0x9431,0x4a29,0x18a3,0x0021,0x2966,0x5aec,0x73af,0x630d,0x31a7,0x73af,0x0000,0x0021,0x0861,0x1061,0x1082,
  0x41c7,0x20e3,0x0800,0x0820,0x1041,0x0841,0x0000,0x0861,0x18c3,0x1062,0x2925,0x18c3,0x0841,0x2104,0x18c3,0x0861,
  0x0841,0x0841,0x0020,0x1082,0x10a2,0x10a2,0x18c3,0x18c3,0x18c3,0x1082,0x18c3,0x10a2,0x18e3,0x18c3,0x10a2,0x18c3,
  0x2945,0x31a6,0x10a3,0x0000,0x0861,0x1082,0x1082,0x18c3,0x1082,0x10a2,0x18c3,0x10a2,0x18c3,0x10a2,0x1082,0x1082,
  0x0020,0x0020,0x0841,0x1082,0x1082,0x10a2,0x1082,0x1082,0x0000,0x0020,0x0862,0x1082,0x10a2,0x10a2,0x10a2,0x1082,
  0x1082,0x1082,0x1082,0x1082,0x1082,0x1082,0x10a2,0x10a2,0x1082,0x1082,0x10a2,0x10a2,0x1082,0x10a2,0x1082,0x1082,
  0x10a2,0x1082,0x1082,0x0841,0x0841,0x0861,0x0841,0x0861,0x0861,0x0861,0x0861,0x0861,0x0861,0x0861,0x0861,0x0861,
  0x0841,0x0020,0x0861,0x0841,0x0020,0x0841,0x0841,0x0841,0x0020,0x0841,0x18e3,0x18c3,0x18c3,0x18c3,0x0841,0x0861,
  0x0821,0x0020,0x0841,0x1082,0x0841,0x0841,0x0841,0x0861,0x0862,0x0862,0x0841,0x0841,0x1062,0x0820,0x0820,0x0820,
  0x1061,0x1082,0x1062,0x1041,0x0841,0x1061,0x1061,0x1041,0x0841,0x0841,0x0821,0x0820,0x0820,0x0820,0x0820,0x0820,
  0x1061,0x1081,0x0841,0x0820,0x0841,0x0840,0x0841,0x0820,0x0820,0x1041,0x1081,0x0861,0x0881,0x0881,0x1081,0x1081,
  0x0800,0x1062,0x1041,0x18a3,0x18a2,0x3125,0x20e4,0x20e4,0x2924,0x3145,0x3986,0x2904,0x3986,0x3166,0x20e4,0x0821,
  0x0821,0x1062,0x0821,0x0000,0x20e4,0x7bf0,0x6b6e,0x52ab,0x5b0d,0x7bf0,0x6b4e,0x0021,0x2945,0x4a6a,0x736e,0x5acc,
  0x62ed,0x7bb0,0x736f,0x734e,0x736f,0x5acc,0x4209,0x20c4,0x1082,0x0861,0x1082,0x73b0,0x632e,0x6b2e,0x1062,0x1882,
  0x49e7,0x734d,0x9c71,0x734c,0xacf2,0xf71a,0xeef9,0xf719,0xff5a,0xff9b,0xff7b,0xff7a,0xff7a,0xf75a,0xff9a,0xff7a,
  0xff7a,0xff7b,0xff7b,0xf719,0xff5a,0xff7a,0xff9b,0xf73a,0xf739,0xf75a,0xf75a,0xff7a,0xf73a,0xff7b,0xff9b,0xff7a,
  0xf75a,0xf759,0xff7a,0xf75a,0xf759,0xf739,0xf75a,0xff7a,0xff9b,0xff7b,0xf75c,0xc5f6,0x944f,0x83ee,0x5a89,0x7b6e,
  0xa4f5,0x6b4f,0x5acc,0x62ed,0x62ac,0x83af,0x9431,0x9c51,0xf73b,0xeefa,0xf73b,0xef3b,0xef3b,0xce59,0xb5b7,0xa515,
  0x526a,0x2903,0x20c2,0x3965,0x6269,0x4186,0x6acb,0x3966,0x1042,0x6b2e,0x528a,0x0000,0x1883,0x0821,0x39a7,0x5a8a,
  0x41a7,0x6b0d,0x7b6e,0x7b8f,0x62ab,0x7b8e,0x732d,0x62ab,0xbdb6,0xb575,0xde99,0xff7c,0xf73b,0xf71a,0xff7c,0x942f,
  0x7b8d,0xb535,0x9c92,0x18a3,0x0000,0x0862,0x5acc,0x634e,0x9cf4,0x6b4e,0x8452,0x10a3,0x0000,0x0821,0x1061,0x1061,
  0x20e3,0x41e7,0x1040,0x1040,0x0820,0x0841,0x0000,0x0020,0x10a2,0x18a2,0x18c3,0x3166,0x1062,0x18a2,0x0841,0x0861,
  0x0882,0x18e3,0x1082,0x0861,0x10a2,0x1082,0x10a2,0x10a2,0x10a2,0x10a2,0x1082,0x10a2,0x1082,0x18c3,0x10a2,0x10a2,
  0x18e3,0x10a3,0x0000,0x0000,0x0841,0x1082,0x1082,0x10a2,0x10a2,0x18c3,0x10a2,0x10a2,0x10a2,0x10a2,0x10a2,0x10a2,
  0x0020,0x0000,0x0020,0x0861,0x10a2,0x10a2,0x10a2,0x18c3,0x0862,0x0000,0x0841,0x0861,0x0861,0x10a2,0x10a2,0x10a2,
  0x10a2,0x1082,0x10a2,0x1082,0x1082,0x1082,0x1082,0x10a2,0x1082,0x1082,0x10a2,0x18c3,0x1082,0x1082,0x1082,0x10a2,
  0x10a2,0x1082,0x10a2,0x0861,0x0841,0x0861,0x0861,0x0861,0x0861,0x1082,0x0841,0x0861,0x0861,0x0861,0x1082,0x0861,
  0x0861,0x0841,0x0020,0x0000,0x0020,0x0020,0x0841,0x0841,0x0020,0x0020,0x10a2,0x1082,0x0861,0x1082,0x0861,0x0020,
  0x0820,0x0020,0x0020,0x0841,0x0861,0x0841,0x0841,0x0841,0x1082,0x10a2,0x0841,0x0841,0x0841,0x0000,0x0000,0x0000,
  0x0020,0x0841,0x0841,0x0841,0x0841,0x0841,0x0841,0x0820,0x0841,0x1061,0x0821,0x0820,0x0820,0x0820,0x0820,0x0820,
  0x0820,0x1061,0x1061,0x0820,0x0820,0x0820,0x0840,0x0820,0x0820,0x1041,0x1081,0x0861,0x0881,0x0881,0x1081,0x1081,
  0x1021,0x0800,0x0800,0x1021,0x1062,0x0821,0x1062,0x0841,0x2904,0x20c3,0x20e3,0x20e3,0x20c3,0x18c3,0x18a3,0x18a3,
  0x18c3,0x528b,0x4209,0x20e4,0x0842,0x630d,0x5aec,0x632d,0x5b2d,0x7c11,0x7c11,0x2105,0x0000,0x0821,0x39a7,0x62ed,
  0x83f1,0x8c32,0x7bb0,0x736e,0x6b4e,0x5aab,0x1062,0x0000,0x1882,0x0861,0x1082,0x7bf0,0x6b4e,0x83d0,0x41c7,0x28c3,
  0x5a68,0x6aea,0x7b6c,0xc5b5,0xff9c,0xf71a,0xeed9,0xff7b,0xff5a,0xf73a,0xf73a,0xf73a,0xff5a,0xf73a,0xf759,0xf739,
  0xf739,0xf739,0xf75a,0xff5a,0xf73a,0xff5a,0xff7b,0xf73a,0xf75a,0xff7a,0xff7a,0xff7b,0xff7b,0xff7b,0xff9b,0xff7a,
  0xff7a,0xff7a,0xff7a,0xff7a,0xf75a,0xff7a,0xff7a,0xff7b,0xf75a,0xef1a,0xf75b,0xffbc,0xff9c,0xe6d9,0xa4f2,0x6b0b,
  0x83f0,0x9472,0xa4d3,0x9c93,0xad14,0x9451,0x732c,0xde79,0xff9c,0xef1a,0xf73b,0xf75b,0xeefa,0xcdf7,0xbd96,0x8c52,
  0x2904,0x2903,0x20a1,0x4164,0x8bae,0x3924,0x3965,0x5209,0x20c4,0x83d0,0x736e,0x3125,0x83af,0x524a,0x0821,0x1882,
  0x3125,0x2905,0x41c8,0x2905,0x1882,0x4a08,0x83af,0x5a6a,0x9472,0xbdd7,0xbdb6,0xef1b,0xeefa,0xeed9,0xff7b,0xde98,
  0x838d,0xa4b2,0xa4b2,0x4a08,0x0000,0x0000,0x2946,0x3a08,0x94d4,0xad96,0x94d4,0x4249,0x0000,0x0821,0x0840,0x1040,
  0x1040,0x20e3,0x1061,0x1040,0x0840,0x0800,0x0000,0x0020,0x1061,0x0820,0x2904,0x39a7,0x1882,0x0820,0x0841,0x0881,
  0x10c3,0x18c3,0x18c3,0x0841,0x10a2,0x10a2,0x10a2,0x10a2,0x18c3,0x18c3,0x10a2,0x10a2,0x18c3,0x1082,0x10a2,0x10a2,
  0x0861,0x0000,0x0000,0x0000,0x0841,0x1082,0x0861,0x10a2,0x18c3,0x10a2,0x10a2,0x10a2,0x10a2,0x1082,0x10a2,0x1082,
  0x0020,0x0000,0x0000,0x0020,0x1082,0x10a2,0x10a2,0x1082,0x10a3,0x0021,0x0020,0x0862,0x1082,0x1082,0x0862,0x1082,
  0x10a2,0x1082,0x1082,0x1082,0x10a2,0x1082,0x1082,0x1082,0x0861,0x0861,0x1082,0x10a2,0x1082,0x1082,0x1082,0x1082,
  0x10a2,0x1082,0x1082,0x0861,0x0841,0x0841,0x0861,0x0861,0x0861,0x0861,0x1082,0x0861,0x0861,0x0861,0x0861,0x0841,
  0x0861,0x0861,0x0841,0x0841,0x0020,0x0020,0x0861,0x0841,0x0020,0x0020,0x1082,0x10a2,0x0841,0x0861,0x0841,0x0000,
  0x0000,0x0861,0x18e3,0x0020,0x0841,0x0841,0x0861,0x0861,0x0861,0x0841,0x0841,0x0041,0x0000,0x0021,0x0821,0x0000,
  0x0000,0x0020,0x0020,0x0020,0x0020,0x0000,0x0020,0x0820,0x0841,0x1082,0x0841,0x0820,0x0821,0x0820,0x0820,0x0820,
  0x0820,0x0841,0x0841,0x1081,0x0840,0x0820,0x0840,0x0840,0x0820,0x1041,0x1081,0x0861,0x0881,0x0881,0x1081,0x1081,
  0x1862,0x1041,0x18a3,0x1082,0x10a2,0x0841,0x0021,0x0000,0x0000,0x0861,0x0020,0x0861,0x10a2,0x18a3,0x1082,0x2104,
  0x0821,0x39a7,0x83d0,0x7bd0,0x1083,0x4209,0x73af,0x52ab,0x52cb,0x8c72,0x8c93,0x3187,0x3186,0x5aab,0x2925,0x1043,
  0x1883,0x39a7,0x4a49,0x41c8,0x20e4,0x1061,0x20e4,0x1062,0x1061,0x0021,0x18c4,0x73d0,0x736f,0x8c11,0x72ec,0x51c6,
  0x5a27,0x730a,0xde57,0xff7c,0xf75b,0xf71a,0xff7b,0xff7b,0xff7b,0xff5b,0xf71a,0xf719,0xff7b,0xff9b,0xff7a,0xff5a,
  0xff9b,0xff5a,0xf719,0xff7b,0xff7b,0xff7b,0xff5a,0xff7b,0xff7a,0xff7a,0xff7b,0xff7b,0xf75b,0xff7b,0xff9b,0xf739,
  0xf719,0xf75a,0xff5a,0xff9b,0xf73a,0xf75a,0xff5a,0xff7b,0xf739,0xef1a,0xef1a,0xef1a,0xf739,0xffbb,0xffbc,0xde99,
  0x9450,0x83ee,0xad13,0xc5d6,0xad13,0x9470,0xd678,0xe6fa,0xe6d9,0xf75b,0xe6b9,0xe6d9,0xcdd6,0x9430,0x9451,0x83b0,
  0x4a08,0x5a68,0x4165,0x3103,0x836c,0x30e3,0x28a3,0x5208,0x1042,0x5aab,0x7baf,0x524a,0x41e8,0x18a3,0x1062,0x3987,
  0x41e8,0x4a29,0x3986,0x39a7,0x5229,0x3987,0x5a6a,0x41a7,0x4a4a,0xad76,0xad55,0xd638,0xff5c,0xff5b,0xff7b,0xf75a,
  0xa491,0x7b6d,0xa4d2,0x736d,0x1061,0x0000,0x0021,0x39c7,0x6b8e,0xa515,0x8c93,0x7bf0,0x0021,0x0821,0x1041,0x0820,
  0x0820,0x0820,0x0820,0x0820,0x0820,0x0820,0x0000,0x0000,0x0020,0x0841,0x18a3,0x2924,0x2904,0x1061,0x0861,0x0841,
  0x10a2,0x1082,0x1082,0x0861,0x1082,0x10a2,0x10a2,0x10a2,0x10a2,0x18c3,0x18c3,0x10a2,0x1082,0x1082,0x10a2,0x10a2,
  0x10a3,0x0020,0x0000,0x0000,0x0020,0x1082,0x0861,0x0861,0x1082,0x1082,0x1082,0x10a2,0x10a2,0x10a2,0x1082,0x10a2,
  0x0861,0x0000,0x0020,0x0020,0x0841,0x1082,0x10a2,0x10a2,0x2104,0x10a2,0x0000,0x0021,0x18e3,0x2945,0x18c3,0x1082,
  0x0861,0x0861,0x0861,0x1082,0x10a2,0x10a2,0x1082,0x1082,0x1082,0x1082,0x1082,0x1082,0x1082,0x1082,0x1082,0x1082,
  0x1082,0x1082,0x1082,0x1082,0x0841,0x0841,0x0861,0x0861,0x1082,0x1082,0x0861,0x0861,0x0861,0x0861,0x1082,0x0861,
  0x0841,0x0861,0x0020,0x0841,0x10a2,0x1082,0x0861,0x0861,0x0841,0x0020,0x0841,0x18c3,0x10a2,0x0841,0x0861,0x0020,
  0x0000,0x0841,0x0841,0x0020,0x0841,0x0020,0x0020,0x0841,0x0841,0x0841,0x0841,0x0021,0x0021,0x0021,0x0021,0x0000,
  0x0000,0x0020,0x0820,0x0820,0x0020,0x0020,0x0820,0x0020,0x0841,0x1061,0x0841,0x0841,0x0820,0x0820,0x0820,0x0820,
  0x0820,0x0840,0x0841,0x1061,0x1082,0x1061,0x0840,0x0820,0x0820,0x1041,0x1081,0x0861,0x0881,0x0881,0x1081,0x1081,
  0x1062,0x1062,0x1082,0x10a2,0x1082,0x0841,0x0841,0x0861,0x0021,0x0020,0x0000,0x0862,0x10a2,0x0861,0x0862,0x0862,
  0x0841,0x1082,0x736e,0x8410,0x3187,0x2946,0x8c93,0x636e,0x52ab,0x52ab,0x8432,0x4229,0x18e4,0x8c11,0x6b2d,0x6aed,
  0x3187,0x0000,0x0000,0x0000,0x3166,0x41e8,0x41c7,0x1082,0x0841,0x0821,0x1083,0x4a6b,0x6b6f,0x9c93,0x83af,0x5207,
  0x7b2b,0xde36,0xff5b,0xf71a,0xf73a,0xf71a,0xf73b,0xff9c,0xff7b,0xff5b,0xf73a,0xf71a,0xf719,0xff7b,0xff7b,0xff5a,
  0xff9b,0xff5b,0xff5a,0xff9b,0xff7b,0xf73a,0xff5a,0xff9b,0xff7a,0xff7b,0xff9b,0xf77b,0xf75b,0xff7b,0xf73a,0xf75a,
  0xff7b,0xf73a,0xf75a,0xff9b,0xf75b,0xff7b,0xff9b,0xff7b,0xf75a,0xf75a,0xff9b,0xf75a,0xf77a,0xde97,0x9c6f,0xef1a,
  0xf75b,0xcdf6,0x946f,0xbdb4,0xef1a,0xff9c,0xe6d9,0xa4d0,0xacf2,0xef1a,0xde98,0xcdf6,0xde78,0xde38,0xde79,0xe6ba,
  0xe699,0xde78,0xc5b5,0xa491,0x8bce,0x8bce,0x8bef,0x62aa,0x3125,0x3105,0x62cc,0x41c7,0x4187,0x6acc,0x41a7,0x3105,
  0x3166,0x1042,0x20c4,0x20c4,0x41e8,0x1883,0x3987,0x522a,0x4a49,0x7bcf,0xbdb6,0xa4f3,0xef1b,0xf75b,0xff5b,0xff5a,
  0xd637,0x8bad,0x9c50,0xa4d2,0x41e7,0x0000,0x0000,0x1904,0x4a49,0x8c72,0x94d4,0x9cf4,0x18e4,0x0000,0x1041,0x1040,
  0x1040,0x1040,0x0820,0x1040,0x0820,0x0820,0x0800,0x0000,0x0000,0x0861,0x10a2,0x0841,0x18a2,0x1062,0x18c3,0x0861,
  0x1082,0x18e3,0x18c3,0x0861,0x0861,0x10a2,0x10a2,0x10a2,0x18c3,0x1082,0x0861,0x1082,0x10a2,0x10a2,0x10a2,0x1082,
  0x3186,0x10a2,0x0000,0x0000,0x0000,0x0861,0x10a2,0x0861,0x10a2,0x10a2,0x1082,0x10a2,0x10a2,0x10a2,0x1082,0x10a2,
  0x1082,0x0020,0x0020,0x0000,0x0020,0x1082,0x1082,0x1082,0x10a2,0x1082,0x0841,0x0000,0x0861,0x2124,0x2125,0x10a2,
  0x1082,0x10a2,0x0861,0x0841,0x0841,0x0841,0x0841,0x1082,0x1082,0x10a2,0x1082,0x1082,0x1082,0x1082,0x0861,0x1082,
  0x10a2,0x10a2,0x1082,0x1082,0x0841,0x0841,0x1082,0x0861,0x0861,0x0861,0x0861,0x0861,0x1082,0x0861,0x0861,0x0861,
  0x0861,0x0861,0x0861,0x0841,0x0841,0x0020,0x0841,0x0861,0x0841,0x0000,0x0020,0x18c3,0x2104,0x0861,0x0861,0x0841,
  0x0020,0x0841,0x0841,0x0841,0x0020,0x0020,0x0861,0x0841,0x0020,0x0861,0x0841,0x0841,0x1082,0x0841,0x0020,0x0000,
  0x0000,0x0020,0x0020,0x0821,0x0841,0x0841,0x0841,0x1061,0x1061,0x0841,0x0841,0x0820,0x0820,0x0821,0x0820,0x0820,
  0x0820,0x0820,0x0841,0x0820,0x1061,0x1061,0x1061,0x0841,0x0820,0x0841,0x1081,0x1081,0x0881,0x0881,0x1081,0x1081,
  0x0882,0x1082,0x0021,0x0862,0x18a3,0x1062,0x18a3,0x1082,0x18c3,0x1082,0x1082,0x3186,0x41e8,0x0000,0x10a3,0x18e4,
  0x1082,0x0841,0x41e8,0x732d,0x62ab,0x1062,0x6b4e,0x73af,0x8c73,0x7c11,0x7bf1,0x7bf1,0x2105,0x524a,0x5a8a,0x49e8,
  0x62ec,0x5aab,0x524a,0x3966,0x3125,0x1883,0x1062,0x0841,0x18c2,0x0000,0x10a3,0x736f,0x8411,0xa4d4,0x9410,0x6aea,
  0xde57,0xff7b,0xff5b,0xff3b,0xff3b,0xf73a,0xff3b,0xff5b,0xff3b,0xeed9,0xf73a,0xff9c,0xef19,0xf73a,0xff7b,0xeef9,
  0xf75a,0xff5a,0xff7b,0xff7b,0xff9b,0xff7b,0xff7b,0xff9b,0xff7a,0xff9b,0xf77a,0xf75a,0xf75a,0xf75a,0xf73a,0xff5b,
  0xff7b,0xff7b,0xf75a,0xff7b,0xff9b,0xf75a,0xf75a,0xff7b,0xf79b,0xf79b,0xf77a,0xf77a,0xf77a,0xef19,0xc5b4,0xef1a,
  0xff9b,0xff9c,0xe6d8,0xb532,0x9c6f,0xd636,0xde97,0x9c6f,0xc5b4,0xf73a,0xf73a,0xef1a,0xeefa,0xf6fa,0xf6fa,0xeefa,
  0xe6da,0xeefa,0xeefa,0xeeda,0xe6ba,0xe6ba,0xd638,0xde79,0xd639,0x9c72,0x62ab,0x3125,0x49c8,0x8baf,0x5a29,0x1842,
  0x1862,0x736e,0xce19,0xc5d8,0xad15,0x7b8f,0x4a09,0x2925,0x41c7,0x526a,0xad14,0xad55,0xc5f6,0xff7c,0xf73a,0xf73a,
  0xff7b,0xa490,0x8bee,0xacd3,0x7b6d,0x0841,0x0000,0x10c3,0x4249,0x7c10,0x8c92,0x9cf4,0x5aec,0x0821,0x20c3,0x1021,
  0x1020,0x0820,0x1061,0x1061,0x1041,0x0821,0x0821,0x0801,0x0000,0x0861,0x0861,0x0841,0x0841,0x1082,0x18a2,0x2945,
  0x0861,0x18c3,0x18e3,0x10a2,0x0841,0x10a2,0x10a2,0x18c3,0x10a2,0x0861,0x0861,0x0020,0x0841,0x10a2,0x10a2,0x10a2,
  0x2103,0x10a2,0x0000,0x0000,0x0000,0x0841,0x1082,0x0861,0x1082,0x10a2,0x1082,0x18c3,0x1082,0x1082,0x1082,0x1082,
  0x10a2,0x0020,0x0000,0x0020,0x0020,0x0841,0x1082,0x1082,0x1082,0x1082,0x0861,0x0000,0x0000,0x0020,0x0020,0x0841,
  0x0020,0x10a3,0x2945,0x18e3,0x18c3,0x0020,0x0000,0x0841,0x1082,0x1082,0x1082,0x1082,0x1082,0x1082,0x1082,0x1082,
  0x10a2,0x10a2,0x1082,0x1082,0x0861,0x0020,0x0861,0x0861,0x0841,0x0861,0x0861,0x0861,0x1082,0x1082,0x0861,0x0861,
  0x0861,0x0861,0x1082,0x0861,0x0841,0x0841,0x0841,0x0841,0x0841,0x0020,0x0000,0x1082,0x18c3,0x18c3,0x0020,0x0841,
  0x0020,0x0020,0x0020,0x0020,0x0020,0x0020,0x0020,0x0020,0x0841,0x0841,0x0841,0x0861,0x1082,0x0841,0x0020,0x0020,
  0x0000,0x0000,0x0000,0x0821,0x0861,0x0861,0x1041,0x1061,0x1041,0x1061,0x1061,0x0841,0x0821,0x0820,0x0820,0x0841,
  0x0841,0x0821,0x0821,0x0841,0x0841,0x0841,0x18a2,0x1082,0x0820,0x1041,0x1081,0x1081,0x0881,0x0881,0x1081,0x1081,
  0x1062,0x1082,0x1082,0x1062,0x1082,0x1082,0x1082,0x1082,0x20e4,0x2945,0x2945,0x0841,0x2104,0x2104,0x2945,0x2104,
  0x2925,0x20a3,0x30a4,0x59a8,0x4947,0x1001,0x4187,0x9473,0x738f,0x7bd1,0x7390,0x5acd,0x83f1,0x4a2a,0x39a7,0x4a29,
  0x41e8,0x41c8,0x6acc,0x83af,0x7b4e,0x6aec,0x1882,0x1041,0x2104,0x0000,0x20e4,0x8411,0x9492,0xa4d3,0x8bef,0xcdd6,
  0xff9c,0xf6fa,0xff5b,0xf73a,0xf73a,0xff7b,0xf73a,0xf71a,0xff7b,0xf73a,0xff7b,0xff9c,0xff5b,0xff5b,0xf73a,0xeef9,
  0xf73a,0xff5a,0xf73a,0xff5a,0xff7b,0xf73a,0xeef9,0xff5a,0xff7a,0xff9a,0xf739,0xf739,0xf73a,0xf73a,0xff7b,0xff5b,
  0xff7b,0xff9b,0xf75a,0xff7b,0xff7b,0xff7b,0xff7b,0xff7b,0xff7b,0xff7a,0xff7a,0xff7a,0xff7a,0xff7b,0xffdc,0xff7b,
  0xf75b,0xff7b,0xff7b,0xf75b,0xacf1,0x7b6b,0xbd52,0xbd73,0xe6b8,0xf75b,0xeef9,0xf75b,0xf73a,0xeefa,0xeefa,0xeeb9,
  0xeefa,0xe6b9,0xe6b9,0xde99,0xde59,0x9c51,0x8bf0,0x9c52,0xad15,0xde7a,0xde7a,0x8bf0,0x3946,0x30e4,0x1842,0x2083,
  0x83af,0xb556,0xb535,0xc5d8,0xd65a,0xe6bb,0xcdf8,0xa4f4,0x6aec,0x4a08,0x6b2c,0xb595,0xad34,0xeefa,0xf71a,0xf71a,
  0xff7b,0xe698,0x8bcd,0xa491,0xacf3,0x5a8a,0x0000,0x1082,0x39c8,0x6b6e,0x8452,0xad97,0x8c52,0x10a3,0x18a3,0x0840,
  0x1041,0x1061,0x0800,0x0800,0x1021,0x0821,0x0821,0x0821,0x0000,0x0841,0x18c3,0x1061,0x1061,0x18a3,0x18c3,0x18a3,
  0x1082,0x10a2,0x18c3,0x1082,0x0841,0x10a2,0x18c3,0x10a2,0x10a2,0x1082,0x1082,0x10a2,0x0861,0x0841,0x0841,0x0020,
  0x0861,0x1082,0x0020,0x0000,0x0000,0x0020,0x1082,0x10a2,0x1082,0x10a2,0x1082,0x10a2,0x18c3,0x1082,0x1082,0x1082,
  0x10a2,0x1082,0x0000,0x0020,0x0000,0x0000,0x0861,0x1082,0x1082,0x1082,0x1082,0x0861,0x0020,0x0000,0x0020,0x0841,
  0x0000,0x0021,0x0862,0x0861,0x2124,0x18c3,0x10a3,0x18c3,0x10a2,0x0861,0x0841,0x0841,0x0861,0x1082,0x1082,0x0861,
  0x1082,0x1082,0x1082,0x1082,0x1082,0x0861,0x0841,0x0861,0x0861,0x0861,0x0861,0x0861,0x1082,0x1082,0x0861,0x0861,
  0x0861,0x1082,0x0861,0x0861,0x0861,0x0861,0x0861,0x0841,0x0861,0x0841,0x0020,0x0841,0x1082,0x10a2,0x0861,0x0020,
  0x0841,0x0000,0x0020,0x0020,0x0841,0x0841,0x0020,0x0020,0x0841,0x0841,0x0861,0x0841,0x0841,0x0861,0x0861,0x0861,
  0x0020,0x0000,0x0000,0x0020,0x0841,0x0841,0x0841,0x0841,0x1041,0x0841,0x1061,0x1061,0x0841,0x0820,0x0820,0x0841,
  0x0841,0x0820,0x0821,0x0841,0x0841,0x0820,0x1061,0x1082,0x0841,0x1061,0x1081,0x1081,0x0881,0x0881,0x1081,0x1081,
  0x10a3,0x0841,0x18a3,0x10a3,0x0841,0x1062,0x18a3,0x10a2,0x18c3,0x2104,0x1082,0x0000,0x0000,0x18c3,0x2124,0x18c3,
  0x3987,0x30e5,0x5167,0xccb4,0xc433,0xa34f,0x726b,0x59e9,0x3126,0x522a,0x83b0,0x7b6f,0x7b90,0x524a,0x2946,0x3187,
  0x3987,0x522a,0x730d,0x72ed,0x7b4e,0x8bd0,0x3966,0x1042,0x3144,0x1081,0x20c3,0x7baf,0xa514,0x9c91,0x9c70,0xf75b,
  0xf71a,0xeed9,0xff5b,0xf71a,0xf75b,0xff7b,0xf73a,0xff5b,0xff7b,0xff5b,0xff7b,0xff7b,0xff5b,0xff5a,0xf75a,0xff9b,
  0xff7b,0xff5a,0xf73a,0xff5a,0xff9b,0xff7b,0xf73a,0xf75a,0xff7a,0xff7a,0xff7a,0xff5a,0xf73a,0xff7b,0xff7b,0xff7b,
  0xff7b,0xff7b,0xff5b,0xff7b,0xff7b,0xff7b,0xff7b,0xff7b,0xf75a,0xff7b,0xff9b,0xff5a,0xff5a,0xff7b,0xff5a,0xf719,
  0xf71a,0xff5b,0xf73a,0xf73a,0xff5b,0xd5f5,0xb512,0xff3a,0xff7b,0xf73a,0xef19,0xf71a,0xff5b,0xff5b,0xeefa,0xf73b,
  0xf71b,0xe6d9,0xe6da,0xef1b,0xad14,0x9431,0xad36,0xad16,0xa4d4,0xa4b4,0xcdf8,0xd639,0xbd76,0x7b2e,0x3925,0x6acc,
  0x83af,0x4a29,0x28e4,0x41e8,0x9c93,0xbd97,0x9cb3,0x5a8b,0x734d,0x9c92,0x5269,0xa4d3,0xbd96,0xbd95,0xf73b,0xff9c,
  0xff7b,0xff9c,0xb533,0x942f,0xa4f3,0x9430,0x1082,0x18a3,0x738f,0x8c73,0x9cf5,0x7c11,0x8c93,0x39e8,0x0000,0x0840,
  0x1061,0x1061,0x0820,0x0820,0x0820,0x0820,0x0820,0x0821,0x0820,0x0000,0x1061,0x18a3,0x18a3,0x2925,0x18a3,0x18e4,
  0x0821,0x1082,0x18c3,0x10a2,0x0861,0x10a2,0x18e3,0x10a2,0x10a2,0x10a2,0x0861,0x1082,0x10a2,0x1082,0x1082,0x0861,
  0x0020,0x18c3,0x18c3,0x0000,0x0000,0x0000,0x0841,0x10a2,0x0861,0x1082,0x18c3,0x10a2,0x10a2,0x10a2,0x10a2,0x1082,
  0x1082,0x1082,0x0020,0x0000,0x0841,0x0000,0x0020,0x1082,0x1082,0x1082,0x1082,0x1082,0x0841,0x0000,0x0020,0x0841,
  0x18c3,0x1062,0x0000,0x0000,0x0841,0x1082,0x10a2,0x2945,0x18e3,0x10a2,0x0861,0x0000,0x0020,0x0841,0x1082,0x1082,
  0x1082,0x0861,0x1082,0x0861,0x1082,0x0861,0x0020,0x0861,0x0861,0x0861,0x1082,0x0861,0x1082,0x1082,0x1082,0x0861,
  0x0861,0x0861,0x0861,0x0861,0x0861,0x0861,0x0861,0x0841,0x0020,0x0020,0x0000,0x0020,0x0861,0x10a2,0x10a2,0x0020,
  0x0841,0x0020,0x0020,0x0861,0x0020,0x0020,0x0841,0x0841,0x0841,0x0020,0x0841,0x0020,0x0020,0x0861,0x0861,0x0841,
  0x0020,0x0000,0x0000,0x0020,0x0820,0x0820,0x0841,0x0841,0x1082,0x1061,0x1062,0x1061,0x0821,0x0820,0x0820,0x0841,
  0x0841,0x0821,0x0821,0x0841,0x0841,0x0820,0x0841,0x1061,0x1061,0x1061,0x1081,0x1081,0x0881,0x0881,0x1081,0x1081,
  0x18e4,0x2125,0x1062,0x18a3,0x1062,0x0821,0x18a3,0x2945,0x2945,0x0841,0x0000,0x0000,0x0000,0x1062,0x18c3,0x2124,
  0x3986,0x2062,0x48e5,0xc3f2,0xc3d1,0xd453,0xd4d4,0xd515,0xb4b3,0x7acc,0x61e9,0x7acc,0x7aed,0x732d,0x7b6e,0x4a29,
  0x5209,0x628b,0x72ed,0x72cc,0x7b2e,0x8b8f,0x5a6a,0x2082,0x2904,0x3144,0x3165,0x734c,0x9c91,0x83ad,0xeef9,0xf75b,
  0xf73a,0xff5b,0xff5b,0xf71a,0xf71a,0xf73a,0xf71a,0xf73b,0xff5b,0xeef9,0xf71a,0xff5b,0xf73a,0xf71a,0xf73a,0xff7b,
  0xff7b,0xff5a,0xff5a,0xff5a,0xf73a,0xff5b,0xff7b,0xff7b,0xff7a,0xff7a,0xff5a,0xf719,0xf719,0xff7b,0xff7b,0xff7b,
  0xff7b,0xff5b,0xff7b,0xff9c,0xff9c,0xff7c,0xff9c,0xf77b,0xf75a,0xf77b,0xff7c,0xf75b,0xf73b,0xff5b,0xff5b,0xff5a,
  0xff7b,0xff5b,0xf73a,0xf73a,0xff5b,0xffbc,0xbd32,0xbd32,0xf73a,0xf73a,0xeed8,0xe6b8,0xeef9,0xe698,0xeeda,0xeeda,
  0xeeda,0xeefa,0xdeb9,0xe6fb,0x732d,0x9472,0x9cb4,0xa4d5,0xbd97,0xad36,0xad36,0xb536,0xb536,0xb536,0x838f,0x9c31,
  0x62cc,0x20c4,0x5a8b,0x4a29,0x5229,0x9c72,0x83d0,0x62ab,0x62ab,0x734d,0x732d,0x6b2d,0xc5f7,0xa4d2,0xde99,0xf73b,
  0xf73a,0xe6d8,0xa4d1,0x83ad,0xad13,0xa4b2,0x3986,0x0821,0x8c72,0x8431,0xa536,0x9d15,0xa556,0x7c10,0x0021,0x0020,
  0x0821,0x1041,0x1061,0x0800,0x0820,0x0800,0x0820,0x1041,0x0841,0x0841,0x18a3,0x2925,0x18c3,0x20e4,0x20e4,0x1082,
  0x0841,0x18c3,0x18c3,0x1082,0x1082,0x0861,0x10a2,0x18c3,0x10a2,0x18c3,0x0841,0x1082,0x10a2,0x1082,0x1082,0x10a2,
  0x1082,0x18c3,0x18e3,0x0000,0x0020,0x0841,0x0861,0x1082,0x1082,0x1082,0x18c3,0x1082,0x1082,0x1082,0x18c3,0x10a2,
  0x10a2,0x1082,0x0020,0x0000,0x1082,0x1082,0x0000,0x0861,0x1082,0x1082,0x1082,0x1082,0x1082,0x0841,0x0020,0x0020,
  0x10a2,0x18a3,0x0821,0x0000,0x0841,0x0841,0x0000,0x0021,0x0841,0x1082,0x10a2,0x10a2,0x1082,0x1082,0x1082,0x0861,
  0x0841,0x1082,0x1082,0x1082,0x1082,0x0862,0x0000,0x0021,0x0861,0x0861,0x0861,0x0861,0x0861,0x1082,0x1082,0x0861,
  0x0861,0x0861,0x0861,0x0861,0x0861,0x0861,0x0841,0x0841,0x0841,0x0020,0x0000,0x0000,0x0841,0x0841,0x1082,0x0841,
  0x0841,0x0020,0x0020,0x1082,0x0841,0x0000,0x0841,0x0020,0x0020,0x1082,0x0841,0x0020,0x0841,0x0841,0x0861,0x1082,
  0x0861,0x0000,0x0000,0x0020,0x0840,0x0020,0x0820,0x0841,0x1061,0x0841,0x1061,0x0841,0x0841,0x0821,0x0820,0x0820,
  0x0820,0x0820,0x0820,0x0821,0x0821,0x0820,0x0841,0x1061,0x1882,0x1061,0x1061,0x1081,0x0881,0x0881,0x1081,0x1081,
  0x0841,0x2965,0x1082,0x0862,0x1062,0x10a2,0x0862,0x20e4,0x1082,0x0821,0x0841,0x0000,0x0841,0x1082,0x1082,0x3166,
  0x18a3,0x3925,0x4083,0x820a,0x9a8b,0x7126,0x58a3,0x71c7,0xabcf,0xd4f4,0xccb3,0x9b0d,0x5146,0x5187,0x51c7,0x49a7,
  0x730d,0x7b2e,0x7b0d,0x72cd,0x72ed,0x93d0,0x72ec,0x28c3,0x3965,0x41c6,0x5a69,0x7b6c,0x7b6c,0xc5b5,0xff5b,0xf73a,
  0xff5b,0xeef9,0xf73a,0xf71a,0xf73a,0xff5b,0xf73b,0xf73a,0xff7b,0xff5b,0xff5b,0xff7b,0xff5b,0xf73a,0xf73a,0xff7b,
  0xff5a,0xf73a,0xff5a,0xf75a,0xf73a,0xff5a,0xeef9,0xff5a,0xff5a,0xff7a,0xf75a,0xeed8,0xf73a,0xff7b,0xef1a,0xf73b,
  0xff5c,0xff7c,0xff9c,0xef3b,0xdeb9,0xc5f7,0xce38,0xdeba,0xdeda,0xdeb9,0xce17,0xd679,0xeefb,0xff5c,0xff7b,0xf75b,
  0xff5b,0xff7b,0xff7c,0xff9c,0xff5b,0xff7b,0xe677,0x8bcc,0xacd0,0xf73a,0xf71a,0xf71a,0xf71a,0xd637,0xde99,0xd617,
  0xc595,0xc5d6,0xdeba,0xa4d4,0x734e,0xad36,0x9cb4,0xad36,0xb577,0xad16,0xa4d4,0xb556,0x5a8b,0xacf4,0x7b4e,0x6acc,
  0x4a09,0x62ec,0x2905,0x3987,0x3987,0x83d0,0xa4d4,0xa4d4,0x5229,0x5249,0x8bf0,0x3166,0xad55,0xbdb7,0xb555,0xe6da,
  0xef1a,0xf73a,0xc5d5,0x8bee,0x8c0e,0xa4d2,0x49e7,0x1020,0x6b4d,0x9cf4,0x94b3,0xa556,0x8cb4,0xa515,0x2966,0x0000,
  0x0841,0x1041,0x1041,0x1041,0x1041,0x0820,0x1041,0x1041,0x0821,0x0821,0x18a2,0x3166,0x2904,0x2904,0x18a3,0x1082,
  0x0861,0x18e3,0x18c3,0x1082,0x10a2,0x0841,0x1082,0x18c3,0x18c3,0x10a2,0x1082,0x1082,0x18c3,0x1082,0x0861,0x10a2,
  0x10a2,0x10a2,0x1082,0x0020,0x0861,0x1082,0x0861,0x1082,0x1082,0x1082,0x1082,0x1082,0x1082,0x10a2,0x1082,0x10a2,
  0x10a2,0x1082,0x1082,0x0000,0x0841,0x10a2,0x0861,0x0020,0x0861,0x10a2,0x1082,0x1082,0x1082,0x1082,0x0020,0x0020,
  0x1062,0x18a3,0x18a3,0x0841,0x1062,0x1082,0x1082,0x1082,0x0841,0x0020,0x0020,0x0841,0x0861,0x18c3,0x1082,0x0861,
  0x0861,0x0021,0x1082,0x1082,0x0841,0x0841,0x0020,0x0021,0x0841,0x0861,0x0841,0x0861,0x0861,0x1082,0x1082,0x0861,
  0x0841,0x0861,0x0861,0x0861,0x0861,0x1082,0x0861,0x0841,0x0861,0x0841,0x0020,0x0000,0x0020,0x0861,0x1082,0x0861,
  0x0841,0x0020,0x0000,0x0841,0x0861,0x0841,0x0020,0x0020,0x0841,0x10a2,0x0861,0x0841,0x0841,0x0020,0x18c3,0x1082,
  0x18c3,0x0020,0x0000,0x0821,0x0820,0x0820,0x0820,0x0800,0x1041,0x1082,0x0821,0x0841,0x1061,0x0821,0x0820,0x0820,
  0x0820,0x0820,0x0820,0x0820,0x0820,0x0820,0x0841,0x0841,0x1082,0x1061,0x1061,0x1081,0x0881,0x0881,0x1081,0x1081,
  0x1062,0x2925,0x2104,0x0841,0x1062,0x1082,0x0861,0x0020,0x0841,0x0841,0x0862,0x0841,0x1082,0x0020,0x0841,0x0841,
  0x1082,0x5a6a,0x4946,0x69a8,0xdcb4,0xc3d0,0xab2d,0x9a6a,0x9aaa,0xd451,0xf535,0xecf4,0xcc51,0x8acc,0x4905,0x2862,
  0x836e,0x834e,0x72ed,0x6a8c,0x72ed,0x8b8f,0x838f,0x28a2,0x3965,0x5207,0x5207,0x6aea,0x9c4f,0xff5b,0xef1a,0xf73a,
  0xf73a,0xeefa,0xf73a,0xf75b,0xff7b,0xff7b,0xff7b,0xf75b,0xf73a,0xff5b,0xff7b,0xf73a,0xff7b,0xff9b,0xff9b,0xff5a,
  0xff5a,0xf73a,0xff7b,0xff5a,0xf73a,0xf75a,0xf719,0xff9b,0xf75a,0xf73a,0xff9c,0xd657,0xa4b1,0xe6b9,0xe6fa,0xdeb9,
  0xce38,0xc617,0xb575,0xad55,0xad55,0x9cf4,0xa535,0xbe18,0xb5b7,0xb596,0xb597,0xa515,0xa4d3,0xc5f7,0xde99,0xeefa,
  0xf73a,0xf75b,0xf71a,0xe6b8,0xf71a,0xff7b,0xff9b,0xc573,0x6ae9,0xacf1,0xf71a,0xe698,0xeefa,0xef1b,0xf71b,0xef1b,
  0xde7a,0xe6bb,0xdebb,0x4a09,0x630d,0x9493,0x8c73,0xad57,0xad57,0x9cd5,0xa516,0xa4f5,0x41c8,0xa4b3,0x62ab,0x4186,
  0x3125,0x83af,0x524a,0x5a8b,0x5a8b,0x736e,0x41c8,0x20e4,0x2904,0x5a69,0x9451,0x1042,0x7baf,0xc5f8,0xa514,0xce59,
  0xf77c,0xef3b,0xffbd,0xeed9,0x8bee,0x83ad,0x5a47,0x2902,0x41e7,0xad55,0x8c52,0x9d15,0x94d4,0xb5d8,0x73af,0x0000,
  0x0821,0x1041,0x0841,0x1041,0x1041,0x1041,0x0820,0x0800,0x0820,0x0820,0x1041,0x3966,0x3145,0x20c3,0x18c3,0x18c3,
  0x1082,0x1082,0x18c3,0x10a2,0x18c3,0x0841,0x0861,0x18c3,0x18c3,0x10a2,0x10a2,0x10a2,0x10a2,0x0861,0x0861,0x10a2,
  0x1082,0x10a2,0x10a2,0x0841,0x0861,0x10a2,0x1082,0x1082,0x1082,0x1082,0x1082,0x10a2,0x10a2,0x1082,0x10a2,0x10a2,
  0x10a2,0x10a2,0x10a2,0x0020,0x0020,0x1082,0x0841,0x0000,0x0020,0x0861,0x1082,0x1082,0x0861,0x10a2,0x10a2,0x0000,
  0x0841,0x18c3,0x2104,0x18a3,0x18c3,0x18c3,0x1062,0x0841,0x0861,0x0841,0x0841,0x0020,0x0000,0x0020,0x0861,0x0020,
  0x1082,0x18c3,0x18c3,0x18c3,0x0841,0x0020,0x0020,0x0841,0x0861,0x0841,0x0861,0x0861,0x0841,0x0861,0x1082,0x0861,
  0x0861,0x1082,0x0861,0x1082,0x0861,0x0861,0x0861,0x0861,0x0861,0x1082,0x0841,0x0841,0x0841,0x0841,0x1082,0x0861,
  0x0861,0x0020,0x0020,0x0000,0x0841,0x0841,0x0020,0x0000,0x0020,0x0841,0x0861,0x0841,0x0841,0x0841,0x0861,0x18c3,
  0x18e3,0x0020,0x0000,0x0000,0x0841,0x0820,0x0820,0x0820,0x0841,0x1061,0x0841,0x1061,0x1061,0x0841,0x0820,0x0820,
  0x0821,0x0820,0x0820,0x0820,0x0821,0x0841,0x0821,0x0821,0x1061,0x1061,0x1061,0x1081,0x0882,0x0881,0x1081,0x1081,
  0x1062,0x1082,0x18c3,0x18c3,0x1082,0x0862,0x18e4,0x0861,0x0841,0x0841,0x0020,0x18c3,0x10a2,0x0000,0x0000,0x0000,
  0x2105,0x41e9,0x6a6b,0x4905,0xc432,0xf577,0xf556,0xf515,0xecd3,0xecb2,0xf4f4,0xecb3,0xe4b4,0xdcd4,0x9b6e,0x3063,
  0x624a,0x836f,0x7aed,0x72cd,0x7aed,0x836f,0x8baf,0x4166,0x28c2,0x49c6,0x5a68,0x6aa9,0xe6b8,0xff5b,0xf73a,0xf73a,
  0xf71a,0xef1a,0xf75b,0xf75a,0xf73a,0xf75b,0xf73a,0xf75b,0xf73a,0xf73a,0xf73b,0xf73a,0xff7b,0xff9b,0xf73a,0xf719,
  0xff7b,0xff5a,0xf75a,0xff7b,0xf71a,0xf73a,0xf719,0xf75a,0xf73a,0xff9b,0xef3a,0xdeb8,0x9c90,0x9c91,0xd699,0xad34,
  0x9cd3,0x9cd3,0xad55,0xb597,0xad97,0xbe19,0xadb7,0xb5d8,0xad97,0xad97,0xb5d9,0xbdd9,0xb597,0xb596,0xbdd6,0xd657,
  0xdeb8,0xef1a,0xef1a,0xd656,0xe6d8,0xff5b,0xf75a,0xff5a,0x8bed,0x6aa9,0xd637,0xeefa,0xe699,0xeefb,0xe6ba,0xd618,
  0xd619,0xcdf9,0x5a6b,0x524a,0x5acc,0x5acc,0x3187,0x4a4a,0x9cf5,0xad57,0xb577,0xb577,0x4a2a,0xacf5,0x5a8b,0x3946,
  0x732d,0x83d0,0x5a8b,0x8c11,0x9431,0x7b8f,0x5229,0x1082,0x1020,0x49e7,0xad35,0x2925,0x39c8,0xb5b7,0xad55,0x9cd3,
  0xdeba,0xf75b,0xef1a,0xff9c,0xc5b4,0x62a8,0x5a47,0x49e6,0x2943,0x9cf3,0x8410,0x8411,0x9cf5,0xad77,0xad77,0x2125,
  0x0000,0x1041,0x0841,0x0821,0x1041,0x0820,0x0820,0x1020,0x1040,0x0820,0x1882,0x41a6,0x3945,0x2904,0x3145,0x2945,
  0x0861,0x18c3,0x18c3,0x10a2,0x10a2,0x1082,0x1082,0x18c3,0x10a2,0x10a2,0x10a2,0x10a2,0x1082,0x10a2,0x0861,0x18c3,
  0x10a2,0x1082,0x10a2,0x1082,0x0020,0x1082,0x1082,0x10a2,0x1082,0x1082,0x1082,0x10a2,0x10a2,0x1082,0x1082,0x10a2,
  0x10a2,0x1082,0x18c3,0x10a2,0x0000,0x1082,0x0020,0x0000,0x0000,0x0020,0x1082,0x1082,0x1082,0x1082,0x10a2,0x0861,
  0x0000,0x1082,0x0841,0x0862,0x1062,0x18c3,0x1882,0x1062,0x0841,0x0020,0x0020,0x0841,0x0861,0x0020,0x0000,0x0000,
  0x0000,0x0841,0x0841,0x18e4,0x2945,0x1082,0x0021,0x0861,0x0841,0x0841,0x0861,0x0861,0x0861,0x0841,0x1082,0x0861,
  0x0861,0x1082,0x1082,0x1082,0x0861,0x0841,0x0861,0x1082,0x0861,0x1082,0x0861,0x0861,0x0861,0x0861,0x0861,0x0861,
  0x0841,0x0841,0x0841,0x0000,0x0841,0x0861,0x0020,0x0000,0x0020,0x0020,0x0861,0x0020,0x0020,0x0020,0x1082,0x10a2,
  0x18c3,0x0861,0x0000,0x0821,0x0841,0x0820,0x0820,0x1061,0x1062,0x18a2,0x1061,0x0841,0x0841,0x1061,0x0841,0x0820,
  0x0820,0x0820,0x0820,0x0820,0x0820,0x0820,0x0821,0x0841,0x18a2,0x1882,0x0861,0x1081,0x0881,0x0881,0x1081,0x1081,
  0x18c3,0x20e4,0x18c3,0x2104,0x0862,0x0861,0x10a3,0x1082,0x1082,0x18e4,0x41e8,0x39c8,0x2945,0x1082,0x0000,0x18c3,
  0x2946,0x3146,0x49e9,0x4946,0x8aac,0xe4f5,0xe4d4,0xecb3,0xecb3,0xe472,0xf4f3,0xf514,0xecf4,0xd4d4,0xb432,0x38e5,
  0x28c4,0x62ab,0x6acc,0x6aac,0x624b,0x72cd,0x9c11,0x6aab,0x30e2,0x5206,0x5a47,0xa4b1,0xf73a,0xf73a,0xf73a,0xf73a,
  0xf73b,0xff5b,0xf73a,0xeef9,0xf71a,0xff7b,0xf73a,0xf73a,0xff7b,0xff5b,0xf75a,0xff5a,0xff7b,0xff9b,0xf719,0xf75a,
  0xff9b,0xff7a,0xf75a,0xff7a,0xff7a,0xff9b,0xf75a,0xf75a,0xf75b,0xdeb9,0xc617,0xc5f7,0xb595,0xb596,0xbdf8,0xad56,
  0xb5b7,0xbdf8,0xbdf8,0xad97,0xadb7,0xb5f8,0xa576,0xad97,0xa577,0xad97,0xad97,0xb5d8,0xad97,0xb5d8,0xbdf8,0xc618,
  0xc5f6,0xce37,0xdeb9,0xf71a,0xeed9,0xf719,0xff5a,0xff7b,0xd5f5,0x6287,0x9c4f,0xbd74,0xbd54,0xcdf8,0xd618,0xce19,
  0xb536,0x8c11,0x526b,0x8c32,0x8412,0x9cd5,0x5aec,0x31a7,0x422a,0x7bd1,0xc619,0xc5d8,0x4a29,0xacf4,0x3125,0x41a7,
  0x730c,0x41a7,0x20e4,0x0821,0x4a09,0x736e,0xa4b3,0x9c72,0x3125,0x4186,0xa4d3,0x4208,0x0841,0x9cb3,0xb5b7,0xa535,
  0xb575,0xef3c,0xf75b,0xef1a,0xf73a,0x942e,0x6ac8,0x5a27,0x3102,0x7bae,0xb596,0x5aec,0x9d35,0x9d15,0xbdf9,0x62ed,
  0x0000,0x0841,0x0821,0x1041,0x1861,0x1041,0x0800,0x1021,0x1041,0x1020,0x1041,0x20a3,0x2925,0x3166,0x3165,0x1082,
  0x10a2,0x0841,0x1082,0x10a2,0x10a2,0x10a2,0x10a2,0x10a2,0x10a2,0x18c3,0x10a2,0x1082,0x10a2,0x10a2,0x10a2,0x10a2,
  0x18c3,0x1082,0x18c3,0x10a2,0x0020,0x1082,0x10a2,0x10a2,0x1082,0x1082,0x1082,0x1082,0x10a2,0x10a2,0x1082,0x1082,
  0x1082,0x1082,0x1082,0x0861,0x0000,0x0020,0x0841,0x0000,0x0000,0x0000,0x0020,0x1082,0x1082,0x1082,0x10a2,0x10a2,
  0x0861,0x0000,0x0861,0x0862,0x1082,0x18c3,0x2104,0x0821,0x1082,0x1061,0x18a2,0x18a2,0x1082,0x1082,0x0821,0x0821,
  0x1041,0x1041,0x0821,0x0000,0x10a2,0x0862,0x0841,0x1082,0x0861,0x0861,0x0861,0x0841,0x0841,0x0861,0x0861,0x0861,
  0x1082,0x0861,0x0861,0x0861,0x0841,0x0841,0x0861,0x0861,0x0861,0x0841,0x0861,0x0861,0x0861,0x0861,0x0861,0x0841,
  0x0861,0x0020,0x0020,0x0020,0x0841,0x1082,0x0020,0x0000,0x0841,0x0020,0x0841,0x0020,0x0861,0x0020,0x0841,0x0861,
  0x0861,0x1082,0x0020,0x0861,0x0841,0x0020,0x0841,0x0841,0x1082,0x10a2,0x0861,0x0020,0x0000,0x0000,0x0000,0x0000,
  0x0841,0x0820,0x0820,0x0821,0x0820,0x0820,0x0820,0x0820,0x1082,0x0841,0x0861,0x1081,0x0881,0x0881,0x1081,0x1081,
  0x1082,0x3146,0x18a3,0x0862,0x1062,0x0841,0x0841,0x10a3,0x2104,0x528b,0x630d,0x4209,0x528b,0x20e4,0x0000,0x18e3,
  0x2104,0x2945,0x4a09,0x59c8,0x6167,0xcc52,0xecd4,0xe4b3,0xecd3,0xecb2,0xe471,0xe492,0xed34,0xc472,0x9bd0,0x4187,
  0x0000,0x39a7,0x5249,0x41c8,0x626b,0x72cc,0x8b8f,0x832d,0x4165,0x51e6,0x6aea,0xe6b8,0xf75b,0xf71a,0xeef9,0xf71a,
  0xff5b,0xff5b,0xf71a,0xeef9,0xf71a,0xff5b,0xf75b,0xf75b,0xff5b,0xff7b,0xf73a,0xf75a,0xff7a,0xff5a,0xff7a,0xf759,
  0xff7a,0xff7a,0xff7a,0xff7a,0xf759,0xf75a,0xf77b,0xef1a,0xbdd7,0xa534,0xbdd7,0xbdd8,0xb5d8,0xb5b8,0xa556,0x9d15,
  0xa577,0xad97,0xb5d8,0xad97,0xb5f8,0xad97,0xad97,0xad57,0xad77,0xad97,0x94d4,0xa577,0xa577,0xb5d8,0xb5b8,0xb5d8,
  0xad76,0xb5b6,0xb575,0xd637,0xeef9,0xf6f9,0xff7a,0xf719,0xeef9,0x9c6f,0x6ae9,0x6aea,0x6aeb,0x732c,0x7b6e,0x9411,
  0xb556,0xa4d4,0x9cb4,0x8c32,0x8c73,0x94b4,0x9cd5,0x94b4,0x8412,0x5aac,0xad36,0xc5b8,0x62cb,0x9c72,0x28e3,0x6acb,
  0x3945,0x1861,0x39a7,0x0000,0x1062,0x7baf,0x6b0d,0x3145,0x3105,0x41a7,0xacf4,0x5acb,0x0000,0x4a6a,0xb597,0xbdd8,
  0xad76,0xce38,0xf77c,0xef3a,0xff7b,0xcdf4,0x72e9,0x6aa8,0x4984,0x5207,0xce79,0x426a,0x8472,0x9d15,0xa536,0x9cd5,
  0x0862,0x0000,0x0841,0x0820,0x1041,0x1881,0x1020,0x0821,0x0820,0x1020,0x0821,0x0000,0x18a3,0x2125,0x10a3,0x1082,
  0x0841,0x0861,0x2104,0x2124,0x1082,0x1082,0x10a2,0x1082,0x1082,0x18c3,0x10a2,0x10a2,0x10a2,0x10a2,0x10a2,0x1082,
  0x10a2,0x10a2,0x10a2,0x10a2,0x0841,0x0861,0x1082,0x10a2,0x1082,0x10a2,0x1082,0x1082,0x1082,0x10a2,0x1082,0x1082,
  0x1082,0x1082,0x1082,0x1082,0x1082,0x0000,0x0000,0x0020,0x0020,0x0000,0x0020,0x0861,0x1082,0x0861,0x1082,0x1082,
  0x0861,0x0020,0x0020,0x10a2,0x18e3,0x2124,0x1082,0x0020,0x1082,0x10a2,0x1082,0x18a2,0x1882,0x18a3,0x1882,0x1882,
  0x18a2,0x18a2,0x1882,0x0841,0x0000,0x0000,0x0020,0x0020,0x0020,0x1082,0x0861,0x0861,0x0841,0x0861,0x1082,0x1082,
  0x0861,0x0841,0x0841,0x0861,0x0861,0x0861,0x0861,0x0841,0x0841,0x0841,0x0861,0x0861,0x0841,0x0861,0x0861,0x0861,
  0x0861,0x0841,0x0020,0x0020,0x0000,0x0861,0x0861,0x0000,0x0000,0x0020,0x0020,0x0020,0x0841,0x0841,0x0841,0x0020,
  0x0841,0x0020,0x0020,0x0841,0x1082,0x0000,0x0841,0x0841,0x0020,0x0000,0x0020,0x0841,0x1082,0x0841,0x0000,0x0020,
  0x0820,0x0820,0x0821,0x0820,0x0821,0x0820,0x0820,0x0821,0x0020,0x0000,0x0841,0x0881,0x1081,0x0881,0x1081,0x1082,
  0x1062,0x1062,0x1062,0x0841,0x0841,0x1082,0x2945,0x31a6,0x3186,0x41e8,0x39c8,0x2125,0x4229,0x31a7,0x0020,0x0020,
  0x2125,0x39a7,0x3967,0x59e9,0x48e5,0xbbd1,0xecf5,0xecd4,0xe472,0xe431,0xe472,0xecf4,0xd4b3,0x7a6a,0x72cc,0x4a09,
  0x0000,0x1883,0x5249,0x49c8,0x6acc,0x7b2e,0x8b8e,0x836d,0x51e6,0x49a5,0xacf2,0xff5b,0xeef9,0xeef9,0xf73a,0xff5b,
  0xff5b,0xf71a,0xf71a,0xff5b,0xf71a,0xf71a,0xff5b,0xf75b,0xf73a,0xff7b,0xf73a,0xf739,0xff5a,0xff5a,0xff7a,0xff5a,
  0xff7a,0xff7a,0xff7a,0xff7a,0xff7a,0xf75b,0xef5b,0xc5f6,0xad75,0xbdd7,0xc618,0xbdd8,0xb5b7,0xad76,0xa536,0x8c93,
  0xad77,0xb5d8,0xadb8,0xad97,0xad97,0xa556,0xb5b8,0xad77,0xad97,0xa577,0xad77,0xadb8,0xb5b8,0xb5b8,0xbdf9,0xbdf9,
  0xb5d8,0xb5b7,0xbdd7,0xc5d6,0xeeda,0xf6f9,0xff3a,0xeed8,0xe6b8,0xe697,0x7b6b,0x6aa9,0x6289,0x7b6d,0x940f,0x628a,
  0x5a6a,0x9472,0xad15,0x9493,0x9473,0x9cb5,0x8c73,0x8c73,0xad36,0xad36,0x9473,0x83d0,0x83af,0x8bf0,0x41a7,0x5228,
  0x2082,0x5a6a,0x6aec,0x9452,0xad35,0xce39,0xa4d4,0x5229,0x3966,0x41c8,0x7b8e,0x3186,0x18c3,0x1083,0x9cf5,0xad56,
  0xb577,0xad55,0xce58,0xf77c,0xf73a,0xff5a,0x9c4e,0x6a67,0x6267,0x4184,0xb595,0x8451,0x39e8,0xb5d8,0xa536,0xad97,
  0x424a,0x0000,0x0841,0x1040,0x1061,0x1861,0x1041,0x1040,0x1020,0x0820,0x0800,0x0000,0x18c3,0x18c3,0x2925,0x20e4,
  0x0861,0x0000,0x31a6,0x3186,0x18c3,0x10a2,0x1082,0x18e3,0x18c3,0x1082,0x18e3,0x10a2,0x10a2,0x10a2,0x10a2,0x0861,
  0x1082,0x0861,0x0861,0x10a2,0x0861,0x0020,0x10a2,0x1082,0x1082,0x1082,0x1082,0x1082,0x1082,0x1082,0x1082,0x1082,
  0x1082,0x1082,0x1082,0x10a2,0x1082,0x2945,0x1082,0x0000,0x0841,0x0020,0x0000,0x0020,0x0841,0x1082,0x1082,0x1082,
  0x10a2,0x0861,0x0000,0x0000,0x10a2,0x0861,0x0841,0x0020,0x1082,0x0841,0x0841,0x0841,0x0841,0x0000,0x0820,0x0821,
  0x0841,0x1061,0x0841,0x0020,0x0020,0x0020,0x0820,0x0020,0x0000,0x0000,0x0841,0x0020,0x0841,0x0861,0x0861,0x0861,
  0x0861,0x0861,0x0861,0x0861,0x0861,0x0861,0x0841,0x0841,0x0861,0x0861,0x0841,0x0841,0x0861,0x0861,0x0841,0x0861,
  0x0861,0x0841,0x0020,0x0841,0x0020,0x0000,0x1082,0x0841,0x0020,0x0000,0x0020,0x0000,0x0020,0x0841,0x0020,0x0861,
  0x0020,0x0020,0x0841,0x0020,0x0020,0x0020,0x18c3,0x10a2,0x0020,0x0020,0x0841,0x0020,0x0861,0x1082,0x0841,0x1082,
  0x0841,0x0020,0x0821,0x0820,0x0841,0x0841,0x0841,0x0841,0x0821,0x0020,0x0861,0x0881,0x0881,0x0881,0x1081,0x1082,
  0x0841,0x0841,0x0841,0x18a3,0x18e3,0x39c7,0x39e7,0x2104,0x2986,0x3187,0x2966,0x2946,0x4a6a,0x4a49,0x18c3,0x0020,
  0x18e3,0x39c7,0x39a7,0x6a8b,0x6188,0x926b,0xecf5,0xe493,0xec92,0xec72,0xe493,0xed36,0xa36f,0x830d,0x6b0d,0x736e,
  0x3187,0x0001,0x41c8,0x5a8b,0x7b6e,0x8bf0,0x8bae,0x8bae,0x72eb,0x5a27,0xde57,0xf73b,0xef1a,0xeef9,0xff7b,0xff5b,
  0xff5b,0xff5b,0xf71a,0xeef9,0xf71a,0xf73a,0xf75b,0xf75b,0xff5b,0xf71a,0xff5a,0xff5a,0xf73a,0xff7a,0xff5a,0xff9b,
  0xf77a,0xff7a,0xff5a,0xf719,0xf75a,0xf75b,0xc617,0xb5b6,0xc619,0xb5b7,0xb5b7,0xa556,0xad77,0xa556,0x9d15,0x94d4,
  0xad77,0xa557,0x9d36,0xa577,0xa577,0xa577,0xa577,0xa577,0xb5b8,0xad98,0xbdf9,0xa536,0xad98,0xb5d9,0xb5b8,0xb5b8,
  0xad98,0xb597,0xbdb7,0xc618,0xde78,0xeed9,0xf719,0xf719,0xf6f9,0xff3a,0xc594,0xacf1,0xb533,0x6aea,0x6b0a,0x5a89,
  0x5228,0x734d,0x8c11,0xb536,0xad36,0xad57,0xa4d5,0x9cd5,0x9473,0xad36,0xa516,0x8c12,0xacf5,0x62cc,0x3125,0x6acb,
  0xa4b2,0xc5d7,0xc5d7,0xc5f8,0xbdb7,0xb556,0xcdf8,0xcdf8,0xb556,0x9c93,0x5a8a,0x0861,0x39c7,0x0001,0x632d,0xb5b7,
  0xb5b8,0xbdf8,0xb595,0xe6fa,0xef1a,0xff5a,0xe677,0x7ae9,0x6aa8,0x49e5,0x83ce,0xd69a,0x31a7,0x8452,0xa556,0x94d4,
  0x8cb3,0x0862,0x0020,0x1041,0x1061,0x1061,0x1040,0x1061,0x1061,0x1041,0x0841,0x0000,0x0841,0x2925,0x2125,0x2125,
  0x0841,0x0000,0x18e4,0x3186,0x18c3,0x0841,0x0841,0x0861,0x0861,0x10a2,0x18c3,0x10a2,0x10a2,0x1082,0x1082,0x0841,
  0x1082,0x10a2,0x1082,0x1082,0x1082,0x0841,0x1082,0x10a2,0x10a2,0x1082,0x1082,0x1082,0x1082,0x1082,0x10a2,0x1082,
  0x1082,0x10a2,0x1082,0x1082,0x0861,0x2124,0x3186,0x0861,0x0000,0x0000,0x0000,0x0000,0x0020,0x0841,0x1082,0x1082,
  0x1082,0x1082,0x0861,0x0000,0x0000,0x0841,0x0020,0x0020,0x0020,0x0841,0x0020,0x0020,0x0020,0x0020,0x0000,0x0020,
  0x0000,0x0861,0x0841,0x0000,0x0040,0x0841,0x0841,0x0000,0x0020,0x0000,0x0000,0x0000,0x0000,0x0020,0x0020,0x0841,
  0x0841,0x0861,0x0861,0x0861,0x0841,0x0861,0x0861,0x0861,0x0861,0x0861,0x0841,0x0861,0x0861,0x0841,0x0861,0x0861,
  0x0861,0x0841,0x0020,0x0841,0x0841,0x0020,0x10a2,0x10a2,0x18c3,0x0841,0x0020,0x0841,0x0000,0x0000,0x0000,0x0020,
  0x0841,0x0020,0x1082,0x0841,0x0841,0x0841,0x0861,0x0841,0x0020,0x0841,0x0020,0x0020,0x0020,0x0841,0x1082,0x0841,
  0x1082,0x1082,0x0000,0x0000,0x0020,0x0020,0x0000,0x0861,0x1082,0x0000,0x0841,0x0881,0x1082,0x0881,0x1081,0x1082,
  0x1082,0x18e3,0x2945,0x39c7,0x3186,0x2125,0x2125,0x2966,0x4a6a,0x39c7,0x10a3,0x4a49,0x5acb,0x18c3,0x18e3,0x0020,
  0x1082,0x39e7,0x526a,0x5209,0x6a2a,0x6987,0xe4f5,0xecb4,0xec72,0xdc11,0xe4b4,0xb3d1,0x59a8,0x6aac,0x5acc,0x6b4e,
  0x8411,0x2946,0x0821,0x20c4,0x20c4,0x5229,0x72eb,0x93ee,0x7b4c,0x8bce,0xf71b,0xe6d9,0xf73b,0xef1a,0xf75b,0xff7b,
  0xff7b,0xff3b,0xf71a,0xf71a,0xf73a,0xf73a,0xf71a,0xf73a,0xf73a,0xf71a,0xff7b,0xf75a,0xf719,0xf719,0xeef9,0xff7b,
  0xf73a,0xff5a,0xff7b,0xf75b,0xf77c,0xce37,0xad54,0xc638,0xb5f8,0xadb7,0xa576,0xa556,0xad97,0xb5d8,0xad77,0x9cf5,
  0xa557,0xa556,0xa557,0xa556,0xa536,0xa576,0x9d36,0xad97,0xb5b8,0xb598,0xad77,0xb598,0xad77,0xb577,0xbdf9,0xc5f9,
  0xad97,0xb5b8,0xc618,0xbdb6,0xd658,0xf71a,0xf71a,0xcdb4,0xe677,0xf6fa,0xeed9,0xacf1,0xeeb8,0xf71a,0xacf1,0x62a8,
  0x41a5,0x6b0b,0x5a89,0x7b8e,0x736e,0x9452,0xa4d5,0xb577,0x9cd5,0xa4f5,0xad16,0xa4d4,0xad35,0x3125,0x3125,0x9c52,
  0x83cf,0x8c31,0x6b0d,0x39a7,0x2925,0x1883,0x3166,0x6aec,0x8c31,0x9c72,0xb576,0x3186,0x0000,0x0021,0x3187,0xad76,
  0xb5b8,0xd69b,0xb596,0xb554,0xf75b,0xeef9,0xf71a,0xc573,0x6ac7,0x5a66,0x5227,0xd67a,0x7bf0,0x4a8b,0xadb7,0x94d4,
  0x9d35,0x4249,0x0000,0x18a2,0x1061,0x1061,0x1061,0x1061,0x1882,0x1041,0x0000,0x0000,0x0000,0x2104,0x2125,0x18c3,
  0x2925,0x18c3,0x1082,0x20e4,0x0861,0x0000,0x0000,0x0000,0x0020,0x0861,0x10a2,0x18c3,0x18c3,0x18c3,0x18c3,0x0861,
  0x1082,0x10a2,0x18c3,0x10a2,0x10a2,0x0841,0x0861,0x10a2,0x1082,0x1082,0x1082,0x1082,0x1082,0x10a2,0x1082,0x1082,
  0x10a2,0x10a2,0x1082,0x1082,0x1082,0x0861,0x18e3,0x1082,0x0000,0x0000,0x0000,0x0020,0x0820,0x0020,0x0861,0x1082,
  0x10a2,0x1082,0x10a2,0x0861,0x0020,0x0841,0x1082,0x0861,0x1082,0x0861,0x0861,0x0861,0x0881,0x0882,0x0861,0x0020,
  0x0041,0x0020,0x0020,0x0020,0x0041,0x0020,0x0020,0x0020,0x0020,0x0000,0x0000,0x0000,0x0000,0x0000,0x0000,0x0000,
  0x0020,0x0841,0x0841,0x0841,0x0861,0x0841,0x0861,0x0861,0x0861,0x1082,0x0861,0x0861,0x0861,0x0861,0x0861,0x0861,
  0x0861,0x0861,0x0841,0x0020,0x0020,0x0020,0x0861,0x1082,0x0861,0x1082,0x1082,0x1082,0x0020,0x0020,0x0000,0x0020,
  0x0020,0x0000,0x0841,0x0861,0x0841,0x0841,0x10a2,0x1082,0x0841,0x10a2,0x0861,0x0841,0x0841,0x0841,0x0841,0x0861,
  0x0841,0x1082,0x0841,0x0000,0x0020,0x0000,0x0000,0x0000,0x0841,0x0000,0x0841,0x0881,0x0881,0x0881,0x1081,0x1082,
  0x18a2,0x2945,0x2925,0x2945,0x31a6,0x31a7,0x39e8,0x2125,0x2125,0x4a49,0x2125,0x2104,0x2104,0x2104,0x2925,0x0841,
  0x0000,0x2945,0x4209,0x1883,0x6a4a,0x5105,0xb38f,0xe4b3,0xe473,0xe4f4,0xcc94,0x6a4a,0x3947,0x526b,0x52ac,0x5acc,
  0x8411,0x630d,0x10a3,0x0000,0x0821,0x1882,0x2082,0x5207,0x5a27,0xb533,0xff7c,0xef1a,0xef1a,0xef19,0xf73a,0xf71a,
  0xff5b,0xff5b,0xff5b,0xf73b,0xf73a,0xf71a,0xf75b,0xf73a,0xf71a,0xf73a,0xff5b,0xeed9,0xf73a,0xff5a,0xf73a,0xff7b,
  0xf75a,0xff5a,0xff5b,0xf75b,0xd658,0xad34,0xbdf8,0xbdf8,0xb5d8,0xb5f9,0xb5d8,0xadb8,0xa577,0xb5b8,0xad98,0xa536,
  0xad77,0xad97,0xad97,0xad97,0xad97,0x9d35,0xad76,0xad97,0xb597,0xb576,0x9cb3,0xa535,0xb596,0xc5f8,0xb596,0xbdb7,
  0xbdd7,0xb5b7,0xc638,0xbdd6,0xd638,0xeefa,0xff5b,0xd636,0xbd33,0xeeb9,0xf71a,0xc594,0xacd1,0xff7b,0xff5b,0xde77,
  0x83ac,0x49e5,0x4a06,0x5248,0x5248,0x41a6,0x3125,0x62ab,0xa515,0xa536,0x9cd4,0xad35,0x9452,0x0821,0x524a,0x6b2d,
  0x5a8b,0x2925,0x0841,0x0821,0x4a29,0x9431,0x3166,0x4a09,0x62ab,0x4a4a,0x39a7,0x18a3,0x39e8,0x2945,0x0842,0x9cb3,
  0xb5b7,0xce7a,0xd69a,0xa4f3,0xd658,0xef1a,0xff5b,0xf6fa,0x83ab,0x6ae9,0x5206,0xa4d3,0xd69a,0x52ab,0xa536,0x9d14,
  0xa556,0x73d0,0x0862,0x1082,0x1041,0x1061,0x1041,0x18c2,0x3166,0x39a7,0x20e4,0x10a2,0x0862,0x0841,0x0862,0x18c3,
  0x20e4,0x2104,0x0841,0x10a3,0x0020,0x0000,0x0000,0x0000,0x0841,0x0861,0x0861,0x10a2,0x10a2,0x10a2,0x18c3,0x10a2,
  0x0861,0x10a2,0x10a2,0x18c3,0x18c3,0x0861,0x0841,0x10a2,0x10a2,0x10a2,0x10a2,0x1082,0x1082,0x18c3,0x31a6,0x10a2,
  0x1082,0x1082,0x1082,0x0861,0x1082,0x1082,0x1082,0x0861,0x0000,0x0820,0x0861,0x0841,0x0821,0x0020,0x0841,0x0861,
  0x10a2,0x1082,0x1082,0x10a2,0x0841,0x0020,0x0861,0x1082,0x1062,0x1061,0x1082,0x1082,0x1082,0x10a2,0x1082,0x1062,
  0x1082,0x0882,0x0841,0x0021,0x0020,0x0020,0x0000,0x0020,0x0020,0x0020,0x0020,0x0000,0x0020,0x0000,0x0020,0x0000,
  0x0020,0x0000,0x0000,0x0020,0x0841,0x0861,0x0861,0x0861,0x0861,0x0861,0x0861,0x0861,0x0861,0x0861,0x0841,0x0861,
  0x0861,0x0861,0x0861,0x0841,0x0841,0x0841,0x0000,0x0020,0x0841,0x0841,0x10a2,0x0862,0x0861,0x0021,0x0862,0x0841,
  0x0861,0x0020,0x0020,0x0020,0x0000,0x0020,0x18c3,0x1082,0x18c3,0x0861,0x0861,0x0841,0x0841,0x0861,0x0861,0x0841,
  0x0020,0x0020,0x0861,0x0841,0x0841,0x0000,0x0000,0x0020,0x0000,0x0020,0x0841,0x0881,0x0881,0x0881,0x0881,0x1082,
  0x18c3,0x2124,0x18e3,0x2104,0x31a7,0x3186,0x39c7,0x2104,0x10a3,0x2125,0x2945,0x1082,0x18c3,0x2104,0x39c7,0x20e4,
  0x0000,0x10a2,0x2125,0x0821,0x5a09,0x724a,0x71a8,0xdcd4,0xdcb4,0xdd15,0x6a2a,0x4187,0x4209,0x52cc,0x73b0,0x4a6b,
  0x4a2a,0x632d,0x7bf0,0x31a7,0x4209,0x5a6a,0x41c7,0x30e2,0x51e6,0xde78,0xff5c,0xef1a,0xef3a,0xef1a,0xef1a,0xeef9,
  0xf71a,0xf73a,0xf6fa,0xf73a,0xf73b,0xf73a,0xf73a,0xf75b,0xf73a,0xff7b,0xff5b,0xf71a,0xf73a,0xf73a,0xf73a,0xff5a,
  0xf73a,0xf73a,0xf73a,0xeefa,0xbd95,0xbdb7,0xbdf9,0xb5d8,0xa577,0xb5d8,0xb5d8,0xad77,0xa577,0xa557,0xad77,0xad97,
  0xa556,0xa577,0xad97,0xa577,0xad97,0xad97,0xb5b7,0xb5b6,0xd679,0xe6da,0xe6ba,0xf73c,0xff7d,0xf75c,0xf75c,0xe6fa,
  0xce37,0xce17,0xc5f6,0xc617,0xce16,0xe6d9,0xf73a,0xff5a,0xbd12,0xcdb5,0xff3b,0xeed9,0xacd1,0xeed9,0xf73a,0xff5b,
  0xf71a,0xc5d5,0x7b4b,0x49c6,0x4185,0x4186,0x3125,0x49e8,0x5aab,0x8411,0x9cb3,0xa4f4,0x41c8,0x0000,0x39a7,0x41e8,
  0x20e4,0x0000,0x20e4,0x3166,0x6b2d,0xc5d8,0x39a7,0x62ab,0x8c31,0x83f0,0x1062,0x0000,0x3186,0x39c8,0x0862,0x6b2d,
  0xb576,0xc618,0xef7d,0xbdb6,0xad13,0xe6da,0xff7c,0xff5b,0xcdf5,0x7b2a,0x5a67,0x6b0b,0xe6fb,0x7bf0,0x73d0,0xad76,
  0x9d15,0xb5d8,0x2946,0x0000,0x0820,0x0841,0x0841,0x18c3,0x41e8,0x39c7,0x2104,0x0841,0x18c3,0x0862,0x0841,0x0842,
  0x1082,0x0000,0x18e3,0x0862,0x0861,0x10a2,0x0000,0x0020,0x0000,0x0020,0x0841,0x10a2,0x1082,0x18c3,0x18c3,0x10a2,
  0x10a2,0x18c3,0x18c3,0x10a2,0x18e3,0x2104,0x0841,0x10a2,0x10a2,0x1082,0x1082,0x1082,0x1082,0x10a2,0x3186,0x10a2,
  0x10a2,0x1082,0x1082,0x1082,0x1082,0x1082,0x1082,0x10a2,0x0820,0x0821,0x1082,0x0841,0x0841,0x0000,0x0020,0x0841,
  0x1082,0x1082,0x1082,0x1082,0x1082,0x0841,0x0020,0x1082,0x1082,0x1082,0x1082,0x1082,0x1062,0x1082,0x1061,0x0841,
  0x1082,0x1082,0x0861,0x0861,0x0861,0x0841,0x0041,0x0020,0x0020,0x0000,0x0000,0x0020,0x0000,0x0020,0x0020,0x0841,
  0x10a2,0x0841,0x0000,0x0000,0x0020,0x0000,0x0020,0x0841,0x0861,0x0861,0x1082,0x0861,0x0861,0x0841,0x0861,0x0861,
  0x0861,0x0841,0x1082,0x18c3,0x0020,0x0020,0x0020,0x0841,0x0841,0x0841,0x0021,0x1082,0x10a2,0x0862,0x0862,0x0841,
  0x0021,0x0841,0x0841,0x0861,0x0020,0x0000,0x0841,0x0841,0x0861,0x0861,0x18c3,0x10a2,0x0861,0x0861,0x0841,0x0861,
  0x0841,0x1061,0x0020,0x1082,0x0841,0x0020,0x0000,0x0000,0x0020,0x0020,0x0841,0x0881,0x0881,0x0881,0x1081,0x1082,
  0x2124,0x39e7,0x2965,0x2124,0x4208,0x2125,0x528a,0x4a6a,0x18e4,0x2945,0x18e4,0x18c3,0x18c3,0x2104,0x4208,0x2925,
  0x0000,0x10a2,0x0882,0x0842,0x49c8,0x82ec,0x6146,0xcc72,0xe557,0x9b6f,0x3105,0x62ec,0x636d,0x52ab,0x6b4e,0x7bd0,
  0x5acc,0x5aed,0x4229,0x39a8,0x526a,0x62cc,0x6acb,0x5a28,0x7b4c,0xf6fa,0xf75b,0xef3a,0xef3a,0xef3a,0xef1a,0xf73a,
  0xf71a,0xf6fa,0xeef9,0xf71a,0xff5b,0xf73a,0xf73a,0xf73a,0xeed9,0xff5b,0xff5b,0xff7b,0xf73a,0xf73a,0xf73a,0xff5a,
  0xf73a,0xf71a,0xf75b,0xc5b5,0xbdb6,0xbdd7,0xadb8,0xa598,0x9d36,0xa557,0xad77,0xa557,0xa577,0xa557,0xad77,0xad57,
  0xad97,0xad97,0xa577,0xad77,0xad97,0xbe18,0xb5b7,0xbdd7,0xe6fa,0xff7b,0xff7c,0xf73a,0xf75b,0xf75a,0xeef9,0xf75a,
  0xf75a,0xe6b8,0xc5f5,0xc5d5,0xc5d5,0xde78,0xff7b,0xf71a,0xe677,0xacb1,0xde57,0xf6fa,0xc574,0x9c4f,0xff5b,0xeeda,
  0xeeda,0xff3b,0xf71b,0xbd54,0x7b8d,0x4a07,0x3124,0x62ab,0x7baf,0x7b8f,0x8c31,0x7baf,0x0821,0x0000,0x2925,0x18c3,
  0x528a,0x39e8,0x528a,0x39a7,0x1883,0x6b0d,0x4a09,0x5a6a,0x62ed,0x83d0,0x4a09,0x0000,0x1083,0x39a7,0x2925,0x2105,
  0xa514,0xc5f8,0xf77d,0xdebb,0xa513,0xbd95,0xef3b,0xf77c,0xff7c,0xb512,0x5a47,0x5a48,0xad34,0xce7a,0x52ab,0xad56,
  0xa596,0xadd8,0x634d,0x0000,0x0020,0x0820,0x1041,0x0821,0x18a3,0x31a7,0x2125,0x0000,0x0040,0x1082,0x18c3,0x0862,
  0x0020,0x0020,0x0841,0x0862,0x18c3,0x18e3,0x0841,0x0000,0x0020,0x0841,0x0841,0x1082,0x2104,0x18c3,0x10a2,0x10a2,
  0x10a2,0x10a2,0x10a2,0x10a2,0x18c3,0x2104,0x0841,0x1082,0x10a2,0x10a2,0x1082,0x1082,0x1082,0x1082,0x0861,0x1082,
  0x1082,0x10a2,0x1082,0x10a2,0x1082,0x1082,0x1082,0x10a2,0x18a2,0x1061,0x1082,0x0841,0x0821,0x0821,0x0020,0x0841,
  0x0861,0x1082,0x1082,0x1082,0x1082,0x10a2,0x0841,0x0861,0x10a2,0x10a2,0x10a2,0x1082,0x1082,0x1082,0x1082,0x1082,
  0x0861,0x0861,0x1062,0x1061,0x0861,0x0861,0x0861,0x0861,0x10a2,0x1082,0x0861,0x0841,0x0841,0x0020,0x0841,0x0861,
  0x0861,0x1082,0x0861,0x0020,0x0020,0x0000,0x0000,0x0000,0x0000,0x0861,0x0861,0x0861,0x10a2,0x1082,0x0861,0x0861,
  0x0861,0x0861,0x0841,0x0841,0x10a2,0x0841,0x0020,0x0020,0x0841,0x0020,0x0862,0x18e4,0x10a2,0x1082,0x18c3,0x0861,
  0x0841,0x0020,0x0840,0x0841,0x1082,0x0861,0x10a2,0x0861,0x0020,0x0020,0x10a2,0x0861,0x0841,0x0020,0x0841,0x0020,
  0x0841,0x0020,0x0820,0x1082,0x18a2,0x0020,0x0841,0x0841,0x0020,0x0020,0x0841,0x0881,0x0881,0x0881,0x0881,0x1082,
  0x18e3,0x2104,0x31a7,0x4229,0x39e7,0x2124,0x39e7,0x39c7,0x2965,0x2104,0x2104,0x18a3,0x2104,0x2925,0x41e8,0x4208,
  0x0841,0x0000,0x1904,0x18a3,0x20a4,0x7b0d,0x59c8,0x9baf,0xbcd5,0x30c5,0x5a6a,0x5acb,0x4249,0x4a6a,0x6b4e,0x738f,
  0x736f,0x5aec,0x18e4,0x2966,0x3186,0x526a,0x732d,0x62aa,0x940f,0xff5b,0xf71a,0xf71a,0xf73b,0xf73a,0xf73a,0xf73a,
  0xf73b,0xff5b,0xff3b,0xff5b,0xf73b,0xff5b,0xff5b,0xf73a,0xf71a,0xff5b,0xf71a,0xf71a,0xf73a,0xf719,0xf71a,0xf719,
  0xff5a,0xff5b,0xe6d9,0xb554,0xc5f8,0xb5b7,0xadb8,0xadb8,0xa556,0xa536,0xa577,0xadb8,0xadb8,0xa577,0xa556,0xad77,
  0xa597,0xad97,0xa556,0x9d16,0x9d36,0xb5d7,0xbdf8,0xad35,0xcdf6,0xf75b,0xf75b,0xf75b,0xf73a,0xff7b,0xf75a,0xf739,
  0xf75a,0xf73a,0xf75a,0xe6f9,0xde97,0xf71a,0xff5a,0xe698,0xee98,0xb4f2,0xb4f2,0xf6fa,0xde58,0x732b,0xb533,0xf6fa,
  0xf73b,0xeed9,0xeefa,0xff3c,0xf73c,0xd617,0x940f,0x6269,0x49e7,0x730c,0x83ae,0x6aec,0x1882,0x41a7,0x1042,0x4a09,
  0x83d0,0x734e,0x734e,0x62cc,0x3166,0x0821,0x1882,0x2925,0x5aab,0x7b6f,0x62cc,0x0842,0x1082,0x4a09,0x5aab,0x20e4,
  0x9492,0xad35,0xe6fb,0xf79d,0xce38,0xa4d2,0xce38,0xf77d,0xef1b,0xf73b,0x93ed,0x5206,0x7b6c,0xdedb,0x8411,0x8432,
  0xa577,0xa556,0xa535,0x2145,0x0000,0x0821,0x0821,0x0841,0x0000,0x10a3,0x2925,0x0841,0x0000,0x0021,0x2966,0x18c4,
  0x0841,0x0841,0x0020,0x0020,0x0861,0x0841,0x1061,0x1082,0x0820,0x0841,0x0841,0x0861,0x2124,0x18c3,0x10a2,0x1082,
  0x10a2,0x18c3,0x10a2,0x18c3,0x10a2,0x10a2,0x1082,0x0841,0x10a2,0x18c3,0x10a2,0x18c3,0x1082,0x1082,0x18c3,0x10a2,
  0x1082,0x10a2,0x1082,0x10a2,0x1082,0x0861,0x10a2,0x1082,0x18c3,0x0821,0x1082,0x10a2,0x0821,0x0820,0x1082,0x0020,
  0x0841,0x0861,0x10a2,0x1082,0x1082,0x10a2,0x1082,0x0020,0x0861,0x1082,0x1082,0x1082,0x1082,0x0861,0x1082,0x0861,
  0x0861,0x1061,0x1062,0x1061,0x1082,0x0861,0x0881,0x0861,0x18c3,0x1082,0x1082,0x0841,0x0020,0x0000,0x0020,0x0000,
  0x0841,0x0841,0x0020,0x0020,0x0020,0x0020,0x0000,0x0000,0x0000,0x0000,0x0000,0x0020,0x1082,0x10a2,0x18c3,0x10a2,
  0x0861,0x0861,0x0861,0x0841,0x1082,0x10a2,0x0000,0x0000,0x0841,0x18c3,0x18c3,0x18e3,0x10a2,0x1082,0x10a2,0x1082,
  0x0862,0x18e3,0x18c3,0x0021,0x0861,0x18c3,0x10a2,0x18e3,0x0861,0x0020,0x0020,0x0000,0x0861,0x10a2,0x0020,0x0841,
  0x0000,0x0000,0x0000,0x0841,0x10a2,0x0821,0x0841,0x0861,0x0000,0x0020,0x0861,0x0881,0x0881,0x0881,0x0881,0x1082,
  0x2103,0x2124,0x2945,0x2966,0x3186,0x39e8,0x2124,0x3186,0x3186,0x2945,0x10a3,0x1083,0x18c4,0x2945,0x2925,0x2925,
  0x1082,0x0020,0x2945,0x18c3,0x1883,0x2905,0x41a7,0x49c8,0x5209,0x3146,0x62ec,0x5aab,0x39c8,0x630d,0x73b0,0x630e,
  0x6b4e,0x39e8,0x31c7,0x2104,0x2966,0x39a7,0x732d,0x5a28,0xacb1,0xff7c,0xf71a,0xf71a,0xf71a,0xf71a,0xff5b,0xeef9,
  0xf71a,0xff5b,0xf73b,0xff5b,0xff5b,0xf73b,0xff5b,0xff5b,0xf71a,0xeed9,0xf71a,0xff3b,0xf71a,0xff5b,0xff5a,0xf719,
  0xf719,0xff5b,0xce17,0xb575,0xbe18,0xad76,0xad77,0xad97,0xa556,0xa577,0xb5b8,0xa556,0xa556,0xb5d8,0xadb8,0xad77,
  0xa597,0xa577,0xad57,0xad97,0xa577,0xb5d7,0xc618,0xb575,0xbd94,0xf75b,0xf73a,0xf75a,0xf75a,0xff7b,0xf77b,0xf73a,
  0xef3a,0xf75a,0xf73a,0xf75a,0xf739,0xf73a,0xff3a,0xe678,0xde57,0xeeb9,0x8bad,0xa491,0xe6b9,0xacb1,0x732a,0xad12,
  0xd616,0xf71b,0xf73b,0xf71b,0xff3c,0xf71b,0xf71a,0xd616,0xacd1,0x730b,0x5228,0x3965,0x6aeb,0xa4d3,0x7b8e,0x3966,
  0x522a,0x8bf1,0x6aed,0x732d,0x732d,0x2925,0x0000,0x18a3,0x524a,0x5a8b,0x4a29,0x1083,0x1042,0x4a09,0x5aab,0x3987,
  0x83f0,0xad35,0xdeba,0xf77c,0xef5b,0xb574,0x9cd2,0xd699,0xef3b,0xf71b,0xe698,0x6ac9,0x5206,0xad13,0xd6bb,0xa556,
  0xa576,0x9d15,0xb5d8,0x73cf,0x0000,0x0020,0x0020,0x1061,0x0020,0x0020,0x18c3,0x1082,0x0000,0x0000,0x0841,0x2945,
  0x10a3,0x0861,0x0841,0x0841,0x0000,0x0820,0x1882,0x18c3,0x0020,0x10a2,0x1082,0x0020,0x1082,0x18c3,0x10a2,0x10a2,
  0x18c3,0x18c3,0x18c3,0x10a2,0x18c3,0x10a2,0x1082,0x0841,0x10a2,0x10a2,0x10a2,0x10a2,0x10a2,0x10a2,0x1082,0x10a2,
  0x10a2,0x10a2,0x10a2,0x10a2,0x0861,0x0861,0x1082,0x0861,0x10a2,0x0841,0x0000,0x0841,0x0841,0x0841,0x0000,0x0020,
  0x0000,0x0841,0x1082,0x1082,0x1082,0x1082,0x1082,0x0861,0x0020,0x0841,0x1082,0x1082,0x0861,0x1082,0x1082,0x0861,
  0x1082,0x1082,0x0861,0x1082,0x0861,0x0861,0x0861,0x1082,0x0841,0x0861,0x0841,0x0841,0x0861,0x0020,0x1082,0x0861,
  0x0020,0x0000,0x0000,0x0020,0x0020,0x0000,0x0000,0x0020,0x0000,0x0000,0x0000,0x0000,0x0000,0x0020,0x0020,0x0862,
  0x10a2,0x0841,0x0841,0x0841,0x0841,0x0841,0x1082,0x0020,0x0000,0x10a2,0x1082,0x0841,0x18c3,0x10a3,0x10a3,0x0861,
  0x0841,0x18c3,0x18c3,0x0841,0x0021,0x0861,0x0862,0x0862,0x1082,0x0841,0x0861,0x0020,0x0821,0x0821,0x0820,0x0000,
  0x0841,0x0020,0x0000,0x0020,0x0861,0x0020,0x0841,0x0000,0x0861,0x0841,0x0020,0x0861,0x0881,0x0881,0x0881,0x1082,
  0x18e3,0x3a08,0x4208,0x39c7,0x39c7,0x4228,0x39c7,0x3186,0x18e3,0x18a3,0x20e4,0x2946,0x39c7,0x2945,0x0821,0x0000,
  0x1061,0x1061,0x18e3,0x2905,0x2105,0x20e4,0x41a7,0x1862,0x4a09,0x5aab,0x3186,0x6b6e,0x7bd0,0x73af,0x6b4e,0x6b4e,
  0x6b4e,0x2105,0x3186,0x2104,0x2946,0x5229,0x838e,0x72eb,0xbd54,0xff7c,0xf71a,0xf73b,0xeed9,0xf73a,0xff5b,0xf71a,
  0xff5b,0xff5b,0xff5b,0xf73b,0xf73b,0xf73b,0xff5b,0xff5b,0xff5b,0xff3b,0xff5b,0xff3b,0xeef9,0xff5b,0xff5a,0xff5b,
  0xf73a,0xf73b,0xce17,0xc5f8,0xad96,0xad77,0xadb8,0xa557,0xa556,0xad97,0xb5f9,0xad77,0xa577,0xb5d8,0xad97,0x9d36,
  0xa577,0xadb8,0xb5b8,0xad98,0xad97,0xadd7,0xbdf8,0xc5f7,0xbdb5,0xeef9,0xf75b,0xf73a,0xf75a,0xf75a,0xf75a,0xf75a,
  0xf75a,0xf75a,0xf75a,0xf75a,0xf73a,0xf73a,0xff5b,0xde78,0xd616,0xf6da,0x9c50,0x6248,0xcdd6,0xbd54,0x6268,0x8bee,
  0x72ea,0x7b6d,0x9c71,0xbd55,0xd617,0xeeda,0xeefa,0xf73b,0xf71a,0xff5b,0xd657,0xa4b1,0x83cd,0x942f,0xad13,0x8bef,
  0x4186,0x49e8,0x5229,0x8bf0,0x5229,0x4a09,0x524a,0x5acb,0x3166,0x0841,0x0841,0x0862,0x0861,0x39e7,0x41c8,0x39a7,
  0x630c,0xc618,0xe71b,0xf77c,0xf79c,0xe6d9,0x9cd2,0xad54,0xef3c,0xe6da,0xe6b9,0xc5b5,0x62a9,0x62eb,0xd6db,0xadd8,
  0x9d36,0x9d36,0xad97,0xadb7,0x2986,0x0000,0x0000,0x0000,0x0841,0x0020,0x3165,0x2104,0x0000,0x0000,0x0000,0x18c3,
  0x1082,0x1082,0x1082,0x0841,0x0841,0x0000,0x0841,0x0841,0x0020,0x0861,0x10a2,0x0020,0x1082,0x10a2,0x10a2,0x10a2,
  0x10a2,0x10a2,0x2104,0x18e3,0x18c3,0x10a2,0x10a2,0x0841,0x1082,0x10a2,0x1082,0x10a2,0x1082,0x10a2,0x10a2,0x10a2,
  0x10a2,0x10a2,0x1082,0x10a2,0x1082,0x1082,0x1082,0x0861,0x2124,0x18c3,0x0000,0x1061,0x0841,0x0821,0x0020,0x0000,
  0x0020,0x0000,0x0861,0x0861,0x1082,0x1082,0x1082,0x10a2,0x0841,0x0020,0x1082,0x0861,0x0861,0x0861,0x1082,0x1082,
  0x1082,0x0861,0x1082,0x1082,0x1082,0x0861,0x0861,0x0861,0x0861,0x0841,0x0861,0x0841,0x1082,0x0841,0x10a2,0x2124,
  0x0020,0x0841,0x0020,0x0000,0x0000,0x0020,0x0000,0x0000,0x0840,0x0861,0x0820,0x0820,0x0020,0x0000,0x0000,0x0000,
  0x0020,0x0000,0x0841,0x0841,0x1082,0x18e3,0x0862,0x0841,0x0021,0x0841,0x0861,0x0841,0x0841,0x0841,0x0861,0x0841,
  0x1082,0x1082,0x0841,0x0841,0x0861,0x0862,0x0021,0x0861,0x0841,0x0841,0x1082,0x0841,0x0020,0x0861,0x0000,0x0000,
  0x0841,0x0020,0x0841,0x0861,0x1082,0x1082,0x0841,0x0841,0x0020,0x0020,0x0841,0x1081,0x1081,0x0881,0x1081,0x1082,
  0x10a2,0x2966,0x18c3,0x39a7,0x31a7,0x2945,0x39a7,0x2104,0x18c3,0x2125,0x2125,0x2945,0x39a7,0x1062,0x0800,0x0800,
  0x1882,0x18c3,0x0800,0x2904,0x41e8,0x20e4,0x41c8,0x18c3,0x2925,0x4a4a,0x4209,0x5acc,0x6b4e,0x73af,0x8411,0x8432,
  0x2125,0x1082,0x2946,0x20e4,0x3166,0x49e9,0x6aec,0x628a,0xd637,0xff3b,0xf73b,0xff3b,0xf71a,0xff5b,0xff5b,0xff5b,
  0xf73b,0xf73b,0xf73a,0xf71a,0xf73a,0xff5b,0xff5b,0xff7c,0xff5b,0xff3b,0xff5b,0xff3a,0xf73a,0xff7b,0xff5b,0xf73a,
  0xff5b,0xeefa,0xbd96,0xc618,0xb5b8,0xb5b8,0xadb8,0xadb8,0xad97,0xa556,0xad97,0xad77,0xad77,0xad97,0xad97,0xa577,
  0xb5d8,0xb5d8,0xb598,0xad77,0xadd8,0xadb7,0xad96,0xbdb7,0xc5b5,0xe6b8,0xf75b,0xf75b,0xef1a,0xf73a,0xf75a,0xf75a,
  0xff7b,0xff9b,0xf75a,0xf73a,0xf75a,0xf73a,0xef1a,0xd638,0xcdb6,0xde17,0xcd95,0x8bae,0xcdd7,0xacf3,0x3944,0x942f,
  0x732c,0x5207,0x5228,0x6aeb,0x5a48,0x5a89,0x734c,0x7b6c,0x730a,0xa490,0xde98,0xf75b,0xeef9,0xcdf6,0xbd94,0xacf1,
  0x8bae,0x72eb,0x9c51,0xc596,0xb555,0xad35,0xc5d8,0xa4d4,0x18c4,0x0021,0x10a3,0x10a3,0x18e3,0x18c3,0x4a49,0x526a,
  0x62eb,0xb596,0xe6da,0xff9c,0xef3a,0xef3a,0xded9,0xad54,0xbdb5,0xf75c,0xd658,0xde99,0xce17,0x4a48,0x9cf3,0xcebb,
  0x9d15,0xad97,0x9d56,0xadb7,0x7c31,0x0882,0x2104,0x0000,0x1041,0x1041,0x1082,0x3186,0x0841,0x0020,0x0020,0x18c3,
  0x18e4,0x18a2,0x0861,0x1082,0x0841,0x0000,0x0000,0x0841,0x0020,0x0000,0x0020,0x0861,0x0841,0x18e3,0x10a2,0x10a2,
  0x18c3,0x18e3,0x39e7,0x18e3,0x10a2,0x18e3,0x18c3,0x0841,0x0861,0x18c3,0x10a2,0x10a2,0x1082,0x10a2,0x10a2,0x10a2,
  0x10a2,0x10a2,0x1082,0x10a2,0x10a2,0x1082,0x1082,0x1082,0x1082,0x18c3,0x0020,0x0841,0x0861,0x0821,0x1061,0x0820,
  0x0020,0x0020,0x0000,0x0861,0x1082,0x0861,0x1082,0x10a2,0x1082,0x0020,0x0020,0x0841,0x0861,0x0861,0x0861,0x0861,
  0x0861,0x0861,0x1082,0x1082,0x0861,0x0861,0x0861,0x1082,0x0861,0x0861,0x0841,0x0861,0x0861,0x0841,0x0020,0x0861,
  0x1082,0x1082,0x0861,0x0841,0x0841,0x0020,0x0841,0x0000,0x0841,0x1061,0x0841,0x1062,0x1061,0x0841,0x0821,0x0020,
  0x0841,0x0020,0x0020,0x1081,0x0841,0x18c3,0x10a3,0x1082,0x0861,0x0841,0x0862,0x0841,0x1082,0x0021,0x0841,0x0841,
  0x10a3,0x10a3,0x1082,0x0020,0x0020,0x0861,0x0861,0x0841,0x0841,0x1082,0x10a2,0x0861,0x0841,0x0020,0x0000,0x0861,
  0x1062,0x0841,0x0020,0x0020,0x0841,0x0861,0x1082,0x0020,0x0841,0x0020,0x0840,0x0881,0x0881,0x0881,0x0881,0x1082,
  0x2104,0x18a3,0x2104,0x2925,0x31a7,0x39e8,0x4208,0x10a3,0x18c3,0x2945,0x3187,0x3166,0x1083,0x0800,0x0820,0x1021,
  0x28e3,0x2904,0x0820,0x3166,0x62ec,0x4a29,0x3187,0x2125,0x0862,0x4208,0x4a6a,0x634e,0x52cc,0x5aed,0x6b6f,0x526b,
  0x0842,0x18e3,0x2104,0x2925,0x2946,0x62ab,0x730c,0x6aca,0xe678,0xf71a,0xff3b,0xf71a,0xff5b,0xf73a,0xff5b,0xf71a,
  0xf71a,0xf73a,0xf73b,0xf73b,0xff5b,0xff5b,0xf73b,0xeefa,0xf6fa,0xf71a,0xff5b,0xe678,0xde77,0xff7b,0xff5b,0xf73a,
  0xf71a,0xeeba,0xc5d7,0xbdb7,0xb5d8,0xb5b8,0xad77,0xa557,0xad77,0xa577,0xb5b8,0xad77,0xad77,0xad97,0xad97,0xa577,
  0xa556,0xa577,0xa556,0xad77,0xb5f8,0xb5d7,0xad96,0xbd96,0xc5b5,0xef19,0xef1a,0xf75a,0xff7b,0xff9b,0xff7b,0xff7a,
  0xff7b,0xff9b,0xff7b,0xff7b,0xff7b,0xf75c,0xe6ba,0xbd75,0xc5b6,0xcdd7,0xb4f4,0x9c51,0xc576,0xbd55,0x41a6,0xb534,
  0xde79,0x9430,0x838d,0xa4b2,0x9c91,0x9430,0x6b0b,0x732c,0x9c71,0xacf3,0xb513,0xacd2,0xbd54,0xd636,0xeef9,0xeef9,
  0xe678,0xb4f2,0x8bce,0x7b4c,0x9431,0xacf4,0xa4d4,0xb576,0x8c31,0x5aab,0x2925,0x1083,0x41c8,0x39a7,0x2904,0x5229,
  0x62cb,0xad54,0xde99,0xef3a,0xf73a,0xef1a,0xef1a,0xce37,0xb595,0xd679,0xc5d6,0xb554,0xde78,0xbd75,0x73ad,0xdf1b,
  0x94f4,0x8cd4,0xadb7,0xa556,0xadb8,0x4229,0x3187,0x20e4,0x0000,0x1082,0x0000,0x18c3,0x2125,0x0000,0x0021,0x0841,
  0x2124,0x18c3,0x1082,0x1082,0x10a2,0x1061,0x0000,0x0841,0x18a3,0x0841,0x0861,0x0841,0x0020,0x1082,0x18c3,0x18e3,
  0x2104,0x18c3,0x18c3,0x1082,0x18c3,0x18c3,0x10a2,0x0861,0x0861,0x10a2,0x10a2,0x10a2,0x10a2,0x1082,0x10a2,0x18c3,
  0x10a2,0x1082,0x1082,0x1082,0x1082,0x1082,0x1082,0x1082,0x1082,0x18c3,0x0841,0x0000,0x0820,0x1062,0x1061,0x1061,
  0x0820,0x0020,0x0000,0x0000,0x0861,0x1082,0x0861,0x1082,0x10a2,0x1082,0x0000,0x0020,0x0020,0x0020,0x0841,0x0861,
  0x1082,0x0861,0x0841,0x0861,0x0861,0x0861,0x1082,0x1082,0x1082,0x0861,0x0861,0x0841,0x0841,0x0841,0x0841,0x0020,
  0x0861,0x1082,0x0841,0x1082,0x10a2,0x18c3,0x1082,0x0861,0x1082,0x1061,0x0861,0x1061,0x0841,0x1061,0x0841,0x0821,
  0x0861,0x0861,0x1081,0x0861,0x0020,0x0841,0x0862,0x0821,0x0862,0x0821,0x1082,0x10a2,0x0861,0x0841,0x0821,0x0841,
  0x0841,0x0841,0x0021,0x0841,0x0020,0x0020,0x0841,0x0861,0x1082,0x10a2,0x1082,0x0861,0x0861,0x1082,0x1062,0x1082,
  0x10a2,0x0861,0x0000,0x0020,0x0000,0x0000,0x0020,0x0000,0x0841,0x0020,0x0020,0x1081,0x0881,0x0881,0x0881,0x1082,
  0x2965,0x3186,0x2966,0x2104,0x39e8,0x4209,0x2925,0x10a3,0x10a2,0x1082,0x2945,0x2125,0x0000,0x0821,0x1061,0x2904,
  0x28e3,0x20c3,0x0820,0x2924,0x4a28,0x528a,0x2104,0x18e4,0x0041,0x4a6a,0x52cc,0x52ac,0x7bd0,0x4209,0x6b4e,0x528b,
  0x1082,0x18e3,0x2966,0x39c7,0x3146,0x5a4a,0x5a6a,0x730b,0xf6fa,0xf73b,0xff3b,0xeefa,0xff3b,0xff5b,0xff5b,0xff3a,
  0xf71a,0xf71a,0xf73b,0xf73b,0xff5b,0xff5b,0xf71a,0xcdf6,0xf71a,0xff5b,0xff3b,0xde77,0xde57,0xff5b,0xf73a,0xff5b,
  0xff3a,0xeefa,0xcdf7,0xb596,0xb597,0xb5b8,0xad97,0xad97,0xad97,0xad77,0xad97,0xb5b8,0xadb8,0xad77,0xb5b8,0xad97,
  0xa597,0xad77,0xa536,0xb5b8,0xb5f8,0xadb7,0xb5d7,0xc5d7,0xad12,0xeef9,0xef19,0xef19,0xff7a,0xff9b,0xff7a,0xff7a,
  0xff7b,0xff5a,0xff7b,0xff7b,0xf75b,0xe6da,0xc5f7,0xc5b7,0xcdd7,0xd618,0xbd55,0xad14,0xcdf7,0xbd75,0x41c7,0x9431,
  0xeefb,0xff7d,0xd638,0x9450,0x9430,0xa4d3,0xb555,0xbd55,0xb4f4,0xbd55,0xde59,0xd638,0xcdd6,0xbd54,0xacf2,0xa490,
  0xc574,0xf6fa,0xde17,0x8bad,0x9c71,0xbd75,0xb534,0xb576,0xa4d4,0xbd96,0xa4d3,0x732d,0x41e8,0x2905,0x49c7,0x6acb,
  0x4a28,0x9cd2,0xd637,0xf75b,0xf77b,0xf75a,0xf77b,0xef3b,0xce58,0xce38,0x9471,0x4a07,0x942f,0xd658,0xbdb6,0xdeda,
  0xbe18,0x94b3,0xa555,0x9d36,0xadb8,0x9d15,0x2125,0x41e8,0x20e4,0x0821,0x0000,0x1062,0x2965,0x0021,0x0020,0x0020,
  0x10a2,0x18e3,0x10a2,0x10a2,0x18c3,0x10a2,0x0820,0x0020,0x10a2,0x1082,0x0020,0x0861,0x0841,0x0861,0x10a2,0x10a2,
  0x10a2,0x18c3,0x18c3,0x18e3,0x10a2,0x10a2,0x10a2,0x10a2,0x1082,0x10a2,0x10a2,0x2104,0x18c3,0x1082,0x10a2,0x1082,
  0x10a2,0x10a2,0x1082,0x1082,0x1082,0x1082,0x1082,0x1082,0x0862,0x10a3,0x1082,0x0000,0x0020,0x10a2,0x0841,0x1061,
  0x0841,0x0861,0x0020,0x0000,0x0020,0x0861,0x1082,0x1082,0x0861,0x10a2,0x1082,0x0020,0x0020,0x0000,0x0020,0x0841,
  0x0020,0x0861,0x0861,0x0861,0x0841,0x0861,0x0861,0x1082,0x0861,0x0861,0x0861,0x0861,0x0841,0x0861,0x0861,0x0861,
  0x1082,0x0841,0x0841,0x10a2,0x1082,0x10a2,0x10a2,0x1082,0x2104,0x20e4,0x1062,0x0841,0x0821,0x0861,0x0821,0x0020,
  0x0840,0x1081,0x10a2,0x0861,0x0841,0x0861,0x0021,0x0000,0x0000,0x0861,0x0841,0x1082,0x1062,0x0861,0x0841,0x0020,
  0x0841,0x0020,0x0841,0x0841,0x0841,0x10a3,0x10a2,0x1082,0x1082,0x1081,0x10a2,0x1082,0x1082,0x0820,0x1082,0x1082,
  0x10a2,0x0861,0x0841,0x0000,0x0020,0x0020,0x0000,0x0020,0x0000,0x0000,0x0841,0x0881,0x0881,0x0881,0x1081,0x1082,
  0x18e3,0x18e3,0x18c3,0x4a49,0x2125,0x10a2,0x18e3,0x18c3,0x10a2,0x18c3,0x10a2,0x1062,0x0000,0x1061,0x20a3,0x3125,
  0x28e4,0x28e4,0x1041,0x1021,0x41e8,0x3186,0x1082,0x2966,0x0021,0x2946,0x630d,0x52ac,0x738f,0x8411,0x528b,0x18a3,
  0x18c3,0x2104,0x3187,0x41e8,0x41c8,0x524a,0x628a,0x8bce,0xff3b,0xf71a,0xf71a,0xf71a,0xff3b,0xf71a,0xf73a,0xff5b,
  0xff5b,0xff5b,0xff5b,0xff5b,0xf73b,0xf73b,0xf73b,0xf73a,0xf71b,0xff3b,0xff3b,0xff5b,0xff5b,0xff5b,0xff7b,0xff5a,
  0xf73a,0xf71a,0xce37,0xb596,0xb597,0xad97,0xa536,0x9d16,0xad77,0xb5b8,0xad77,0xad97,0xa556,0xa577,0xb5d8,0xadb8,
  0xb5f8,0xadb8,0xad77,0xb5d8,0xadb7,0xadd7,0xad96,0xbdb6,0xbd74,0xff7b,0xff5b,0xf73a,0xff5a,0xff7a,0xf719,0xf739,
  0xff7b,0xff7b,0xf73a,0xf73a,0xff7c,0xce58,0xbd96,0xbdb7,0xbd97,0xc5d8,0xbd76,0xad14,0xad35,0xbdb7,0x3166,0x9c93,
  0x9472,0xc5d7,0xef3c,0xdeba,0xce17,0x9c71,0x8bef,0xa4b3,0xacd3,0x9431,0x93f0,0xb514,0xe699,0xeeda,0xd617,0xd5f6,
  0xa490,0x9c0e,0x8bcd,0x8bad,0xb513,0x9c70,0x9450,0x9c91,0xb555,0xb535,0xb555,0xbd76,0xad14,0x628a,0x41a6,0x730c,
  0x5a89,0x9c91,0xd677,0xff9b,0xf75a,0xf75b,0xff9b,0xf77b,0xdeb9,0xd679,0xb514,0x49c7,0x4185,0x7b6d,0xa4b2,0xde99,
  0xe71b,0xad96,0xa535,0xa556,0x94d5,0xb5d8,0x6b6e,0x1083,0x5aab,0x2945,0x0000,0x0841,0x4229,0x18c3,0x0000,0x0000,
  0x1082,0x18e3,0x18c3,0x10a2,0x18c3,0x10a2,0x1082,0x0020,0x1082,0x1082,0x0020,0x0841,0x0841,0x0841,0x10a2,0x10a2,
  0x1082,0x1082,0x10a2,0x1082,0x18c3,0x18c3,0x10a2,0x18c3,0x10a2,0x10a2,0x10a2,0x18c3,0x18e3,0x10a2,0x10a2,0x1082,
  0x1082,0x10a2,0x10a2,0x10a2,0x10a2,0x10a2,0x0861,0x1082,0x1082,0x1082,0x20e4,0x0020,0x0020,0x18c3,0x1081,0x0840,
  0x1082,0x10a2,0x0020,0x0020,0x0000,0x0841,0x1082,0x0861,0x0861,0x1082,0x1082,0x0861,0x0020,0x0020,0x0000,0x0000,
  0x0000,0x0000,0x0841,0x0841,0x0841,0x0861,0x0861,0x0861,0x0861,0x0861,0x0861,0x0861,0x0861,0x0861,0x1082,0x0020,
  0x1082,0x0841,0x0861,0x0841,0x1082,0x1082,0x1082,0x0841,0x18e4,0x18c3,0x0861,0x1082,0x0841,0x1082,0x0820,0x0000,
  0x0000,0x0020,0x0020,0x0841,0x0020,0x0020,0x0000,0x0000,0x0000,0x0820,0x0000,0x0000,0x0861,0x0841,0x0861,0x18a2,
  0x0841,0x0020,0x0862,0x0862,0x10a2,0x2945,0x18c3,0x18e4,0x10a2,0x0020,0x0841,0x0861,0x18a2,0x18c3,0x1062,0x18c3,
  0x18e3,0x18c3,0x0020,0x0841,0x0841,0x0020,0x0841,0x0861,0x0020,0x0020,0x0841,0x0881,0x1081,0x0881,0x1081,0x1082,
  0x18c3,0x2104,0x2945,0x2125,0x1082,0x10a3,0x2124,0x10a2,0x0840,0x1081,0x18c3,0x1062,0x0821,0x1882,0x1883,0x2904,
  0x18a3,0x20e4,0x20c3,0x1861,0x3165,0x1062,0x3166,0x39a7,0x18a3,0x10a3,0x6b4e,0x528b,0x62ed,0x8411,0x3187,0x1062,
  0x1082,0x2104,0x3186,0x3146,0x41c8,0x732d,0x628a,0x9c4f,0xff7c,0xeed9,0xf73b,0xf73b,0xff3b,0xf73a,0xf73a,0xff5b,
  0xff5b,0xff5b,0xf73b,0xf73b,0xf73b,0xff5b,0xf73b,0xff5b,0xf73b,0xff3b,0xf71a,0xff3b,0xf73a,0xf73a,0xeef9,0xeed8,
  0xf73a,0xeef9,0xd657,0xb596,0xb5b7,0xad97,0x9d15,0x9d15,0x9d36,0xadb8,0xb5d8,0xa577,0x9d15,0xa577,0xad97,0xad77,
  0xadb8,0x9d35,0xb597,0xb5b8,0xad97,0xadd7,0xb5b7,0xbd96,0xcdf5,0xff7b,0xff5b,0xff7b,0xf73a,0xff7a,0xf739,0xf739,
  0xff7a,0xff7b,0xff5a,0xff7b,0xef1a,0xb554,0xbdd7,0xbdb7,0xbdb8,0xc5f8,0xbdd8,0x9cf3,0x9472,0xce7a,0x39a7,0x9493,
  0x83f1,0x6b2e,0x9cd4,0xdedb,0xe6da,0xeefa,0xcdf7,0x7b6d,0x83ae,0xb514,0xc595,0x9c50,0x8bce,0xc574,0xf6fa,0xf71a,
  0xb511,0xde56,0xd616,0xa490,0x8bcd,0xa491,0xe6b9,0xb534,0x9450,0x9450,0xa4d2,0xad13,0xce17,0x7bad,0x62a9,0x732b,
  0x5248,0x9c91,0xde78,0xff7b,0xf75a,0xf75a,0xff7b,0xf77b,0xef3c,0xd659,0xe69a,0x9c51,0x4186,0x5a28,0x8bae,0x942f,
  0xc5d6,0xe73c,0x8431,0x8c93,0x9d16,0xad77,0xa556,0x3187,0x2946,0x632d,0x10a2,0x0000,0x2104,0x39c7,0x0020,0x0020,
  0x1082,0x18c3,0x10a2,0x10a2,0x1082,0x18c3,0x18e3,0x0020,0x0841,0x10a2,0x0841,0x0841,0x0861,0x0841,0x10a2,0x2945,
  0x18c3,0x10a2,0x18c3,0x0861,0x0000,0x0861,0x1082,0x1082,0x1082,0x1082,0x10a2,0x10a2,0x18c3,0x10a2,0x1082,0x10a2,
  0x1082,0x1082,0x10a2,0x10a2,0x10a2,0x10a2,0x1082,0x1082,0x1082,0x1082,0x18e3,0x0841,0x0020,0x1082,0x0861,0x0020,
  0x0840,0x0861,0x0861,0x0020,0x0000,0x0020,0x0020,0x1082,0x0861,0x1082,0x1082,0x10a2,0x0861,0x0000,0x0020,0x0841,
  0x0861,0x0020,0x0000,0x0000,0x0020,0x0861,0x0841,0x0861,0x0861,0x0861,0x1082,0x0841,0x0841,0x0861,0x0841,0x0841,
  0x0000,0x0841,0x0841,0x0861,0x0861,0x0861,0x0841,0x0841,0x0841,0x1082,0x0841,0x0862,0x0861,0x1082,0x0840,0x0040,
  0x0020,0x0000,0x0000,0x0000,0x0000,0x0000,0x0000,0x0020,0x0821,0x0841,0x1061,0x1061,0x0841,0x0841,0x0841,0x18c3,
  0x10a2,0x0841,0x1082,0x0861,0x1082,0x2965,0x2945,0x2124,0x1082,0x0840,0x0861,0x0841,0x0841,0x0841,0x1061,0x1082,
  0x20e3,0x0841,0x10a2,0x1082,0x0841,0x0020,0x0020,0x0020,0x0020,0x0000,0x0040,0x0881,0x1081,0x0881,0x1081,0x1082,
  0x10a2,0x2945,0x2125,0x10a2,0x1082,0x1082,0x10a2,0x1081,0x1082,0x18c3,0x2945,0x2104,0x0020,0x1082,0x1082,0x0821,
  0x0821,0x18a2,0x2924,0x18a2,0x1041,0x2904,0x3186,0x2104,0x0861,0x0821,0x528b,0x7bd0,0x7bb0,0x4209,0x18c4,0x18e4,
  0x10a3,0x2946,0x3187,0x3166,0x5aab,0x7b6e,0x49c6,0xacf2,0xff7c,0xeed9,0xf73b,0xf71a,0xf71a,0xff3a,0xf71a,0xf73a,
  0xff5b,0xff5b,0xf73b,0xf73b,0xf73b,0xf73b,0xff5b,0xf73b,0xf73b,0xff5b,0xf71a,0xf73b,0xf73a,0xff7b,0xb512,0xc594,
  0xff7b,0xff7b,0xde78,0xc617,0xc618,0xbdf8,0xa536,0x9d36,0xa556,0xad97,0xadb8,0xad77,0x9d16,0xa557,0xad97,0xad77,
  0xadb8,0xa556,0xb5f9,0xad97,0xadb7,0xb5d7,0xbe18,0xbdd6,0xde97,0xff7b,0xf73a,0xff5a,0xeef9,0xff5a,0xf73a,0xf719,
  0xff5a,0xff5a,0xff7c,0xe6b9,0xc5d6,0xb575,0xad55,0xad96,0xc5f9,0xbdd8,0xbdd8,0x9493,0x8c31,0xd69b,0x3187,0x6b4e,
  0x9cf5,0x8c52,0x39c8,0x5acc,0xad34,0xd638,0xeefa,0xde57,0xa491,0x838d,0xa4b1,0x9c50,0x9c2f,0x93ee,0xb4d1,0xb4f1,
  0xcdb4,0xff5a,0xf73a,0xff7b,0xde57,0xbd53,0xeef9,0xff9c,0xe6f9,0xd657,0x9cb0,0x83ed,0x8bee,0x62e9,0x83cd,0x940e,
  0x6289,0x7b6c,0xd636,0xff9b,0xf75a,0xff7b,0xff7b,0xf75a,0xf75b,0xef1b,0xde58,0xd638,0x93cf,0xa492,0xa470,0x9c2f,
  0x942f,0xe6fa,0x9c92,0x5aec,0xad77,0xa556,0xa556,0x8c52,0x0842,0x39c8,0x5acb,0x1082,0x18c4,0x2104,0x0841,0x0841,
  0x1082,0x18c3,0x18a3,0x18c3,0x10a2,0x1082,0x20e3,0x1082,0x0820,0x0861,0x1082,0x0841,0x1062,0x0841,0x0841,0x2965,
  0x2124,0x1082,0x18c3,0x18c3,0x1082,0x10a2,0x18c3,0x1082,0x1082,0x1082,0x1082,0x1082,0x18c3,0x18c3,0x1082,0x1082,
  0x1082,0x1082,0x10a2,0x10a2,0x1082,0x1082,0x1082,0x0861,0x1082,0x1082,0x20e4,0x18c3,0x0000,0x0841,0x0861,0x0000,
  0x0861,0x0841,0x0861,0x0861,0x0020,0x0000,0x0020,0x0861,0x1082,0x1082,0x1082,0x1082,0x18c3,0x0861,0x0020,0x0020,
  0x18e3,0x18a2,0x0821,0x0841,0x0020,0x0000,0x0000,0x0000,0x0861,0x0020,0x1082,0x0841,0x0861,0x0861,0x1082,0x0862,
  0x0021,0x0020,0x0841,0x0841,0x0020,0x0841,0x0841,0x0841,0x0841,0x0861,0x0862,0x0841,0x0841,0x0841,0x0841,0x0861,
  0x0841,0x0841,0x0020,0x0020,0x0000,0x0020,0x0020,0x0841,0x0861,0x0841,0x1082,0x0861,0x0861,0x0841,0x0820,0x0820,
  0x0820,0x0020,0x0020,0x0861,0x0841,0x1082,0x18c3,0x20e4,0x0862,0x1062,0x0841,0x1062,0x0841,0x0020,0x0861,0x18c3,
  0x1062,0x18c3,0x10a2,0x1082,0x0841,0x0861,0x0861,0x0861,0x0841,0x0020,0x0861,0x1081,0x0881,0x0881,0x0881,0x0881,
  0x10a2,0x2104,0x2945,0x18e3,0x0861,0x1082,0x1062,0x1082,0x10a3,0x18e3,0x0862,0x2945,0x0861,0x1062,0x1082,0x0841,
  0x1082,0x20c3,0x18a2,0x1882,0x1041,0x3145,0x2104,0x18a3,0x2945,0x0841,0x4209,0x736f,0x526b,0x3166,0x18a3,0x18c3,
  0x20e4,0x2966,0x2104,0x2925,0x5aab,0x7b4e,0x5228,0xc595,0xff5c,0xf73b,0xf75b,0xf73a,0xf71a,0xf71a,0xff3b,0xf73b,
  0xf71a,0xf73a,0xff5b,0xf73b,0xf71a,0xf73a,0xf73b,0xf73b,0xff3b,0xff3b,0xff3b,0xff3b,0xff3b,0xf73a,0xeed9,0xf71a,
  0xde57,0xa4b0,0xde78,0xd678,0xc5f7,0xb597,0xad97,0xadb8,0xa577,0xadb8,0xa577,0x9d35,0xa577,0xa577,0xad97,0xa577,
  0xadb7,0xa577,0xa577,0xb619,0xadb7,0xb5b6,0xc618,0xc5f6,0xeed9,0xff7b,0xff5a,0xff5a,0xf73a,0xff5a,0xf71a,0xf719,
  0xf73a,0xf71a,0xe699,0xbd75,0xc618,0xbdf8,0xad76,0xadb7,0xad97,0xad77,0xb577,0x8c31,0x83f1,0xd69b,0x2105,0x18e4,
  0x94b3,0x94b4,0x7bf1,0x5aac,0x62cc,0x9c91,0xe699,0xf6b9,0xeeb8,0xcdd5,0xde57,0xb4f1,0xa44f,0xc574,0x93ee,0xb4f2,
  0xff7b,0xff3a,0xf719,0xf719,0xff7b,0xeef9,0xcdd4,0xf739,0xff9b,0xffbb,0xf77b,0xde97,0xb552,0x8bed,0x62c8,0x6b0a,
  0x6ae9,0x6287,0x8bac,0xde56,0xff7b,0xff7b,0xff5a,0xff7a,0xff7b,0xf73b,0xeefa,0xe679,0xd618,0xa471,0xcdd6,0xa490,
  0x9c6f,0xb533,0xde79,0x4a29,0x8411,0xb597,0x9cf5,0x9d15,0x632d,0x0021,0x4229,0x528b,0x4a4a,0x2105,0x39a7,0x3145,
  0x18a3,0x3187,0x3166,0x18e3,0x10a3,0x1081,0x2104,0x2924,0x0821,0x1061,0x1082,0x0821,0x1061,0x1082,0x0020,0x18c3,
  0x2945,0x4a49,0x3186,0x2104,0x18e3,0x18e3,0x18e3,0x18e3,0x2104,0x2124,0x18c3,0x18e3,0x10a2,0x10a2,0x1082,0x1082,
  0x10a2,0x1082,0x10a2,0x10a2,0x1082,0x1082,0x1082,0x0861,0x0841,0x1082,0x18c3,0x2104,0x0000,0x0861,0x1082,0x0000,
  0x0020,0x0841,0x1082,0x1082,0x1061,0x0000,0x0000,0x0040,0x0861,0x1082,0x1082,0x1082,0x1082,0x1082,0x0861,0x0000,
  0x0841,0x20e4,0x18c3,0x0841,0x0020,0x0000,0x0000,0x0020,0x0000,0x0020,0x0000,0x0021,0x0841,0x18e3,0x18c3,0x1082,
  0x0841,0x0000,0x0841,0x0862,0x0861,0x0841,0x0841,0x0840,0x0841,0x0861,0x0861,0x0861,0x1082,0x0840,0x0861,0x0840,
  0x0840,0x0841,0x0861,0x0841,0x0861,0x0021,0x0841,0x0841,0x0861,0x0841,0x0841,0x0821,0x0841,0x0841,0x0840,0x0841,
  0x0840,0x0020,0x0000,0x0000,0x0000,0x0820,0x1041,0x0841,0x1082,0x0861,0x10a2,0x0862,0x18a3,0x1062,0x0861,0x18a3,
  0x10a3,0x0862,0x18e3,0x10a2,0x1082,0x1082,0x1082,0x0862,0x1082,0x0000,0x0861,0x1081,0x0881,0x0881,0x0881,0x0881,
  0x2124,0x2124,0x3186,0x4229,0x0862,0x1082,0x1082,0x1082,0x1082,0x0861,0x18c3,0x20e3,0x1882,0x18a3,0x3166,0x41a7,
  0x2904,0x20c3,0x2904,0x20e3,0x1061,0x20c3,0x3145,0x18a3,0x18c3,0x1082,0x1083,0x7baf,0x5acc,0x18e4,0x1083,0x10a2,
  0x10a2,0x1082,0x18c3,0x2925,0x2925,0x732d,0x5208,0xd617,0xff7c,0xf73b,0xf73b,0xf73a,0xff5b,0xff5b,0xff5b,0xf71b,
  0xff3b,0xf73b,0xf73a,0xff5b,0xf73b,0xf71a,0xf73a,0xf73b,0xeefa,0xf71a,0xff5b,0xeefa,0xf71a,0xeeb8,0xff5b,0xff9c,
  0xacd1,0x3943,0xcdf5,0xeefa,0xb595,0xad75,0xb5b7,0xad97,0xad77,0xadb8,0xa556,0xa576,0xa576,0xa556,0xa556,0xa577,
  0xa576,0xa577,0xa597,0xb619,0xb5b8,0xb5d7,0xbdf7,0xc617,0xeed9,0xff5a,0xff5a,0xff7b,0xff5a,0xf73a,0xff3a,0xff5a,
  0xf739,0xde98,0xb554,0xc5d7,0xbdf8,0xbdf8,0xb5f8,0xad97,0xad97,0xa556,0xb597,0x9452,0x8c52,0xce59,0x31a7,0x2966,
  0x39e8,0x94b4,0x7bb0,0x9473,0x8c10,0x49e7,0x838c,0xd5d5,0xeeb8,0xf6f9,0xf6f9,0xff7b,0xe677,0x940e,0xb4d1,0xff5b,
  0xff5a,0xff5a,0xff7b,0xf719,0xeed8,0xff7b,0xd656,0xd636,0xff7b,0xf77a,0xef19,0xf73a,0xff9b,0xf75a,0xbd73,0x9c8f,
  0xacf1,0xb532,0xacd1,0xbd53,0xeed8,0xff5a,0xff5a,0xff7a,0xf75a,0xff5b,0xf73b,0xe699,0xeefb,0xde37,0xb4f2,0xe677,
  0xa490,0x8bad,0xbd54,0x83cf,0x528b,0xb597,0xa516,0x94d5,0xad77,0x4229,0x1082,0x4a6a,0x39c8,0x39c8,0x6b4d,0x5249,
  0x39a6,0x39a7,0x4a49,0x10a3,0x1082,0x2104,0x2104,0x18c3,0x0020,0x1082,0x2104,0x0841,0x1082,0x18c3,0x0861,0x10a2,
  0x18e3,0x2965,0x4a49,0x3186,0x18e3,0x18c3,0x2124,0x18e3,0x2945,0x2124,0x18e3,0x2124,0x10a2,0x10a2,0x10a2,0x1082,
  0x1082,0x1082,0x1082,0x10a2,0x10a2,0x10a2,0x1082,0x0861,0x0861,0x0861,0x10a2,0x18e3,0x0841,0x0000,0x0861,0x0861,
  0x0020,0x0841,0x10a2,0x20e4,0x18e3,0x0841,0x0020,0x0000,0x0841,0x1082,0x1082,0x0861,0x1082,0x1082,0x18e3,0x0020,
  0x0861,0x1082,0x0841,0x0841,0x0841,0x0861,0x0020,0x0020,0x0841,0x0861,0x0840,0x0841,0x0841,0x0020,0x1082,0x0861,
  0x0000,0x0000,0x0841,0x1082,0x0841,0x0841,0x0841,0x0841,0x0841,0x0021,0x0041,0x0841,0x1082,0x0861,0x0861,0x0841,
  0x0841,0x0841,0x0841,0x0020,0x1082,0x0861,0x0862,0x2104,0x1082,0x0020,0x0000,0x0821,0x0020,0x0840,0x0841,0x0841,
  0x0840,0x0841,0x0840,0x0820,0x0841,0x0820,0x0841,0x1061,0x18a2,0x20e3,0x18a2,0x18c3,0x10a2,0x10a2,0x0020,0x0000,
  0x0841,0x1082,0x0841,0x0862,0x0841,0x10a2,0x0861,0x0862,0x0020,0x0020,0x0861,0x1081,0x0881,0x0881,0x0881,0x0881,
  0x2124,0x18e3,0x18c3,0x4229,0x2945,0x0020,0x1082,0x1082,0x1062,0x1082,0x20e4,0x1082,0x20c3,0x28e4,0x20c4,0x3966,
  0x2904,0x2904,0x20e3,0x2904,0x20a3,0x3125,0x2925,0x20e4,0x1082,0x2125,0x0841,0x5aec,0x3186,0x0862,0x18e4,0x2124,
  0x2125,0x10a2,0x18c3,0x3146,0x41c8,0x5a8b,0x5a69,0xe699,0xf73b,0xeefa,0xef1a,0xf73a,0xf73a,0xf73a,0xff5b,0xf71b,
  0xf71a,0xff7c,0xf73b,0xf73a,0xf73b,0xf71a,0xf73b,0xff5b,0xeed9,0xeed9,0xf73b,0xf71a,0xf73a,0xff7b,0xf71a,0xf71a,
  0xe677,0xe657,0xf6f9,0xf6fa,0xeefa,0xce37,0xbdd7,0xad76,0xad97,0xbe19,0xa556,0xad77,0xa577,0xa556,0xad97,0xb5b8,
  0xa576,0xa577,0xa577,0xb5b8,0xadb7,0xb5d7,0xbdf7,0xd678,0xeef9,0xff3a,0xff5a,0xff5a,0xff3a,0xff7b,0xff7b,0xff5a,
  0xef19,0xd637,0xb574,0xce59,0xb5b7,0xad97,0xad97,0xa577,0xad77,0xa536,0xb5b8,0x9493,0x9c93,0xc619,0x2105,0x7bf0,
  0x2125,0x4209,0x8432,0x8c32,0x8c51,0x5268,0x49e6,0x8bcd,0xc5b4,0xd636,0xe697,0xcdd5,0xcdb4,0xbd52,0xf719,0xff7b,
  0xff5a,0xff3a,0xf73a,0xff5a,0xf73a,0xff7b,0xff5a,0xbd73,0xcdf5,0xf75a,0xef19,0xf73a,0xff7b,0xff7b,0xff9b,0xeed8,
  0xd636,0xd615,0xd636,0xeef9,0xff5a,0xff7a,0xff7a,0xff7a,0xf75a,0xf73a,0xff5b,0xf71a,0xe6b9,0xff3a,0xd5f5,0xb532,
  0xee97,0xacd0,0xb532,0xcdf6,0x4a29,0x7baf,0xad56,0x9cf5,0xa536,0x9cf5,0x31a7,0x2966,0x4209,0x2925,0x4a08,0x5269,
  0x39a6,0x3965,0x5aab,0x39a7,0x0001,0x0862,0x10a2,0x18c3,0x0841,0x0861,0x18e3,0x2104,0x0861,0x18c3,0x0861,0x0841,
  0x2104,0x18c3,0x10a2,0x2104,0x2124,0x2124,0x2945,0x2124,0x2945,0x10a2,0x10a2,0x18c3,0x0861,0x18c3,0x2104,0x18e3,
  0x18c3,0x0861,0x0841,0x0861,0x0861,0x1082,0x1082,0x0861,0x0861,0x1082,0x1082,0x2104,0x18c3,0x0000,0x0020,0x18c3,
  0x0000,0x18c3,0x1082,0x10a2,0x1082,0x18c3,0x0861,0x0000,0x0000,0x0861,0x1082,0x1082,0x1082,0x1082,0x10a2,0x10a2,
  0x0020,0x0000,0x0000,0x0841,0x10a2,0x1082,0x0861,0x0841,0x0861,0x1082,0x0861,0x0861,0x0861,0x0020,0x0000,0x0000,
  0x0000,0x0000,0x0000,0x1082,0x2104,0x10a3,0x0861,0x1082,0x10a2,0x0861,0x0020,0x0841,0x0861,0x0861,0x0861,0x0841,
  0x0861,0x0861,0x0841,0x0841,0x0020,0x0841,0x0841,0x0862,0x0841,0x0020,0x0841,0x0020,0x0841,0x0841,0x0820,0x0841,
  0x0841,0x0841,0x0840,0x0820,0x0840,0x0840,0x0820,0x0820,0x1061,0x1061,0x18a2,0x18c2,0x10a2,0x0841,0x0820,0x0021,
  0x0020,0x0841,0x0862,0x1082,0x1082,0x1082,0x1082,0x0841,0x0021,0x0021,0x0861,0x0881,0x1081,0x0881,0x0881,0x0881,
  0x4228,0x18e3,0x0862,0x2125,0x4a49,0x31a7,0x0841,0x0000,0x10a2,0x1082,0x18c3,0x10a2,0x18a3,0x1883,0x1062,0x1042,
  0x28e4,0x2924,0x20c3,0x28e3,0x20a3,0x1041,0x2904,0x18a3,0x2104,0x2925,0x0000,0x3186,0x3a08,0x18e4,0x2105,0x2104,
  0x18e4,0x10a2,0x10a3,0x1082,0x39a7,0x62cc,0x5a6a,0xeeda,0xf73b,0xf73a,0xef1a,0xf73a,0xf71a,0xf71a,0xff3b,0xf6fa,
  0xf73b,0xff5b,0xff5b,0xf73b,0xf73b,0xf73b,0xf73b,0xff5b,0xf73b,0xff5b,0xff3b,0xf71a,0xf71a,0xff5b,0xf71a,0xeed9,
  0xff5b,0xff5b,0xff3a,0xf719,0xff5a,0xf73b,0xce17,0xb575,0xad97,0xad97,0xb5b8,0xa577,0xad77,0x9d15,0xad77,0xad97,
  0xa576,0xa597,0xb5f9,0xb5f8,0xad97,0xb5b7,0xbdd6,0xd678,0xff5b,0xff3a,0xf73a,0xf719,0xf719,0xff5a,0xff5a,0xff3a,
  0xef3a,0xc5f6,0xb5b6,0xb5d7,0xad97,0xadb8,0xa577,0xad97,0xa536,0xa556,0xa515,0x6b0d,0xa4f4,0xad56,0x0000,0x528b,
  0x632d,0x0883,0x7bf1,0x8411,0x5acb,0x5a68,0x6ac9,0x730a,0x8bac,0xb511,0xc593,0xcdf4,0xeef8,0xff9b,0xff7b,0xff5a,
  0xff7a,0xff5a,0xf73a,0xff5a,0xff5a,0xff5a,0xff7a,0xeef9,0xb552,0xbd93,0xe6d8,0xff7b,0xff7b,0xf75a,0xff5a,0xff7b,
  0xff7b,0xeed8,0xcdd4,0xc593,0xcdf4,0xde76,0xf718,0xff7a,0xff7a,0xff9b,0xff7b,0xf71a,0xf73a,0xff3a,0xf719,0xc593,
  0xb4f0,0xee97,0xee98,0xde57,0x7b8d,0x3166,0xad56,0xa557,0x8432,0xa536,0x9493,0x2105,0x2105,0x20e4,0x1882,0x732c,
  0xce17,0x8bef,0x5a69,0x734d,0x62cc,0x18c3,0x0841,0x0841,0x0841,0x0841,0x2124,0x2104,0x0862,0x0861,0x1082,0x0841,
  0x10a2,0x18e3,0x39e7,0x31a6,0x18e3,0x2104,0x3186,0x2945,0x2104,0x18e3,0x10a2,0x18c3,0x1082,0x0861,0x18e3,0x18c3,
  0x0861,0x2104,0x18c3,0x0861,0x0861,0x0841,0x0841,0x0841,0x0841,0x0861,0x0861,0x18e3,0x2965,0x0020,0x0841,0x0881,
  0x0020,0x1082,0x31a6,0x0000,0x0841,0x0841,0x18e4,0x10a2,0x0841,0x0020,0x0861,0x1082,0x1082,0x1082,0x1082,0x10a2,
  0x18c3,0x0000,0x0000,0x0020,0x0020,0x0841,0x0841,0x0841,0x0861,0x1081,0x0861,0x0840,0x0861,0x0841,0x0020,0x0020,
  0x0000,0x0840,0x0820,0x0000,0x18c3,0x10a2,0x10a2,0x18e4,0x2104,0x0861,0x0821,0x0821,0x0821,0x0841,0x0841,0x0861,
  0x1082,0x0861,0x0841,0x0841,0x0861,0x0841,0x0841,0x1082,0x0020,0x0861,0x0861,0x0020,0x18c3,0x2124,0x0020,0x0020,
  0x0841,0x0820,0x0841,0x0841,0x0840,0x0820,0x0840,0x0840,0x0820,0x0820,0x0840,0x0840,0x0840,0x0841,0x0000,0x0841,
  0x0020,0x0020,0x0862,0x1082,0x10a2,0x1082,0x0021,0x1082,0x0841,0x0020,0x0861,0x0881,0x1081,0x0881,0x0881,0x0881,
  0x2966,0x18e4,0x10a3,0x2125,0x3187,0x4229,0x2965,0x2945,0x0041,0x0841,0x0841,0x1082,0x0841,0x0020,0x0841,0x1041,
  0x20c3,0x2924,0x28e4,0x20c3,0x20c3,0x1862,0x1882,0x20c3,0x2904,0x1082,0x0821,0x0861,0x3186,0x2946,0x2946,0x1083,
  0x2125,0x2125,0x1082,0x2946,0x4a09,0x62ab,0x7b6d,0xf71b,0xf73b,0xeefa,0xf71a,0xf73a,0xeef9,0xf6fa,0xff3b,0xf71a,
  0xf73b,0xf73a,0xf71a,0xf71a,0xf73b,0xff5b,0xff5b,0xff5b,0xf73b,0xf71a,0xff5b,0xf73b,0xf71a,0xf73a,0xff5b,0xff3a,
  0xff3b,0xff5b,0xff3a,0xff3a,0xf719,0xef1a,0xd678,0xbdb6,0xb5d8,0xb5f9,0xa576,0x9d15,0xa576,0xa556,0xa556,0xad77,
  0xad97,0xb5d8,0xb5d8,0xb5b8,0xb5b8,0xad76,0xb554,0xb554,0xb532,0xe697,0xf73a,0xf73a,0xff3a,0xff5a,0xff5a,0xff3a,
  0xf73a,0xb574,0xa513,0xad96,0xadb7,0xb5d9,0xadb8,0xad97,0xa556,0xb5d8,0x4a4a,0x3987,0xbdb7,0xad15,0x0862,0x1083,
  0x528b,0x2966,0x738f,0x62ec,0x5269,0xde98,0xde77,0xe6b8,0xeed8,0xf75a,0xff9b,0xffbb,0xff9b,0xff7a,0xff5a,0xff7a,
  0xff7a,0xff3a,0xde77,0xe6b8,0xff5a,0xf73a,0xf75a,0xff7b,0xff7a,0xe6d8,0xbd93,0xc5b3,0xe6b8,0xf719,0xff9b,0xff5a,
  0xf73a,0xff7b,0xff9b,0xff5a,0xe6b7,0xcdf4,0xbd52,0xcdd3,0xd635,0xe6b7,0xeed8,0xf739,0xff7b,0xff9b,0xff3a,0xf739,
  0xcd93,0xa44e,0xc552,0xe697,0xc5b5,0x4a08,0x2966,0x8c53,0xad57,0xa516,0xad57,0x83f1,0x1063,0x41e8,0x3986,0x838d,
  0xeefa,0xf73c,0xb554,0x62aa,0x8c10,0x62cb,0x39a7,0x18c3,0x0842,0x0841,0x10a3,0x2125,0x0841,0x1082,0x10a2,0x0861,
  0x10a2,0x4208,0x2104,0x18c3,0x18c3,0x2965,0x18c3,0x18e3,0x2104,0x18c3,0x10a2,0x2104,0x2104,0x0861,0x1082,0x18e3,
  0x0020,0x0861,0x2945,0x2945,0x18e3,0x18e3,0x10a2,0x0861,0x0020,0x0861,0x0861,0x10a2,0x2104,0x0861,0x0020,0x1082,
  0x0021,0x0021,0x2965,0x1082,0x0020,0x0861,0x1082,0x2945,0x1082,0x0000,0x0841,0x1082,0x0861,0x10a2,0x1082,0x10a2,
  0x18c3,0x0861,0x0020,0x0862,0x0861,0x0841,0x0020,0x0000,0x0020,0x0040,0x0841,0x0861,0x0020,0x0020,0x0000,0x0000,
  0x1061,0x1061,0x0841,0x0821,0x0000,0x0000,0x0821,0x18c3,0x0861,0x0820,0x0820,0x10a2,0x1062,0x0020,0x0841,0x0841,
  0x0021,0x0841,0x0021,0x0841,0x0841,0x0841,0x0841,0x0020,0x0861,0x0861,0x0841,0x0861,0x0861,0x2945,0x2104,0x1082,
  0x0841,0x0820,0x0821,0x0841,0x0820,0x0840,0x0820,0x0840,0x0840,0x0840,0x0840,0x0840,0x0841,0x0841,0x0000,0x0020,
  0x0841,0x0841,0x18c3,0x0021,0x10a2,0x0000,0x0841,0x0861,0x0861,0x0020,0x0862,0x1082,0x1082,0x0881,0x0881,0x0881,
  0x2965,0x18e4,0x39c7,0x20e4,0x2104,0x1082,0x4208,0x528a,0x39e8,0x2125,0x0000,0x0000,0x0000,0x0000,0x0020,0x0000,
  0x20c3,0x20c3,0x28e3,0x2904,0x20c3,0x1882,0x18a2,0x18a3,0x3125,0x3125,0x0841,0x0000,0x2104,0x3166,0x2104,0x2925,
  0x2105,0x2104,0x20e4,0x41e8,0x732d,0x5a8b,0x838d,0xff3c,0xf73b,0xef1a,0xef1a,0xf73a,0xff5b,0xff3b,0xff3b,0xf73b,
  0xf73b,0xf73b,0xf73b,0xf73b,0xff5b,0xff5b,0xf73b,0xff5b,0xff3b,0xff3b,0xff3b,0xf73b,0xff3b,0xf71a,0xff7b,0xff5b,
  0xf73b,0xff5b,0xff5a,0xf6f9,0xf719,0xf73a,0xd657,0xbdd6,0xad76,0xadb8,0xbe19,0xa556,0xad97,0xad97,0xad77,0xb5d8,
  0xb5d8,0xadb7,0xb5d8,0xad77,0xb5b7,0x7bcf,0x83cf,0x730b,0x6ae9,0x838b,0x9c6f,0xeed8,0xff9b,0xff7b,0xff5a,0xeed8,
  0xde98,0xbd94,0x9cf3,0xad76,0xb5d8,0xa577,0xa556,0xad77,0xa536,0xa536,0x5aec,0x62ec,0xd65a,0x9cb3,0x62ec,0x4209,
  0x0862,0x6b6e,0x528b,0x3166,0x630b,0xc5d5,0xff7b,0xeef9,0xf739,0xff7a,0xff7a,0xff7a,0xff7a,0xff7a,0xff5a,0xff7a,
  0xff5a,0xff5a,0xd636,0xcdd4,0xeed8,0xff7b,0xff5a,0xf75a,0xf75a,0xff7a,0xf75a,0xd656,0xc5b4,0xc593,0xe6d8,0xff7a,
  0xff7a,0xeed8,0xff5a,0xf739,0xff7a,0xffbb,0xf739,0xeed8,0xd615,0xcdd4,0xcdd4,0xa4d0,0xa4d0,0xc573,0xeed8,0xe6b7,
  0xff5a,0xeeb7,0x93ec,0xcdd4,0xf71a,0xce17,0x734d,0x9493,0xad77,0xad56,0x9cd4,0xad36,0x738f,0x0821,0x734e,0x9410,
  0xc5d6,0xf75c,0xf73b,0xbd75,0x6b0b,0x732d,0x6b0c,0x4a09,0x3987,0x41e8,0x4a09,0x2104,0x1082,0x0841,0x18c3,0x1062,
  0x0841,0x2965,0x3186,0x2124,0x39c7,0x18c3,0x18e3,0x2104,0x18e3,0x2965,0x18c3,0x18e3,0x39c7,0x18c3,0x1082,0x2945,
  0x4a69,0x18c3,0x2945,0x2965,0x18c3,0x2104,0x2124,0x2104,0x0861,0x0861,0x1082,0x0861,0x18c3,0x18c3,0x0000,0x0020,
  0x1082,0x0021,0x18e3,0x18c3,0x0021,0x0020,0x1082,0x10a2,0x2104,0x0020,0x0020,0x0861,0x1082,0x1082,0x1082,0x1082,
  0x1082,0x10a2,0x0841,0x0841,0x1082,0x0861,0x0861,0x0841,0x0841,0x0841,0x0000,0x0000,0x0000,0x0000,0x0000,0x0000,
  0x1062,0x1882,0x1062,0x1062,0x1041,0x1062,0x0841,0x0821,0x1061,0x0000,0x0820,0x0841,0x18c3,0x18c3,0x1082,0x1082,
  0x0862,0x0021,0x0862,0x0841,0x0020,0x0020,0x0841,0x0841,0x0861,0x0841,0x0861,0x0861,0x18c3,0x18c3,0x0841,0x0862,
  0x0841,0x0861,0x0000,0x0020,0x0861,0x0840,0x0840,0x0020,0x0841,0x0841,0x0840,0x0841,0x0841,0x1061,0x0841,0x0841,
  0x0841,0x0000,0x0841,0x1082,0x0841,0x0000,0x0861,0x18c3,0x0841,0x0841,0x0862,0x0881,0x0881,0x0881,0x0881,0x0881,
  0x2104,0x4a49,0x39e8,0x41e8,0x4a6a,0x2125,0x10a2,0x2104,0x4229,0x39c8,0x4209,0x2945,0x18e4,0x0020,0x0000,0x0020,
  0x0820,0x20a3,0x20c3,0x28e3,0x2904,0x1882,0x0820,0x20e4,0x3145,0x20c3,0x1882,0x0000,0x18c3,0x39c7,0x2925,0x3166,
  0x20e4,0x20e4,0x20e4,0x39a7,0x6aed,0x41c7,0x8bef,0xff7c,0xeefa,0xf75b,0xf75b,0xf71a,0xf73a,0xff3b,0xff3b,0xf73b,
  0xf71a,0xf71a,0xff5b,0xff5b,0xff5b,0xeed9,0xff5b,0xff5b,0xeeda,0xff3b,0xff3b,0xf73b,0xf73a,0xf6f9,0xf71a,0xff3b,
  0xf75b,0xef1a,0xf73a,0xf719,0xeef8,0xeef9,0xd678,0xbdb6,0xad96,0xb5b8,0xad97,0xa536,0xb5b8,0xad77,0xad97,0xad97,
  0xa576,0xa577,0xad97,0xad98,0xad56,0x7baf,0x83ef,0xcdd6,0xeef9,0xcdb4,0x8bed,0x940d,0xf73a,0xff9b,0xf73a,0xff3a,
  0xef1a,0xbdb5,0xa533,0xbdf7,0xad97,0xb5b8,0xad77,0xa536,0x9d15,0xa556,0x9473,0x734e,0xd63a,0x734e,0x6b2d,0x83f1,
  0x0021,0x6b2d,0x5aab,0x2945,0x9c91,0xacf2,0xde98,0xf73a,0xeed8,0xff5a,0xff5a,0xff7a,0xff5a,0xff5a,0xff5a,0xff59,
  0xff7a,0xff5a,0xff9b,0xf719,0xbd73,0xde56,0xf73a,0xff5a,0xef19,0xf739,0xff7a,0xff9b,0xff7b,0xde77,0xc593,0xc593,
  0xde56,0xeef8,0xff7a,0xff7a,0xeef8,0xf739,0xff9b,0xff59,0xf75a,0xff5a,0xf739,0xeed8,0xcdf4,0xb4f1,0xb511,0xb4f1,
  0xb4f1,0xd614,0x940c,0xc572,0xf6f9,0xe699,0xd679,0xc5f8,0xad76,0xad97,0xb5b8,0xbdf9,0xc619,0x4a2a,0x8bf0,0xbd75,
  0x9c71,0xe6da,0xeefa,0xff5b,0xa491,0x62aa,0x8bcf,0x730d,0x5a4a,0x62cc,0x4a29,0x39c7,0x1082,0x0000,0x10a2,0x10c2,
  0x0020,0x2104,0x4208,0x39e7,0x4a49,0x2124,0x2945,0x31a6,0x18e3,0x18e3,0x18c3,0x18c3,0x2104,0x18e3,0x1082,0x2124,
  0x39e7,0x31a6,0x31a6,0x2124,0x18e3,0x18e3,0x3186,0x2945,0x0861,0x0841,0x1082,0x1082,0x10a2,0x2945,0x0020,0x18c3,
  0x20e4,0x0861,0x0000,0x18c3,0x0862,0x0021,0x0821,0x18c3,0x0862,0x0841,0x0000,0x0841,0x1082,0x1082,0x0861,0x1082,
  0x0881,0x18c3,0x10a2,0x0020,0x0861,0x1082,0x0841,0x1082,0x0861,0x10a2,0x1082,0x0020,0x0841,0x0020,0x0000,0x0000,
  0x0821,0x1862,0x1062,0x1041,0x1041,0x1041,0x1061,0x0820,0x0820,0x1061,0x0861,0x0821,0x0020,0x1061,0x0841,0x0861,
  0x10a3,0x18c3,0x0861,0x0841,0x0021,0x0020,0x0020,0x0020,0x0020,0x0021,0x0841,0x0861,0x0841,0x0841,0x0041,0x0041,
  0x0841,0x0841,0x0841,0x0861,0x18c3,0x1082,0x0841,0x0861,0x0820,0x0841,0x0841,0x0841,0x0841,0x0841,0x0841,0x0841,
  0x0821,0x0000,0x0000,0x0841,0x0861,0x0020,0x0841,0x0841,0x0841,0x0020,0x0861,0x1082,0x1081,0x0881,0x0881,0x0881,
  0x4208,0x39e7,0x3186,0x4229,0x39e8,0x2125,0x18e3,0x18e4,0x2925,0x2946,0x4a4a,0x39c8,0x4229,0x31a7,0x18e4,0x0841,
  0x0820,0x1041,0x1882,0x1882,0x20a3,0x20a3,0x0821,0x1041,0x3124,0x20c3,0x1041,0x1041,0x1062,0x18a3,0x18a3,0x2925,
  0x41e8,0x4a09,0x4a09,0x5a6a,0x5a8a,0x49a7,0x9c51,0xff7c,0xeefa,0xf73b,0xff5b,0xf71a,0xeed9,0xff3a,0xff3b,0xff3b,
  0xff3b,0xf71b,0xf73b,0xf71a,0xf71b,0xff5b,0xff3b,0xff5b,0xf6fa,0xf71a,0xff5b,0xf71a,0xf73a,0xf73a,0xeeb8,0xf71a,
  0xff5c,0xf73b,0xf73a,0xff5a,0xff3a,0xeef9,0xd678,0xb595,0xb5b7,0xb5b8,0xa556,0xa556,0xa576,0xa576,0xb5d8,0xa576,
  0xa556,0xad97,0xa556,0xb5b7,0x83f0,0x7baf,0x9430,0xc595,0xe6b8,0xe6b8,0xf73a,0xacf1,0xde56,0xff9b,0xff5a,0xf73a,
  0xf73a,0xd678,0xb5b5,0xbdf7,0xa556,0xad97,0xa536,0xa536,0xad77,0xb5b8,0x62ed,0x4a29,0xc5b7,0x41c7,0x0000,0x83f1,
  0x4209,0x10a3,0x83f0,0x2946,0x6b2c,0xbd95,0xb532,0xf739,0xef18,0xf759,0xff7a,0xff7a,0xff5a,0xff5a,0xf739,0xf719,
  0xff5a,0xff5a,0xff5b,0xe698,0xcdf6,0xc5d5,0xcdd5,0xe698,0xef19,0xf75a,0xf73a,0xf73a,0xff5a,0xff7b,0xf739,0xe6b7,
  0xc593,0xbd32,0xcdf4,0xe6b7,0xff7a,0xf75a,0xf75a,0xff5a,0xff7b,0xff9b,0xe6f9,0xf75b,0xffdc,0xff9b,0xff5a,0xeef9,
  0xde76,0xaccf,0x836a,0xde55,0xff7a,0xde77,0xbd95,0xc5f8,0xc5f8,0xb597,0x8c52,0x5aac,0xb577,0xa4d4,0x8c11,0xb575,
  0xb513,0xcdf6,0xff7c,0xff5b,0xf6fa,0x836c,0x49c6,0x5a08,0x5208,0x62cb,0x732d,0x6acb,0x5a8a,0x20e4,0x1042,0x18c3,
  0x10a2,0x0861,0x4208,0x39a6,0x2124,0x2125,0x31a6,0x3186,0x20e4,0x3186,0x2124,0x2925,0x2104,0x2945,0x1082,0x2945,
  0x2124,0x3186,0x2124,0x2104,0x2965,0x2945,0x2104,0x3186,0x2104,0x0861,0x1082,0x0861,0x1082,0x18c3,0x1082,0x0021,
  0x18e3,0x0841,0x0000,0x0861,0x18c3,0x10a2,0x0821,0x0020,0x0861,0x0841,0x0841,0x0020,0x1082,0x1082,0x1082,0x1082,
  0x10a2,0x10a2,0x18e3,0x1082,0x0841,0x0861,0x1082,0x0861,0x0841,0x0861,0x0861,0x0841,0x10a2,0x1082,0x18c3,0x10a2,
  0x0000,0x1061,0x0841,0x0821,0x0821,0x1041,0x1041,0x1041,0x1061,0x1061,0x0840,0x0841,0x0841,0x0000,0x0000,0x0000,
  0x0861,0x1082,0x1082,0x18c3,0x0861,0x0841,0x0841,0x0841,0x0020,0x0020,0x0021,0x0841,0x0841,0x0841,0x0041,0x0041,
  0x0841,0x0841,0x0021,0x0020,0x1082,0x1082,0x0861,0x1082,0x0020,0x0821,0x0821,0x0821,0x0841,0x0821,0x0820,0x0820,
  0x0820,0x0821,0x0020,0x0020,0x0841,0x1082,0x0841,0x0861,0x0841,0x0861,0x1062,0x0881,0x0881,0x0881,0x0881,0x0881,
  0x2124,0x0841,0x0841,0x2104,0x2124,0x2945,0x2945,0x2125,0x39c7,0x2125,0x3186,0x18e4,0x4a29,0x4229,0x4a49,0x18c3,
  0x0020,0x1062,0x18c3,0x2904,0x18a3,0x20e4,0x20c3,0x1862,0x20c3,0x1041,0x1861,0x1061,0x0820,0x0000,0x0000,0x0000,
  0x1882,0x3145,0x5229,0x628a,0x8bcf,0x6269,0xa491,0xf75c,0xeef9,0xf71a,0xf71a,0xf73a,0xf71a,0xf73a,0xf73a,0xff3b,
  0xf71a,0xf71a,0xff3b,0xf73b,0xf71a,0xff3b,0xf73b,0xff3b,0xff5b,0xff3b,0xf71a,0xff3a,0xff3b,0xff5b,0xf73b,0xf73b,
  0xff5b,0xf71a,0xf73a,0xff5a,0xf73a,0xf71a,0xd638,0xc5d7,0xbdd8,0xb5b8,0xad77,0xa556,0xa576,0x94f4,0x94d4,0xadb7,
  0xa576,0xa576,0xad97,0xa514,0x630c,0x6b2c,0x7b8d,0x7b8d,0x942e,0x9c6f,0xde56,0xcdb4,0xe6b8,0xff9b,0xf73a,0xf719,
  0xef1a,0xd677,0xbdd6,0xad76,0xa556,0xa577,0xad98,0xb597,0xa536,0xad56,0x526a,0x6b2d,0xb555,0x2925,0x3166,0x2946,
  0x8c52,0x10a3,0x52ac,0x62ed,0x3167,0xb576,0xa4d1,0xbd93,0xf779,0xef59,0xff7a,0xff7a,0xff7a,0xff7a,0xff5a,0xf739,
  0xf739,0xff7a,0xe6b9,0xbd75,0xcdf7,0xc5b7,0xc5b6,0xbd75,0xc595,0xe698,0xf71a,0xf71a,0xff5b,0xf719,0xf73a,0xff9b,
  0xff9b,0xef19,0xce15,0xb511,0xbd93,0xf73a,0xf75b,0xf73a,0xff7c,0xef1a,0xe6fa,0xded9,0xe6d9,0xf75b,0xff7b,0xf73a,
  0xff9b,0xff59,0xb510,0x940c,0xd615,0xff5b,0xc5b5,0xb514,0xc5f8,0xb556,0x5a8b,0x39a8,0x62cc,0xbd97,0xbdb7,0xc5d6,
  0xc595,0x942f,0xb513,0xeed8,0xff9b,0xeef9,0x6ac9,0x8bcd,0x940f,0x628a,0x5a49,0x6aaa,0x6aaa,0x5a69,0x3145,0x3986,
  0x18c3,0x0021,0x3186,0x39e8,0x2925,0x2925,0x39c7,0x39c7,0x18c3,0x2925,0x18c3,0x2945,0x2965,0x2104,0x18c3,0x2925,
  0x2104,0x2965,0x2124,0x2104,0x2965,0x2124,0x2104,0x18e3,0x18e3,0x0861,0x0841,0x0861,0x1082,0x10a3,0x0862,0x0020,
  0x0841,0x0040,0x0020,0x0841,0x10a2,0x2965,0x10a2,0x0020,0x0020,0x0861,0x0020,0x0841,0x0841,0x0861,0x1082,0x1082,
  0x1082,0x1082,0x10a2,0x18a3,0x0841,0x0861,0x0861,0x1082,0x0861,0x0861,0x0841,0x0861,0x0841,0x1082,0x1082,0x10a2,
  0x1082,0x18e3,0x0841,0x0020,0x1061,0x0841,0x0820,0x1082,0x1041,0x1061,0x0840,0x0820,0x1041,0x1041,0x1041,0x0841,
  0x0820,0x0840,0x0861,0x1062,0x1041,0x1082,0x10a2,0x10a2,0x10a2,0x0021,0x0021,0x0841,0x0841,0x0020,0x0020,0x1081,
  0x0861,0x0841,0x0841,0x0861,0x0862,0x0841,0x0841,0x0861,0x1082,0x0001,0x0801,0x0820,0x0820,0x0820,0x0820,0x0820,
  0x0820,0x0821,0x0841,0x0821,0x0841,0x1082,0x0841,0x1062,0x1082,0x0861,0x1082,0x1082,0x1081,0x0881,0x0881,0x0881,
  0x2104,0x2124,0x18e3,0x1082,0x18e4,0x10a3,0x18c3,0x10a2,0x2124,0x4229,0x2945,0x2125,0x6b6e,0x528a,0x4229,0x2945,
  0x0021,0x1082,0x20e4,0x2945,0x28e4,0x2904,0x1882,0x1061,0x1021,0x1041,0x1041,0x1041,0x1061,0x1041,0x0841,0x0020,
  0x0820,0x0820,0x1861,0x20a2,0x49e6,0x3964,0xacd2,0xff9c,0xef1a,0xf73a,0xf73a,0xf71a,0xf73a,0xf6fa,0xf71a,0xff3b,
  0xf71a,0xf73b,0xff3b,0xff3b,0xf71a,0xf73b,0xff3b,0xff5b,0xf73b,0xf71a,0xff5b,0xff5b,0xff5b,0xff5b,0xeed9,0xf73b,
  0xff5b,0xf73a,0xff5b,0xff5b,0xf71a,0xf71a,0xe6ba,0xbd75,0xb597,0xbdf8,0xadb7,0xad97,0xb619,0x5b2d,0x424a,0xbe19,
  0xa556,0xa556,0xb5b8,0x9cb4,0x5a8b,0x62ab,0x7b6d,0x8bcd,0x9c6f,0xe697,0xcdf5,0xb532,0xff5a,0xff7b,0xff7b,0xff5a,
  0xf73a,0xe6b9,0xc637,0xad96,0xa576,0xad97,0xa556,0x9cf5,0xb5b8,0x9cd4,0x39a7,0xb576,0xa4b3,0x1883,0x5aab,0x18c3,
  0x52ac,0x7bd0,0x39e9,0x8c52,0x526b,0x734e,0xbdb6,0x9c90,0xded7,0xffbb,0xe6f8,0xff5a,0xff7a,0xff7a,0xff7a,0xff3a,
  0xff5a,0xe6d9,0xbd95,0xbdb6,0xbdb7,0xb556,0xc5f7,0xce18,0xc5b6,0xb534,0xc5b6,0xe6b9,0xff5b,0xff5b,0xef39,0xef39,
  0xf75a,0xff5a,0xffbb,0xf739,0xce15,0xb552,0xe6b8,0xeef9,0xe6d9,0xc5f6,0xbd95,0xbdb5,0xbdb5,0xbdb5,0xe6d9,0xf73b,
  0xf73a,0xff5a,0xff7a,0xcdf3,0x940c,0xc5b3,0xff5b,0xe698,0xa4d2,0xb534,0xb555,0xbd76,0x62cc,0x9c72,0xc5b6,0x83ce,
  0x732b,0x942f,0xd5f6,0xd636,0xbd52,0xc594,0xcdd5,0xbd33,0xeeda,0xf71b,0xc595,0x83ad,0x5207,0x6289,0x732c,0x6b0c,
  0x5a8a,0x2104,0x39a7,0x526a,0x4209,0x41e8,0x4208,0x4208,0x2944,0x2944,0x2124,0x2965,0x2965,0x2945,0x10a3,0x2104,
  0x2945,0x18e3,0x18c3,0x10a2,0x39c7,0x3186,0x2104,0x18c3,0x18e3,0x1082,0x0861,0x1082,0x1082,0x1082,0x10a2,0x0841,
  0x0861,0x0841,0x0841,0x0020,0x0861,0x10a2,0x2104,0x1082,0x0020,0x0020,0x0841,0x0020,0x0020,0x0020,0x0861,0x0861,
  0x0861,0x0861,0x10a2,0x18c3,0x1082,0x0020,0x0861,0x0861,0x1082,0x0861,0x0861,0x0861,0x0841,0x0841,0x0861,0x0841,
  0x1904,0x18c3,0x0020,0x0841,0x0861,0x0841,0x0000,0x0820,0x0821,0x0841,0x1061,0x0841,0x0841,0x1061,0x1041,0x1041,
  0x1082,0x0861,0x0841,0x0841,0x0841,0x0841,0x0861,0x0021,0x0882,0x0861,0x0861,0x18c3,0x0841,0x0841,0x0021,0x0021,
  0x0841,0x0841,0x0821,0x0020,0x1061,0x1062,0x1082,0x1082,0x0841,0x18c3,0x0821,0x0820,0x0841,0x0821,0x0820,0x0820,
  0x0820,0x0820,0x0820,0x0820,0x0820,0x0820,0x0841,0x1082,0x0861,0x0861,0x0861,0x1081,0x1081,0x0881,0x0881,0x0881,
  0x2945,0x2104,0x2124,0x18e3,0x3186,0x0862,0x0841,0x1082,0x0020,0x0021,0x0862,0x10a3,0x2104,0x4229,0x5acb,0x5acb,
  0x0020,0x1061,0x18c3,0x20e4,0x20e4,0x1882,0x1062,0x0820,0x0841,0x0821,0x1041,0x1041,0x1021,0x1041,0x1061,0x1041,
  0x1041,0x1881,0x20a1,0x3944,0x3944,0x2902,0xbd94,0xf77b,0xf71a,0xf73b,0xf73b,0xf71a,0xf71a,0xf6fa,0xf71a,0xff5b,
  0xff3b,0xf71a,0xf73b,0xff3b,0xf73b,0xf71a,0xf73b,0xff3b,0xeefa,0xf71a,0xf71a,0xf71a,0xf73a,0xeed9,0xf6fa,0xff5b,
  0xff5b,0xff5b,0xff3a,0xff3a,0xf73a,0xf71a,0xf73b,0xd638,0xad34,0xb5d7,0xb5f8,0xb5d8,0xb5f9,0x73d0,0x52cd,0xb5d9,
  0xad98,0xb5d9,0xad78,0xb577,0x62cc,0x5a6a,0x838d,0x7b4c,0xc5b4,0xde56,0xcdd4,0xd615,0xff9b,0xf719,0xff5a,0xff5a,
  0xf719,0xf73a,0xce58,0xb5b6,0xa576,0xadb8,0xa557,0x73d0,0x9d15,0x9493,0x4a4a,0xb556,0x62ab,0x0000,0x18c4,0x2966,
  0x1063,0x8c72,0x5aed,0x4a2a,0x736f,0x39a7,0x9471,0xb594,0xad12,0xf75a,0xf73a,0xf73a,0xf73a,0xff5a,0xf73a,0xff3a,
  0xe699,0xb575,0xbd96,0xc5f8,0xb5b7,0xbdb8,0xb5b7,0xbdb7,0xc618,0xd659,0xbd96,0xbd95,0xd637,0xeefa,0xeef9,0xf759,
  0xf75a,0xff5a,0xff5a,0xff7b,0xffbb,0xbd93,0xa490,0xde98,0xce17,0xce37,0xce58,0xbdf7,0xc638,0xbdd7,0xb554,0xe6fa,
  0xf75b,0xf75a,0xff7a,0xff5a,0x9c4d,0xa4af,0xb511,0xd615,0xff5b,0xcdf6,0x9c50,0x838e,0x732c,0x62aa,0x83ad,0x730a,
  0x8bcd,0xe6b9,0xff9c,0xf73a,0xd616,0xa490,0x9c2f,0x9c2f,0x836c,0xde57,0xffdd,0xff3b,0xbd74,0x5a48,0x6289,0x7b4c,
  0x736d,0x5a8a,0x41e8,0x8411,0x526b,0x2946,0x2104,0x31a6,0x52aa,0x31c6,0x31a6,0x31a6,0x2124,0x31a7,0x18c3,0x10a2,
  0x2965,0x10a2,0x0861,0x1082,0x3186,0x39c7,0x2124,0x2104,0x18c3,0x2965,0x0861,0x10a2,0x0861,0x1082,0x10a2,0x0841,
  0x0020,0x0841,0x0841,0x0020,0x0861,0x1082,0x0861,0x10a2,0x1082,0x0841,0x0020,0x0020,0x0020,0x0020,0x0861,0x0861,
  0x1082,0x10a2,0x1082,0x1082,0x10a2,0x0841,0x0020,0x1082,0x0861,0x0841,0x0861,0x0861,0x0861,0x0861,0x0861,0x0861,
  0x0861,0x0861,0x0841,0x18e3,0x18c3,0x0020,0x0020,0x0000,0x0821,0x0821,0x0820,0x0841,0x0861,0x0841,0x0840,0x0840,
  0x0841,0x0841,0x0840,0x1061,0x1082,0x0820,0x0820,0x0840,0x0020,0x0820,0x0020,0x0861,0x10a2,0x0861,0x18e3,0x0861,
  0x0861,0x0861,0x0841,0x0000,0x0841,0x0841,0x0841,0x0861,0x1082,0x10a2,0x10a3,0x0841,0x1041,0x0821,0x0820,0x0820,
  0x0820,0x0821,0x0820,0x0841,0x0821,0x0841,0x0841,0x0821,0x1082,0x0861,0x1062,0x0861,0x0881,0x0881,0x0881,0x0881,
  0x3186,0x4208,0x18e3,0x3186,0x3186,0x39e7,0x18c3,0x3186,0x3186,0x2104,0x10a2,0x0862,0x0821,0x0001,0x18a3,0x2105,
  0x0020,0x0000,0x1061,0x18a3,0x20e3,0x20c3,0x1061,0x0821,0x0821,0x0821,0x0820,0x1862,0x1061,0x1041,0x1020,0x0800,
  0x1861,0x1860,0x20a1,0x3123,0x3123,0x4184,0xcdf5,0xf75b,0xeefa,0xf73b,0xf73b,0xeed9,0xf73b,0xff3b,0xf73b,0xff3b,
  0xff3b,0xf71a,0xf71a,0xf73b,0xff3b,0xf73b,0xff3b,0xff3b,0xf71a,0xff5b,0xe698,0xeeb9,0xf71a,0xeef9,0xff3b,0xf73a,
  0xf75b,0xf73a,0xf71a,0xff3a,0xff3a,0xf73a,0xf71b,0xf73b,0xc617,0xad95,0xbe18,0xb5d8,0xb5d8,0x94d4,0x7c11,0xad97,
  0xb598,0xb5b8,0xb5b8,0x8c12,0x3946,0x5a8a,0x838e,0x93ef,0xbd53,0xb512,0xb4f1,0xe6b8,0xeef9,0xf719,0xf739,0xff5a,
  0xeed8,0xf75b,0xdeb9,0xad75,0xad76,0xb5d8,0xad97,0x7bd1,0x8432,0x9472,0x8c52,0xad15,0x41e8,0x39a7,0x18c3,0x18c3,
  0x0862,0x738f,0x7bd0,0x18e5,0x5aed,0x528b,0x41e8,0xbdd6,0xa4f2,0xbd94,0xff7c,0xf75b,0xff5b,0xff7b,0xf71a,0xde99,
  0xbd75,0xbd96,0xc5f8,0xb5d8,0xb5d8,0xad97,0xad97,0xad97,0xb5b7,0xc619,0xce59,0xce38,0xad34,0xbdb5,0xf73a,0xf75a,
  0xf73a,0xf75a,0xff7a,0xff5a,0xf75a,0xe6d8,0xb532,0xad12,0xd658,0xc617,0xbdf7,0xbdd6,0xbdf7,0xc638,0xc618,0xc5d7,
  0xde99,0xef5b,0xf77b,0xff7b,0xc572,0x9c2d,0x9c4d,0x8bab,0x9c2e,0xc5b5,0x838c,0x730b,0x8bce,0xb512,0xbd53,0xbd53,
  0xde78,0xff5b,0xff3b,0xf73a,0xf6fa,0xff5b,0xe678,0xcdb5,0x9c4f,0x7b2a,0xde37,0xff3a,0xff7b,0x836c,0x49a5,0x5a47,
  0x5248,0x2903,0x1882,0x736e,0x8c52,0x5acc,0x62ec,0x5aab,0x4a6a,0x2945,0x4a4a,0x4229,0x2104,0x4a6a,0x2945,0x0841,
  0x2945,0x2965,0x10a2,0x4208,0x528a,0x18e3,0x10a2,0x2104,0x18e3,0x2124,0x18c3,0x0861,0x1082,0x0862,0x10a3,0x1082,
  0x0000,0x0020,0x0861,0x0020,0x0841,0x1082,0x1082,0x1082,0x10a2,0x1082,0x0841,0x0020,0x0841,0x0020,0x0841,0x1082,
  0x1082,0x1082,0x1082,0x0861,0x1082,0x0861,0x0020,0x0861,0x0861,0x0861,0x0861,0x0861,0x0861,0x0861,0x0861,0x0861,
  0x0862,0x0862,0x0841,0x0841,0x10a3,0x0861,0x0841,0x0841,0x0861,0x0861,0x0841,0x0000,0x0020,0x0820,0x0840,0x0840,
  0x0841,0x0840,0x1041,0x0820,0x1041,0x0841,0x0841,0x0820,0x0820,0x0841,0x0020,0x0020,0x0820,0x0820,0x1082,0x0862,
  0x1082,0x18a3,0x1061,0x0841,0x10a2,0x1062,0x0841,0x1061,0x0841,0x1062,0x0861,0x1082,0x0821,0x1082,0x1061,0x1041,
  0x1041,0x0821,0x0820,0x0821,0x0821,0x0820,0x0841,0x0841,0x0841,0x0861,0x1082,0x0881,0x0881,0x0881,0x0881,0x0881,
  0x2945,0x3186,0x2124,0x528a,0x4208,0x4228,0x39e8,0x18c3,0x18e3,0x18e3,0x1082,0x2125,0x39c7,0x31a7,0x2125,0x2105,
  0x0861,0x0000,0x0000,0x0820,0x1041,0x18a2,0x1082,0x0841,0x0821,0x0800,0x1021,0x28e4,0x20c3,0x1041,0x1882,0x1861,
  0x20a2,0x1881,0x20c2,0x3103,0x3964,0x4184,0xcdf5,0xf75b,0xeefa,0xef1b,0xeefa,0xeefa,0xf71a,0xf73b,0xf73b,0xf71a,
  0xf73a,0xff5b,0xf73a,0xff3b,0xf73a,0xf73a,0xf73a,0xf71a,0xf71a,0xff5b,0xde57,0xe698,0xff3b,0xff5b,0xf71a,0xf6fa,
  0xf73b,0xf73b,0xff5b,0xff5b,0xff3b,0xff5b,0xf73a,0xeefa,0xe6da,0xad54,0xad55,0xc618,0xbdd8,0xad56,0xa515,0xad76,
  0xbdd8,0xbdd8,0xad56,0x526a,0x524a,0x7b4d,0x6aeb,0xacb2,0xb512,0xacb0,0xbd73,0xff7b,0xf719,0xff9b,0xff7a,0xff5a,
  0xf73a,0xf73a,0xe71b,0xbe18,0xb5b7,0xad97,0xad77,0xb5b8,0xa4f4,0xa4f4,0x9472,0x8c31,0x18a3,0x528b,0x20e4,0x18e4,
  0x2966,0x528b,0x738e,0x4a6a,0x5acc,0x6b4e,0x18c4,0x7bf0,0xbdb7,0x8c30,0xad34,0xc5d6,0xd657,0xcdf6,0xc5f7,0xb555,
  0xb576,0xb5b7,0xb5b8,0xa536,0xad98,0xad97,0xa557,0xad97,0xb5b8,0xbdb8,0xb5b7,0xbdd8,0xce59,0xbdb5,0xd636,0xf73a,
  0xeed8,0xff5a,0xff5a,0xeef8,0xf739,0xf73a,0xf75b,0xc5d5,0xad12,0xce37,0xc638,0xc618,0xbdd7,0xc618,0xce59,0xce38,
  0xc5f7,0xd678,0xc5b5,0xc5d5,0xeed8,0xd635,0xeed8,0xf759,0xb511,0x83ab,0x9c2e,0xbd73,0xeed8,0xff7b,0xf71a,0xeef9,
  0xf719,0xde57,0xe698,0xe6b9,0xd5f6,0xd617,0xe678,0xeed9,0xe678,0x6ac9,0xac90,0xf71a,0xff7b,0xde37,0x7b2b,0x6268,
  0x5206,0x732b,0x83ce,0x5a8a,0x8410,0x8c11,0x7b8f,0x9472,0x8c31,0x62ed,0x630d,0x73af,0x6b2d,0x4a6a,0x3186,0x18e3,
  0x10a2,0x2124,0x0861,0x18c3,0x39c7,0x18e3,0x2945,0x2124,0x2104,0x2104,0x18c3,0x0841,0x1082,0x0862,0x1082,0x18e3,
  0x0841,0x0841,0x0020,0x0841,0x0020,0x1082,0x1082,0x10a2,0x1082,0x1082,0x1082,0x0841,0x0020,0x0020,0x0020,0x0861,
  0x1082,0x0861,0x18c3,0x1082,0x10a2,0x10a2,0x0861,0x0841,0x0861,0x0861,0x0841,0x0861,0x0861,0x0861,0x0841,0x1082,
  0x0882,0x0841,0x0841,0x0841,0x0041,0x0841,0x0841,0x0861,0x0841,0x18c3,0x18c3,0x0000,0x0020,0x0020,0x0000,0x0020,
  0x0020,0x0000,0x0820,0x0820,0x0820,0x0840,0x0841,0x0840,0x0820,0x0840,0x0841,0x1061,0x1061,0x0841,0x0821,0x0000,
  0x0000,0x0841,0x1082,0x18a2,0x18c3,0x1082,0x18c3,0x10a2,0x1082,0x0000,0x0841,0x0841,0x0841,0x1082,0x1082,0x1041,
  0x1882,0x0841,0x0000,0x0820,0x0820,0x0820,0x0821,0x0841,0x0841,0x0861,0x1082,0x0881,0x0881,0x0881,0x0881,0x0881,
};
